addr	size	mangled	demangled
0804a100	23	.init_proc	.init_proc
0804a118	12	sub_804A118	sub_804A118
0804a128	6	.open	.open
0804a138	6	.pthread_mutex_destroy	.pthread_mutex_destroy
0804a148	6	._Znwj	._Znwj
0804a158	6	.strcat	.strcat
0804a168	6	.fread	.fread
0804a178	6	.fmod	.fmod
0804a188	6	.__ctype_toupper_loc	.__ctype_toupper_loc
0804a198	6	._ZNSs6resizeEjc	._ZNSs6resizeEjc
0804a1a8	6	.ungetc	.ungetc
0804a1b8	6	._ZSt29_Rb_tree_insert_and_rebalancebPSt18_Rb_tree_node_baseS0_RS_	._ZSt29_Rb_tree_insert_and_rebalancebPSt18_Rb_tree_node_baseS0_RS_
0804a1c8	6	.__ctype_tolower_loc	.__ctype_tolower_loc
0804a1d8	6	.socket	.socket
0804a1e8	6	.sscanf	.sscanf
0804a1f8	6	.__strtoul_internal	.__strtoul_internal
0804a208	6	.dlopen	.dlopen
0804a218	6	.access	.access
0804a228	6	._ZNSs12_M_leak_hardEv	._ZNSs12_M_leak_hardEv
0804a238	6	._ZNKSs7compareEPKc	._ZNKSs7compareEPKc
0804a248	6	._ZN9__gnu_cxx18__exchange_and_addEPVii	._ZN9__gnu_cxx18__exchange_and_addEPVii
0804a258	6	.mkdir	.mkdir
0804a268	6	.atan2	.atan2
0804a278	6	.strstr	.strstr
0804a288	6	.__strtod_internal	.__strtod_internal
0804a298	6	._ZNSt15_List_node_base6unhookEv	._ZNSt15_List_node_base6unhookEv
0804a2a8	6	.gethostname	.gethostname
0804a2b8	6	._ZSt17__throw_bad_allocv	._ZSt17__throw_bad_allocv
0804a2c8	6	._ZNSs6assignEPKcj	._ZNSs6assignEPKcj
0804a2d8	6	.__cxa_begin_catch	.__cxa_begin_catch
0804a2e8	6	.calloc	.calloc
0804a2f8	6	.__divdi3	.__divdi3
0804a308	6	.setlocale	.setlocale
0804a318	6	._ZSt4endlIcSt11char_traitsIcEERSt13basic_ostreamIT_T0_ES6_	._ZSt4endlIcSt11char_traitsIcEERSt13basic_ostreamIT_T0_ES6_
0804a328	6	.__strtol_internal	.__strtol_internal
0804a338	6	.isspace	.isspace
0804a348	6	.fputc	.fputc
0804a358	6	.fgets	.fgets
0804a368	6	.longjmp	.longjmp
0804a378	6	.fwrite	.fwrite
0804a388	6	.memcpy	.memcpy
0804a398	6	._ZSt20__throw_length_errorPKc	._ZSt20__throw_length_errorPKc
0804a3a8	6	.tan	.tan
0804a3b8	6	.write	.write
0804a3c8	6	.malloc	.malloc
0804a3d8	6	.frexp	.frexp
0804a3e8	6	.strlen	.strlen
0804a3f8	6	._ZNSsC1ERKSs	._ZNSsC1ERKSs
0804a408	6	.strcoll	.strcoll
0804a418	6	.__moddi3	.__moddi3
0804a428	6	.usleep	.usleep
0804a438	6	.fprintf	.fprintf
0804a448	6	.getcwd	.getcwd
0804a458	6	._ZSt28_Rb_tree_rebalance_for_erasePSt18_Rb_tree_node_baseRS_	._ZSt28_Rb_tree_rebalance_for_erasePSt18_Rb_tree_node_baseRS_
0804a468	6	._ZSt18_Rb_tree_decrementPKSt18_Rb_tree_node_base	._ZSt18_Rb_tree_decrementPKSt18_Rb_tree_node_base
0804a478	6	.readdir	.readdir
0804a488	6	.__cxa_guard_abort	.__cxa_guard_abort
0804a498	6	.sprintf	.sprintf
0804a4a8	6	.__cxa_guard_release	.__cxa_guard_release
0804a4b8	6	.__xstat	.__xstat
0804a4c8	6	.__cxa_atexit	.__cxa_atexit
0804a4d8	6	.dlsym	.dlsym
0804a4e8	6	.settimeofday	.settimeofday
0804a4f8	6	._ZSt18_Rb_tree_incrementPSt18_Rb_tree_node_base	._ZSt18_Rb_tree_incrementPSt18_Rb_tree_node_base
0804a508	6	._ZSt19__throw_logic_errorPKc	._ZSt19__throw_logic_errorPKc
0804a518	6	.strcmp	.strcmp
0804a528	6	.toupper	.toupper
0804a538	6	.time	.time
0804a548	6	.memchr	.memchr
0804a558	6	.setrlimit	.setrlimit
0804a568	6	.tolower	.tolower
0804a578	6	._Znaj	._Znaj
0804a588	6	.__errno_location	.__errno_location
0804a598	6	.strncpy	.strncpy
0804a5a8	6	.fflush	.fflush
0804a5b8	6	._ZNSs4_Rep10_M_destroyERKSaIcE	._ZNSs4_Rep10_M_destroyERKSaIcE
0804a5c8	6	._setjmp	._setjmp
0804a5d8	6	.strrchr	.strrchr
0804a5e8	6	.fseek	.fseek
0804a5f8	6	.getenv	.getenv
0804a608	6	.fputs	.fputs
0804a618	6	.vsprintf	.vsprintf
0804a628	6	.acos	.acos
0804a638	6	.sin	.sin
0804a648	6	.srand	.srand
0804a658	6	.isalnum	.isalnum
0804a668	6	.strchr	.strchr
0804a678	6	._ZNSsC1ERKSsjj	._ZNSsC1ERKSsjj
0804a688	6	._ZdlPv	._ZdlPv
0804a698	6	.rename	.rename
0804a6a8	6	.__libc_start_main	.__libc_start_main
0804a6b8	6	.mktime	.mktime
0804a6c8	6	.chdir	.chdir
0804a6d8	6	.pthread_mutex_unlock	.pthread_mutex_unlock
0804a6e8	6	._ZStlsISt11char_traitsIcEERSt13basic_ostreamIcT_ES5_PKc	._ZStlsISt11char_traitsIcEERSt13basic_ostreamIcT_ES5_PKc
0804a6f8	6	._ZNKSs4findEPKcjj	._ZNKSs4findEPKcjj
0804a708	6	.vsnprintf	.vsnprintf
0804a718	6	.atan	.atan
0804a728	6	.fscanf	.fscanf
0804a738	6	.signal	.signal
0804a748	6	._ZSt18_Rb_tree_decrementPSt18_Rb_tree_node_base	._ZSt18_Rb_tree_decrementPSt18_Rb_tree_node_base
0804a758	6	._ZNSt15_List_node_base4hookEPS_	._ZNSt15_List_node_base4hookEPS_
0804a768	6	.gettimeofday	.gettimeofday
0804a778	6	.localtime_r	.localtime_r
0804a788	6	.pthread_mutex_init	.pthread_mutex_init
0804a798	6	.__ctype_b_loc	.__ctype_b_loc
0804a7a8	6	.rand	.rand
0804a7b8	6	._ZNSs6appendEPKcj	._ZNSs6appendEPKcj
0804a7c8	6	.sqrt	.sqrt
0804a7d8	6	.isalpha	.isalpha
0804a7e8	6	.log	.log
0804a7f8	6	._ZNSsC1EPKcRKSaIcE	._ZNSsC1EPKcRKSaIcE
0804a808	6	.pthread_mutex_lock	.pthread_mutex_lock
0804a818	6	._ZSt18_Rb_tree_incrementPKSt18_Rb_tree_node_base	._ZSt18_Rb_tree_incrementPKSt18_Rb_tree_node_base
0804a828	6	.inet_addr	.inet_addr
0804a838	6	.free	.free
0804a848	6	._ZdaPv	._ZdaPv
0804a858	6	._ZNSs6assignERKSs	._ZNSs6assignERKSs
0804a868	6	.clock	.clock
0804a878	6	.strncmp	.strncmp
0804a888	6	.strcasecmp	.strcasecmp
0804a898	6	.fgetc	.fgetc
0804a8a8	6	.strcspn	.strcspn
0804a8b8	6	.opendir	.opendir
0804a8c8	6	.closedir	.closedir
0804a8d8	6	.exit	.exit
0804a8e8	6	._ZSt20__throw_out_of_rangePKc	._ZSt20__throw_out_of_rangePKc
0804a8f8	6	.printf	.printf
0804a908	6	.__cxa_rethrow	.__cxa_rethrow
0804a918	6	.strerror	.strerror
0804a928	6	.dlclose	.dlclose
0804a938	6	.asin	.asin
0804a948	6	.feof	.feof
0804a958	6	.puts	.puts
0804a968	6	._ZNSt8ios_base4InitC1Ev	._ZNSt8ios_base4InitC1Ev
0804a978	6	._ZNSsD1Ev	._ZNSsD1Ev
0804a988	6	._ZNSs4_Rep9_S_createEjjRKSaIcE	._ZNSs4_Rep9_S_createEjjRKSaIcE
0804a998	6	.uuid_generate	.uuid_generate
0804a9a8	6	.cos	.cos
0804a9b8	6	.difftime	.difftime
0804a9c8	6	.__cxa_end_catch	.__cxa_end_catch
0804a9d8	6	.exp	.exp
0804a9e8	6	.memset	.memset
0804a9f8	6	.putchar	.putchar
0804aa08	6	.strspn	.strspn
0804aa18	6	.__gxx_personality_v0	.__gxx_personality_v0
0804aa28	6	.pthread_self	.pthread_self
0804aa38	6	.strftime	.strftime
0804aa48	6	.remove	.remove
0804aa58	6	.tmpnam	.tmpnam
0804aa68	6	.gmtime	.gmtime
0804aa78	6	.snprintf	.snprintf
0804aa88	6	.ldexp	.ldexp
0804aa98	6	.close	.close
0804aaa8	6	.strpbrk	.strpbrk
0804aab8	6	._Unwind_Resume	._Unwind_Resume
0804aac8	6	.vfprintf	.vfprintf
0804aad8	6	.pow	.pow
0804aae8	6	.fclose	.fclose
0804aaf8	6	.__cxa_guard_acquire	.__cxa_guard_acquire
0804ab08	6	.memmove	.memmove
0804ab18	6	.times	.times
0804ab28	6	.freopen	.freopen
0804ab38	6	.log10	.log10
0804ab48	6	._ZNSsC1EPKcjRKSaIcE	._ZNSsC1EPKcjRKSaIcE
0804ab58	6	.ctime	.ctime
0804ab68	6	.ioctl	.ioctl
0804ab78	6	._ZNSs9_M_mutateEjjj	._ZNSs9_M_mutateEjjj
0804ab88	6	.system	.system
0804ab98	6	.__gmon_start__	.__gmon_start__
0804aba8	6	.strcpy	.strcpy
0804abb8	6	.__cxa_pure_virtual	.__cxa_pure_virtual
0804abc8	6	.localtime	.localtime
0804abd8	6	.__assert_fail	.__assert_fail
0804abe8	6	.realloc	.realloc
0804abf8	6	.fopen	.fopen
0804ac08	6	._ZNSt8ios_base4InitD1Ev	._ZNSt8ios_base4InitD1Ev
0804ac18	6	.ftell	.ftell
0804ac30	34	_start	_start
0804ac54	38	call_gmon_start	call_gmon_start
0804ac80	85	__do_global_dtors_aux	__do_global_dtors_aux
0804ace0	35	frame_dummy	frame_dummy
0804ad10	416	main	main
0804aeb0	84	_ZN9KSOServer11EventNotifyEji	KSOServer::EventNotify(unsigned int,int)
0804af10	103	_ZN9KSOServer12CreateClientEiPP7IClient	KSOServer::CreateClient(int,IClient **)
0804af80	116	_ZN9KSOServer21ProcessPlayerMessagesEv	KSOServer::ProcessPlayerMessages(void)
0804b000	18	_ZN9KSOServer4ExitEv	KSOServer::Exit(void)
0804b020	23	_ZN9KSOServer16SendDataToClientEmPKvj	KSOServer::SendDataToClient(unsigned long,void const*,unsigned int)
0804b040	36	_ZN9KSOServer14ShutdownClientEm	KSOServer::ShutdownClient(unsigned long)
0804b070	41	_ZN9KSOServer13GetClientInfoEm	KSOServer::GetClientInfo(unsigned long)
0804b0a0	14	_ZNK9KSOServer13GetInternetIpEv	KSOServer::GetInternetIp(void)const
0804b0b0	14	_ZNK9KSOServer13GetIntranetIpEv	KSOServer::GetIntranetIp(void)const
0804b0c0	14	_ZNK9KSOServer7GetPortEv	KSOServer::GetPort(void)const
0804b0d0	13	_ZNK9KSOServer17GetBishopClientIpEv	KSOServer::GetBishopClientIp(void)const
0804b0e0	27	_ZN9KSOServer10CreateCoreEPP11IServerCoreii	KSOServer::CreateCore(IServerCore **,int,int)
0804b100	18	_ZN9KSOServer18RecvGoddessMessageERj	KSOServer::RecvGoddessMessage(unsigned int &)
0804b120	144	_ZN9KSOServer16SendDataToServerE13KE_SERVERTYPEPKvj	KSOServer::SendDataToServer(KE_SERVERTYPE,void const*,unsigned int)
0804b1b0	265	_ZN9KSOServer12CreateServerEv	KSOServer::CreateServer(void)
0804b2c0	149	_Z12GetIpAddressPKcPm	GetIpAddress(char const*,unsigned long *)
0804b360	160	_ZN9KSOServer17GetLocalIpAddressEPmS0_	KSOServer::GetLocalIpAddress(unsigned long *,unsigned long *)
0804b400	68	_ZN9KSOServer21ProcessClientMessagesEv	KSOServer::ProcessClientMessages(void)
0804b450	58	_ZN9KSOServer22CloseClientConnectionsEv	KSOServer::CloseClientConnections(void)
0804b490	79	_ZN9KSOServer23CreateClientConnectionsEv	KSOServer::CreateClientConnections(void)
0804b4e0	65	_Z4Ip2am	Ip2a(unsigned long)
0804b530	159	_ZN9KSOServer14LoadConnectionEP8KIniFilePKcP11KCONNECTION	KSOServer::LoadConnection(KIniFile *,char const*,KCONNECTION *)
0804b5d0	16	_ZN9KSOServer6UnLockEv	KSOServer::UnLock(void)
0804b5e0	16	_ZN9KSOServer4LockEv	KSOServer::Lock(void)
0804b5f0	68	_ZN9KSOServer17ServerEventNotifyEPvji	KSOServer::ServerEventNotify(void *,unsigned int,int)
0804b640	210	_ZN9KSOServerD2Ev	KSOServer::~KSOServer()
0804b720	538	_ZN9KSOServerC2Ev	KSOServer::KSOServer(void)
0804b940	210	_ZN9KSOServerD1Ev	KSOServer::~KSOServer()
0804ba20	313	_ZN9KSOServer7BreatheEv	KSOServer::Breathe(void)
0804bb60	112	_ZN9KSOServer11MessageLoopEv	KSOServer::MessageLoop(void)
0804bbd0	187	_ZN9KSOServer4LoopEv	KSOServer::Loop(void)
0804bc90	34	_ZN9KSOServer3RunEv	KSOServer::Run(void)
0804bcc0	446	_ZN9KSOServer12UnInitializeEv	KSOServer::UnInitialize(void)
0804be80	538	_ZN9KSOServerC1Ev	KSOServer::KSOServer(void)
0804c0a0	2045	_ZN9KSOServer10InitializeEii	KSOServer::Initialize(int,int)
0804c8a0	13	_ZN11KThreadLock6UnlockEv	KThreadLock::Unlock(void)
0804c8b0	13	_ZN11KThreadLock4LockEv	KThreadLock::Lock(void)
0804c8c0	33	_ZN10KHeavenLib6DecodeEPvjj	KHeavenLib::Decode(void *,unsigned int,unsigned int)
0804c8f0	33	_ZN11KRainbowLib6DecodeEPvjj	KRainbowLib::Decode(void *,unsigned int,unsigned int)
0804c920	33	_ZN10KHeavenLib6EncodeEPvjj	KHeavenLib::Encode(void *,unsigned int,unsigned int)
0804c950	33	_ZN11KRainbowLib6EncodeEPvjj	KRainbowLib::Encode(void *,unsigned int,unsigned int)
0804c980	33	_ZN7KCoder26DecodeEPvjj	KCoder2::Decode(void *,unsigned int,unsigned int)
0804c9b0	33	_ZN7KCoder26EncodeEPvjj	KCoder2::Encode(void *,unsigned int,unsigned int)
0804c9e0	37	_ZN15CChatConnectionD0Ev	CChatConnection::~CChatConnection()
0804ca10	18	_ZN15CChatConnectionD1Ev	CChatConnection::~CChatConnection()
0804ca30	18	_ZN15CChatConnectionD2Ev	CChatConnection::~CChatConnection()
0804ca50	38	_ZN15CChatConnectionC1Ev	CChatConnection::CChatConnection(void)
0804ca80	38	_ZN15CChatConnectionC2Ev	CChatConnection::CChatConnection(void)
0804cab0	14	_ZN17CClientConnection16ConnectionResultEi	CClientConnection::ConnectionResult(int)
0804cac0	10	_ZN17CClientConnection7ISafetyEv	CClientConnection::ISafety(void)
0804cad0	5	_ZN17CClientConnection16ApplyCheckSafetyEv	CClientConnection::ApplyCheckSafety(void)
0804cae0	5	_ZN17CClientConnection14ProcessMessageEPvi	CClientConnection::ProcessMessage(void *,int)
0804caf0	7	_ZN15CChatConnection7IsPrimeEv	CChatConnection::IsPrime(void)
0804cb00	37	_ZN15CTranConnectionD0Ev	CTranConnection::~CTranConnection()
0804cb30	18	_ZN15CTranConnectionD1Ev	CTranConnection::~CTranConnection()
0804cb50	18	_ZN15CTranConnectionD2Ev	CTranConnection::~CTranConnection()
0804cb70	38	_ZN15CTranConnectionC1Ev	CTranConnection::CTranConnection(void)
0804cba0	38	_ZN15CTranConnectionC2Ev	CTranConnection::CTranConnection(void)
0804cbd0	10	_ZN15CTranConnection7IsPrimeEv	CTranConnection::IsPrime(void)
0804cbe0	37	_ZN15CTongConnectionD0Ev	CTongConnection::~CTongConnection()
0804cc10	18	_ZN15CTongConnectionD1Ev	CTongConnection::~CTongConnection()
0804cc30	18	_ZN15CTongConnectionD2Ev	CTongConnection::~CTongConnection()
0804cc50	38	_ZN15CTongConnectionC1Ev	CTongConnection::CTongConnection(void)
0804cc80	38	_ZN15CTongConnectionC2Ev	CTongConnection::CTongConnection(void)
0804ccb0	14	_ZN21CClientPingConnection8IsSafetyEv	CClientPingConnection::IsSafety(void)
0804ccc0	10	_ZN15CTongConnection7IsPrimeEv	CTongConnection::IsPrime(void)
0804ccd0	37	_ZN18CGatewayConnectionD0Ev	CGatewayConnection::~CGatewayConnection()
0804cd00	18	_ZN18CGatewayConnectionD1Ev	CGatewayConnection::~CGatewayConnection()
0804cd20	18	_ZN18CGatewayConnectionD2Ev	CGatewayConnection::~CGatewayConnection()
0804cd40	38	_ZN18CGatewayConnectionC1Ev	CGatewayConnection::CGatewayConnection(void)
0804cd70	38	_ZN18CGatewayConnectionC2Ev	CGatewayConnection::CGatewayConnection(void)
0804cda0	10	_ZN17CClientConnection7IsPrimeEv	CClientConnection::IsPrime(void)
0804cdb0	37	_ZN19CDatabaseConnectionD0Ev	CDatabaseConnection::~CDatabaseConnection()
0804cde0	18	_ZN19CDatabaseConnectionD1Ev	CDatabaseConnection::~CDatabaseConnection()
0804ce00	18	_ZN19CDatabaseConnectionD2Ev	CDatabaseConnection::~CDatabaseConnection()
0804ce20	38	_ZN19CDatabaseConnectionC1Ev	CDatabaseConnection::CDatabaseConnection(void)
0804ce50	38	_ZN19CDatabaseConnectionC2Ev	CDatabaseConnection::CDatabaseConnection(void)
0804ce80	138	_ZN17CClientConnection15ProcessMessagesEP11IServerCore	CClientConnection::ProcessMessages(IServerCore *)
0804cf10	10	_ZN17CClientConnection16TranslateMessageEPvi	CClientConnection::TranslateMessage(void *,int)
0804cf20	50	_ZN17CClientConnection8SendDataEPKvj	CClientConnection::SendData(void const*,unsigned int)
0804cf60	37	_ZN17CClientConnection8RecvDataERj	CClientConnection::RecvData(unsigned int &)
0804cf90	49	_ZN17CClientConnection8WriteLogEPKc	CClientConnection::WriteLog(char const*)
0804cfd0	70	_ZN17CClientConnection5CloseEv	CClientConnection::Close(void)
0804d020	57	_ZN17CClientConnection17OnConnectionCloseEv	CClientConnection::OnConnectionClose(void)
0804d060	30	_ZN17CClientConnection18OnConnectionCreateEv	CClientConnection::OnConnectionCreate(void)
0804d080	427	_ZN17CClientConnection4OpenEv	CClientConnection::Open(void)
0804d230	40	_ZN17CClientConnectionD0Ev	CClientConnection::~CClientConnection()
0804d260	24	_ZN17CClientConnectionD1Ev	CClientConnection::~CClientConnection()
0804d280	24	_ZN17CClientConnectionD2Ev	CClientConnection::~CClientConnection()
0804d2a0	144	_ZN17CClientConnectionC1EPKc	CClientConnection::CClientConnection(char const*)
0804d330	90	_ZN17CClientConnection12EventHandlerEPvi	CClientConnection::EventHandler(void *,int)
0804d390	144	_ZN17CClientConnectionC2EPKc	CClientConnection::CClientConnection(char const*)
0804d420	87	_ZN21CClientPingConnection16TranslateMessageEPvi	CClientPingConnection::TranslateMessage(void *,int)
0804d480	37	_ZN21CClientPingConnectionD0Ev	CClientPingConnection::~CClientPingConnection()
0804d4b0	18	_ZN21CClientPingConnectionD1Ev	CClientPingConnection::~CClientPingConnection()
0804d4d0	18	_ZN21CClientPingConnectionD2Ev	CClientPingConnection::~CClientPingConnection()
0804d4f0	77	_ZN21CClientPingConnectionC1EPKc	CClientPingConnection::CClientPingConnection(char const*)
0804d540	77	_ZN21CClientPingConnectionC2EPKc	CClientPingConnection::CClientPingConnection(char const*)
0804d590	29	_ZN21CClientPingConnection16ConnectionResultEi	CClientPingConnection::ConnectionResult(int)
0804d5b0	156	_ZN21CClientPingConnection16ApplyCheckSafetyEv	CClientPingConnection::ApplyCheckSafety(void)
0804d650	167	_Z16KSG_DecodeEncodejPhPj	KSG_DecodeEncode(unsigned int,unsigned char *,unsigned int *)
0804d700	167	_Z17KSG_DecodeEncode2jPhPj	KSG_DecodeEncode2(unsigned int,unsigned char *,unsigned int *)
0804d7b0	41	_Z13KSG_DecodeBufjPhPj	KSG_DecodeBuf(unsigned int,unsigned char *,unsigned int *)
0804d7e0	41	_Z13KSG_EncodeBufjPhPj	KSG_EncodeBuf(unsigned int,unsigned char *,unsigned int *)
0804d810	10	_ZN11KServerCore18GetServerStartTimeEv	KServerCore::GetServerStartTime(void)
0804d820	10	_ZN11KServerCore18GetGateWayClientIDEv	KServerCore::GetGateWayClientID(void)
0804d830	10	_ZN11KServerCore11GetLoopRateEv	KServerCore::GetLoopRate(void)
0804d840	24	_ZN11KServerCore14GetConnectInfoEP16KCoreConnectInfo	KServerCore::GetConnectInfo(KCoreConnectInfo *)
0804d860	10	_ZN11KServerCore10OnShutdownEv	KServerCore::OnShutdown(void)
0804d870	37	_ZN11KServerCore8AddTimerEP6ITimerm	KServerCore::AddTimer(ITimer *,unsigned long)
0804d8a0	28	_ZN11KServerCore8DelTimerEm	KServerCore::DelTimer(unsigned long)
0804d8c0	28	_ZN11KServerCore12SuspendTimerEm	KServerCore::SuspendTimer(unsigned long)
0804d8e0	28	_ZN11KServerCore11ResumeTimerEm	KServerCore::ResumeTimer(unsigned long)
0804d900	25	_ZN11KServerCore18IsPlayerForbitTalkEi	KServerCore::IsPlayerForbitTalk(int)
0804d920	43	_ZN11KServerCore14GetExchangeMapEi	KServerCore::GetExchangeMap(int)
0804d950	39	_ZN11KServerCore13SetSaveStatusEij	KServerCore::SetSaveStatus(int,unsigned int)
0804d980	40	_ZN11KServerCore13GetSaveStatusEi	KServerCore::GetSaveStatus(int)
0804d9b0	48	_ZN11KServerCore20InitConnectionStatusEP10GameStatusi	KServerCore::InitConnectionStatus(GameStatus *,int)
0804d9e0	54	_ZN11KServerCore21CleanConnectionStatusEi	KServerCore::CleanConnectionStatus(int)
0804da20	55	_ZN11KServerCore14OnClientCreateEm	KServerCore::OnClientCreate(unsigned long)
0804da60	62	_ZN11KServerCore13GetLogoutTypeEii	KServerCore::GetLogoutType(int,int)
0804daa0	92	_ZN11KServerCore10PingClientEm	KServerCore::PingClient(unsigned long)
0804db00	115	_ZN11KServerCore17PermitPlayerLoginEPi	KServerCore::PermitPlayerLogin(int *)
0804db80	5	__tcf_1	__tcf_1
0804db90	218	_Z41__static_initialization_and_destruction_0ii	__static_initialization_and_destruction_0(int,int)
0804dc70	19	_GLOBAL__I_g_pGameServer	`global constructor keyed to'g_pGameServer
0804dc90	16	__tcf_4	__tcf_4
0804dca0	16	__tcf_3	__tcf_3
0804dcb0	16	__tcf_2	__tcf_2
0804dcc0	102	_ZN11KServerCore22NotifyGoddessEnterGameEPKci	KServerCore::NotifyGoddessEnterGame(char const*,int)
0804dd30	55	_ZN11KServerCore11MessageLoopEv	KServerCore::MessageLoop(void)
0804dd70	97	_ZN11KServerCore18ReleaseMsgIntervalEi	KServerCore::ReleaseMsgInterval(int)
0804dde0	92	_ZN11KServerCore20ProcessClientMessageEjPKvj	KServerCore::ProcessClientMessage(unsigned int,void const*,unsigned int)
0804de40	145	_ZN11KServerCore20ProcessServerMessageE13KE_SERVERTYPEPKvj	KServerCore::ProcessServerMessage(KE_SERVERTYPE,void const*,unsigned int)
0804dee0	67	_ZN11KServerCore7GetGuidEiPv	KServerCore::GetGuid(int,void *)
0804df30	16	_ZN11KServerCore31ProcessRelayNationalWarProtocolEPhj	KServerCore::ProcessRelayNationalWarProtocol(unsigned char *,unsigned int)
0804df40	20	_ZN11KServerCore22ProcessIBUseItemReturnEPhj	KServerCore::ProcessIBUseItemReturn(unsigned char *,unsigned int)
0804df60	20	_ZN11KServerCore22ProcessIBBuyItemReturnEPhj	KServerCore::ProcessIBBuyItemReturn(unsigned char *,unsigned int)
0804df80	22	_ZN11KServerCore16ProcessRoleSavedEiPKci	KServerCore::ProcessRoleSaved(int,char const*,int)
0804dfa0	36	_ZN11KServerCore23ProcessRelayChatRoomMsgEPhj	KServerCore::ProcessRelayChatRoomMsg(unsigned char *,unsigned int)
0804dfd0	144	_ZN11KServerCore22OnTongNameChangeResultEP22TONGNAME_CHANGE_RESULT	KServerCore::OnTongNameChangeResult(TONGNAME_CHANGE_RESULT *)
0804e060	127	_ZN11KServerCore21OnTongNameQueryResultEP21TONGNAME_QUERY_RESULT	KServerCore::OnTongNameQueryResult(TONGNAME_QUERY_RESULT *)
0804e0e0	120	_ZN11KServerCore22OnRoleNameChangeResultEP21TRoleNameChangeResult	KServerCore::OnRoleNameChangeResult(TRoleNameChangeResult *)
0804e160	152	_ZN11KServerCore21OnRoleNameQueryResultEP20TRoleNameQueryResult	KServerCore::OnRoleNameQueryResult(TRoleNameQueryResult *)
0804e200	215	_ZN11KServerCore26ProcessSpreaderCDKeyReturnEPhj	KServerCore::ProcessSpreaderCDKeyReturn(unsigned char *,unsigned int)
0804e2e0	16	_ZN11KServerCore24ProcessRelayTongProtocolEPhj	KServerCore::ProcessRelayTongProtocol(unsigned char *,unsigned int)
0804e2f0	31	_ZN11KServerCore17PlayerPrepareQuitEi	KServerCore::PlayerPrepareQuit(int)
0804e310	16	_ZN11KServerCore30ProcessRelayLadderRankProtocolEPhj	KServerCore::ProcessRelayLadderRankProtocol(unsigned char *,unsigned int)
0804e320	31	_ZN11KServerCore26ProcessRelayBattleProtocolEPhj	KServerCore::ProcessRelayBattleProtocol(unsigned char *,unsigned int)
0804e340	16	_ZN11KServerCore27ProcessRelayCityWarProtocolEPhj	KServerCore::ProcessRelayCityWarProtocol(unsigned char *,unsigned int)
0804e350	16	_ZN11KServerCore27ProcessRelayAuctionProtocolEPhj	KServerCore::ProcessRelayAuctionProtocol(unsigned char *,unsigned int)
0804e360	16	_ZN11KServerCore25ProcessRelayKillerLosewayEPhj	KServerCore::ProcessRelayKillerLoseway(unsigned char *,unsigned int)
0804e370	16	_ZN11KServerCore29ProcessRelayKillerc2cProtocolEPhj	KServerCore::ProcessRelayKillerc2cProtocol(unsigned char *,unsigned int)
0804e380	16	_ZN11KServerCore26ProcessRelayKillerProtocolEPhj	KServerCore::ProcessRelayKillerProtocol(unsigned char *,unsigned int)
0804e390	16	_ZN11KServerCore21AdditionalGameProcessEPKcj	KServerCore::AdditionalGameProcess(char const*,unsigned int)
0804e3a0	146	_ZN11KServerCore20DoQueryStatIDRequestEPKc	KServerCore::DoQueryStatIDRequest(char const*)
0804e440	88	_ZN11KServerCore12OnChannelMsgEiPKvj	KServerCore::OnChannelMsg(int,void const*,unsigned int)
0804e4a0	71	_ZN11KServerCore10Msg2PlayerEiPKc	KServerCore::Msg2Player(int,char const*)
0804e4f0	205	_ZN11KServerCore23PlayerCanUseChatChannelEii	KServerCore::PlayerCanUseChatChannel(int,int)
0804e5c0	173	_ZN11KServerCore9ChatWorldEmPKvj	KServerCore::ChatWorld(unsigned long,void const*,unsigned int)
0804e670	213	_ZN11KServerCore8ChatTongEmPKvj	KServerCore::ChatTong(unsigned long,void const*,unsigned int)
0804e750	205	_ZN11KServerCore11ChatFactionEmPKvj	KServerCore::ChatFaction(unsigned long,void const*,unsigned int)
0804e820	253	_ZN11KServerCore8ChatTeamEmPKvj	KServerCore::ChatTeam(unsigned long,void const*,unsigned int)
0804e920	589	_ZN11KServerCore12PayForSpeechEi15enumChannelTypei	KServerCore::PayForSpeech(int,enumChannelType,int)
0804eb70	16	_ZN11KServerCore9SetLadderEPvj	KServerCore::SetLadder(void *,unsigned int)
0804eb80	154	_ZN11KServerCore9GroupChatEhmPKvj	KServerCore::GroupChat(unsigned char,unsigned long,void const*,unsigned int)
0804ec20	31	_ZN11KServerCore27PreparePlayerForLoginFailedEi	KServerCore::PreparePlayerForLoginFailed(int)
0804ec40	148	_ZN11KServerCore10ChangeGuidEiP5_GUID	KServerCore::ChangeGuid(int,_GUID *)
0804ece0	31	_ZN11KServerCore23RemovePlayerForExchangeEi	KServerCore::RemovePlayerForExchange(int)
0804ed00	41	_ZN11KServerCore24IsPlayerExchangingServerEi	KServerCore::IsPlayerExchangingServer(int)
0804ed30	64	_ZN11KServerCore24PreparePlayerForExchangeEi	KServerCore::PreparePlayerForExchange(int)
0804ed70	102	_ZN11KServerCore20GetPlayerIndexByGuidEP5_GUIDPiS2_	KServerCore::GetPlayerIndexByGuid(_GUID *,int *,int *)
0804ede0	47	_ZN11KServerCore16AddTempTaskValueEiPKc	KServerCore::AddTempTaskValue(int,char const*)
0804ee10	25	_ZN11KServerCore20IsPlayerLoginTimeOutEi	KServerCore::IsPlayerLoginTimeOut(int)
0804ee30	76	_ZN11KServerCore24RemovePlayerLoginTimeOutEi	KServerCore::RemovePlayerLoginTimeOut(int)
0804ee80	41	_ZN11KServerCore18IsCharacterQuitingEi	KServerCore::IsCharacterQuiting(int)
0804eeb0	87	_ZN11KServerCore20SavePlayerDataAtOnceEii	KServerCore::SavePlayerDataAtOnce(int,int)
0804ef10	16	_ZN11KServerCore12AttachPlayerEmPK5_GUID	KServerCore::AttachPlayer(unsigned long,_GUID const*)
0804ef20	129	_ZN11KServerCore19AcceptOrRefuseApplyEiiPci	KServerCore::AcceptOrRefuseApply(int,int,char *,int)
0804efb0	97	_ZN11KServerCore30ProcessApplyJoinTongFromZhaoMuEim	KServerCore::ProcessApplyJoinTongFromZhaoMu(int,unsigned long)
0804f020	106	_ZN11KServerCore26SendZhaoMuPageInfoToPlayerEii	KServerCore::SendZhaoMuPageInfoToPlayer(int,int)
0804f090	99	_ZN11KServerCore22SendZhaoMuInfoToPlayerEi	KServerCore::SendZhaoMuInfoToPlayer(int)
0804f100	197	_ZN11KServerCore18GetZhaoMuApplyInfoEii	KServerCore::GetZhaoMuApplyInfo(int,int)
0804f1d0	264	_ZN11KServerCore26ProcessGetApplyInfoRespondEPvj	KServerCore::ProcessGetApplyInfoRespond(void *,unsigned int)
0804f2e0	16	_ZN11KServerCore17AddTongZhaoMuInfoEmP11KZhaoMuInfo	KServerCore::AddTongZhaoMuInfo(unsigned long,KZhaoMuInfo *)
0804f2f0	94	_ZN11KServerCore8OnLaunchEv	KServerCore::OnLaunch(void)
0804f350	1602	_ZN11KServerCore16OperationRequestEjji	KServerCore::OperationRequest(unsigned int,unsigned int,int)
0804f9a0	76	_ZN11KServerCore19RemoveQuitingPlayerEi	KServerCore::RemoveQuitingPlayer(int)
0804f9f0	93	_ZN11KServerCore16ClientDisconnectEi	KServerCore::ClientDisconnect(int)
0804fa50	16	_ZN11KServerCore21ProcessExecuteMessageEPKci	KServerCore::ProcessExecuteMessage(char const*,int)
0804fa60	16	_ZN11KServerCore23ProcessBroadcastMessageEPKci	KServerCore::ProcessBroadcastMessage(char const*,int)
0804fa70	134	_ZN11KServerCore16AddPlayerToWorldEimm	KServerCore::AddPlayerToWorld(int,unsigned long,unsigned long)
0804fb00	250	_ZN11KServerCore15PlayerDbLoadingEiiRiRj	KServerCore::PlayerDbLoading(int,int,int &,unsigned int &)
0804fc00	466	_ZN11KServerCore12AddCharacterERK15tagExtPointInfoS2_mmRK23KACCOUNT_LIMITTIME_INFOiPK9TRoleDataPK5_GUID	KServerCore::AddCharacter(tagExtPointInfo const&,tagExtPointInfo const&,unsigned long,unsigned long,KACCOUNT_LIMITTIME_INFO const&,int,TRoleData const*,_GUID const*)
0804fde0	270	_ZN11KServerCore18SetGateWayClientIDEi	KServerCore::SetGateWayClientID(int)
0804fef0	74	_ZN11KServerCore14InitServerTimeEmRK2tm	KServerCore::InitServerTime(unsigned long,tm const&)
0804ff40	201	_ZN11KServerCore24ProcessClientChatRoomMsgEiPhj	KServerCore::ProcessClientChatRoomMsg(int,unsigned char *,unsigned int)
08050010	16	_ZN11KServerCore17TranslateRoleDataEP9TRoleDataPK14KTRIPDATA_ROLE	KServerCore::TranslateRoleData(TRoleData *,KTRIPDATA_ROLE const*)
08050020	608	_ZN11KServerCore26ProcessRelayNormalProtocolEPhj	KServerCore::ProcessRelayNormalProtocol(unsigned char *,unsigned int)
08050280	231	_ZN11KServerCore17CheckProtocolSizeEiPKciRi	KServerCore::CheckProtocolSize(int,char const*,int,int &)
08050370	174	_ZN11KServerCore24HookChannelMsgAftPaymentEi15enumChannelTypePKcj	KServerCore::HookChannelMsgAftPayment(int,enumChannelType,char const*,unsigned int)
08050420	227	_ZN11KServerCore24HookChannelMsgBefPaymentEi15enumChannelTypePKcj	KServerCore::HookChannelMsgBefPayment(int,enumChannelType,char const*,unsigned int)
08050510	520	_ZN11KServerCore10ChatScreenEmPKvj	KServerCore::ChatScreen(unsigned long,void const*,unsigned int)
08050720	243	_ZN11KServerCore25ProcessCheckApplyJoinTongEPhj	KServerCore::ProcessCheckApplyJoinTong(unsigned char *,unsigned int)
08050820	376	_ZN11KServerCoreD2Ev	KServerCore::~KServerCore()
080509a0	40	_ZN11KServerCore16GetServerCurTimeEv	KServerCore::GetServerCurTime(void)
080509d0	84	_ZN11KServerCore21NotifyBishopEnterGameEPKc	KServerCore::NotifyBishopEnterGame(char const*)
08050a30	96	_ZN11KServerCore21NotifyBishopLeaveGameEPKcii	KServerCore::NotifyBishopLeaveGame(char const*,int,int)
08050a90	307	_ZN11KServerCore21RecoverPlayerExchangeEi	KServerCore::RecoverPlayerExchange(int)
08050bd0	102	_ZN11KServerCore22NotifyGoddessLeaveGameEPKc	KServerCore::NotifyGoddessLeaveGame(char const*)
08050c40	378	_ZN11KServerCore14SavePlayerDataEibb	KServerCore::SavePlayerData(int,bool,bool)
08050dc0	168	_ZN11KServerCore20PlayerExchangeServerEv	KServerCore::PlayerExchangeServer(void)
08050e70	434	_ZN11KServerCoreC2Eii	KServerCore::KServerCore(int,int)
08051030	418	_ZN11KServerCore17CanSaveZhaoMuInfoEi	KServerCore::CanSaveZhaoMuInfo(int)
080511e0	376	_ZN11KServerCoreD1Ev	KServerCore::~KServerCore()
08051360	41	_ZN11KServerCore7ReleaseEv	KServerCore::Release(void)
08051390	434	_ZN11KServerCoreC1Eii	KServerCore::KServerCore(int,int)
08051550	92	CreateServerCore	CreateServerCore
080515b0	263	_ZN11KServerCore13ExecuteScriptEPKcS1_ii	KServerCore::ExecuteScript(char const*,char const*,int,int)
080516c0	142	_ZN11KServerCore19NotifyHostEnterGameEPKcS1_immi	KServerCore::NotifyHostEnterGame(char const*,char const*,int,unsigned long,unsigned long,int)
08051750	124	_ZN11KServerCore19NotifyHostLeaveGameEPKcS1_i	KServerCore::NotifyHostLeaveGame(char const*,char const*,int)
080517d0	115	_ZN11KServerCore25DoSetStatDataValueRequestEPKcx	KServerCore::DoSetStatDataValueRequest(char const*,long long)
08051850	115	_ZN11KServerCore23DoUpdateStatDataRequestEv	KServerCore::DoUpdateStatDataRequest(void)
080518d0	510	_ZN11KServerCore12UnInitializeEv	KServerCore::UnInitialize(void)
08051ad0	1374	_ZN11KServerCore10InitializeEP11IGameServerP7IServer	KServerCore::Initialize(IGameServer *,IServer *)
08052030	4682	_ZN11KServerCore11GetGameDataEjji	KServerCore::GetGameData(unsigned int,unsigned int,int)
08053280	217	_ZN11KServerCore16PrintPlayerCountEv	KServerCore::PrintPlayerCount(void)
08053360	509	_ZN11KServerCore4LoopEmmi	KServerCore::Loop(unsigned long,unsigned long,int)
08053560	482	_ZN11KServerCore13OnClientCloseEm	KServerCore::OnClientClose(unsigned long)
08053750	124	_ZN11KServerCore14SavePlayerDataEv	KServerCore::SavePlayerData(void)
080537d0	87	_ZN11KServerCore13CheckPlayerIDEmm	KServerCore::CheckPlayerID(unsigned long,unsigned long)
08053830	206	_ZN11KServerCore14OfflineDestroyEii	KServerCore::OfflineDestroy(int,int)
08053900	177	_ZN11KServerCore14OfflineTimeoutEi	KServerCore::OfflineTimeout(int)
080539c0	609	_ZN11KServerCore19PlayerLogoutGatewayEv	KServerCore::PlayerLogoutGateway(void)
08053c30	197	_ZN11KServerCore7BreatheEmmi	KServerCore::Breathe(unsigned long,unsigned long,int)
08053d00	1063	_ZN11KServerCore4ExitEv	KServerCore::Exit(void)
08054130	3796	_ZN11KServerCore25ProcessGameServerDoScriptEPhj	KServerCore::ProcessGameServerDoScript(unsigned char *,unsigned int)
08055010	1692	_ZN11KServerCore24ProcessRelayScriptResultEPhj	KServerCore::ProcessRelayScriptResult(unsigned char *,unsigned int)
080556b0	3812	_ZN11KServerCore26ProcessRelayLeagueProtocolEPhj	KServerCore::ProcessRelayLeagueProtocol(unsigned char *,unsigned int)
080565a0	25	_ZN11KVersionCfg21_GetProductRegionInfoEi	KVersionCfg::_GetProductRegionInfo(int)
080565c0	25	_ZN11KVersionCfg20_GetSymbolByLanguageEi	KVersionCfg::_GetSymbolByLanguage(int)
080565e0	91	_ZNKSt8_Rb_treeItSt4pairIKtiESt10_Select1stIS2_ESt4lessItESaIS2_EE4findERS1_	std::_Rb_tree<unsigned short,std::pair<unsigned short const,int>,std::_Select1st<std::pair<unsigned short const,int>>,std::less<unsigned short>,std::allocator<std::pair<unsigned short const,int>>>::find(unsigned short const&)const
08056640	91	_ZNSt8_Rb_treeItSt4pairIKtiESt10_Select1stIS2_ESt4lessItESaIS2_EE4findERS1_	std::_Rb_tree<unsigned short,std::pair<unsigned short const,int>,std::_Select1st<std::pair<unsigned short const,int>>,std::less<unsigned short>,std::allocator<std::pair<unsigned short const,int>>>::find(unsigned short const&)
080566a0	87	_ZNSt8_Rb_treeImSt4pairIKm18SameLeagueTypeListESt10_Select1stIS3_ESt4lessImESaIS3_EE4findERS1_	std::_Rb_tree<unsigned long,std::pair<unsigned long const,SameLeagueTypeList>,std::_Select1st<std::pair<unsigned long const,SameLeagueTypeList>>,std::less<unsigned long>,std::allocator<std::pair<unsigned long const,SameLeagueTypeList>>>::find(unsigned long const&)
08056700	87	_ZNSt8_Rb_treeIiSt4pairIKiP10KObjBufferESt10_Select1stIS4_ESt4lessIiESaIS4_EE4findERS1_	std::_Rb_tree<int,std::pair<int const,KObjBuffer *>,std::_Select1st<std::pair<int const,KObjBuffer *>>,std::less<int>,std::allocator<std::pair<int const,KObjBuffer *>>>::find(int const&)
08056760	62	_ZNSt8_Rb_treeImSt4pairIKm18SameLeagueTypeListESt10_Select1stIS3_ESt4lessImESaIS3_EE11lower_boundERS1_	std::_Rb_tree<unsigned long,std::pair<unsigned long const,SameLeagueTypeList>,std::_Select1st<std::pair<unsigned long const,SameLeagueTypeList>>,std::less<unsigned long>,std::allocator<std::pair<unsigned long const,SameLeagueTypeList>>>::lower_bound(unsigned long const&)
080567a0	87	_ZNSt8_Rb_treeImSt4pairIKmP11KTongMemberESt10_Select1stIS4_ESt4lessImESaIS4_EE4findERS1_	std::_Rb_tree<unsigned long,std::pair<unsigned long const,KTongMember *>,std::_Select1st<std::pair<unsigned long const,KTongMember *>>,std::less<unsigned long>,std::allocator<std::pair<unsigned long const,KTongMember *>>>::find(unsigned long const&)
08056800	87	_ZNSt8_Rb_treeImSt4pairIKmP9KTongDataESt10_Select1stIS4_ESt4lessImESaIS4_EE4findERS1_	std::_Rb_tree<unsigned long,std::pair<unsigned long const,KTongData *>,std::_Select1st<std::pair<unsigned long const,KTongData *>>,std::less<unsigned long>,std::allocator<std::pair<unsigned long const,KTongData *>>>::find(unsigned long const&)
08056860	62	_ZNSt8_Rb_treeIiSt4pairIKiP10KObjBufferESt10_Select1stIS4_ESt4lessIiESaIS4_EE11lower_boundERS1_	std::_Rb_tree<int,std::pair<int const,KObjBuffer *>,std::_Select1st<std::pair<int const,KObjBuffer *>>,std::less<int>,std::allocator<std::pair<int const,KObjBuffer *>>>::lower_bound(int const&)
080568a0	63	_ZNSt8_Rb_treeItSt4pairIKtiESt10_Select1stIS2_ESt4lessItESaIS2_EE11lower_boundERS1_	std::_Rb_tree<unsigned short,std::pair<unsigned short const,int>,std::_Select1st<std::pair<unsigned short const,int>>,std::less<unsigned short>,std::allocator<std::pair<unsigned short const,int>>>::lower_bound(unsigned short const&)
080568e0	59	_ZNSt8_Rb_treeItSt4pairIKtiESt10_Select1stIS2_ESt4lessItESaIS2_EE8_M_eraseEPSt13_Rb_tree_nodeIS2_E	std::_Rb_tree<unsigned short,std::pair<unsigned short const,int>,std::_Select1st<std::pair<unsigned short const,int>>,std::less<unsigned short>,std::allocator<std::pair<unsigned short const,int>>>::_M_erase(std::_Rb_tree_node<std::pair<unsigned short const,int>> *)
08056920	59	_ZNSt8_Rb_treeImSt4pairIKmmESt10_Select1stIS2_ESt4lessImESaIS2_EE8_M_eraseEPSt13_Rb_tree_nodeIS2_E	std::_Rb_tree<unsigned long,std::pair<unsigned long const,unsigned long>,std::_Select1st<std::pair<unsigned long const,unsigned long>>,std::less<unsigned long>,std::allocator<std::pair<unsigned long const,unsigned long>>>::_M_erase(std::_Rb_tree_node<std::pair<unsigned long const,unsigned long>> *)
08056960	152	_ZNSt8_Rb_treeIiSt4pairIKiP10KObjBufferESt10_Select1stIS4_ESt4lessIiESaIS4_EE9_M_insertEPSt18_Rb_tree_node_baseSC_RKS4_	std::_Rb_tree<int,std::pair<int const,KObjBuffer *>,std::_Select1st<std::pair<int const,KObjBuffer *>>,std::less<int>,std::allocator<std::pair<int const,KObjBuffer *>>>::_M_insert(std::_Rb_tree_node_base *,std::_Rb_tree_node_base *,std::pair<int const,KObjBuffer *> const&)
08056a00	99	_ZN8KTongLog8WriteFmtEPKcz	KTongLog::WriteFmt(char const*,...)
08056a70	236	_ZNSt8_Rb_treeIiSt4pairIKiP10KObjBufferESt10_Select1stIS4_ESt4lessIiESaIS4_EE13insert_uniqueERKS4_	std::_Rb_tree<int,std::pair<int const,KObjBuffer *>,std::_Select1st<std::pair<int const,KObjBuffer *>>,std::less<int>,std::allocator<std::pair<int const,KObjBuffer *>>>::insert_unique(std::pair<int const,KObjBuffer *> const&)
08056b60	593	_ZNSt8_Rb_treeIiSt4pairIKiP10KObjBufferESt10_Select1stIS4_ESt4lessIiESaIS4_EE13insert_uniqueESt17_Rb_tree_iteratorIS4_ERKS4_	std::_Rb_tree<int,std::pair<int const,KObjBuffer *>,std::_Select1st<std::pair<int const,KObjBuffer *>>,std::less<int>,std::allocator<std::pair<int const,KObjBuffer *>>>::insert_unique(std::_Rb_tree_iterator<std::pair<int const,KObjBuffer *>>,std::pair<int const,KObjBuffer *> const&)
08056dc0	291	_ZNSt6vectorIP10KObjBufferSaIS1_EE13_M_insert_auxEN9__gnu_cxx17__normal_iteratorIPS1_S3_EERKS1_	std::vector<KObjBuffer *,std::allocator<KObjBuffer *>>::_M_insert_aux(__gnu_cxx::__normal_iterator<KObjBuffer **,std::vector<KObjBuffer *,std::allocator<KObjBuffer *>>>,KObjBuffer * const&)
08056ef0	287	_ZNSt8_Rb_treeItSt4pairIKtiESt10_Select1stIS2_ESt4lessItESaIS2_EE7_M_copyEPKSt13_Rb_tree_nodeIS2_EPSA_	std::_Rb_tree<unsigned short,std::pair<unsigned short const,int>,std::_Select1st<std::pair<unsigned short const,int>>,std::less<unsigned short>,std::allocator<std::pair<unsigned short const,int>>>::_M_copy(std::_Rb_tree_node<std::pair<unsigned short const,int>> const*,std::_Rb_tree_node<std::pair<unsigned short const,int>>*)
08057010	154	_ZNSt8_Rb_treeItSt4pairIKtiESt10_Select1stIS2_ESt4lessItESaIS2_EE9_M_insertEPSt18_Rb_tree_node_baseSA_RKS2_	std::_Rb_tree<unsigned short,std::pair<unsigned short const,int>,std::_Select1st<std::pair<unsigned short const,int>>,std::less<unsigned short>,std::allocator<std::pair<unsigned short const,int>>>::_M_insert(std::_Rb_tree_node_base *,std::_Rb_tree_node_base *,std::pair<unsigned short const,int> const&)
080570b0	241	_ZNSt8_Rb_treeItSt4pairIKtiESt10_Select1stIS2_ESt4lessItESaIS2_EE13insert_uniqueERKS2_	std::_Rb_tree<unsigned short,std::pair<unsigned short const,int>,std::_Select1st<std::pair<unsigned short const,int>>,std::less<unsigned short>,std::allocator<std::pair<unsigned short const,int>>>::insert_unique(std::pair<unsigned short const,int> const&)
080571b0	595	_ZNSt8_Rb_treeItSt4pairIKtiESt10_Select1stIS2_ESt4lessItESaIS2_EE13insert_uniqueESt17_Rb_tree_iteratorIS2_ERKS2_	std::_Rb_tree<unsigned short,std::pair<unsigned short const,int>,std::_Select1st<std::pair<unsigned short const,int>>,std::less<unsigned short>,std::allocator<std::pair<unsigned short const,int>>>::insert_unique(std::_Rb_tree_iterator<std::pair<unsigned short const,int>>,std::pair<unsigned short const,int> const&)
08057410	130	_ZNSt8_Rb_treeItSt4pairIKtiESt10_Select1stIS2_ESt4lessItESaIS2_EEaSERKS8_	std::_Rb_tree<unsigned short,std::pair<unsigned short const,int>,std::_Select1st<std::pair<unsigned short const,int>>,std::less<unsigned short>,std::allocator<std::pair<unsigned short const,int>>>::operator=(std::_Rb_tree<unsigned short,std::pair<unsigned short const,int>,std::_Select1st<std::pair<unsigned short const,int>>,std::less<unsigned short>,std::allocator<std::pair<unsigned short const,int>>> const&)
080574a0	210	_ZN8KTongLog16WriteInformationEPKcS1_S1_z	KTongLog::WriteInformation(char const*,char const*,char const*,...)
08057580	155	_ZNSt8_Rb_treeISsSt4pairIKSsSsESt10_Select1stIS2_ESt4lessISsESaIS2_EE11upper_boundERS1_	std::_Rb_tree<std::string,std::pair<std::string const,std::string>,std::_Select1st<std::pair<std::string const,std::string>>,std::less<std::string>,std::allocator<std::pair<std::string const,std::string>>>::upper_bound(std::string const&)
08057620	155	_ZNSt8_Rb_treeISsSt4pairIKSs14KOneLeagueInfoESt10_Select1stIS3_ESt4lessISsESaIS3_EE11lower_boundERS1_	std::_Rb_tree<std::string,std::pair<std::string const,KOneLeagueInfo>,std::_Select1st<std::pair<std::string const,KOneLeagueInfo>>,std::less<std::string>,std::allocator<std::pair<std::string const,KOneLeagueInfo>>>::lower_bound(std::string const&)
080576c0	155	_ZNSt8_Rb_treeISsSt4pairIKSsSsESt10_Select1stIS2_ESt4lessISsESaIS2_EE11lower_boundERS1_	std::_Rb_tree<std::string,std::pair<std::string const,std::string>,std::_Select1st<std::pair<std::string const,std::string>>,std::less<std::string>,std::allocator<std::pair<std::string const,std::string>>>::lower_bound(std::string const&)
08057760	155	_ZNSt8_Rb_treeISsSt4pairIKSs17KLeagueMemberInfoESt10_Select1stIS3_ESt4lessISsESaIS3_EE11lower_boundERS1_	std::_Rb_tree<std::string,std::pair<std::string const,KLeagueMemberInfo>,std::_Select1st<std::pair<std::string const,KLeagueMemberInfo>>,std::less<std::string>,std::allocator<std::pair<std::string const,KLeagueMemberInfo>>>::lower_bound(std::string const&)
08057800	275	_ZNSt8_Rb_treeISsSt4pairIKSs14KOneLeagueInfoESt10_Select1stIS3_ESt4lessISsESaIS3_EE4findERS1_	std::_Rb_tree<std::string,std::pair<std::string const,KOneLeagueInfo>,std::_Select1st<std::pair<std::string const,KOneLeagueInfo>>,std::less<std::string>,std::allocator<std::pair<std::string const,KOneLeagueInfo>>>::find(std::string const&)
08057920	275	_ZNSt8_Rb_treeISsSt4pairIKSs17KLeagueMemberInfoESt10_Select1stIS3_ESt4lessISsESaIS3_EE4findERS1_	std::_Rb_tree<std::string,std::pair<std::string const,KLeagueMemberInfo>,std::_Select1st<std::pair<std::string const,KLeagueMemberInfo>>,std::less<std::string>,std::allocator<std::pair<std::string const,KLeagueMemberInfo>>>::find(std::string const&)
08057a40	275	_ZNSt8_Rb_treeISsSt4pairIKSsSsESt10_Select1stIS2_ESt4lessISsESaIS2_EE4findERS1_	std::_Rb_tree<std::string,std::pair<std::string const,std::string>,std::_Select1st<std::pair<std::string const,std::string>>,std::less<std::string>,std::allocator<std::pair<std::string const,std::string>>>::find(std::string const&)
08057b60	155	_ZNSt8_Rb_treeISsSt4pairIKSs14KOneLeagueInfoESt10_Select1stIS3_ESt4lessISsESaIS3_EE11upper_boundERS1_	std::_Rb_tree<std::string,std::pair<std::string const,KOneLeagueInfo>,std::_Select1st<std::pair<std::string const,KOneLeagueInfo>>,std::less<std::string>,std::allocator<std::pair<std::string const,KOneLeagueInfo>>>::upper_bound(std::string const&)
08057c00	229	_ZN13League_RESULTC1Ev	League_RESULT::League_RESULT(void)
08057cf0	204	_ZN13League_RESULTD1Ev	League_RESULT::~League_RESULT()
08057dc0	121	_ZNSt8_Rb_treeItSt4pairIKtSsESt10_Select1stIS2_ESt4lessItESaIS2_EE8_M_eraseEPSt13_Rb_tree_nodeIS2_E	std::_Rb_tree<unsigned short,std::pair<unsigned short const,std::string>,std::_Select1st<std::pair<unsigned short const,std::string>>,std::less<unsigned short>,std::allocator<std::pair<unsigned short const,std::string>>>::_M_erase(std::_Rb_tree_node<std::pair<unsigned short const,std::string>> *)
08057e40	364	_ZNSt8_Rb_treeItSt4pairIKtSsESt10_Select1stIS2_ESt4lessItESaIS2_EE7_M_copyEPKSt13_Rb_tree_nodeIS2_EPSA_	std::_Rb_tree<unsigned short,std::pair<unsigned short const,std::string>,std::_Select1st<std::pair<unsigned short const,std::string>>,std::less<unsigned short>,std::allocator<std::pair<unsigned short const,std::string>>>::_M_copy(std::_Rb_tree_node<std::pair<unsigned short const,std::string>> const*,std::_Rb_tree_node<std::pair<unsigned short const,std::string>>*)
08057fb0	87	_ZN15KLeagueTaskDataD2Ev	KLeagueTaskData::~KLeagueTaskData()
08058010	130	_ZNSt8_Rb_treeItSt4pairIKtSsESt10_Select1stIS2_ESt4lessItESaIS2_EEaSERKS8_	std::_Rb_tree<unsigned short,std::pair<unsigned short const,std::string>,std::_Select1st<std::pair<unsigned short const,std::string>>,std::less<unsigned short>,std::allocator<std::pair<unsigned short const,std::string>>>::operator=(std::_Rb_tree<unsigned short,std::pair<unsigned short const,std::string>,std::_Select1st<std::pair<unsigned short const,std::string>>,std::less<unsigned short>,std::allocator<std::pair<unsigned short const,std::string>>> const&)
080580a0	674	_ZNSt8_Rb_treeISsSt4pairIKSs17KLeagueMemberInfoESt10_Select1stIS3_ESt4lessISsESaIS3_EE9_M_insertEPSt18_Rb_tree_node_baseSB_RKS3_	std::_Rb_tree<std::string,std::pair<std::string const,KLeagueMemberInfo>,std::_Select1st<std::pair<std::string const,KLeagueMemberInfo>>,std::less<std::string>,std::allocator<std::pair<std::string const,KLeagueMemberInfo>>>::_M_insert(std::_Rb_tree_node_base *,std::_Rb_tree_node_base *,std::pair<std::string const,KLeagueMemberInfo> const&)
08058350	455	_ZNSt8_Rb_treeISsSt4pairIKSs17KLeagueMemberInfoESt10_Select1stIS3_ESt4lessISsESaIS3_EE13insert_uniqueERKS3_	std::_Rb_tree<std::string,std::pair<std::string const,KLeagueMemberInfo>,std::_Select1st<std::pair<std::string const,KLeagueMemberInfo>>,std::less<std::string>,std::allocator<std::pair<std::string const,KLeagueMemberInfo>>>::insert_unique(std::pair<std::string const,KLeagueMemberInfo> const&)
08058520	1140	_ZNSt8_Rb_treeISsSt4pairIKSs17KLeagueMemberInfoESt10_Select1stIS3_ESt4lessISsESaIS3_EE13insert_uniqueESt17_Rb_tree_iteratorIS3_ERKS3_	std::_Rb_tree<std::string,std::pair<std::string const,KLeagueMemberInfo>,std::_Select1st<std::pair<std::string const,KLeagueMemberInfo>>,std::less<std::string>,std::allocator<std::pair<std::string const,KLeagueMemberInfo>>>::insert_unique(std::_Rb_tree_iterator<std::pair<std::string const,KLeagueMemberInfo>>,std::pair<std::string const,KLeagueMemberInfo> const&)
080589a0	349	_ZNSt8_Rb_treeISsSt4pairIKSsSsESt10_Select1stIS2_ESt4lessISsESaIS2_EE9_M_insertEPSt18_Rb_tree_node_baseSA_RKS2_	std::_Rb_tree<std::string,std::pair<std::string const,std::string>,std::_Select1st<std::pair<std::string const,std::string>>,std::less<std::string>,std::allocator<std::pair<std::string const,std::string>>>::_M_insert(std::_Rb_tree_node_base *,std::_Rb_tree_node_base *,std::pair<std::string const,std::string> const&)
08058b00	455	_ZNSt8_Rb_treeISsSt4pairIKSsSsESt10_Select1stIS2_ESt4lessISsESaIS2_EE13insert_uniqueERKS2_	std::_Rb_tree<std::string,std::pair<std::string const,std::string>,std::_Select1st<std::pair<std::string const,std::string>>,std::less<std::string>,std::allocator<std::pair<std::string const,std::string>>>::insert_unique(std::pair<std::string const,std::string> const&)
08058cd0	1140	_ZNSt8_Rb_treeISsSt4pairIKSsSsESt10_Select1stIS2_ESt4lessISsESaIS2_EE13insert_uniqueESt17_Rb_tree_iteratorIS2_ERKS2_	std::_Rb_tree<std::string,std::pair<std::string const,std::string>,std::_Select1st<std::pair<std::string const,std::string>>,std::less<std::string>,std::allocator<std::pair<std::string const,std::string>>>::insert_unique(std::_Rb_tree_iterator<std::pair<std::string const,std::string>>,std::pair<std::string const,std::string> const&)
08059150	242	_ZNSt8_Rb_treeISsSt4pairIKSsSsESt10_Select1stIS2_ESt4lessISsESaIS2_EE8_M_eraseEPSt13_Rb_tree_nodeIS2_E	std::_Rb_tree<std::string,std::pair<std::string const,std::string>,std::_Select1st<std::pair<std::string const,std::string>>,std::less<std::string>,std::allocator<std::pair<std::string const,std::string>>>::_M_erase(std::_Rb_tree_node<std::pair<std::string const,std::string>> *)
08059250	538	_ZNSt8_Rb_treeISsSt4pairIKSsSsESt10_Select1stIS2_ESt4lessISsESaIS2_EE7_M_copyEPKSt13_Rb_tree_nodeIS2_EPSA_	std::_Rb_tree<std::string,std::pair<std::string const,std::string>,std::_Select1st<std::pair<std::string const,std::string>>,std::less<std::string>,std::allocator<std::pair<std::string const,std::string>>>::_M_copy(std::_Rb_tree_node<std::pair<std::string const,std::string>> const*,std::_Rb_tree_node<std::pair<std::string const,std::string>>*)
08059470	130	_ZNSt8_Rb_treeISsSt4pairIKSsSsESt10_Select1stIS2_ESt4lessISsESaIS2_EEaSERKS8_	std::_Rb_tree<std::string,std::pair<std::string const,std::string>,std::_Select1st<std::pair<std::string const,std::string>>,std::less<std::string>,std::allocator<std::pair<std::string const,std::string>>>::operator=(std::_Rb_tree<std::string,std::pair<std::string const,std::string>,std::_Select1st<std::pair<std::string const,std::string>>,std::less<std::string>,std::allocator<std::pair<std::string const,std::string>>> const&)
08059500	347	_ZNSt8_Rb_treeISsSt4pairIKSsSsESt10_Select1stIS2_ESt4lessISsESaIS2_EE5eraseESt17_Rb_tree_iteratorIS2_ESA_	std::_Rb_tree<std::string,std::pair<std::string const,std::string>,std::_Select1st<std::pair<std::string const,std::string>>,std::less<std::string>,std::allocator<std::pair<std::string const,std::string>>>::erase(std::_Rb_tree_iterator<std::pair<std::string const,std::string>>,std::_Rb_tree_iterator<std::pair<std::string const,std::string>>)
08059660	146	_ZNSt8_Rb_treeISsSt4pairIKSsSsESt10_Select1stIS2_ESt4lessISsESaIS2_EE5eraseERS1_	std::_Rb_tree<std::string,std::pair<std::string const,std::string>,std::_Select1st<std::pair<std::string const,std::string>>,std::less<std::string>,std::allocator<std::pair<std::string const,std::string>>>::erase(std::string const&)
08059700	370	_ZNSt8_Rb_treeISsSt4pairIKSs17KLeagueMemberInfoESt10_Select1stIS3_ESt4lessISsESaIS3_EE8_M_eraseEPSt13_Rb_tree_nodeIS3_E	std::_Rb_tree<std::string,std::pair<std::string const,KLeagueMemberInfo>,std::_Select1st<std::pair<std::string const,KLeagueMemberInfo>>,std::less<std::string>,std::allocator<std::pair<std::string const,KLeagueMemberInfo>>>::_M_erase(std::_Rb_tree_node<std::pair<std::string const,KLeagueMemberInfo>> *)
08059880	1291	_ZNSt8_Rb_treeISsSt4pairIKSs17KLeagueMemberInfoESt10_Select1stIS3_ESt4lessISsESaIS3_EE7_M_copyEPKSt13_Rb_tree_nodeIS3_EPSB_	std::_Rb_tree<std::string,std::pair<std::string const,KLeagueMemberInfo>,std::_Select1st<std::pair<std::string const,KLeagueMemberInfo>>,std::less<std::string>,std::allocator<std::pair<std::string const,KLeagueMemberInfo>>>::_M_copy(std::_Rb_tree_node<std::pair<std::string const,KLeagueMemberInfo>> const*,std::_Rb_tree_node<std::pair<std::string const,KLeagueMemberInfo>>*)
08059d90	888	_ZNSt8_Rb_treeISsSt4pairIKSs14KOneLeagueInfoESt10_Select1stIS3_ESt4lessISsESaIS3_EE9_M_insertEPSt18_Rb_tree_node_baseSB_RKS3_	std::_Rb_tree<std::string,std::pair<std::string const,KOneLeagueInfo>,std::_Select1st<std::pair<std::string const,KOneLeagueInfo>>,std::less<std::string>,std::allocator<std::pair<std::string const,KOneLeagueInfo>>>::_M_insert(std::_Rb_tree_node_base *,std::_Rb_tree_node_base *,std::pair<std::string const,KOneLeagueInfo> const&)
0805a110	455	_ZNSt8_Rb_treeISsSt4pairIKSs14KOneLeagueInfoESt10_Select1stIS3_ESt4lessISsESaIS3_EE13insert_uniqueERKS3_	std::_Rb_tree<std::string,std::pair<std::string const,KOneLeagueInfo>,std::_Select1st<std::pair<std::string const,KOneLeagueInfo>>,std::less<std::string>,std::allocator<std::pair<std::string const,KOneLeagueInfo>>>::insert_unique(std::pair<std::string const,KOneLeagueInfo> const&)
0805a2e0	1140	_ZNSt8_Rb_treeISsSt4pairIKSs14KOneLeagueInfoESt10_Select1stIS3_ESt4lessISsESaIS3_EE13insert_uniqueESt17_Rb_tree_iteratorIS3_ERKS3_	std::_Rb_tree<std::string,std::pair<std::string const,KOneLeagueInfo>,std::_Select1st<std::pair<std::string const,KOneLeagueInfo>>,std::less<std::string>,std::allocator<std::pair<std::string const,KOneLeagueInfo>>>::insert_unique(std::_Rb_tree_iterator<std::pair<std::string const,KOneLeagueInfo>>,std::pair<std::string const,KOneLeagueInfo> const&)
0805a760	712	_ZNSt8_Rb_treeISsSt4pairIKSs14KOneLeagueInfoESt10_Select1stIS3_ESt4lessISsESaIS3_EE14_M_create_nodeERKS3_	std::_Rb_tree<std::string,std::pair<std::string const,KOneLeagueInfo>,std::_Select1st<std::pair<std::string const,KOneLeagueInfo>>,std::less<std::string>,std::allocator<std::pair<std::string const,KOneLeagueInfo>>>::_M_create_node(std::pair<std::string const,KOneLeagueInfo> const&)
0805aa30	293	_ZN14KOneLeagueInfoD1Ev	KOneLeagueInfo::~KOneLeagueInfo()
0805ab60	130	_ZNSt8_Rb_treeISsSt4pairIKSs17KLeagueMemberInfoESt10_Select1stIS3_ESt4lessISsESaIS3_EEaSERKS9_	std::_Rb_tree<std::string,std::pair<std::string const,KLeagueMemberInfo>,std::_Select1st<std::pair<std::string const,KLeagueMemberInfo>>,std::less<std::string>,std::allocator<std::pair<std::string const,KLeagueMemberInfo>>>::operator=(std::_Rb_tree<std::string,std::pair<std::string const,KLeagueMemberInfo>,std::_Select1st<std::pair<std::string const,KLeagueMemberInfo>>,std::less<std::string>,std::allocator<std::pair<std::string const,KLeagueMemberInfo>>> const&)
0805abf0	463	_ZNSt8_Rb_treeISsSt4pairIKSs14KOneLeagueInfoESt10_Select1stIS3_ESt4lessISsESaIS3_EE8_M_eraseEPSt13_Rb_tree_nodeIS3_E	std::_Rb_tree<std::string,std::pair<std::string const,KOneLeagueInfo>,std::_Select1st<std::pair<std::string const,KOneLeagueInfo>>,std::less<std::string>,std::allocator<std::pair<std::string const,KOneLeagueInfo>>>::_M_erase(std::_Rb_tree_node<std::pair<std::string const,KOneLeagueInfo>> *)
0805adc0	917	_ZNSt8_Rb_treeISsSt4pairIKSs14KOneLeagueInfoESt10_Select1stIS3_ESt4lessISsESaIS3_EE7_M_copyEPKSt13_Rb_tree_nodeIS3_EPSB_	std::_Rb_tree<std::string,std::pair<std::string const,KOneLeagueInfo>,std::_Select1st<std::pair<std::string const,KOneLeagueInfo>>,std::less<std::string>,std::allocator<std::pair<std::string const,KOneLeagueInfo>>>::_M_copy(std::_Rb_tree_node<std::pair<std::string const,KOneLeagueInfo>> const*,std::_Rb_tree_node<std::pair<std::string const,KOneLeagueInfo>>*)
0805b160	130	_ZNSt8_Rb_treeISsSt4pairIKSs14KOneLeagueInfoESt10_Select1stIS3_ESt4lessISsESaIS3_EEaSERKS9_	std::_Rb_tree<std::string,std::pair<std::string const,KOneLeagueInfo>,std::_Select1st<std::pair<std::string const,KOneLeagueInfo>>,std::less<std::string>,std::allocator<std::pair<std::string const,KOneLeagueInfo>>>::operator=(std::_Rb_tree<std::string,std::pair<std::string const,KOneLeagueInfo>,std::_Select1st<std::pair<std::string const,KOneLeagueInfo>>,std::less<std::string>,std::allocator<std::pair<std::string const,KOneLeagueInfo>>> const&)
0805b1f0	416	_ZNSt8_Rb_treeImSt4pairIKm18SameLeagueTypeListESt10_Select1stIS3_ESt4lessImESaIS3_EE9_M_insertEPSt18_Rb_tree_node_baseSB_RKS3_	std::_Rb_tree<unsigned long,std::pair<unsigned long const,SameLeagueTypeList>,std::_Select1st<std::pair<unsigned long const,SameLeagueTypeList>>,std::less<unsigned long>,std::allocator<std::pair<unsigned long const,SameLeagueTypeList>>>::_M_insert(std::_Rb_tree_node_base *,std::_Rb_tree_node_base *,std::pair<unsigned long const,SameLeagueTypeList> const&)
0805b390	236	_ZNSt8_Rb_treeImSt4pairIKm18SameLeagueTypeListESt10_Select1stIS3_ESt4lessImESaIS3_EE13insert_uniqueERKS3_	std::_Rb_tree<unsigned long,std::pair<unsigned long const,SameLeagueTypeList>,std::_Select1st<std::pair<unsigned long const,SameLeagueTypeList>>,std::less<unsigned long>,std::allocator<std::pair<unsigned long const,SameLeagueTypeList>>>::insert_unique(std::pair<unsigned long const,SameLeagueTypeList> const&)
0805b480	593	_ZNSt8_Rb_treeImSt4pairIKm18SameLeagueTypeListESt10_Select1stIS3_ESt4lessImESaIS3_EE13insert_uniqueESt17_Rb_tree_iteratorIS3_ERKS3_	std::_Rb_tree<unsigned long,std::pair<unsigned long const,SameLeagueTypeList>,std::_Select1st<std::pair<unsigned long const,SameLeagueTypeList>>,std::less<unsigned long>,std::allocator<std::pair<unsigned long const,SameLeagueTypeList>>>::insert_unique(std::_Rb_tree_iterator<std::pair<unsigned long const,SameLeagueTypeList>>,std::pair<unsigned long const,SameLeagueTypeList> const&)
0805b6e0	2005	_ZNSt3mapISs17KLeagueMemberInfoSt4lessISsESaISt4pairIKSsS0_EEEixERS4_	std::map<std::string,KLeagueMemberInfo,std::less<std::string>,std::allocator<std::pair<std::string const,KLeagueMemberInfo>>>::operator[](std::string const&)
0805bec0	586	_ZNSt8_Rb_treeISsSt4pairIKSs14KOneLeagueInfoESt10_Select1stIS3_ESt4lessISsESaIS3_EE5eraseESt17_Rb_tree_iteratorIS3_ESB_	std::_Rb_tree<std::string,std::pair<std::string const,KOneLeagueInfo>,std::_Select1st<std::pair<std::string const,KOneLeagueInfo>>,std::less<std::string>,std::allocator<std::pair<std::string const,KOneLeagueInfo>>>::erase(std::_Rb_tree_iterator<std::pair<std::string const,KOneLeagueInfo>>,std::_Rb_tree_iterator<std::pair<std::string const,KOneLeagueInfo>>)
0805c110	146	_ZNSt8_Rb_treeISsSt4pairIKSs14KOneLeagueInfoESt10_Select1stIS3_ESt4lessISsESaIS3_EE5eraseERS1_	std::_Rb_tree<std::string,std::pair<std::string const,KOneLeagueInfo>,std::_Select1st<std::pair<std::string const,KOneLeagueInfo>>,std::less<std::string>,std::allocator<std::pair<std::string const,KOneLeagueInfo>>>::erase(std::string const&)
0805c1b0	2638	_ZNSt3mapISs14KOneLeagueInfoSt4lessISsESaISt4pairIKSsS0_EEEixERS4_	std::map<std::string,KOneLeagueInfo,std::less<std::string>,std::allocator<std::pair<std::string const,KOneLeagueInfo>>>::operator[](std::string const&)
0805cc00	1653	_ZN18SameLeagueTypeList9AddLeagueERK14KOneLeagueInfoR13League_RESULT	SameLeagueTypeList::AddLeague(KOneLeagueInfo const&,League_RESULT &)
0805d280	3696	_ZN19KLeagueDataAccepterI14KLeagueManager18KLeagueAcceptEventIS0_E19KLeagueScriptRunnerE12UpdateLeagueEPhj	KLeagueDataAccepter<KLeagueManager,KLeagueAcceptEvent<KLeagueManager>,KLeagueScriptRunner>::UpdateLeague(unsigned char *,unsigned int)
0805e0f0	3070	_ZN19KLeagueDataAccepterI14KLeagueManager18KLeagueAcceptEventIS0_E19KLeagueScriptRunnerE12RemoveMemberEPhj	KLeagueDataAccepter<KLeagueManager,KLeagueAcceptEvent<KLeagueManager>,KLeagueScriptRunner>::RemoveMember(unsigned char *,unsigned int)
0805ecf0	3365	_ZN19KLeagueDataAccepterI14KLeagueManager18KLeagueAcceptEventIS0_E19KLeagueScriptRunnerE9AddMemberEPhj	KLeagueDataAccepter<KLeagueManager,KLeagueAcceptEvent<KLeagueManager>,KLeagueScriptRunner>::AddMember(unsigned char *,unsigned int)
0805fa20	98	_ZN15KAuctionProcessC2Ev	KAuctionProcess::KAuctionProcess(void)
0805fa90	98	_ZN15KAuctionProcessC1Ev	KAuctionProcess::KAuctionProcess(void)
0805fb00	5	_ZN15KAuctionProcessD2Ev	KAuctionProcess::~KAuctionProcess()
0805fb10	5	_ZN15KAuctionProcessD1Ev	KAuctionProcess::~KAuctionProcess()
0805fb20	5	__tcf_0	__tcf_0
0805fb30	66	_Z41__static_initialization_and_destruction_0ii_0	_Z41__static_initialization_and_destruction_0ii_0
0805fb80	16	_GLOBAL__I_g_AuctionProcess	`global constructor keyed to'g_AuctionProcess
0805fb90	62	_ZN15KAuctionProcess23r2gauctionpriceincreaseEPhji	KAuctionProcess::r2gauctionpriceincrease(unsigned char *,unsigned int,int)
0805fbd0	62	_ZN15KAuctionProcess16r2gauctionnotifyEPhji	KAuctionProcess::r2gauctionnotify(unsigned char *,unsigned int,int)
0805fc10	62	_ZN15KAuctionProcess18r2gauctioniteminfoEPhji	KAuctionProcess::r2gauctioniteminfo(unsigned char *,unsigned int,int)
0805fc50	69	_ZN15KAuctionProcess27r2gauctionqueryladderresultEPhji	KAuctionProcess::r2gauctionqueryladderresult(unsigned char *,unsigned int,int)
0805fca0	62	_ZN15KAuctionProcess14r2gauctionquitEPhji	KAuctionProcess::r2gauctionquit(unsigned char *,unsigned int,int)
0805fce0	367	_ZN15KAuctionProcess20r2gauctionreturnitemEPhji	KAuctionProcess::r2gauctionreturnitem(unsigned char *,unsigned int,int)
0805fe50	34	_ZN15KAuctionProcess21r2gauctionreturnmoneyEPhji	KAuctionProcess::r2gauctionreturnmoney(unsigned char *,unsigned int,int)
0805fe80	273	_ZN15KAuctionProcess20c2sauctionsumbititemEiPh	KAuctionProcess::c2sauctionsumbititem(int,unsigned char *)
0805ffa0	464	_ZN15KAuctionProcess24r2gauctionreplyscriptaskEPhji	KAuctionProcess::r2gauctionreplyscriptask(unsigned char *,unsigned int,int)
08060170	115	_ZN15KAuctionProcess18SendNotifyToPlayerEiPKc	KAuctionProcess::SendNotifyToPlayer(int,char const*)
080601f0	593	_ZN15KAuctionProcess4InitEPKc	KAuctionProcess::Init(char const*)
08060450	506	_ZN15KAuctionProcess15r2gauctiontradeEPhji	KAuctionProcess::r2gauctiontrade(unsigned char *,unsigned int,int)
08060650	401	_ZN15KAuctionProcess27r2gauctionsubmititemallowedEPhji	KAuctionProcess::r2gauctionsubmititemallowed(unsigned char *,unsigned int,int)
080607f0	416	_ZN15KAuctionProcess20ProcessRelayProtocolEPhj	KAuctionProcess::ProcessRelayProtocol(unsigned char *,unsigned int)
08060990	130	_ZN15KAuctionProcess21c2sauctionqueryladderEiPh	KAuctionProcess::c2sauctionqueryladder(int,unsigned char *)
08060a20	139	_ZN15KAuctionProcess21c2sauctionquitrequestEiPh	KAuctionProcess::c2sauctionquitrequest(int,unsigned char *)
08060ab0	169	_ZN15KAuctionProcess14c2sauctionjoinEiPh	KAuctionProcess::c2sauctionjoin(int,unsigned char *)
08060b60	190	_ZN15KAuctionProcess18c2sauctionaddpriceEiPh	KAuctionProcess::c2sauctionaddprice(int,unsigned char *)
08060c20	129	_ZN15KAuctionProcess15ProcessProtocolEiPh	KAuctionProcess::ProcessProtocol(int,unsigned char *)
08060cb0	101	_ZN15KItemEnvAuctionILi7EE9GetEnvMsgEv	KItemEnvAuction<7>::GetEnvMsg(void)
08060d20	101	_ZN15KItemEnvAuctionILi9EE9GetEnvMsgEv	KItemEnvAuction<9>::GetEnvMsg(void)
08060d90	5	_Z22NotifyArenaStateChangei	NotifyArenaStateChange(int)
08060da0	5	_Z21NotifyCityStateChangei21enumCityWarAreaPeriod	NotifyCityStateChange(int,enumCityWarAreaPeriod)
08060db0	159	_ZN14KCityWarDataGS14GetCityTaxRateEiRi	KCityWarDataGS::GetCityTaxRate(int,int &)
08060e50	121	_ZN14KCityWarDataGS13ColletCityTaxEii	KCityWarDataGS::ColletCityTax(int,int)
08060ed0	164	_ZN14KCityWarDataGS17IsOwnerTongMemberEi	KCityWarDataGS::IsOwnerTongMember(int)
08060f80	179	_ZN14KCityWarDataGS18GetPlayerPriceRateEi	KCityWarDataGS::GetPlayerPriceRate(int)
08061040	88	_ZN14KCityWarDataGS11MarkViceroyEPc	KCityWarDataGS::MarkViceroy(char *)
080610a0	78	_ZN14KCityWarDataGS30ProcessRelaySyncData_WarPeriodEhjjPKhj	KCityWarDataGS::ProcessRelaySyncData_WarPeriod(unsigned char,unsigned int,unsigned int,unsigned char const*,unsigned int)
080610f0	79	_Z19CWSendPlayerMessageiPKc	CWSendPlayerMessage(int,char const*)
08061140	166	_ZN14KCityWarDataGS11SignUpATongEiim	KCityWarDataGS::SignUpATong(int,int,unsigned long)
080611f0	264	_ZN14KCityWarDataGS11SetTaxRatesEimmi	KCityWarDataGS::SetTaxRates(int,unsigned long,unsigned long,int)
08061300	84	_ZN14KCityWarDataGS14AppointViceroyEiPKc	KCityWarDataGS::AppointViceroy(int,char const*)
08061360	79	_ZN14KCityWarDataGS10EndCityWarEii	KCityWarDataGS::EndCityWar(int,int)
080613b0	84	_ZN14KCityWarDataGS17AppointChallengerEiPKc	KCityWarDataGS::AppointChallenger(int,char const*)
08061410	298	_ZN14KCityWarDataGS14AddArenaResultEii	KCityWarDataGS::AddArenaResult(int,int)
08061540	1299	_ZN14KCityWarDataGS14AddArenaResultEiRK14tagArenaResulti	KCityWarDataGS::AddArenaResult(int,tagArenaResult const&,int)
08061a60	210	_ZN14KCityWarDataGS11GetTongInfoEPKcR10GSTongInfo	KCityWarDataGS::GetTongInfo(char const*,GSTongInfo &)
08061b40	578	_ZN14KCityWarDataGS14UpdateTongInfoEPKcRK10GSTongInfo	KCityWarDataGS::UpdateTongInfo(char const*,GSTongInfo const&)
08061d90	101	_ZN14KCityWarDataGS4InitEPKc	KCityWarDataGS::Init(char const*)
08061e00	2101	_ZN14KCityWarDataGS32ProcessRelaySyncData_CitySummaryEhjjPKhj	KCityWarDataGS::ProcessRelaySyncData_CitySummary(unsigned char,unsigned int,unsigned int,unsigned char const*,unsigned int)
08062640	196	_ZN14KCityWarDataGSD1Ev	KCityWarDataGS::~KCityWarDataGS()
08062710	16	__tcf_1_0	__tcf_1_0
08062720	196	_ZN14KCityWarDataGSD2Ev	KCityWarDataGS::~KCityWarDataGS()
080627f0	126	_Z41__static_initialization_and_destruction_0ii_1	_Z41__static_initialization_and_destruction_0ii_1
08062870	19	_GLOBAL__I_g_CityWarDataGS	`global constructor keyed to'g_CityWarDataGS
08062890	62	_ZNSt8_Rb_treeIiSt4pairIKiiESt10_Select1stIS2_ESt4lessIiESaIS2_EE11lower_boundERS1_	std::_Rb_tree<int,std::pair<int const,int>,std::_Select1st<std::pair<int const,int>>,std::less<int>,std::allocator<std::pair<int const,int>>>::lower_bound(int const&)
080628d0	29	_ZSt4fillIN9__gnu_cxx17__normal_iteratorIPiSt6vectorIiSaIiEEEEiEvT_S7_RKT0_	void std::fill<__gnu_cxx::__normal_iterator<int *,std::vector<int,std::allocator<int>>>,int>(__gnu_cxx::__normal_iterator<int *,std::vector<int,std::allocator<int>>>,__gnu_cxx::__normal_iterator<int *,std::vector<int,std::allocator<int>>>,int const&)
080628f0	43	_ZSt6fill_nIPijiET_S1_T0_RKT1_	int * std::fill_n<int *,unsigned int,int>(int *,unsigned int,int const&)
08062920	9	_ZSt24__uninitialized_fill_n_aIPijiiEvT_T0_RKT1_SaIT2_E	void std::__uninitialized_fill_n_a<int *,unsigned int,int,int>(int *,unsigned int,int const&,std::allocator<int>)
08062930	56	_ZSt6fill_nIN9__gnu_cxx17__normal_iteratorIPiSt6vectorIiSaIiEEEEjiET_S7_T0_RKT1_	__gnu_cxx::__normal_iterator<int *,std::vector<int,std::allocator<int>>> std::fill_n<__gnu_cxx::__normal_iterator<int *,std::vector<int,std::allocator<int>>>,unsigned int,int>(__gnu_cxx::__normal_iterator<int *,std::vector<int,std::allocator<int>>>,unsigned int,int const&)
08062970	43	_ZSt24__uninitialized_fill_n_aIN9__gnu_cxx17__normal_iteratorIPiSt6vectorIiSaIiEEEEjiiEvT_T0_RKT1_SaIT2_E	void std::__uninitialized_fill_n_a<__gnu_cxx::__normal_iterator<int *,std::vector<int,std::allocator<int>>>,unsigned int,int,int>(__gnu_cxx::__normal_iterator<int *,std::vector<int,std::allocator<int>>>,unsigned int,int const&,std::allocator<int>)
080629a0	59	_ZNSt8_Rb_treeIiSt4pairIKiiESt10_Select1stIS2_ESt4lessIiESaIS2_EE8_M_eraseEPSt13_Rb_tree_nodeIS2_E	std::_Rb_tree<int,std::pair<int const,int>,std::_Select1st<std::pair<int const,int>>,std::less<int>,std::allocator<std::pair<int const,int>>>::_M_erase(std::_Rb_tree_node<std::pair<int const,int>> *)
080629e0	152	_ZNSt8_Rb_treeIiSt4pairIKiiESt10_Select1stIS2_ESt4lessIiESaIS2_EE9_M_insertEPSt18_Rb_tree_node_baseSA_RKS2_	std::_Rb_tree<int,std::pair<int const,int>,std::_Select1st<std::pair<int const,int>>,std::less<int>,std::allocator<std::pair<int const,int>>>::_M_insert(std::_Rb_tree_node_base *,std::_Rb_tree_node_base *,std::pair<int const,int> const&)
08062a80	236	_ZNSt8_Rb_treeIiSt4pairIKiiESt10_Select1stIS2_ESt4lessIiESaIS2_EE13insert_uniqueERKS2_	std::_Rb_tree<int,std::pair<int const,int>,std::_Select1st<std::pair<int const,int>>,std::less<int>,std::allocator<std::pair<int const,int>>>::insert_unique(std::pair<int const,int> const&)
08062b70	593	_ZNSt8_Rb_treeIiSt4pairIKiiESt10_Select1stIS2_ESt4lessIiESaIS2_EE13insert_uniqueESt17_Rb_tree_iteratorIS2_ERKS2_	std::_Rb_tree<int,std::pair<int const,int>,std::_Select1st<std::pair<int const,int>>,std::less<int>,std::allocator<std::pair<int const,int>>>::insert_unique(std::_Rb_tree_iterator<std::pair<int const,int>>,std::pair<int const,int> const&)
08062dd0	432	_ZNSt6vectorI13tagArenaRoundSaIS0_EE13_M_insert_auxEN9__gnu_cxx17__normal_iteratorIPS0_S2_EERKS0_	std::vector<tagArenaRound,std::allocator<tagArenaRound>>::_M_insert_aux(__gnu_cxx::__normal_iterator<tagArenaRound*,std::vector<tagArenaRound,std::allocator<tagArenaRound>>>,tagArenaRound const&)
08062f80	774	_ZNSt6vectorI14tagArenaResultSaIS0_EE13_M_insert_auxEN9__gnu_cxx17__normal_iteratorIPS0_S2_EERKS0_	std::vector<tagArenaResult,std::allocator<tagArenaResult>>::_M_insert_aux(__gnu_cxx::__normal_iterator<tagArenaResult*,std::vector<tagArenaResult,std::allocator<tagArenaResult>>>,tagArenaResult const&)
08063290	291	_ZNSt6vectorImSaImEE13_M_insert_auxEN9__gnu_cxx17__normal_iteratorIPmS1_EERKm	std::vector<unsigned long,std::allocator<unsigned long>>::_M_insert_aux(__gnu_cxx::__normal_iterator<unsigned long *,std::vector<unsigned long,std::allocator<unsigned long>>>,unsigned long const&)
080633c0	291	_ZNSt6vectorIiSaIiEE13_M_insert_auxEN9__gnu_cxx17__normal_iteratorIPiS1_EERKi	std::vector<int,std::allocator<int>>::_M_insert_aux(__gnu_cxx::__normal_iterator<int *,std::vector<int,std::allocator<int>>>,int const&)
080634f0	73	_ZNSt6vectorIiSaIiEE5eraseEN9__gnu_cxx17__normal_iteratorIPiS1_EES5_	std::vector<int,std::allocator<int>>::erase(__gnu_cxx::__normal_iterator<int *,std::vector<int,std::allocator<int>>>,__gnu_cxx::__normal_iterator<int *,std::vector<int,std::allocator<int>>>)
08063540	546	_ZNSt6vectorIiSaIiEE14_M_fill_insertEN9__gnu_cxx17__normal_iteratorIPiS1_EEjRKi	std::vector<int,std::allocator<int>>::_M_fill_insert(__gnu_cxx::__normal_iterator<int *,std::vector<int,std::allocator<int>>>,unsigned int,int const&)
08063770	155	_ZNSt8_Rb_treeISsSt4pairIKSsiESt10_Select1stIS2_ESt4lessISsESaIS2_EE11lower_boundERS1_	std::_Rb_tree<std::string,std::pair<std::string const,int>,std::_Select1st<std::pair<std::string const,int>>,std::less<std::string>,std::allocator<std::pair<std::string const,int>>>::lower_bound(std::string const&)
08063810	269	_ZNSt8_Rb_treeISsSt4pairIKSsP10GSTongInfoESt10_Select1stIS4_ESt4lessISsESaIS4_EE4findERS1_	std::_Rb_tree<std::string,std::pair<std::string const,GSTongInfo *>,std::_Select1st<std::pair<std::string const,GSTongInfo *>>,std::less<std::string>,std::allocator<std::pair<std::string const,GSTongInfo *>>>::find(std::string const&)
08063920	273	_ZNSt8_Rb_treeISsSt4pairIKSsP10GSTongInfoESt10_Select1stIS4_ESt4lessISsESaIS4_EE9_M_insertEPSt18_Rb_tree_node_baseSC_RKS4_	std::_Rb_tree<std::string,std::pair<std::string const,GSTongInfo *>,std::_Select1st<std::pair<std::string const,GSTongInfo *>>,std::less<std::string>,std::allocator<std::pair<std::string const,GSTongInfo *>>>::_M_insert(std::_Rb_tree_node_base *,std::_Rb_tree_node_base *,std::pair<std::string const,GSTongInfo *> const&)
08063a40	435	_ZNSt8_Rb_treeISsSt4pairIKSsP10GSTongInfoESt10_Select1stIS4_ESt4lessISsESaIS4_EE13insert_uniqueERKS4_	std::_Rb_tree<std::string,std::pair<std::string const,GSTongInfo *>,std::_Select1st<std::pair<std::string const,GSTongInfo *>>,std::less<std::string>,std::allocator<std::pair<std::string const,GSTongInfo *>>>::insert_unique(std::pair<std::string const,GSTongInfo *> const&)
08063c00	273	_ZNSt8_Rb_treeISsSt4pairIKSsiESt10_Select1stIS2_ESt4lessISsESaIS2_EE9_M_insertEPSt18_Rb_tree_node_baseSA_RKS2_	std::_Rb_tree<std::string,std::pair<std::string const,int>,std::_Select1st<std::pair<std::string const,int>>,std::less<std::string>,std::allocator<std::pair<std::string const,int>>>::_M_insert(std::_Rb_tree_node_base *,std::_Rb_tree_node_base *,std::pair<std::string const,int> const&)
08063d20	455	_ZNSt8_Rb_treeISsSt4pairIKSsiESt10_Select1stIS2_ESt4lessISsESaIS2_EE13insert_uniqueERKS2_	std::_Rb_tree<std::string,std::pair<std::string const,int>,std::_Select1st<std::pair<std::string const,int>>,std::less<std::string>,std::allocator<std::pair<std::string const,int>>>::insert_unique(std::pair<std::string const,int> const&)
08063ef0	1131	_ZNSt8_Rb_treeISsSt4pairIKSsP10GSTongInfoESt10_Select1stIS4_ESt4lessISsESaIS4_EE13insert_uniqueESt17_Rb_tree_iteratorIS4_ERKS4_	std::_Rb_tree<std::string,std::pair<std::string const,GSTongInfo *>,std::_Select1st<std::pair<std::string const,GSTongInfo *>>,std::less<std::string>,std::allocator<std::pair<std::string const,GSTongInfo *>>>::insert_unique(std::_Rb_tree_iterator<std::pair<std::string const,GSTongInfo *>>,std::pair<std::string const,GSTongInfo *> const&)
08064360	122	_ZNSt8_Rb_treeISsSt4pairIKSsiESt10_Select1stIS2_ESt4lessISsESaIS2_EE8_M_eraseEPSt13_Rb_tree_nodeIS2_E	std::_Rb_tree<std::string,std::pair<std::string const,int>,std::_Select1st<std::pair<std::string const,int>>,std::less<std::string>,std::allocator<std::pair<std::string const,int>>>::_M_erase(std::_Rb_tree_node<std::pair<std::string const,int>> *)
080643e0	121	_ZNSt8_Rb_treeISsSt4pairIKSsP10GSTongInfoESt10_Select1stIS4_ESt4lessISsESaIS4_EE8_M_eraseEPSt13_Rb_tree_nodeIS4_E	std::_Rb_tree<std::string,std::pair<std::string const,GSTongInfo *>,std::_Select1st<std::pair<std::string const,GSTongInfo *>>,std::less<std::string>,std::allocator<std::pair<std::string const,GSTongInfo *>>>::_M_erase(std::_Rb_tree_node<std::pair<std::string const,GSTongInfo *>> *)
08064460	155	_ZNSt8_Rb_treeISsSt4pairIKSsP10GSTongInfoESt10_Select1stIS4_ESt4lessISsESaIS4_EE11lower_boundERS1_	std::_Rb_tree<std::string,std::pair<std::string const,GSTongInfo *>,std::_Select1st<std::pair<std::string const,GSTongInfo *>>,std::less<std::string>,std::allocator<std::pair<std::string const,GSTongInfo *>>>::lower_bound(std::string const&)
08064500	1140	_ZNSt8_Rb_treeISsSt4pairIKSsiESt10_Select1stIS2_ESt4lessISsESaIS2_EE13insert_uniqueESt17_Rb_tree_iteratorIS2_ERKS2_	std::_Rb_tree<std::string,std::pair<std::string const,int>,std::_Select1st<std::pair<std::string const,int>>,std::less<std::string>,std::allocator<std::pair<std::string const,int>>>::insert_unique(std::_Rb_tree_iterator<std::pair<std::string const,int>>,std::pair<std::string const,int> const&)
08064980	2341	_ZN16KCityWarDataCore11LoadIniFileEPKc	KCityWarDataCore::LoadIniFile(char const*)
080652b0	1005	_ZNSt6vectorISsSaISsEE13_M_insert_auxEN9__gnu_cxx17__normal_iteratorIPSsS1_EERKSs	std::vector<std::string,std::allocator<std::string>>::_M_insert_aux(__gnu_cxx::__normal_iterator<std::string *,std::vector<std::string,std::allocator<std::string>>>,std::string const&)
080656a0	1154	_ZN16KCityWarDataCoreC2Ev	KCityWarDataCore::KCityWarDataCore(void)
08065b30	690	_Z17WVSplitStringListRSt6vectorISsSaISsEEPKcS4_	WVSplitStringList(std::vector<std::string,std::allocator<std::string>> &,char const*,char const*)
08065df0	1171	_ZN16KCityWarDataCore14AddArenaResultEiRK14tagArenaResulti	KCityWarDataCore::AddArenaResult(int,tagArenaResult const&,int)
08066290	423	_ZN16KCityWarDataCoreD2Ev	KCityWarDataCore::~KCityWarDataCore()
08066440	5	_ZN15KCityWarProcessC2Ev	KCityWarProcess::KCityWarProcess(void)
08066450	5	_ZN15KCityWarProcessC1Ev	KCityWarProcess::KCityWarProcess(void)
08066460	5	_ZN15KCityWarProcessD2Ev	KCityWarProcess::~KCityWarProcess()
08066470	5	_ZN15KCityWarProcessD1Ev	KCityWarProcess::~KCityWarProcess()
08066480	5	__tcf_1_1	__tcf_1_1
08066490	54	_Z41__static_initialization_and_destruction_0ii_2	_Z41__static_initialization_and_destruction_0ii_2
080664d0	16	_GLOBAL__I__ZN15KCityWarProcessC2Ev	`global constructor keyed to'KCityWarProcess::KCityWarProcess(void)
080664e0	114	_ZN15KCityWarProcess27c2sCityWarCommonInputNumberEiPh	KCityWarProcess::c2sCityWarCommonInputNumber(int,unsigned char *)
08066560	114	_ZN15KCityWarProcess27c2sCityWarCommonInputStringEiPh	KCityWarProcess::c2sCityWarCommonInputString(int,unsigned char *)
080665e0	51	_ZN15KCityWarProcess28c2sCityWarSubmitCityTaxRatesEiPh	KCityWarProcess::c2sCityWarSubmitCityTaxRates(int,unsigned char *)
08066620	112	_ZN15KCityWarProcess15ProcessProtocolEiPh	KCityWarProcess::ProcessProtocol(int,unsigned char *)
08066690	132	_Z25SendRelayCmdCityWarSignUpiim	SendRelayCmdCityWarSignUp(int,int,unsigned long)
08066720	41	_ZN15KCityWarProcess22r2gCityWarTongInfoSyncEPhj	KCityWarProcess::r2gCityWarTongInfoSync(unsigned char *,unsigned int)
08066750	120	_ZN15KCityWarProcess20r2gCityWarMsg2PlayerEPhj	KCityWarProcess::r2gCityWarMsg2Player(unsigned char *,unsigned int)
080667d0	416	_Z13RelayCallBackiPKcz	RelayCallBack(int,char const*,...)
08066970	97	_ZN15KCityWarProcess23r2gCityWarReplyBulletinEPhj	KCityWarProcess::r2gCityWarReplyBulletin(unsigned char *,unsigned int)
080669e0	112	_ZN15KCityWarProcess20ProcessRelayProtocolEPhj	KCityWarProcess::ProcessRelayProtocol(unsigned char *,unsigned int)
08066a50	49	_Z20PrepareRelayCallBackiPKc	PrepareRelayCallBack(int,char const*)
08066a90	138	_Z33SendRelayCmdCityWarSubmitTaxRatesiimm	SendRelayCmdCityWarSubmitTaxRates(int,int,unsigned long,unsigned long)
08066b20	107	_Z31SendRelayCmdScriptQueryBulletiniPKc	SendRelayCmdScriptQueryBulletin(int,char const*)
08066b90	7	_Z25LoadNpcSettingFromBinFilePc	LoadNpcSettingFromBinFile(char *)
08066ba0	7	_Z27SaveAsBinFileFromNpcSettingPc	SaveAsBinFileFromNpcSetting(char *)
08066bb0	57	_Z13TestLuaScriptP10KLuaScriptPKc	TestLuaScript(KLuaScript *,char const*)
08066bf0	5	__tcf_10	__tcf_10
08066c00	37	__tcf_12	__tcf_12
08066c30	657	_Z41__static_initialization_and_destruction_0ii_3	_Z41__static_initialization_and_destruction_0ii_3
08066ed0	19	_GLOBAL__I_g_QuestionSetTabFile	`global constructor keyed to'g_QuestionSetTabFile
08066ef0	16	__tcf_11	__tcf_11
08066f00	16	__tcf_8	__tcf_8
08066f10	16	__tcf_7	__tcf_7
08066f20	16	__tcf_6	__tcf_6
08066f30	16	__tcf_5	__tcf_5
08066f40	16	__tcf_3_0	__tcf_3_0
08066f50	16	__tcf_2_0	__tcf_2_0
08066f60	16	__tcf_1_2	__tcf_1_2
08066f70	16	__tcf_4_0	__tcf_4_0
08066f80	36	_Z7_strstrPKcS0_	_strstr(char const*,char const*)
08066fb0	88	_Z12ReLoadScriptPKc	ReLoadScript(char const*)
08067010	27	_Z11g_GetScriptm	g_GetScript(unsigned long)
08067030	35	_Z11g_GetScriptPKc	g_GetScript(char const*)
08067060	203	_Z17g_IniScriptEnginev	g_IniScriptEngine(void)
08067130	59	_Z7TestLuav	TestLua(void)
08067170	55	_Z16InitGameSettingsPKc	InitGameSettings(char const*)
080671b0	25	_Z16InitSkillSettingv	InitSkillSetting(void)
080671d0	161	_Z17InitMissleSettingv	InitMissleSetting(void)
08067280	215	_Z14InitNpcSettingv	InitNpcSetting(void)
08067360	472	_Z18InitSystemTimeTaskv	InitSystemTimeTask(void)
08067540	922	_Z15InitTaskSettingv	InitTaskSetting(void)
080678e0	70	__tcf_9	__tcf_9
08067930	871	_Z13g_ReleaseCorev	g_ReleaseCore(void)
08067ca0	1305	_Z14g_PrevInitCorev	g_PrevInitCore(void)
080681c0	3418	_Z10g_InitCoreii	g_InitCore(int,int)
08068f20	87	_ZNSt8_Rb_treeImSt4pairIKmN12KTongSetting16WORKSHOP_SETTINGEESt10_Select1stIS4_ESt4lessImESaIS4_EE4findERS1_	std::_Rb_tree<unsigned long,std::pair<unsigned long const,KTongSetting::WORKSHOP_SETTING>,std::_Select1st<std::pair<unsigned long const,KTongSetting::WORKSHOP_SETTING>>,std::less<unsigned long>,std::allocator<std::pair<unsigned long const,KTongSetting::WORKSHOP_SETTING>>>::find(unsigned long const&)
08068f80	62	_ZNSt8_Rb_treeImSt4pairIKmN12KTongSetting16WORKSHOP_SETTINGEESt10_Select1stIS4_ESt4lessImESaIS4_EE11lower_boundERS1_	std::_Rb_tree<unsigned long,std::pair<unsigned long const,KTongSetting::WORKSHOP_SETTING>,std::_Select1st<std::pair<unsigned long const,KTongSetting::WORKSHOP_SETTING>>,std::less<unsigned long>,std::allocator<std::pair<unsigned long const,KTongSetting::WORKSHOP_SETTING>>>::lower_bound(unsigned long const&)
08068fc0	59	_ZNSt8_Rb_treeImSt4pairIKmN12KTongSetting16WORKSHOP_SETTINGEESt10_Select1stIS4_ESt4lessImESaIS4_EE8_M_eraseEPSt13_Rb_tree_nodeIS4_E	std::_Rb_tree<unsigned long,std::pair<unsigned long const,KTongSetting::WORKSHOP_SETTING>,std::_Select1st<std::pair<unsigned long const,KTongSetting::WORKSHOP_SETTING>>,std::less<unsigned long>,std::allocator<std::pair<unsigned long const,KTongSetting::WORKSHOP_SETTING>>>::_M_erase(std::_Rb_tree_node<std::pair<unsigned long const,KTongSetting::WORKSHOP_SETTING>> *)
08069000	203	_ZNSt6vectorIN12KG_CpuTickerI11KSG_LogFileE16KG_CpuTickerDataESaIS3_EE7reserveEj	std::vector<KG_CpuTicker<KSG_LogFile>::KG_CpuTickerData,std::allocator<KG_CpuTicker<KSG_LogFile>::KG_CpuTickerData>>::reserve(unsigned int)
080690d0	18	_ZN5KNodeD0Ev	KNode::~KNode()
080690f0	14	_ZN5KNodeD1Ev	KNode::~KNode()
08069100	14	_ZN10KIndexNodeD1Ev	KIndexNode::~KIndexNode()
08069110	44	_ZN13KBufAllocator7KBufObjD0Ev	KBufAllocator::KBufObj::~KBufObj()
08069140	34	_ZN13KBufAllocator7KBufObjD1Ev	KBufAllocator::KBufObj::~KBufObj()
08069170	34	_ZN13KBufAllocator13_KLargeBufObjD1Ev	KBufAllocator::_KLargeBufObj::~_KLargeBufObj()
080691a0	155	_ZNSt8_Rb_treeImSt4pairIKmN12KTongSetting16WORKSHOP_SETTINGEESt10_Select1stIS4_ESt4lessImESaIS4_EE9_M_insertEPSt18_Rb_tree_node_baseSC_RKS4_	std::_Rb_tree<unsigned long,std::pair<unsigned long const,KTongSetting::WORKSHOP_SETTING>,std::_Select1st<std::pair<unsigned long const,KTongSetting::WORKSHOP_SETTING>>,std::less<unsigned long>,std::allocator<std::pair<unsigned long const,KTongSetting::WORKSHOP_SETTING>>>::_M_insert(std::_Rb_tree_node_base *,std::_Rb_tree_node_base *,std::pair<unsigned long const,KTongSetting::WORKSHOP_SETTING> const&)
08069240	1751	_ZN12KTongSetting15LoadTongSettingEv	KTongSetting::LoadTongSetting(void)
08069920	236	_ZNSt8_Rb_treeImSt4pairIKmN12KTongSetting16WORKSHOP_SETTINGEESt10_Select1stIS4_ESt4lessImESaIS4_EE13insert_uniqueERKS4_	std::_Rb_tree<unsigned long,std::pair<unsigned long const,KTongSetting::WORKSHOP_SETTING>,std::_Select1st<std::pair<unsigned long const,KTongSetting::WORKSHOP_SETTING>>,std::less<unsigned long>,std::allocator<std::pair<unsigned long const,KTongSetting::WORKSHOP_SETTING>>>::insert_unique(std::pair<unsigned long const,KTongSetting::WORKSHOP_SETTING> const&)
08069a10	593	_ZNSt8_Rb_treeImSt4pairIKmN12KTongSetting16WORKSHOP_SETTINGEESt10_Select1stIS4_ESt4lessImESaIS4_EE13insert_uniqueESt17_Rb_tree_iteratorIS4_ERKS4_	std::_Rb_tree<unsigned long,std::pair<unsigned long const,KTongSetting::WORKSHOP_SETTING>,std::_Select1st<std::pair<unsigned long const,KTongSetting::WORKSHOP_SETTING>>,std::less<unsigned long>,std::allocator<std::pair<unsigned long const,KTongSetting::WORKSHOP_SETTING>>>::insert_unique(std::_Rb_tree_iterator<std::pair<unsigned long const,KTongSetting::WORKSHOP_SETTING>>,std::pair<unsigned long const,KTongSetting::WORKSHOP_SETTING> const&)
08069c70	18	_ZN10KIndexNodeD0Ev	KIndexNode::~KIndexNode()
08069c90	768	_ZN13KBufAllocator4InitEi	KBufAllocator::Init(int)
08069f90	44	_ZN13KBufAllocator13_KSmallBufObjD0Ev	KBufAllocator::_KSmallBufObj::~_KSmallBufObj()
08069fc0	34	_ZN13KBufAllocator13_KSmallBufObjD1Ev	KBufAllocator::_KSmallBufObj::~_KSmallBufObj()
08069ff0	44	_ZN13KBufAllocator12_KHugeBufObjD0Ev	KBufAllocator::_KHugeBufObj::~_KHugeBufObj()
0806a020	34	_ZN13KBufAllocator12_KHugeBufObjD1Ev	KBufAllocator::_KHugeBufObj::~_KHugeBufObj()
0806a050	44	_ZN13KBufAllocator13_KLargeBufObjD0Ev	KBufAllocator::_KLargeBufObj::~_KLargeBufObj()
0806a080	2232	_ZN12KTongSetting19LoadWorkshopSettingEv	KTongSetting::LoadWorkshopSetting(void)
0806a940	39	_ZN8KFaction5GetIDEii	KFaction::GetID(int,int)
0806a970	31	_ZN8KFaction7GetCampEi	KFaction::GetCamp(int)
0806a990	124	_ZN8KFaction5GetIDEiPc	KFaction::GetID(int,char *)
0806aa10	714	_ZN8KFaction4InitEv	KFaction::Init(void)
0806ace0	456	_Z41__static_initialization_and_destruction_0ii_4	_Z41__static_initialization_and_destruction_0ii_4
0806aeb0	19	_GLOBAL__I_g_GlobalSetting	`global constructor keyed to'g_GlobalSetting
0806aed0	95	__tcf_0_0	__tcf_0_0
0806af30	123	_ZN12KGlobalValue15CurrentDateTimeEv	KGlobalValue::CurrentDateTime(void)
0806afb0	5627	_ZN12KGlobalValue17LoadForSysSettingEPKc	KGlobalValue::LoadForSysSetting(char const*)
0806c5b0	380	_ZN12KGlobalValue22GetNpcPermitDialogInfoEPKci	KGlobalValue::GetNpcPermitDialogInfo(char const*,int)
0806c730	16	_ZN12KGlobalValue17LoadForForbitItemEPKc	KGlobalValue::LoadForForbitItem(char const*)
0806c740	60	_ZN12KGlobalValue15IsInItemOptionsEPK10ItemOption	KGlobalValue::IsInItemOptions(ItemOption const*)
0806c780	212	_ZN12KGlobalValue15ParseItemOptionEPcP10ItemOption	KGlobalValue::ParseItemOption(char *,ItemOption *)
0806c860	1272	_ZN12KGlobalValue17LoadForLogSettingEPKc	KGlobalValue::LoadForLogSetting(char const*)
0806cd60	116	_ZN12KGlobalValue11LoadSettingEPKc	KGlobalValue::LoadSetting(char const*)
0806cde0	151	_ZN12KGlobalValue14GetModuleStateEPKc	KGlobalValue::GetModuleState(char const*)
0806ce80	59	_ZNSt8_Rb_treeI10ItemOptionS0_St9_IdentityIS0_ESt4lessIS0_ESaIS0_EE8_M_eraseEPSt13_Rb_tree_nodeIS0_E	std::_Rb_tree<ItemOption,ItemOption,std::_Identity<ItemOption>,std::less<ItemOption>,std::allocator<ItemOption>>::_M_erase(std::_Rb_tree_node<ItemOption> *)
0806cec0	531	_ZNSt6vectorIN15KForbitItemBaseI5KItem8KIniFileLi8EE9TItemInfoESaIS4_EE13_M_insert_auxEN9__gnu_cxx17__normal_iteratorIPS4_S6_EERKS4_	std::vector<KForbitItemBase<KItem,KIniFile,8>::TItemInfo,std::allocator<KForbitItemBase<KItem,KIniFile,8>::TItemInfo>>::_M_insert_aux(__gnu_cxx::__normal_iterator<KForbitItemBase<KItem,KIniFile,8>::TItemInfo*,std::vector<KForbitItemBase<KItem,KIniFile,8>::TItemInfo,std::allocator<KForbitItemBase<KItem,KIniFile,8>::TItemInfo>>>,KForbitItemBase<KItem,KIniFile,8>::TItemInfo const&)
0806d0e0	1167	_ZN15KForbitItemBaseI5KItem8KIniFileLi8EE12LoadFromFileEPKc	KForbitItemBase<KItem,KIniFile,8>::LoadFromFile(char const*)
0806d570	169	_ZNSt8_Rb_treeI10ItemOptionS0_St9_IdentityIS0_ESt4lessIS0_ESaIS0_EE9_M_insertEPSt18_Rb_tree_node_baseS8_RKS0_	std::_Rb_tree<ItemOption,ItemOption,std::_Identity<ItemOption>,std::less<ItemOption>,std::allocator<ItemOption>>::_M_insert(std::_Rb_tree_node_base *,std::_Rb_tree_node_base *,ItemOption const&)
0806d620	165	_ZNSt8_Rb_treeI10ItemOptionS0_St9_IdentityIS0_ESt4lessIS0_ESaIS0_EE4findERKS0_	std::_Rb_tree<ItemOption,ItemOption,std::_Identity<ItemOption>,std::less<ItemOption>,std::allocator<ItemOption>>::find(ItemOption const&)
0806d6d0	299	_ZNSt8_Rb_treeI10ItemOptionS0_St9_IdentityIS0_ESt4lessIS0_ESaIS0_EE13insert_uniqueERKS0_	std::_Rb_tree<ItemOption,ItemOption,std::_Identity<ItemOption>,std::less<ItemOption>,std::allocator<ItemOption>>::insert_unique(ItemOption const&)
0806d800	2925	_ZN18SameLeagueTypeList9GetLeagueEPKc	SameLeagueTypeList::GetLeague(char const*)
0806e370	185	_ZN19KNewProtocolProcess18ExecuteRelayScriptEPKvj	KNewProtocolProcess::ExecuteRelayScript(void const*,unsigned int)
0806e430	60	_ZN19KNewProtocolProcess18ExecuteLocalServerEPKvj	KNewProtocolProcess::ExecuteLocalServer(void const*,unsigned int)
0806e470	44	_ZN19KNewProtocolProcess18P_ProcessGMExecuteEmmiPhi	KNewProtocolProcess::P_ProcessGMExecute(unsigned long,unsigned long,int,unsigned char *,int)
0806e4a0	473	_ZN19KNewProtocolProcess21P_ProcessGMFindPlayerEmmiPhi	KNewProtocolProcess::P_ProcessGMFindPlayer(unsigned long,unsigned long,int,unsigned char *,int)
0806e680	5	_ZN5KItemD2Ev	KItem::~KItem()
0806e690	5	_ZN5KItemD1Ev	KItem::~KItem()
0806e6a0	28	_ZN5KItem14GetRequirementEi	KItem::GetRequirement(int)
0806e6c0	60	_ZN5KItem16SetAttribute_ReqEPK9KEQCP_REQP12KMagicAttribi	KItem::SetAttribute_Req(KEQCP_REQ const*,KMagicAttrib *,int)
0806e700	146	_ZN5KItem21SetAttribute_MA_ScaleEPK16KMAGICATTR_SCALEPK5KMACPP12KMagicAttribiPi	KItem::SetAttribute_MA_Scale(KMAGICATTR_SCALE const*,KMACP const*,KMagicAttrib *,int,int *)
0806e7a0	44	_ZN5KItem13SetAttrib_ReqEPK9KEQCP_REQ	KItem::SetAttrib_Req(KEQCP_REQ const*)
0806e7d0	107	_ZN5KItem12SetAttrib_MAEPK12KMagicAttrib	KItem::SetAttrib_MA(KMagicAttrib const*)
0806e840	85	_ZN5KItem13SetBaseAttribEPK12KMagicAttrib	KItem::SetBaseAttrib(KMagicAttrib const*)
0806e8a0	85	_ZN5KItem16SetRequireAttribEPK12KMagicAttrib	KItem::SetRequireAttrib(KMagicAttrib const*)
0806e900	9	_ZN5KItem14SetMagicAttribEPK12KMagicAttrib	KItem::SetMagicAttrib(KMagicAttrib const*)
0806e910	85	_ZN5KItem13AbradePercentEi	KItem::AbradePercent(int)
0806e970	50	_ZN5KItem19GetOrgMaxDurabilityEv	KItem::GetOrgMaxDurability(void)
0806e9b0	44	_ZN5KItem18GetTotalMagicLevelEv	KItem::GetTotalMagicLevel(void)
0806e9e0	78	_ZN5KItem13CanBeRepairedEv	KItem::CanBeRepaired(void)
0806ea30	66	_ZN5KItem8GetPriceEv	KItem::GetPrice(void)
0806ea80	10	_ZN5KItem12GetItemValueEv	KItem::GetItemValue(void)
0806ea90	7	_ZN5KItem11IsDupedItemEv	KItem::IsDupedItem(void)
0806eaa0	7	_ZN5KItem18ForBitForDupedItemEv	KItem::ForBitForDupedItem(void)
0806eab0	10	_ZN5KItem14GetDescriptionEv	KItem::GetDescription(void)
0806eac0	92	_ZN5KItem17Trans2BrokenEquipEv	KItem::Trans2BrokenEquip(void)
0806eb20	198	_ZNK5KItem22ActivateExtMagicAttribEiib	KItem::ActivateExtMagicAttrib(int,int,bool)const
0806ebf0	67	_ZN5KItem27ApplyHiddenMagicAttribToNPCEP4KNpci	KItem::ApplyHiddenMagicAttribToNPC(KNpc *,int)
0806ec40	240	_ZN5KItem24RemoveMagicAttribFromNPCEP4KNpci	KItem::RemoveMagicAttribFromNPC(KNpc *,int)
0806ed30	152	_ZN5KItem21ApplyMagicAttribToNPCEP4KNpci	KItem::ApplyMagicAttribToNPC(KNpc *,int)
0806edd0	108	_ZN5KItem23RemoveBaseAttribFromNPCEP4KNpc	KItem::RemoveBaseAttribFromNPC(KNpc *)
0806ee40	62	_ZN5KItem31RemoveBaseAndMagicAttribFromNPCEP4KNpci	KItem::RemoveBaseAndMagicAttribFromNPC(KNpc *,int)
0806ee80	75	_ZN5KItem20ApplyBaseAttribToNPCEP4KNpc	KItem::ApplyBaseAttribToNPC(KNpc *)
0806eed0	62	_ZN5KItem28ApplyBaseAndMagicAttribToNPCEP4KNpci	KItem::ApplyBaseAndMagicAttribToNPC(KNpc *,int)
0806ef10	394	_ZN5KItem21Script_GetRepairPriceEv	KItem::Script_GetRepairPrice(void)
0806f0a0	183	_ZN5KItem14GetRepairPriceEv	KItem::GetRepairPrice(void)
0806f160	502	_ZN5KItem5ClearEv	KItem::Clear(void)
0806f360	230	_ZN5KItemC1Ev	KItem::KItem(void)
0806f450	227	_ZN5KItem19Restore2NormalEquipEv	KItem::Restore2NormalEquip(void)
0806f540	110	_ZN5KItem19SetAttribute_CommonEPK19KBASICPROP_BASEDATAP17KItemCommonAttrib	KItem::SetAttribute_Common(KBASICPROP_BASEDATA const*,KItemCommonAttrib *)
0806f5b0	587	_ZN5KItem16ModifyBrokenFlagEi	KItem::ModifyBrokenFlag(int)
0806f800	205	_ZN5KItemaSERK21KBASICPROP_TOWNPORTAL	KItem::operator=(KBASICPROP_TOWNPORTAL const&)
0806f8d0	128	_ZN5KItem30RemoveHiddenMagicAttribFromNPCEP4KNpci	KItem::RemoveHiddenMagicAttribFromNPC(KNpc *,int)
0806f950	230	_ZN5KItemC2Ev	KItem::KItem(void)
0806fa40	319	_ZN5KItemaSERK19KBASICPROP_MEDICINE	KItem::operator=(KBASICPROP_MEDICINE const&)
0806fb80	127	_ZN5KItem6RemoveEv	KItem::Remove(void)
0806fc00	319	_ZN5KItemaSERK16KBASICPROP_QUEST	KItem::operator=(KBASICPROP_QUEST const&)
0806fd40	294	_ZN5KItemaSERK24KBASICPROP_MAGICORSCRIPT	KItem::operator=(KBASICPROP_MAGICORSCRIPT const&)
0806fe70	156	_ZN5KItemaSERK15KBASICPROP_MINE	KItem::operator=(KBASICPROP_MINE const&)
0806ff10	229	_ZN5KItemaSERK22KBASICPROP_MEDMATERIAL	KItem::operator=(KBASICPROP_MEDMATERIAL const&)
08070000	461	_ZN5KItem12GetGmCommandEPcj	KItem::GetGmCommand(char *,unsigned int)
080701d0	93	_ZN5KItem17GetDurRepairPriceEv	KItem::GetDurRepairPrice(void)
08070230	329	_ZN5KItem18IsSameForStackWithEPS_	KItem::IsSameForStackWith(KItem*)
08070380	113	_ZN5KItem6AbradeEi	KItem::Abrade(int)
08070400	509	_ZN5KItem25GetPlatinaMagicAttributesEP16KActiveMagicAttri	KItem::GetPlatinaMagicAttributes(KActiveMagicAttr *,int)
08070600	262	_ZN5KItem21GetPtMagicAttrExValueERx	KItem::GetPtMagicAttrExValue(long long &)
08070710	225	_ZN5KItem15SetAttribute_MAEPK5KMACPP12KMagicAttribiPiP16KMAGICATTR_SCALE	KItem::SetAttribute_MA(KMACP const*,KMagicAttrib *,int,int *,KMAGICATTR_SCALE *)
08070800	68	_ZN5KItem12SetAttrib_MAEPK5KMACPP16KMAGICATTR_SCALE	KItem::SetAttrib_MA(KMACP const*,KMAGICATTR_SCALE *)
08070850	209	_ZN5KItem17SetAttribute_BaseEPK11KEQCP_BASICP12KMagicAttribiPiS5_Pm	KItem::SetAttribute_Base(KEQCP_BASIC const*,KMagicAttrib *,int,int *,int *,unsigned long *)
08070930	84	_ZN5KItem14SetAttrib_BaseEPK11KEQCP_BASIC	KItem::SetAttrib_Base(KEQCP_BASIC const*)
08070990	87	_ZN5KItem13SetAttrib_CBREPK20KBASICPROP_EQUIPMENT	KItem::SetAttrib_CBR(KBASICPROP_EQUIPMENT const*)
080709f0	216	_ZN5KItem15MakeMagicAttribEiR12KMagicAttrib	KItem::MakeMagicAttrib(int,KMagicAttrib &)
08070ad0	302	_ZN5KItem17SetExtSuiteAttribEv	KItem::SetExtSuiteAttrib(void)
08070c00	36	_Z14_BPT_GetRecordI21KBASICPROP_TOWNPORTALEPKT_iiPv	KBASICPROP_TOWNPORTAL const* _BPT_GetRecord<KBASICPROP_TOWNPORTAL>(int,int,void *)
08070c30	36	_Z14_BPT_GetRecordI25KBASICPROP_EQUIPMENT_GOLDEPKT_iiPv	KBASICPROP_EQUIPMENT_GOLD const* _BPT_GetRecord<KBASICPROP_EQUIPMENT_GOLD>(int,int,void *)
08070c60	36	_Z14_BPT_GetRecordI24KBASICPROP_EQUIP_PLATINAEPKT_iiPv	KBASICPROP_EQUIP_PLATINA const* _BPT_GetRecord<KBASICPROP_EQUIP_PLATINA>(int,int,void *)
08070c90	36	_Z14_BPT_GetRecordI20KMAGICATTRIB_TABFILEEPKT_iiPv	KMAGICATTRIB_TABFILE const* _BPT_GetRecord<KMAGICATTRIB_TABFILE>(int,int,void *)
08070cc0	38	_Z26gItemPartToEquipResPartPosi	gItemPartToEquipResPartPos(int)
08070cf0	131	_ZN14KItemChangeRes11GetEquipResEiiPKSt3mapIiiSt4lessIiESaISt4pairIKiiEEE	KItemChangeRes::GetEquipRes(int,int,std::map<int,int,std::less<int>,std::allocator<std::pair<int const,int>>> const*)
08070d80	60	_ZN14KItemChangeRes18GetPlatinaEquipResEii18PLATINA_ITEM_LEVEL	KItemChangeRes::GetPlatinaEquipRes(int,int,PLATINA_ITEM_LEVEL)
08070dc0	43	_ZN14KItemChangeRes15GetGoldEquipResEii	KItemChangeRes::GetGoldEquipRes(int,int)
08070df0	79	_ZN14KItemChangeRes11GetHorseResEii	KItemChangeRes::GetHorseRes(int,int)
08070e40	116	_ZN14KItemChangeRes10GetHelmResEii	KItemChangeRes::GetHelmRes(int,int)
08070ec0	116	_ZN14KItemChangeRes11GetArmorResEii	KItemChangeRes::GetArmorRes(int,int)
08070f40	206	_ZN14KItemChangeRes12GetWeaponResEiii	KItemChangeRes::GetWeaponRes(int,int,int)
08071010	159	_ZN14KItemChangeRes13GetDefaultResEiiii	KItemChangeRes::GetDefaultRes(int,int,int,int)
080710b0	379	_ZN14KItemChangeRes12LoadEquipResEPKcPSt3mapIiiSt4lessIiESaISt4pairIKiiEEE	KItemChangeRes::LoadEquipRes(char const*,std::map<int,int,std::less<int>,std::allocator<std::pair<int const,int>>> *)
08071230	37	_ZN14KItemChangeRes19LoadPlatinaEquipResEv	KItemChangeRes::LoadPlatinaEquipRes(void)
08071260	37	_ZN14KItemChangeRes16LoadGoldEquipResEv	KItemChangeRes::LoadGoldEquipRes(void)
08071290	167	_ZN14KItemChangeRes4InitEv	KItemChangeRes::Init(void)
08071340	230	__tcf_0_1	__tcf_0_1
08071430	290	_Z41__static_initialization_and_destruction_0ii_5	_Z41__static_initialization_and_destruction_0ii_5
08071560	19	_GLOBAL__I_g_ItemChangeRes	`global constructor keyed to'g_ItemChangeRes
08071580	87	_ZNKSt8_Rb_treeIiSt4pairIKiiESt10_Select1stIS2_ESt4lessIiESaIS2_EE4findERS1_	std::_Rb_tree<int,std::pair<int const,int>,std::_Select1st<std::pair<int const,int>>,std::less<int>,std::allocator<std::pair<int const,int>>>::find(int const&)const
080715e0	5	_ZN14KItemGenerator14SortSuiteEquipEP16KEquipPropTblIdxi	KItemGenerator::SortSuiteEquip(KEquipPropTblIdx *,int)
080715f0	94	_ZN14KItemGenerator14Gen_TownPortalEP5KItem	KItemGenerator::Gen_TownPortal(KItem *)
08071650	88	_ZN14KItemGenerator23GetMedicineCommonAttribEiiP5KItem	KItemGenerator::GetMedicineCommonAttrib(int,int,KItem *)
080716b0	29	_ZN14KItemGenerator14_RecordGenTimeEP5KItem	KItemGenerator::_RecordGenTime(KItem *)
080716d0	194	_ZN14KItemGenerator9Gen_QuestEiP5KItem	KItemGenerator::Gen_Quest(int,KItem *)
080717a0	297	_ZN14KItemGenerator17Gen_MagicOrScriptEiiiiP5KItemPKi	KItemGenerator::Gen_MagicOrScript(int,int,int,int,KItem *,int const*)
080718d0	63	_ZN14KItemGeneratorC1Ev	KItemGenerator::KItemGenerator(void)
08071910	71	_ZN14KItemGeneratorD1Ev	KItemGenerator::~KItemGenerator()
08071960	71	_ZN14KItemGeneratorD2Ev	KItemGenerator::~KItemGenerator()
080719b0	139	_ZN14KItemGenerator12Gen_MedicineEiiiP5KItem	KItemGenerator::Gen_Medicine(int,int,int,KItem *)
08071a40	149	_ZN14KItemGenerator13GetExtSuiteIdE16KEquipPropTblIdxRiS1_Pi	KItemGenerator::GetExtSuiteId(KEquipPropTblIdx,int &,int &,int *)
08071ae0	227	_ZN14KItemGenerator23CheckNewItemMagicAttribEP12KMagicAttribi	KItemGenerator::CheckNewItemMagicAttrib(KMagicAttrib *,int)
08071bd0	63	_ZN14KItemGeneratorC2Ev	KItemGenerator::KItemGenerator(void)
08071c10	498	_ZN14KItemGenerator29SetPlatinaItemMagicAttributesEPK24KBASICPROP_EQUIP_PLATINA18PLATINA_ITEM_LEVELP12KMagicAttribPi	KItemGenerator::SetPlatinaItemMagicAttributes(KBASICPROP_EQUIP_PLATINA const*,PLATINA_ITEM_LEVEL,KMagicAttrib *,int *)
08071e10	498	_ZN14KItemGenerator29SetPlatinaItemMagicAttributesEPK24KBASICPROP_EQUIP_PLATINAP16KMAGICATTR_SCALE18PLATINA_ITEM_LEVELP12KMagicAttribPi	KItemGenerator::SetPlatinaItemMagicAttributes(KBASICPROP_EQUIP_PLATINA const*,KMAGICATTR_SCALE *,PLATINA_ITEM_LEVEL,KMagicAttrib *,int *)
08072010	502	_ZN14KItemGenerator17Gen_GoldEquipmentEiP5KItemiP16KMAGICATTR_SCALE	KItemGenerator::Gen_GoldEquipment(int,KItem *,int,KMAGICATTR_SCALE *)
08072210	115	_ZN14KItemGenerator19GetGoldItemMAScalesEjiP16KMAGICATTR_SCALE	KItemGenerator::GetGoldItemMAScales(unsigned int,int,KMAGICATTR_SCALE *)
08072290	163	_ZN14KItemGenerator29GetPlatinaItemMagicAttributesEPK5KItemi18PLATINA_ITEM_LEVELP12KMagicAttrib	KItemGenerator::GetPlatinaItemMagicAttributes(KItem const*,int,PLATINA_ITEM_LEVEL,KMagicAttrib *)
08072340	307	_ZN14KItemGenerator24GetPlatinaItemAttributesEPK5KItemi18PLATINA_ITEM_LEVELP15KITEM_ATTRIBUTE	KItemGenerator::GetPlatinaItemAttributes(KItem const*,int,PLATINA_ITEM_LEVEL,KITEM_ATTRIBUTE *)
08072480	585	_ZN14KItemGenerator15MakePlatinaItemEP5KItemi18PLATINA_ITEM_LEVEL	KItemGenerator::MakePlatinaItem(KItem *,int,PLATINA_ITEM_LEVEL)
080726d0	226	_ZN14KItemGenerator25UpgradeGoldToPlatinaEquipEP5KItem	KItemGenerator::UpgradeGoldToPlatinaEquip(KItem *)
080727c0	201	_ZN14KItemGenerator20Gen_PlatinaEquipmentEiP5KItemi	KItemGenerator::Gen_PlatinaEquipment(int,KItem *,int)
08072890	233	_ZN14KItemGenerator16GetEquipmentPropEiii	KItemGenerator::GetEquipmentProp(int,int,int)
08072980	135	_ZN14KItemGenerator24GetEquipmentCommonAttribEiiiiP5KItem	KItemGenerator::GetEquipmentCommonAttrib(int,int,int,int,KItem *)
08072a10	982	_ZN14KItemGenerator15Gen_MagicAttribEiPKiiiP12KMagicAttribi	KItemGenerator::Gen_MagicAttrib(int,int const*,int,int,KMagicAttrib *,int)
08072df0	806	_ZN14KItemGenerator13Gen_EquipmentEiiiiPKiiP5KItemi	KItemGenerator::Gen_Equipment(int,int,int,int,int const*,int,KItem *,int)
08073120	465	_ZN14KItemGenerator23Gen_EnchasableEquipmentEiiiiPKiiP5KItemi	KItemGenerator::Gen_EnchasableEquipment(int,int,int,int,int const*,int,KItem *,int)
08073300	289	_ZN14KItemGenerator21Gen_BrokenEquipForOrgEiiiiiPKiiP5KItemi	KItemGenerator::Gen_BrokenEquipForOrg(int,int,int,int,int,int const*,int,KItem *,int)
08073430	116	_ZN14KItemGenerator15Gen_BrokenEquipEiiiiiPKiiP5KItemi	KItemGenerator::Gen_BrokenEquip(int,int,int,int,int,int const*,int,KItem *,int)
080734b0	507	_ZN14KItemGenerator8Gen_ItemEP5KItemiiiiiiPKiii	KItemGenerator::Gen_Item(KItem *,int,int,int,int,int,int,int const*,int,int)
080736b0	76	_ZN14KItemGenerator18Gen_ExistEquipmentEiiiiPKiiP5KItem	KItemGenerator::Gen_ExistEquipment(int,int,int,int,int const*,int,KItem *)
08073700	93	_ZN14KItemGenerator10RandomCastEPKhiRi	KItemGenerator::RandomCast(unsigned char const*,int,int &)
08073760	375	_ZN14KItemGenerator19UpgradePlatinaEquipEP5KItem	KItemGenerator::UpgradePlatinaEquip(KItem *)
080738e0	1077	_ZN14KItemGenerator15InitCheckAttribEi	KItemGenerator::InitCheckAttrib(int)
08073d20	331	_ZN14KItemGenerator4InitEi	KItemGenerator::Init(int)
08073e70	1090	_ZN14KItemGenerator19GetGoldEquipSuiteIDEPK16KEquipPropTblIdxiP9TRingInfo	KItemGenerator::GetGoldEquipSuiteID(KEquipPropTblIdx const*,int,TRingInfo *)
080742c0	36	_Z14_BPT_GetRecordI19KBASICPROP_MEDICINEEPKT_iiPv	KBASICPROP_MEDICINE const* _BPT_GetRecord<KBASICPROP_MEDICINE>(int,int,void *)
080742f0	36	_Z14_BPT_GetRecordI16KBASICPROP_QUESTEPKT_iiPv	KBASICPROP_QUEST const* _BPT_GetRecord<KBASICPROP_QUEST>(int,int,void *)
08074320	36	_Z14_BPT_GetRecordI20KBASICPROP_EQUIPMENTEPKT_iiPv	KBASICPROP_EQUIPMENT const* _BPT_GetRecord<KBASICPROP_EQUIPMENT>(int,int,void *)
08074350	36	_Z14_BPT_GetRecordI16KSUITE_EQUIPMENTEPKT_iiPv	KSUITE_EQUIPMENT const* _BPT_GetRecord<KSUITE_EQUIPMENT>(int,int,void *)
08074380	27	_Z14_BPT_GetRecordI23KMAGICATTRIB_LEVEL_INFOEPKT_iiPv	KMAGICATTRIB_LEVEL_INFO const* _BPT_GetRecord<KMAGICATTRIB_LEVEL_INFO>(int,int,void *)
080743a0	87	_ZNSt8_Rb_treeIiSt4pairIKiN14KItemGenerator19TCheckNewItemAttribEESt10_Select1stIS4_ESt4lessIiESaIS4_EE4findERS1_	std::_Rb_tree<int,std::pair<int const,KItemGenerator::TCheckNewItemAttrib>,std::_Select1st<std::pair<int const,KItemGenerator::TCheckNewItemAttrib>>,std::less<int>,std::allocator<std::pair<int const,KItemGenerator::TCheckNewItemAttrib>>>::find(int const&)
08074400	62	_ZNSt8_Rb_treeIiSt4pairIKiN14KItemGenerator19TCheckNewItemAttribEESt10_Select1stIS4_ESt4lessIiESaIS4_EE11lower_boundERS1_	std::_Rb_tree<int,std::pair<int const,KItemGenerator::TCheckNewItemAttrib>,std::_Select1st<std::pair<int const,KItemGenerator::TCheckNewItemAttrib>>,std::less<int>,std::allocator<std::pair<int const,KItemGenerator::TCheckNewItemAttrib>>>::lower_bound(int const&)
08074440	62	_ZNSt8_Rb_treeIiSt4pairIKi16KSUITE_EQUIPMENTESt10_Select1stIS3_ESt4lessIiESaIS3_EE11lower_boundERS1_	std::_Rb_tree<int,std::pair<int const,KSUITE_EQUIPMENT>,std::_Select1st<std::pair<int const,KSUITE_EQUIPMENT>>,std::less<int>,std::allocator<std::pair<int const,KSUITE_EQUIPMENT>>>::lower_bound(int const&)
08074480	59	_ZNSt8_Rb_treeIiSt4pairIKiN14KItemGenerator19TCheckNewItemAttribEESt10_Select1stIS4_ESt4lessIiESaIS4_EE8_M_eraseEPSt13_Rb_tree_nodeIS4_E	std::_Rb_tree<int,std::pair<int const,KItemGenerator::TCheckNewItemAttrib>,std::_Select1st<std::pair<int const,KItemGenerator::TCheckNewItemAttrib>>,std::less<int>,std::allocator<std::pair<int const,KItemGenerator::TCheckNewItemAttrib>>>::_M_erase(std::_Rb_tree_node<std::pair<int const,KItemGenerator::TCheckNewItemAttrib>> *)
080744c0	191	_ZNSt8_Rb_treeIiSt4pairIKiN14KItemGenerator19TCheckNewItemAttribEESt10_Select1stIS4_ESt4lessIiESaIS4_EE9_M_insertEPSt18_Rb_tree_node_baseSC_RKS4_	std::_Rb_tree<int,std::pair<int const,KItemGenerator::TCheckNewItemAttrib>,std::_Select1st<std::pair<int const,KItemGenerator::TCheckNewItemAttrib>>,std::less<int>,std::allocator<std::pair<int const,KItemGenerator::TCheckNewItemAttrib>>>::_M_insert(std::_Rb_tree_node_base *,std::_Rb_tree_node_base *,std::pair<int const,KItemGenerator::TCheckNewItemAttrib> const&)
08074580	236	_ZNSt8_Rb_treeIiSt4pairIKiN14KItemGenerator19TCheckNewItemAttribEESt10_Select1stIS4_ESt4lessIiESaIS4_EE13insert_uniqueERKS4_	std::_Rb_tree<int,std::pair<int const,KItemGenerator::TCheckNewItemAttrib>,std::_Select1st<std::pair<int const,KItemGenerator::TCheckNewItemAttrib>>,std::less<int>,std::allocator<std::pair<int const,KItemGenerator::TCheckNewItemAttrib>>>::insert_unique(std::pair<int const,KItemGenerator::TCheckNewItemAttrib> const&)
08074670	593	_ZNSt8_Rb_treeIiSt4pairIKiN14KItemGenerator19TCheckNewItemAttribEESt10_Select1stIS4_ESt4lessIiESaIS4_EE13insert_uniqueESt17_Rb_tree_iteratorIS4_ERKS4_	std::_Rb_tree<int,std::pair<int const,KItemGenerator::TCheckNewItemAttrib>,std::_Select1st<std::pair<int const,KItemGenerator::TCheckNewItemAttrib>>,std::less<int>,std::allocator<std::pair<int const,KItemGenerator::TCheckNewItemAttrib>>>::insert_unique(std::_Rb_tree_iterator<std::pair<int const,KItemGenerator::TCheckNewItemAttrib>>,std::pair<int const,KItemGenerator::TCheckNewItemAttrib> const&)
080748d0	368	_ZNSt6vectorI16KEquipPropTblIdxSaIS0_EE13_M_insert_auxEN9__gnu_cxx17__normal_iteratorIPS0_S2_EERKS0_	std::vector<KEquipPropTblIdx,std::allocator<KEquipPropTblIdx>>::_M_insert_aux(__gnu_cxx::__normal_iterator<KEquipPropTblIdx*,std::vector<KEquipPropTblIdx,std::allocator<KEquipPropTblIdx>>>,KEquipPropTblIdx const&)
08074a40	415	_ZNSt8_Rb_treeIiSt4pairIKi16KSUITE_EQUIPMENTESt10_Select1stIS3_ESt4lessIiESaIS3_EE9_M_insertEPSt18_Rb_tree_node_baseSB_RKS3_	std::_Rb_tree<int,std::pair<int const,KSUITE_EQUIPMENT>,std::_Select1st<std::pair<int const,KSUITE_EQUIPMENT>>,std::less<int>,std::allocator<std::pair<int const,KSUITE_EQUIPMENT>>>::_M_insert(std::_Rb_tree_node_base *,std::_Rb_tree_node_base *,std::pair<int const,KSUITE_EQUIPMENT> const&)
08074be0	236	_ZNSt8_Rb_treeIiSt4pairIKi16KSUITE_EQUIPMENTESt10_Select1stIS3_ESt4lessIiESaIS3_EE13insert_uniqueERKS3_	std::_Rb_tree<int,std::pair<int const,KSUITE_EQUIPMENT>,std::_Select1st<std::pair<int const,KSUITE_EQUIPMENT>>,std::less<int>,std::allocator<std::pair<int const,KSUITE_EQUIPMENT>>>::insert_unique(std::pair<int const,KSUITE_EQUIPMENT> const&)
08074cd0	593	_ZNSt8_Rb_treeIiSt4pairIKi16KSUITE_EQUIPMENTESt10_Select1stIS3_ESt4lessIiESaIS3_EE13insert_uniqueESt17_Rb_tree_iteratorIS3_ERKS3_	std::_Rb_tree<int,std::pair<int const,KSUITE_EQUIPMENT>,std::_Select1st<std::pair<int const,KSUITE_EQUIPMENT>>,std::less<int>,std::allocator<std::pair<int const,KSUITE_EQUIPMENT>>>::insert_unique(std::_Rb_tree_iterator<std::pair<int const,KSUITE_EQUIPMENT>>,std::pair<int const,KSUITE_EQUIPMENT> const&)
08074f30	97	_ZNSt8_Rb_treeIiSt4pairIKi16KSUITE_EQUIPMENTESt10_Select1stIS3_ESt4lessIiESaIS3_EE8_M_eraseEPSt13_Rb_tree_nodeIS3_E	std::_Rb_tree<int,std::pair<int const,KSUITE_EQUIPMENT>,std::_Select1st<std::pair<int const,KSUITE_EQUIPMENT>>,std::less<int>,std::allocator<std::pair<int const,KSUITE_EQUIPMENT>>>::_M_erase(std::_Rb_tree_node<std::pair<int const,KSUITE_EQUIPMENT>> *)
08074fa0	621	_ZNSt3mapIi16KSUITE_EQUIPMENTSt4lessIiESaISt4pairIKiS0_EEEixERS4_	std::map<int,KSUITE_EQUIPMENT,std::less<int>,std::allocator<std::pair<int const,KSUITE_EQUIPMENT>>>::operator[](int const&)
08075210	35	_ZN9KItemList13GetWeaponTypeEv	KItemList::GetWeaponType(void)
08075240	255	_Z18gMakeSyncItem_InfoR13SViewItemInfoR5KItem	gMakeSyncItem_Info(SViewItemInfo &,KItem &)
08075340	36	_ZN9KItemList8FindFreeEv	KItemList::FindFree(void)
08075370	82	_ZN9KItemList8FindSameEi	KItemList::FindSame(int)
080753d0	298	_ZN9KItemList12LoadMaterialEiii	KItemList::LoadMaterial(int,int,int)
08075500	325	_ZN9KItemList14UnloadMaterialEiii	KItemList::UnloadMaterial(int,int,int)
08075650	129	_ZN9KItemList13GetEquipPlaceEi	KItemList::GetEquipPlace(int)
080756e0	170	_ZN9KItemList3FitEP5KItemi	KItemList::Fit(KItem *,int)
08075790	43	_ZN9KItemList3FitEii	KItemList::Fit(int,int)
080757c0	127	_ZN9KItemList8SearchIDEi	KItemList::SearchID(int)
08075840	14	_ZN9KItemList17GetEquipmentMoneyEv	KItemList::GetEquipmentMoney(void)
08075850	33	_ZN9KItemList12SetRoomMoneyEii	KItemList::SetRoomMoney(int,int)
08075880	284	_ZN9KItemList24CheckCanPlaceInEquipmentEiiPiS0_	KItemList::CheckCanPlaceInEquipment(int,int,int *,int *)
080759a0	315	_ZN9KItemList21GetItemCount_SameGDPLEiiii13ITEM_POSITIONi	KItemList::GetItemCount_SameGDPL(int,int,int,int,ITEM_POSITION,int)
08075ae0	62	_ZN9KItemList20GetItemCount_SameGDPEiii13ITEM_POSITIONi	KItemList::GetItemCount_SameGDP(int,int,int,ITEM_POSITION,int)
08075b20	55	_ZN9KItemList19GetItemCount_SameGDEii13ITEM_POSITIONi	KItemList::GetItemCount_SameGD(int,int,ITEM_POSITION,int)
08075b60	48	_ZN9KItemList18GetItemCount_SameGEi13ITEM_POSITIONi	KItemList::GetItemCount_SameG(int,ITEM_POSITION,int)
08075b90	71	_ZN9KItemList16GetEquipmentCoinEv	KItemList::GetEquipmentCoin(void)
08075be0	10	_ZN9KItemList18_CheckImmediaSkillEii	KItemList::_CheckImmediaSkill(int,int)
08075bf0	7	_ZN9KItemList15_SetHandIconRefEv	KItemList::_SetHandIconRef(void)
08075c00	104	_Z41__static_initialization_and_destruction_0ii_6	_Z41__static_initialization_and_destruction_0ii_6
08075c70	16	_GLOBAL__I_g_nEquipPower	`global constructor keyed to'g_nEquipPower
08075c80	37	__tcf_0_2	__tcf_0_2
08075cb0	140	_ZN9KItemList24_CheckIsImmediaItemSkillEiii	KItemList::_CheckIsImmediaItemSkill(int,int,int)
08075d40	140	_ZN9KItemList12SyncBoxParamEii	KItemList::SyncBoxParam(int,int)
08075dd0	77	_ZN9KItemList13SendMoneySyncEv	KItemList::SendMoneySync(void)
08075e20	28	_ZN9KItemList14TradeMoveMoneyEi	KItemList::TradeMoveMoney(int)
08075e40	137	_ZN9KItemList24_CheckImmediaSameGDPItemEii	KItemList::_CheckImmediaSameGDPItem(int,int)
08075ed0	124	_ZN9KItemList21_CheckImmediaExchangeEP7ItemPosS1_	KItemList::_CheckImmediaExchange(ItemPos *,ItemPos *)
08075f50	376	_ZN9KItemList13SetImmediaObjEiii	KItemList::SetImmediaObj(int,int,int)
080760d0	182	_ZN9KItemList20_OnImmediaItemRemoveEii	KItemList::_OnImmediaItemRemove(int,int)
08076190	512	_ZN9KItemList16AutoMoveMedicineEiiiii	KItemList::AutoMoveMedicine(int,int,int,int,int)
08076390	178	_ZN9KItemList17SyncItemBindStateEi	KItemList::SyncItemBindState(int)
08076450	392	_ZN9KItemList8WriteLogEPKcz	KItemList::WriteLog(char const*,...)
080765e0	110	_ZN9KItemList6GMLockEv	KItemList::GMLock(void)
08076650	120	_ZN9KItemList16GMCanclePasswordEv	KItemList::GMCanclePassword(void)
080766d0	107	_ZN9KItemList13GMSetPasswordEm	KItemList::GMSetPassword(unsigned long)
08076740	198	_ZN9KItemList14SearchPositionEiiP7ItemPos	KItemList::SearchPosition(int,int,ItemPos *)
08076810	288	_ZN9KItemList15FindItemToStackEi14INVENTORY_ROOMiiPiS1_i	KItemList::FindItemToStack(int,INVENTORY_ROOM,int,int,int *,int *,int)
08076930	490	_ZN9KItemList18TradeCheckCanPlaceEv	KItemList::TradeCheckCanPlace(void)
08076b20	20	_ZN9KItemList29FindSameParticularInEquipmentEiiiPiS0_S0_	KItemList::FindSameParticularInEquipment(int,int,int,int *,int *,int *)
08076b40	751	_ZN9KItemList11BackupTradeEv	KItemList::BackupTrade(void)
08076e30	35	_ZN9KItemList9ClearRoomEi	KItemList::ClearRoom(int)
08076e60	56	_ZN9KItemList10StartTradeEv	KItemList::StartTrade(void)
08076ea0	95	_ZN9KItemList9CostMoneyEi	KItemList::CostMoney(int)
08076f00	80	_ZN9KItemList8AddMoneyEii	KItemList::AddMoney(int,int)
08076f50	230	_ZN9KItemList13ExchangeMoneyEiii	KItemList::ExchangeMoney(int,int,int)
08077040	133	_ZN9KItemList17EquipSuitExtSkillEiii	KItemList::EquipSuitExtSkill(int,int,int)
080770d0	337	_ZN9KItemList19CheckGoldEquipSuiteEv	KItemList::CheckGoldEquipSuite(void)
08077230	170	_ZN9KItemList22ActivateExtMagicAttribEPK5KItemii	KItemList::ActivateExtMagicAttrib(KItem const*,int,int)
080772e0	113	_ZN9KItemList20NotifyExtSuiteChangeEiii	KItemList::NotifyExtSuiteChange(int,int,int)
08077360	111	_ZN9KItemList17EquipPlatinaSkillEiiit	KItemList::EquipPlatinaSkill(int,int,int,unsigned short)
080773d0	34	_ZN9KItemList19UnEquipSuitExtSkillEii	KItemList::UnEquipSuitExtSkill(int,int)
08077400	9	_ZN9KItemList19UnequipPlatinaSkillEii	KItemList::UnequipPlatinaSkill(int,int)
08077410	236	_ZN9KItemList14GetFeatureTypeEP5KItem9ITEM_PART	KItemList::GetFeatureType(KItem *,ITEM_PART)
08077500	202	_ZN9KItemList14EquipResForNPCEiii	KItemList::EquipResForNPC(int,int,int)
080775d0	510	_ZN9KItemList12EnoughAttribEPK12KMagicAttrib	KItemList::EnoughAttrib(KMagicAttrib const*)
080777d0	231	_ZN9KItemList8CanEquipEP5KItemi	KItemList::CanEquip(KItem *,int)
080778c0	43	_ZN9KItemList8CanEquipEii	KItemList::CanEquip(int,int)
080778f0	669	_ZN9KItemList4InitEi	KItemList::Init(int)
08077b90	236	_ZN9KItemList21GetItemIndexFromPlaceEP7ItemPos	KItemList::GetItemIndexFromPlace(ItemPos *)
08077c80	153	_ZN9KItemList16GetItemFromPlaceEP7ItemPos	KItemList::GetItemFromPlace(ItemPos *)
08077d20	72	_ZN9KItemList14GetFeatureTypeE9ITEM_PART	KItemList::GetFeatureType(ITEM_PART)
08077d70	287	_ZN9KItemList15GetWeaponDamageEPiS0_	KItemList::GetWeaponDamage(int *,int *)
08077e90	35	_ZN9KItemList19GetWeaponParticularEv	KItemList::GetWeaponParticular(void)
08077ec0	87	_ZN9KItemList8IsMyItemEi	KItemList::IsMyItem(int)
08077f20	175	_ZN9KItemList19GetTaskItemLifeTimeEi	KItemList::GetTaskItemLifeTime(int)
08077fd0	139	_ZN9KItemList16GetTaskItemNumExEi	KItemList::GetTaskItemNumEx(int)
08078060	127	_ZN9KItemList11IsItemExistEiii	KItemList::IsItemExist(int,int,int)
080780e0	114	_ZN9KItemList14GetTaskItemNumEi	KItemList::GetTaskItemNum(int)
08078160	106	_ZN9KItemList15IsTaskItemExistEi	KItemList::IsTaskItemExist(int)
080781d0	65	_ZN9KItemList11GetNextItemEv	KItemList::GetNextItem(void)
08078220	52	_ZN9KItemList12GetFirstItemEv	KItemList::GetFirstItem(void)
08078260	112	_ZN9KItemList8FindNextERiS0_	KItemList::FindNext(int &,int &)
080782d0	32	_ZN9KItemList19GetEquipMantleLevelEv	KItemList::GetEquipMantleLevel(void)
080782f0	246	_ZN9KItemList31GetNextItemIndexInRoom_SameGDPLERiiiii13ITEM_POSITION	KItemList::GetNextItemIndexInRoom_SameGDPL(int &,int,int,int,int,ITEM_POSITION)
080783f0	364	_ZN9KItemList20GetTradeRoomItemInfoEv	KItemList::GetTradeRoomItemInfo(void)
08078560	141	_ZN9KItemList20CheckEquipHoldStatusEii	KItemList::CheckEquipHoldStatus(int,int)
080785f0	20	_ZN9KItemList14GetMoneyAmountEv	KItemList::GetMoneyAmount(void)
08078610	168	_ZN9KItemList8DecMoneyEi	KItemList::DecMoney(int)
080786c0	283	_ZN9KItemList8SyncItemEi	KItemList::SyncItem(int)
080787e0	49	_ZN9KItemList8SetMoneyEiii	KItemList::SetMoney(int,int,int)
08078820	154	_ZN9KItemList20FindScriptItemParam2Eiiii	KItemList::FindScriptItemParam2(int,int,int,int)
080788c0	172	_ZN9KItemList14FindScriptItemEiiii	KItemList::FindScriptItem(int,int,int,int)
08078970	178	_ZN9KItemList17PlayerSetPasswordEm	KItemList::PlayerSetPassword(unsigned long)
08078a30	105	_ZN9KItemList10PlayerLockEv	KItemList::PlayerLock(void)
08078aa0	437	_ZN9KItemList23GetItemCount_SameGDPLSQEiiiiii13ITEM_POSITIONi	KItemList::GetItemCount_SameGDPLSQ(int,int,int,int,int,int,ITEM_POSITION,int)
08078c60	236	_ZN9KItemList17GetExtActiveCountEv	KItemList::GetExtActiveCount(void)
08078d50	351	_ZN9KItemList18CheckExtEquipSuiteEPK5KItemi	KItemList::CheckExtEquipSuite(KItem const*,int)
08078eb0	98	_ZN9KItemList12CompareItemsERKSt3setIiSt4lessIiESaIiEES6_	KItemList::CompareItems(std::set<int,std::less<int>,std::allocator<int>> const&,std::set<int,std::less<int>,std::allocator<int>> const&)
08078f20	259	_ZNK9KItemList15GetEquipEnhanceEii	KItemList::GetEquipEnhance(int,int)const
08079030	56	_ZN9KItemList18GetActiveAttribNumEi	KItemList::GetActiveAttribNum(int)
08079070	208	_ZN9KItemList26ActiveAllEquipHiddenAttribEP4KNpcii	KItemList::ActiveAllEquipHiddenAttrib(KNpc *,int,int)
08079140	164	_ZN9KItemList18EquipMagicForSuiteEP4KNpcii	KItemList::EquipMagicForSuite(KNpc *,int,int)
080791f0	268	_ZN9KItemList18InfectionNextEquipEii	KItemList::InfectionNextEquip(int,int)
08079300	202	_ZN9KItemList11SetItemMaskEiii	KItemList::SetItemMask(int,int,int)
080793d0	262	_ZN9KItemList20UnEquipMagicForSuiteEP4KNpcii	KItemList::UnEquipMagicForSuite(KNpc *,int,int)
080794e0	909	_ZN9KItemList13ActivateEquipEiii	KItemList::ActivateEquip(int,int,int)
08079870	112	_ZN9KItemList17ConfirmActivationEv	KItemList::ConfirmActivation(void)
080798e0	248	_ZN9KItemList5EquipEii	KItemList::Equip(int,int)
080799e0	532	_ZN9KItemList10CanUnEquipEP5KItemi	KItemList::CanUnEquip(KItem *,int)
08079c00	397	_ZN9KItemListC2Ev	KItemList::KItemList(void)
08079d90	178	_ZN9KItemListD1Ev	KItemList::~KItemList()
08079e50	141	_ZN9KItemList8GMUnlockEv	KItemList::GMUnlock(void)
08079ee0	462	_ZN9KItemList14CheckRoomItemsE14INVENTORY_ROOM	KItemList::CheckRoomItems(INVENTORY_ROOM)
0807a0b0	132	_ZN9KItemList12GetRoomItemsE14INVENTORY_ROOMRSt3setIiSt4lessIiESaIiEE	KItemList::GetRoomItems(INVENTORY_ROOM,std::set<int,std::less<int>,std::allocator<int>> &)
0807a140	488	_ZN9KItemList12RecoverTradeEv	KItemList::RecoverTrade(void)
0807a330	178	_ZN9KItemListD2Ev	KItemList::~KItemList()
0807a3f0	397	_ZN9KItemListC1Ev	KItemList::KItemList(void)
0807a580	497	_ZN9KItemList13CheckPassWordEm	KItemList::CheckPassWord(unsigned long)
0807a780	148	_ZN9KItemList12PlayerUnlockEm	KItemList::PlayerUnlock(unsigned long)
0807a820	209	_ZN9KItemList20PlayerChangePasswordEmm	KItemList::PlayerChangePassword(unsigned long,unsigned long)
0807a900	224	_ZN9KItemList20PlayerCanclePasswordEm	KItemList::PlayerCanclePassword(unsigned long)
0807a9e0	1132	_ZN9KItemList15DeactivateEquipEiiPSt6vectorI13KITEM_CONSUMESaIS1_EE	KItemList::DeactivateEquip(int,int,std::vector<KITEM_CONSUME,std::allocator<KITEM_CONSUME>> *)
0807ae50	99	_ZN9KItemList19ConfirmDeactivationEPSt6vectorI13KITEM_CONSUMESaIS1_EE	KItemList::ConfirmDeactivation(std::vector<KITEM_CONSUME,std::allocator<KITEM_CONSUME>> *)
0807aec0	149	_ZN9KItemList7UnequipEiiPSt6vectorI13KITEM_CONSUMESaIS1_EE	KItemList::Unequip(int,int,std::vector<KITEM_CONSUME,std::allocator<KITEM_CONSUME>> *)
0807af60	1194	_ZN9KItemList6RemoveEi	KItemList::Remove(int)
0807b410	262	_ZN9KItemList12SetItemCountEii	KItemList::SetItemCount(int,int)
0807b520	530	_ZN9KItemList11ConsumeItemEiiii13ITEM_POSITIONi	KItemList::ConsumeItem(int,int,int,int,ITEM_POSITION,int)
0807b740	102	_ZN9KItemList7PayCoinEi	KItemList::PayCoin(int)
0807b7b0	646	_ZN9KItemList22ConsumeItem_SameGDPLSQEiiiiii13ITEM_POSITIONi	KItemList::ConsumeItem_SameGDPLSQ(int,int,int,int,int,int,ITEM_POSITION,int)
0807ba40	623	_ZN9KItemList9StackItemEii	KItemList::StackItem(int,int)
0807bcb0	325	_ZN9KItemList15AutoStackInRoomE14INVENTORY_ROOMii	KItemList::AutoStackInRoom(INVENTORY_ROOM,int,int)
0807be00	218	_ZN9KItemList16RemoveTaskItemExEi	KItemList::RemoveTaskItemEx(int)
0807bee0	234	_ZN9KItemList10RemoveItemEiii	KItemList::RemoveItem(int,int,int)
0807bfd0	202	_ZN9KItemList14RemoveTaskItemEi	KItemList::RemoveTaskItem(int)
0807c0a0	225	_ZN9KItemList9RemoveAllEv	KItemList::RemoveAll(void)
0807c190	1688	_ZN9KItemList11EatMecidineEim	KItemList::EatMecidine(int,unsigned long)
0807c830	389	_ZN9KItemList11EatMecidineEiiim	KItemList::EatMecidine(int,int,int,unsigned long)
0807c9c0	1838	_ZN9KItemList3AddEiiiii	KItemList::Add(int,int,int,int,int)
0807d0f0	158	_ZN9KItemList6MantleEv	KItemList::Mantle(void)
0807d190	469	_ZN9KItemList13Add_AutoStackE14INVENTORY_ROOMii	KItemList::Add_AutoStack(INVENTORY_ROOM,int,int)
0807d370	929	_ZN9KItemList10DivideItemEP7KPlayeriii	KItemList::DivideItem(KPlayer *,int,int,int)
0807d720	258	_ZN9KItemList18ReActivateExtEquipEv	KItemList::ReActivateExtEquip(void)
0807d830	1014	_ZN9KItemList6AbradeEi	KItemList::Abrade(int)
0807dc30	968	_ZN9KItemList23AbradePercentInAllEquipEi	KItemList::AbradePercentInAllEquip(int)
0807e000	175	_ZN9KItemList19ConfirmDeactivationEv	KItemList::ConfirmDeactivation(void)
0807e0b0	198	_ZN9KItemList13UnequipRemoveEii	KItemList::UnequipRemove(int,int)
0807e180	4630	_ZN9KItemList16ExchangeItemHandEP7ItemPosS1_	KItemList::ExchangeItemHand(ItemPos *,ItemPos *)
0807f3a0	25	_ZN9KItemList12ExchangeItemEP7ItemPosS1_	KItemList::ExchangeItem(ItemPos *,ItemPos *)
0807f3c0	426	_ZN9KItemList9AutoEquipEi	KItemList::AutoEquip(int)
0807f570	1780	_ZN9KItemList29AutoLoseItemFromEquipmentRoomEi	KItemList::AutoLoseItemFromEquipmentRoom(int)
0807fc70	1592	_ZN9KItemList13AutoLoseEquipEv	KItemList::AutoLoseEquip(void)
080802b0	1790	_ZN9KItemList33ConstantLoseItemFromEquipmentRoomEv	KItemList::ConstantLoseItemFromEquipmentRoom(void)
080809b0	3876	_ZN9KItemList20ThrowAwayAllMedicineEii	KItemList::ThrowAwayAllMedicine(int,int)
080818e0	87	_ZNSt8_Rb_treeIiiSt9_IdentityIiESt4lessIiESaIiEE4findERKi	std::_Rb_tree<int,int,std::_Identity<int>,std::less<int>,std::allocator<int>>::find(int const&)
08081940	59	_ZNSt8_Rb_treeImSt4pairIKmjESt10_Select1stIS2_ESt4lessImESaIS2_EE8_M_eraseEPSt13_Rb_tree_nodeIS2_E	std::_Rb_tree<unsigned long,std::pair<unsigned long const,unsigned int>,std::_Select1st<std::pair<unsigned long const,unsigned int>>,std::less<unsigned long>,std::allocator<std::pair<unsigned long const,unsigned int>>>::_M_erase(std::_Rb_tree_node<std::pair<unsigned long const,unsigned int>> *)
08081980	59	_ZNSt8_Rb_treeIiiSt9_IdentityIiESt4lessIiESaIiEE8_M_eraseEPSt13_Rb_tree_nodeIiE	std::_Rb_tree<int,int,std::_Identity<int>,std::less<int>,std::allocator<int>>::_M_erase(std::_Rb_tree_node<int> *)
080819c0	136	_ZNSt8_Rb_treeIiiSt9_IdentityIiESt4lessIiESaIiEE9_M_insertEPSt18_Rb_tree_node_baseS7_RKi	std::_Rb_tree<int,int,std::_Identity<int>,std::less<int>,std::allocator<int>>::_M_insert(std::_Rb_tree_node_base *,std::_Rb_tree_node_base *,int const&)
08081a50	236	_ZNSt8_Rb_treeIiiSt9_IdentityIiESt4lessIiESaIiEE13insert_uniqueERKi	std::_Rb_tree<int,int,std::_Identity<int>,std::less<int>,std::allocator<int>>::insert_unique(int const&)
08081b40	103	_ZN14KItemEnvCustom9GetEnvMsgEv	KItemEnvCustom::GetEnvMsg(void)
08081bb0	368	_ZNSt6vectorI13KITEM_CONSUMESaIS0_EE13_M_insert_auxEN9__gnu_cxx17__normal_iteratorIPS0_S2_EERKS0_	std::vector<KITEM_CONSUME,std::allocator<KITEM_CONSUME>>::_M_insert_aux(__gnu_cxx::__normal_iterator<KITEM_CONSUME*,std::vector<KITEM_CONSUME,std::allocator<KITEM_CONSUME>>>,KITEM_CONSUME const&)
08081d20	85	_ZN8KItemSet8SearchIDEm	KItemSet::SearchID(unsigned long)
08081d80	36	_ZN8KItemSet8FindFreeEv	KItemSet::FindFree(void)
08081db0	34	_ZN8KItemSet5SetIDEi	KItemSet::SetID(int)
08081de0	83	_ZN8KItemSet14GetAbradeRangeEP5KItemii	KItemSet::GetAbradeRange(KItem *,int,int)
08081e40	24	_ZN8KItemSet12GetItemCountEi	KItemSet::GetItemCount(int)
08081e60	71	_ZN8KItemSet19CheckTradeLogFilterEi	KItemSet::CheckTradeLogFilter(int)
08081eb0	16	__tcf_1_3	__tcf_1_3
08081ec0	521	_Z21gCalcItemFortuneValuePK5KItem	gCalcItemFortuneValue(KItem const*)
080820d0	521	_Z22gCalcItemExchangeValuePK5KItem	gCalcItemExchangeValue(KItem const*)
080822e0	88	_ZN8KItemSet12BackItemInfoEv	KItemSet::BackItemInfo(void)
08082340	612	_ZN8KItemSet8Add_ImplEP5KItemiN8DupedDef8OP_LEVELERNS2_9OP_RESULTE	KItemSet::Add_Impl(KItem *,int,DupedDef::OP_LEVEL,DupedDef::OP_RESULT &)
080825b0	175	_ZN8KItemSet6RemoveEii19enumItemConsumeModei	KItemSet::Remove(int,int,enumItemConsumeMode,int)
08082660	47	_ZN8KItemSet14CanLogThisItemEP5KItem	KItemSet::CanLogThisItem(KItem *)
08082690	3855	_ZN8KItemSet4InitEv	KItemSet::Init(void)
080835a0	184	_ZN8KItemSetD1Ev	KItemSet::~KItemSet()
08083660	16	__tcf_0_3	__tcf_0_3
08083670	246	_ZN8KItemSet3AddEP5KItemiN8DupedDef8OP_LEVELERNS2_9OP_RESULTEP8IItemEnv	KItemSet::Add(KItem *,int,DupedDef::OP_LEVEL,DupedDef::OP_RESULT &,IItemEnv *)
08083770	312	_ZN8KItemSetC2Ev	KItemSet::KItemSet(void)
080838b0	312	_ZN8KItemSetC1Ev	KItemSet::KItemSet(void)
080839f0	114	_Z41__static_initialization_and_destruction_0ii_7	_Z41__static_initialization_and_destruction_0ii_7
08083a70	19	_GLOBAL__I_ItemSet	`global constructor keyed to'ItemSet
08083a90	184	_ZN8KItemSetD2Ev	KItemSet::~KItemSet()
08083b50	813	_ZN8KItemSet8Add_ImplEiPK9ITEMPARAMPii	KItemSet::Add_Impl(int,ITEMPARAM const*,int *,int)
08083e80	336	_ZN8KItemSet3AddEiiiiiiiPiijP8IItemEnvhhi	KItemSet::Add(int,int,int,int,int,int,int,int *,int,unsigned int,IItemEnv *,unsigned char,unsigned char,int)
08083fd0	170	_ZNSt8_Rb_treeIN8DupedDef16tagDUPEDITEM_KEYESt4pairIKS1_iESt10_Select1stIS4_ESt4lessIS1_ESaIS4_EE4findERS3_	std::_Rb_tree<DupedDef::tagDUPEDITEM_KEY,std::pair<DupedDef::tagDUPEDITEM_KEY const,int>,std::_Select1st<std::pair<DupedDef::tagDUPEDITEM_KEY const,int>>,std::less<DupedDef::tagDUPEDITEM_KEY>,std::allocator<std::pair<DupedDef::tagDUPEDITEM_KEY const,int>>>::find(DupedDef::tagDUPEDITEM_KEY const&)
08084080	172	_ZN14KDupedItemBaseI5KItemE6RemoveEii	KDupedItemBase<KItem>::Remove(int,int)
08084130	59	_ZNSt8_Rb_treeIN8DupedDef16tagDUPEDITEM_KEYESt4pairIKS1_iESt10_Select1stIS4_ESt4lessIS1_ESaIS4_EE8_M_eraseEPSt13_Rb_tree_nodeIS4_E	std::_Rb_tree<DupedDef::tagDUPEDITEM_KEY,std::pair<DupedDef::tagDUPEDITEM_KEY const,int>,std::_Select1st<std::pair<DupedDef::tagDUPEDITEM_KEY const,int>>,std::less<DupedDef::tagDUPEDITEM_KEY>,std::allocator<std::pair<DupedDef::tagDUPEDITEM_KEY const,int>>>::_M_erase(std::_Rb_tree_node<std::pair<DupedDef::tagDUPEDITEM_KEY const,int>> *)
08084170	52	_ZN11KKillerTaskC2Ev	KKillerTask::KKillerTask(void)
080841b0	52	_ZN11KKillerTaskC1Ev	KKillerTask::KKillerTask(void)
080841f0	38	_Z41__static_initialization_and_destruction_0ii_8	_Z41__static_initialization_and_destruction_0ii_8
08084220	16	_GLOBAL__I_g_KillerTask	`global constructor keyed to'g_KillerTask
08084230	345	_ZN11KKillerTask4InitEPKc	KKillerTask::Init(char const*)
08084390	383	_ZN11KKillerTask21c2skillerquerywisemanEiPh	KKillerTask::c2skillerquerywiseman(int,unsigned char *)
08084510	116	_ZN11KKillerTask9ProcessPKEii	KKillerTask::ProcessPK(int,int)
08084590	96	_ZN11KKillerTask17c2skillertaketaskEiPh	KKillerTask::c2skillertaketask(int,unsigned char *)
080845f0	96	_ZN11KKillerTask19c2skillercanceltaskEiPh	KKillerTask::c2skillercanceltask(int,unsigned char *)
08084650	253	_ZN11KKillerTask19c2skillersubmittaskEiPh	KKillerTask::c2skillersubmittask(int,unsigned char *)
08084750	140	_ZN11KKillerTask21ProcessKillerProtocolEiPh	KKillerTask::ProcessKillerProtocol(int,unsigned char *)
080847e0	829	_ZN11KKillerTask26ProcessRelayKillerProtocolEPhj	KKillerTask::ProcessRelayKillerProtocol(unsigned char *,unsigned int)
08084b20	106	_ZN11KKillerTask18SendNotifyToPlayerEiPKc	KKillerTask::SendNotifyToPlayer(int,char const*)
08084b90	1411	_ZN11KKillerTask29ProcessRelayKillerc2cProtocolEPhj	KKillerTask::ProcessRelayKillerc2cProtocol(unsigned char *,unsigned int)
08085120	670	_ZN11KKillerTask25ProcessRelayKillerLosewayEPhj	KKillerTask::ProcessRelayKillerLoseway(unsigned char *,unsigned int)
080853c0	36	_ZN7KLadder19TopTenFacMasterHandEi	KLadder::TopTenFacMasterHand(int)
080853f0	36	_ZN7KLadder13TopTenFacRichEi	KLadder::TopTenFacRich(int)
08085420	36	_ZN7KLadder20TopTenCampMasterHandEi	KLadder::TopTenCampMasterHand(int)
08085450	36	_ZN7KLadder16TopTenCampRicherEi	KLadder::TopTenCampRicher(int)
08085480	13	_ZN7KLadder12TopTenKillerEv	KLadder::TopTenKiller(void)
08085490	13	_ZN7KLadder16TopTenMasterHandEv	KLadder::TopTenMasterHand(void)
080854a0	8	_ZN7KLadder10TopTenRichEv	KLadder::TopTenRich(void)
080854b0	30	_ZN7KLadder23GetFacMasterHandPercentEi	KLadder::GetFacMasterHandPercent(int)
080854d0	30	_ZN7KLadder18GetFacMoneyPercentEi	KLadder::GetFacMoneyPercent(int)
080854f0	30	_ZN7KLadder17GetFacMemberCountEi	KLadder::GetFacMemberCount(int)
08085510	167	_ZN7KLadder9GetTopTenEm	KLadder::GetTopTen(unsigned long)
080855c0	13	_ZN7KLadder13TopTenFortuneEv	KLadder::TopTenFortune(void)
080855d0	13	_ZN7KLadder16TopTenBossKillerEv	KLadder::TopTenBossKiller(void)
080855e0	13	_ZN7KLadder17TopTenLeaguWinnerEv	KLadder::TopTenLeaguWinner(void)
080855f0	74	_ZN7KLadderC2Ev	KLadder::KLadder(void)
08085640	52	_ZN7KLadder4InitEPvj	KLadder::Init(void *,unsigned int)
08085680	347	_ZN7KLadder20GetFirstRoleListPlusEPmiP9TRoleList	KLadder::GetFirstRoleListPlus(unsigned long *,int,TRoleList *)
080857e0	74	_ZN7KLadderC1Ev	KLadder::KLadder(void)
08085830	125	_Z41__static_initialization_and_destruction_0ii_9	_Z41__static_initialization_and_destruction_0ii_9
080858b0	19	_GLOBAL__I_Ladder	`global constructor keyed to'Ladder
080858d0	195	_ZN7KLadderD1Ev	KLadder::~KLadder()
080859a0	16	__tcf_0_4	__tcf_0_4
080859b0	195	_ZN7KLadderD2Ev	KLadder::~KLadder()
08085a80	175	_ZN7KLadder18GetTenRoleListPlusEm	KLadder::GetTenRoleListPlus(unsigned long)
08085b30	491	_ZN7KLadder16SingleUpdatePlusEPvmj	KLadder::SingleUpdatePlus(void *,unsigned long,unsigned int)
08085d20	69	_ZN7KLadder21ProcessLadderProtocolEPhj	KLadder::ProcessLadderProtocol(unsigned char *,unsigned int)
08085d70	87	_ZNSt8_Rb_treeImSt4pairIKmPvESt10_Select1stIS3_ESt4lessImESaIS3_EE4findERS1_	std::_Rb_tree<unsigned long,std::pair<unsigned long const,void *>,std::_Select1st<std::pair<unsigned long const,void *>>,std::less<unsigned long>,std::allocator<std::pair<unsigned long const,void *>>>::find(unsigned long const&)
08085dd0	62	_ZNSt8_Rb_treeImSt4pairIKmPvESt10_Select1stIS3_ESt4lessImESaIS3_EE11lower_boundERS1_	std::_Rb_tree<unsigned long,std::pair<unsigned long const,void *>,std::_Select1st<std::pair<unsigned long const,void *>>,std::less<unsigned long>,std::allocator<std::pair<unsigned long const,void *>>>::lower_bound(unsigned long const&)
08085e10	62	_ZNSt8_Rb_treeImSt4pairIKmPvESt10_Select1stIS3_ESt4lessImESaIS3_EE11upper_boundERS1_	std::_Rb_tree<unsigned long,std::pair<unsigned long const,void *>,std::_Select1st<std::pair<unsigned long const,void *>>,std::less<unsigned long>,std::allocator<std::pair<unsigned long const,void *>>>::upper_bound(unsigned long const&)
08085e50	59	_ZNSt8_Rb_treeImSt4pairIKmPvESt10_Select1stIS3_ESt4lessImESaIS3_EE8_M_eraseEPSt13_Rb_tree_nodeIS3_E	std::_Rb_tree<unsigned long,std::pair<unsigned long const,void *>,std::_Select1st<std::pair<unsigned long const,void *>>,std::less<unsigned long>,std::allocator<std::pair<unsigned long const,void *>>>::_M_erase(std::_Rb_tree_node<std::pair<unsigned long const,void *>> *)
08085e90	152	_ZNSt8_Rb_treeImSt4pairIKmPvESt10_Select1stIS3_ESt4lessImESaIS3_EE9_M_insertEPSt18_Rb_tree_node_baseSB_RKS3_	std::_Rb_tree<unsigned long,std::pair<unsigned long const,void *>,std::_Select1st<std::pair<unsigned long const,void *>>,std::less<unsigned long>,std::allocator<std::pair<unsigned long const,void *>>>::_M_insert(std::_Rb_tree_node_base *,std::_Rb_tree_node_base *,std::pair<unsigned long const,void *> const&)
08085f30	236	_ZNSt8_Rb_treeImSt4pairIKmPvESt10_Select1stIS3_ESt4lessImESaIS3_EE13insert_uniqueERKS3_	std::_Rb_tree<unsigned long,std::pair<unsigned long const,void *>,std::_Select1st<std::pair<unsigned long const,void *>>,std::less<unsigned long>,std::allocator<std::pair<unsigned long const,void *>>>::insert_unique(std::pair<unsigned long const,void *> const&)
08086020	593	_ZNSt8_Rb_treeImSt4pairIKmPvESt10_Select1stIS3_ESt4lessImESaIS3_EE13insert_uniqueESt17_Rb_tree_iteratorIS3_ERKS3_	std::_Rb_tree<unsigned long,std::pair<unsigned long const,void *>,std::_Select1st<std::pair<unsigned long const,void *>>,std::less<unsigned long>,std::allocator<std::pair<unsigned long const,void *>>>::insert_unique(std::_Rb_tree_iterator<std::pair<unsigned long const,void *>>,std::pair<unsigned long const,void *> const&)
08086280	146	_ZNSt8_Rb_treeImSt4pairIKmPvESt10_Select1stIS3_ESt4lessImESaIS3_EE5eraseESt17_Rb_tree_iteratorIS3_ESB_	std::_Rb_tree<unsigned long,std::pair<unsigned long const,void *>,std::_Select1st<std::pair<unsigned long const,void *>>,std::less<unsigned long>,std::allocator<std::pair<unsigned long const,void *>>>::erase(std::_Rb_tree_iterator<std::pair<unsigned long const,void *>>,std::_Rb_tree_iterator<std::pair<unsigned long const,void *>>)
08086320	146	_ZNSt8_Rb_treeImSt4pairIKmPvESt10_Select1stIS3_ESt4lessImESaIS3_EE5eraseERS1_	std::_Rb_tree<unsigned long,std::pair<unsigned long const,void *>,std::_Select1st<std::pair<unsigned long const,void *>>,std::less<unsigned long>,std::allocator<std::pair<unsigned long const,void *>>>::erase(unsigned long const&)
080863c0	46	_ZNK9KLibOfBPT7GetCMATEii	KLibOfBPT::GetCMAT(int,int)const
080863f0	96	_ZNK9KLibOfBPT7GetCMITEiiii	KLibOfBPT::GetCMIT(int,int,int,int)const
08086450	30	_Z17_GE_NumberComparePKvS0_	_GE_NumberCompare(void const*,void const*)
08086470	309	_ZN9KLibOfBPT8InitMAITEv	KLibOfBPT::InitMAIT(void)
080865b0	305	_ZN9KLibOfBPT9InitMALibEv	KLibOfBPT::InitMALib(void)
080866f0	510	_ZN9KLibOfBPT25InitExtSuiteActivateCountEi	KLibOfBPT::InitExtSuiteActivateCount(int)
080868f0	502	_ZN9KLibOfBPT25ReBuildGoldEquipmentSuiteEv	KLibOfBPT::ReBuildGoldEquipmentSuite(void)
08086af0	1845	_ZN9KLibOfBPTC2Ev	KLibOfBPT::KLibOfBPT(void)
08087230	1340	_ZN9KLibOfBPTD1Ev	KLibOfBPT::~KLibOfBPT()
08087770	1340	_ZN9KLibOfBPTD2Ev	KLibOfBPT::~KLibOfBPT()
08087cb0	457	_ZN9KLibOfBPT22InitSuiteActivateCountEi	KLibOfBPT::InitSuiteActivateCount(int)
08087e80	384	_ZN9KLibOfBPT4InitEi	KLibOfBPT::Init(int)
08088000	1845	_ZN9KLibOfBPTC1Ev	KLibOfBPT::KLibOfBPT(void)
08088740	5	_ZN19KBPT_MagicAttrib_TF17ClearAllStackPropEv	KBPT_MagicAttrib_TF::ClearAllStackProp(void)
08088750	5	_ZN19KBPT_MagicAttrib_TF16SetItemStackPropEiiiiiPi	KBPT_MagicAttrib_TF::SetItemStackProp(int,int,int,int,int,int *)
08088760	39	_ZN11CEquipTableI18KBPT_Equip_PlatinaLi4EE9GetRecordEi	CEquipTable<KBPT_Equip_Platina,4>::GetRecord(int)
08088790	11	_ZN11CEquipTableI18KBPT_Equip_PlatinaLi4EE8GetCountEv	CEquipTable<KBPT_Equip_Platina,4>::GetCount(void)
080887a0	10	_ZN11CEquipTableI18KBPT_Equip_PlatinaLi4EE10GetQualityEv	CEquipTable<KBPT_Equip_Platina,4>::GetQuality(void)
080887b0	39	_ZN11CEquipTableI19KBPT_Equipment_GoldLi1EE9GetRecordEi	CEquipTable<KBPT_Equipment_Gold,1>::GetRecord(int)
080887e0	11	_ZN11CEquipTableI19KBPT_Equipment_GoldLi1EE8GetCountEv	CEquipTable<KBPT_Equipment_Gold,1>::GetCount(void)
080887f0	10	_ZN11CEquipTableI19KBPT_Equipment_GoldLi1EE10GetQualityEv	CEquipTable<KBPT_Equipment_Gold,1>::GetQuality(void)
08088800	29	_Z16g_MagicID2Stringi	g_MagicID2String(int)
08088820	37	__tcf_0_5	__tcf_0_5
08088850	85	_Z16g_String2MagicIDPc	g_String2MagicID(char *)
080888b0	27	_ZN10KMagicDesc4InitEv	KMagicDesc::Init(void)
080888d0	9	_ZN10KMagicDescD1Ev	KMagicDesc::~KMagicDesc()
080888e0	16	__tcf_1_4	__tcf_1_4
080888f0	9	_ZN10KMagicDescD2Ev	KMagicDesc::~KMagicDesc()
08088900	3210	_ZN10KMagicDescC1Ev	KMagicDesc::KMagicDesc(void)
08089590	144	_Z41__static_initialization_and_destruction_0ii_10	_Z41__static_initialization_and_destruction_0ii_10
08089620	19	_GLOBAL__I_MAGIC_ATTRIB_STRING	`global constructor keyed to'MAGIC_ATTRIB_STRING
08089640	3210	_ZN10KMagicDescC2Ev	KMagicDesc::KMagicDesc(void)
0808a2d0	2931	_ZN10KMagicDesc7GetDescEP12KMagicAttrib	KMagicDesc::GetDesc(KMagicAttrib *)
0808ae50	59	_ZNSt8_Rb_treeIPKcSt4pairIKS1_iESt10_Select1stIS4_E10less_pcstrSaIS4_EE8_M_eraseEPSt13_Rb_tree_nodeIS4_E	std::_Rb_tree<char const*,std::pair<char const* const,int>,std::_Select1st<std::pair<char const* const,int>>,less_pcstr,std::allocator<std::pair<char const* const,int>>>::_M_erase(std::_Rb_tree_node<std::pair<char const* const,int>> *)
0808ae90	82	_ZNSt8_Rb_treeIPKcSt4pairIKS1_iESt10_Select1stIS4_E10less_pcstrSaIS4_EE11lower_boundERS3_	std::_Rb_tree<char const*,std::pair<char const* const,int>,std::_Select1st<std::pair<char const* const,int>>,less_pcstr,std::allocator<std::pair<char const* const,int>>>::lower_bound(char const* const&)
0808aef0	155	_ZNSt8_Rb_treeIPKcSt4pairIKS1_iESt10_Select1stIS4_E10less_pcstrSaIS4_EE9_M_insertEPSt18_Rb_tree_node_baseSB_RKS4_	std::_Rb_tree<char const*,std::pair<char const* const,int>,std::_Select1st<std::pair<char const* const,int>>,less_pcstr,std::allocator<std::pair<char const* const,int>>>::_M_insert(std::_Rb_tree_node_base *,std::_Rb_tree_node_base *,std::pair<char const* const,int> const&)
0808af90	281	_ZNSt8_Rb_treeIPKcSt4pairIKS1_iESt10_Select1stIS4_E10less_pcstrSaIS4_EE13insert_uniqueERKS4_	std::_Rb_tree<char const*,std::pair<char const* const,int>,std::_Select1st<std::pair<char const* const,int>>,less_pcstr,std::allocator<std::pair<char const* const,int>>>::insert_unique(std::pair<char const* const,int> const&)
0808b0b0	747	_ZNSt8_Rb_treeIPKcSt4pairIKS1_iESt10_Select1stIS4_E10less_pcstrSaIS4_EE13insert_uniqueESt17_Rb_tree_iteratorIS4_ERKS4_	std::_Rb_tree<char const*,std::pair<char const* const,int>,std::_Select1st<std::pair<char const* const,int>>,less_pcstr,std::allocator<std::pair<char const* const,int>>>::insert_unique(std::_Rb_tree_iterator<std::pair<char const* const,int>>,std::pair<char const* const,int> const&)
0808b3a0	55	_Z19g_InternalDirSinCosPiii	g_InternalDirSinCos(int *,int,int)
0808b3e0	30	_Z25g_InternalIsAccrueConquerPiii	g_InternalIsAccrueConquer(int *,int,int)
0808b400	10	_Z10g_InitMathv	g_InitMath(void)
0808b410	10	_Z12g_UnInitMathv	g_UnInitMath(void)
0808b420	205	_Z12g_InitSeriesv	g_InitSeries(void)
0808b4f0	47	_Z18SetSameMissleIndexi	SetSameMissleIndex(int)
0808b520	949	_ZN7KMissle18GetInfoFromTabFileEP9KITabFilei	KMissle::GetInfoFromTabFile(KITabFile *,int)
0808b8e0	40	_ZN7KMissle18GetInfoFromTabFileEi	KMissle::GetInfoFromTabFile(int)
0808b910	10	_ZN7KMissle4InitEiiiii	KMissle::Init(int,int,int,int,int)
0808b920	5	_ZN7KMissle6OnWaitEv	KMissle::OnWait(void)
0808b930	5	_ZN7KMissle11OnCollisionEv	KMissle::OnCollision(void)
0808b940	5	_ZN7KMissle8OnVanishEv	KMissle::OnVanish(void)
0808b950	27	_ZN7KMissle5DoFlyEv	KMissle::DoFly(void)
0808b970	299	_ZN7KMissle13GetOffsetAxisEiiiiiiRiS0_S0_	KMissle::GetOffsetAxis(int,int,int,int,int,int,int &,int &,int &)
0808baa0	18	_ZN7KMissle6DoWaitEv	KMissle::DoWait(void)
0808bac0	53	__tcf_0_6	__tcf_0_6
0808bb00	156	_ZN7KMissle14GetNpcSearcherEi	KMissle::GetNpcSearcher(int)
0808bba0	87	_ZN7KMissle9GetMpsPosEPiS0_	KMissle::GetMpsPos(int *,int *)
0808bc00	226	_ZN7KMissle21CheckNearestCollisionEv	KMissle::CheckNearestCollision(void)
0808bcf0	354	_ZN7KMissleaSERS_	KMissle::operator=(KMissle&)
0808be60	110	_ZN7KMissleC1Ev	KMissle::KMissle(void)
0808bed0	88	_Z41__static_initialization_and_destruction_0ii_11	_Z41__static_initialization_and_destruction_0ii_11
0808bf30	16	_GLOBAL__I_g_CollisionMatrix	`global constructor keyed to'g_CollisionMatrix
0808bf40	118	_ZN7KMissle7ReleaseEv	KMissle::Release(void)
0808bfc0	110	_ZN7KMissleC2Ev	KMissle::KMissle(void)
0808c030	413	_ZN7KMissle14GetRelativePosERiS0_	KMissle::GetRelativePos(int &,int &)
0808c1d0	779	_ZN7KMissle17CheckBeyondRegionEii	KMissle::CheckBeyondRegion(int,int)
0808c4e0	28	_ZN7KMissleD0Ev	KMissle::~KMissle()
0808c500	24	_ZN7KMissleD1Ev	KMissle::~KMissle()
0808c520	24	_ZN7KMissleD2Ev	KMissle::~KMissle()
0808c540	295	_ZN7KMissle8DoVanishEi	KMissle::DoVanish(int)
0808c670	163	_ZN7KMissle11DoCollisionEv	KMissle::DoCollision(void)
0808c720	552	_ZN7KMissle13ProcessDamageEi	KMissle::ProcessDamage(int)
0808c950	183	_ZN7KMissle16ProcessCollisionEiiiiii	KMissle::ProcessCollision(int,int,int,int,int,int)
0808ca10	77	_ZN7KMissle16ProcessCollisionEv	KMissle::ProcessCollision(void)
0808ca60	365	_ZN7KMissle14CheckCollisionEv	KMissle::CheckCollision(void)
0808cbd0	2196	_ZN7KMissle7StepFlyEii	KMissle::StepFly(int,int)
0808d470	1134	_ZN7KMissle10PrePareFlyEv	KMissle::PrePareFly(void)
0808d8e0	1349	_ZN7KMissle5OnFlyEv	KMissle::OnFly(void)
0808de30	643	_ZN7KMissle8ActivateEv	KMissle::Activate(void)
0808e0c0	18	_ZN13KWorldMsgNodeD0Ev	KWorldMsgNode::~KWorldMsgNode()
0808e0e0	14	_ZN13KWorldMsgNodeD1Ev	KWorldMsgNode::~KWorldMsgNode()
0808e0f0	28	_ZN10KMissleSet8FindFreeEv	KMissleSet::FindFree(void)
0808e110	5	_ZN10KMissleSet4DrawEv	KMissleSet::Draw(void)
0808e120	65	_ZN10KMissleSet8GetCountEv	KMissleSet::GetCount(void)
0808e170	114	_Z41__static_initialization_and_destruction_0ii_12	_Z41__static_initialization_and_destruction_0ii_12
0808e1f0	19	_GLOBAL__I_MissleSet	`global constructor keyed to'MissleSet
0808e210	58	__tcf_0_7	__tcf_0_7
0808e250	97	_ZN10KMissleSet6RemoveEi	KMissleSet::Remove(int)
0808e2c0	77	_ZN10KMissleSet8ActivateEv	KMissleSet::Activate(void)
0808e310	308	_ZN10KMissleSet3AddEiii	KMissleSet::Add(int,int,int)
0808e450	54	_ZN10KMissleSet13CreateMissileEiiiiiiii	KMissleSet::CreateMissile(int,int,int,int,int,int,int,int)
0808e490	169	_ZN10KMissleSet3AddEiiiiii	KMissleSet::Add(int,int,int,int,int,int)
0808e540	123	_ZN10KMissleSet4InitEv	KMissleSet::Init(void)
0808e5c0	71	_ZN10KMissleSet12ClearMisslesEv	KMissleSet::ClearMissles(void)
0808e610	22	_ZN11KPackBuffer5ClearEv	KPackBuffer::Clear(void)
0808e630	118	_ZN11KPackBuffer7PopPackERj	KPackBuffer::PopPack(unsigned int &)
0808e6b0	93	_ZN19KNewProtocolProcess10SendBufferEP11KPackBuffer13KE_SERVERTYPE	KNewProtocolProcess::SendBuffer(KPackBuffer *,KE_SERVERTYPE)
0808e710	34	_ZN19KNewProtocolProcess19SendNetMsgToGateWayEv	KNewProtocolProcess::SendNetMsgToGateWay(void)
0808e740	34	_ZN19KNewProtocolProcess16SendNetMsgToTongEv	KNewProtocolProcess::SendNetMsgToTong(void)
0808e770	34	_ZN19KNewProtocolProcess16SendNetMsgToChatEv	KNewProtocolProcess::SendNetMsgToChat(void)
0808e7a0	34	_ZN19KNewProtocolProcess20SendNetMsgToTransferEv	KNewProtocolProcess::SendNetMsgToTransfer(void)
0808e7d0	58	_ZN11KPackBuffer8PushDataEPKvj	KPackBuffer::PushData(void const*,unsigned int)
0808e810	196	_ZN11KPackBuffer7RequireEj	KPackBuffer::Require(unsigned int)
0808e8e0	67	_ZN11KPackBuffer8PushPackEj	KPackBuffer::PushPack(unsigned int)
0808e930	148	_ZN11KPackBuffer9PushPack3EPKvjS1_jS1_j	KPackBuffer::PushPack3(void const*,unsigned int,void const*,unsigned int,void const*,unsigned int)
0808e9d0	123	_ZN19KNewProtocolProcess15BroadcastGlobalEPKvj	KNewProtocolProcess::BroadcastGlobal(void const*,unsigned int)
0808ea50	123	_ZN11KPackBuffer9PushPack2EPKvjS1_j	KPackBuffer::PushPack2(void const*,unsigned int,void const*,unsigned int)
0808ead0	101	_ZN19KNewProtocolProcess13SendRelayDataEPKvj	KNewProtocolProcess::SendRelayData(void const*,unsigned int)
0808eb40	83	_ZN11KPackBuffer8PushPackEPKvj	KPackBuffer::PushPack(void const*,unsigned int)
0808eba0	34	_ZN19KNewProtocolProcess13PushMsgInTongEPKvj	KNewProtocolProcess::PushMsgInTong(void const*,unsigned int)
0808ebd0	34	_ZN19KNewProtocolProcess13PushMsgInChatEPKvj	KNewProtocolProcess::PushMsgInChat(void const*,unsigned int)
0808ec00	34	_ZN19KNewProtocolProcess17PushMsgInTransferEPKvj	KNewProtocolProcess::PushMsgInTransfer(void const*,unsigned int)
0808ec30	34	_ZN19KNewProtocolProcess16PushMsgInGateWayEPKvj	KNewProtocolProcess::PushMsgInGateWay(void const*,unsigned int)
0808ec60	50	_ZN11KPackBufferD1Ev	KPackBuffer::~KPackBuffer()
0808eca0	50	_ZN11KPackBufferD2Ev	KPackBuffer::~KPackBuffer()
0808ece0	85	_ZN11KPackBufferC1Ej	KPackBuffer::KPackBuffer(unsigned int)
0808ed40	85	_ZN11KPackBufferC2Ej	KPackBuffer::KPackBuffer(unsigned int)
0808eda0	182	_ZN19KNewProtocolProcess25P_ProcessKillerCreateTaskEmmiPhi	KNewProtocolProcess::P_ProcessKillerCreateTask(unsigned long,unsigned long,int,unsigned char *,int)
0808ee60	444	_ZN19KNewProtocolProcess22P_ProcessKillerWiseManEmmiPhi	KNewProtocolProcess::P_ProcessKillerWiseMan(unsigned long,unsigned long,int,unsigned char *,int)
0808f020	103	_ZN19KNewProtocolProcess19P_ProcessChatExtendEmmiPhi	KNewProtocolProcess::P_ProcessChatExtend(unsigned long,unsigned long,int,unsigned char *,int)
0808f090	97	_ZN19KNewProtocolProcess25P_ProcessPlayerCommExtendEmmiPhi	KNewProtocolProcess::P_ProcessPlayerCommExtend(unsigned long,unsigned long,int,unsigned char *,int)
0808f100	89	_ZN19KNewProtocolProcess20BroadcastLocalServerEPKvj	KNewProtocolProcess::BroadcastLocalServer(void const*,unsigned int)
0808f160	83	_ZN19KNewProtocolProcessD2Ev	KNewProtocolProcess::~KNewProtocolProcess()
0808f1c0	83	_ZN19KNewProtocolProcessD1Ev	KNewProtocolProcess::~KNewProtocolProcess()
0808f220	16	__tcf_0_8	__tcf_0_8
0808f230	152	_ZN19KNewProtocolProcess13ProcessNetMsgEmmiPhi	KNewProtocolProcess::ProcessNetMsg(unsigned long,unsigned long,int,unsigned char *,int)
0808f2d0	1388	_ZN19KNewProtocolProcessC1Ev	KNewProtocolProcess::KNewProtocolProcess(void)
0808f840	66	_Z41__static_initialization_and_destruction_0ii_13	_Z41__static_initialization_and_destruction_0ii_13
0808f890	16	_GLOBAL__I_g_NewProtocolProcess	`global constructor keyed to'g_NewProtocolProcess
0808f8a0	1388	_ZN19KNewProtocolProcessC2Ev	KNewProtocolProcess::KNewProtocolProcess(void)
0808fe10	63	_ZNSt8_Rb_treeItSt4pairIKtPFvmmiPhiEESt10_Select1stIS5_ESt4lessItESaIS5_EE11lower_boundERS1_	std::_Rb_tree<unsigned short,std::pair<unsigned short const,void (*)(unsigned long,unsigned long,int,unsigned char *,int)>,std::_Select1st<std::pair<unsigned short const,void (*)(unsigned long,unsigned long,int,unsigned char *,int)>>,std::less<unsigned short>,std::allocator<std::pair<unsigned short const,void (*)(unsigned long,unsigned long,int,unsigned char *,int)>>>::lower_bound(unsigned short const&)
0808fe50	154	_ZNSt8_Rb_treeItSt4pairIKtPFvmmiPhiEESt10_Select1stIS5_ESt4lessItESaIS5_EE9_M_insertEPSt18_Rb_tree_node_baseSD_RKS5_	std::_Rb_tree<unsigned short,std::pair<unsigned short const,void (*)(unsigned long,unsigned long,int,unsigned char *,int)>,std::_Select1st<std::pair<unsigned short const,void (*)(unsigned long,unsigned long,int,unsigned char *,int)>>,std::less<unsigned short>,std::allocator<std::pair<unsigned short const,void (*)(unsigned long,unsigned long,int,unsigned char *,int)>>>::_M_insert(std::_Rb_tree_node_base *,std::_Rb_tree_node_base *,std::pair<unsigned short const,void (*)(unsigned long,unsigned long,int,unsigned char *,int)> const&)
0808fef0	59	_ZNSt8_Rb_treeItSt4pairIKtPFvmmiPhiEESt10_Select1stIS5_ESt4lessItESaIS5_EE8_M_eraseEPSt13_Rb_tree_nodeIS5_E	std::_Rb_tree<unsigned short,std::pair<unsigned short const,void (*)(unsigned long,unsigned long,int,unsigned char *,int)>,std::_Select1st<std::pair<unsigned short const,void (*)(unsigned long,unsigned long,int,unsigned char *,int)>>,std::less<unsigned short>,std::allocator<std::pair<unsigned short const,void (*)(unsigned long,unsigned long,int,unsigned char *,int)>>>::_M_erase(std::_Rb_tree_node<std::pair<unsigned short const,void (*)(unsigned long,unsigned long,int,unsigned char *,int)>> *)
0808ff30	241	_ZNSt8_Rb_treeItSt4pairIKtPFvmmiPhiEESt10_Select1stIS5_ESt4lessItESaIS5_EE13insert_uniqueERKS5_	std::_Rb_tree<unsigned short,std::pair<unsigned short const,void (*)(unsigned long,unsigned long,int,unsigned char *,int)>,std::_Select1st<std::pair<unsigned short const,void (*)(unsigned long,unsigned long,int,unsigned char *,int)>>,std::less<unsigned short>,std::allocator<std::pair<unsigned short const,void (*)(unsigned long,unsigned long,int,unsigned char *,int)>>>::insert_unique(std::pair<unsigned short const,void (*)(unsigned long,unsigned long,int,unsigned char *,int)> const&)
08090030	595	_ZNSt8_Rb_treeItSt4pairIKtPFvmmiPhiEESt10_Select1stIS5_ESt4lessItESaIS5_EE13insert_uniqueESt17_Rb_tree_iteratorIS5_ERKS5_	std::_Rb_tree<unsigned short,std::pair<unsigned short const,void (*)(unsigned long,unsigned long,int,unsigned char *,int)>,std::_Select1st<std::pair<unsigned short const,void (*)(unsigned long,unsigned long,int,unsigned char *,int)>>,std::less<unsigned short>,std::allocator<std::pair<unsigned short const,void (*)(unsigned long,unsigned long,int,unsigned char *,int)>>>::insert_unique(std::_Rb_tree_iterator<std::pair<unsigned short const,void (*)(unsigned long,unsigned long,int,unsigned char *,int)>>,std::pair<unsigned short const,void (*)(unsigned long,unsigned long,int,unsigned char *,int)> const&)
08090290	14	_ZN4KNpc14GetCurrentCampEv	KNpc::GetCurrentCamp(void)
080902a0	5	_ZN4KNpc9OnDefenseEv	KNpc::OnDefense(void)
080902b0	5	_ZN4KNpc6OnIdleEv	KNpc::OnIdle(void)
080902c0	5	_ZN4KNpc10DoSpecial2Ev	KNpc::DoSpecial2(void)
080902d0	5	_ZN4KNpc10DoSpecial3Ev	KNpc::DoSpecial3(void)
080902e0	5	_ZN4KNpc10OnSpecial3Ev	KNpc::OnSpecial3(void)
080902f0	5	_ZN4KNpc10DoSpecial4Ev	KNpc::DoSpecial4(void)
08090300	5	_ZN4KNpc10OnSpecial4Ev	KNpc::OnSpecial4(void)
08090310	5	_ZN4KNpc12OnPlayerTalkEv	KNpc::OnPlayerTalk(void)
08090320	51	_ZN4KNpc10CalcCurResEii	KNpc::CalcCurRes(int,int)
08090360	24	_ZN4KNpc12GetPlayerIdxEv	KNpc::GetPlayerIdx(void)
08090380	78	_ZN4KNpc11SendCommandE6NPCCMDiii	KNpc::SendCommand(NPCCMD,int,int,int)
080903d0	31	_ZN4KNpc7NewPathEii	KNpc::NewPath(int,int)
080903f0	105	_ZN4KNpc4CostE9NPCATTRIBii	KNpc::Cost(NPCATTRIB,int,int)
08090460	47	_ZN4KNpc12WaitForFrameEv	KNpc::WaitForFrame(void)
08090490	43	_ZN4KNpc5OnSitEv	KNpc::OnSit(void)
080904c0	9	_ZN4KNpc7OnStandEv	KNpc::OnStand(void)
080904d0	48	_ZN4KNpc12IsReachFrameEi	KNpc::IsReachFrame(int)
08090500	45	_ZN4KNpc12SetPlayerIdxEi	KNpc::SetPlayerIdx(int)
08090530	17	_ZN4KNpc14AddBaseLifeMaxEi	KNpc::AddBaseLifeMax(int)
08090550	77	_ZN4KNpc17AddBaseStaminaMaxEi	KNpc::AddBaseStaminaMax(int)
080905a0	17	_ZN4KNpc14AddBaseManaMaxEi	KNpc::AddBaseManaMax(int)
080905c0	21	_ZN4KNpc9SetSeriesEi	KNpc::SetSeries(int)
080905e0	93	_ZN4KNpc19GetStateSkillEffectEiRiS0_S0_S0_	KNpc::GetStateSkillEffect(int,int &,int &,int &,int &)
08090640	33	_ZN4KNpc17ModifyMissleSpeedEi	KNpc::ModifyMissleSpeed(int)
08090670	29	_ZN4KNpc11SetPortraitEi	KNpc::SetPortrait(int)
08090690	23	_ZN4KNpc14IsCommandExistE6NPCCMD	KNpc::IsCommandExist(NPCCMD)
080906b0	26	_ZN4KNpc16SetPhysicsDamageEii	KNpc::SetPhysicsDamage(int,int)
080906d0	23	_ZN4KNpc19SetBaseAttackRatingEi	KNpc::SetBaseAttackRating(int)
080906f0	23	_ZN4KNpc14SetBaseDefenceEi	KNpc::SetBaseDefence(int)
08090710	5	_ZN4KNpc15RestoreLiveDataEv	KNpc::RestoreLiveData(void)
08090720	120	_ZN4KNpc9TranslateEPiS0_	KNpc::Translate(int *,int *)
080907a0	94	_ZN4KNpc20ClearSomeMagicAttribEv	KNpc::ClearSomeMagicAttrib(void)
08090800	63	_ZN4KNpc22RestoreSomeMagicAttribEv	KNpc::RestoreSomeMagicAttrib(void)
08090840	35	_ZN4KNpc23SetNpcSiegeVoitureParamEm	KNpc::SetNpcSiegeVoitureParam(unsigned long)
08090870	70	_ZN4KNpc19SetNpcMangonelParamEiii	KNpc::SetNpcMangonelParam(int,int,int)
080908c0	22	_ZN4KNpc16IsFeatureChangedEv	KNpc::IsFeatureChanged(void)
080908e0	53	_ZN4KNpc10IsHide4NpcEi	KNpc::IsHide4Npc(int)
08090920	122	_ZN4KNpc12AddStateInfoEii	KNpc::AddStateInfo(int,int)
080909a0	86	_ZNK4KNpc17AppendMagicAttribEiP12KMagicAttribi	KNpc::AppendMagicAttrib(int,KMagicAttrib *,int)const
08090a00	43	_ZNK4KNpc20ModifyMissleMissRateEii	KNpc::ModifyMissleMissRate(int,int)const
08090a30	107	_ZN4KNpc12GetMaxResistEiPPi	KNpc::GetMaxResist(int,int **)
08090aa0	53	_ZN4KNpc12GetMaxResistEi	KNpc::GetMaxResist(int)
08090ae0	75	_ZN4KNpc12SetMaxResistEii	KNpc::SetMaxResist(int,int)
08090b30	58	_ZN4KNpc17ClearSkillEnhanceEii	KNpc::ClearSkillEnhance(int,int)
08090b70	97	_ZN4KNpc14SyncNetCommandE6NPCCMDiiii	KNpc::SyncNetCommand(NPCCMD,int,int,int,int)
08090be0	67	_ZN4KNpc10SyncNotifyEP7KPlayer	KNpc::SyncNotify(KPlayer *)
08090c30	64	_ZN4KNpc13ClearNpcStateEv	KNpc::ClearNpcState(void)
08090c70	114	_ZN4KNpc13SyncProcessAIEi	KNpc::SyncProcessAI(int)
08090cf0	49	_ZN4KNpc14ClearProcessAIEv	KNpc::ClearProcessAI(void)
08090d30	9	_ZN4KNpc9DoDefenseEv	KNpc::DoDefense(void)
08090d40	46	_ZN4KNpc12SetProcessAIEv	KNpc::SetProcessAI(void)
08090d70	91	_ZN4KNpc13SyncCastStateEP21tagNPC_SYNC_STATEINFO	KNpc::SyncCastState(tagNPC_SYNC_STATEINFO *)
08090dd0	66	_ZN4KNpc13SyncCastStateEv	KNpc::SyncCastState(void)
08090e20	53	_ZN4KNpc15GetNpcPowerTypeEv	KNpc::GetNpcPowerType(void)
08090e60	258	_ZN4KNpc16ClearNormalStateEv	KNpc::ClearNormalState(void)
08090f70	116	_ZN4KNpc18TobeExchangeServerEmii	KNpc::TobeExchangeServer(unsigned long,int,int)
08090ff0	279	_ZN4KNpc12BroadCastMsgEPvj	KNpc::BroadCastMsg(void *,unsigned int)
08091110	50	_ZN4KNpc15BroadCastRankIdEv	KNpc::BroadCastRankId(void)
08091150	489	_ZN4KNpc14BroadCastStateEv	KNpc::BroadCastState(void)
08091340	160	_ZN4KNpc14SearchAroundIDEm	KNpc::SearchAroundID(unsigned long)
080913e0	176	_ZN4KNpc17CheckPlayerAroundEi	KNpc::CheckPlayerAround(int)
08091490	420	_ZN4KNpc20SendDataToNearRegionEPvmii	KNpc::SendDataToNearRegion(void *,unsigned long,int,int)
08091640	89	_ZN4KNpc19BroadCastNetCommandE6NPCCMDiiii	KNpc::BroadCastNetCommand(NPCCMD,int,int,int,int)
080916a0	311	_ZN4KNpc15SyncFeatureDataEP7KPlayer	KNpc::SyncFeatureData(KPlayer *)
080917e0	541	_ZN4KNpc6SetPosEiii	KNpc::SetPos(int,int,int)
08091a00	105	_ZN4KNpc11SyncTmpCampEP7KPlayer	KNpc::SyncTmpCamp(KPlayer *)
08091a70	28	_ZN4KNpc10SetTmpCampEm	KNpc::SetTmpCamp(unsigned long)
08091a90	144	_ZN4KNpc14SetCurrentCampEi	KNpc::SetCurrentCamp(int)
08091b20	29	_ZN4KNpc18RestoreCurrentCampEv	KNpc::RestoreCurrentCamp(void)
08091b40	80	_ZN4KNpc9GetNameIDEv	KNpc::GetNameID(void)
08091b90	115	_ZN4KNpc15ModifyAllMaxResEii	KNpc::ModifyAllMaxRes(int,int)
08091c10	476	_ZN4KNpc14AddPoisonStateEiiii	KNpc::AddPoisonState(int,int,int,int)
08091df0	207	_ZN4KNpc10SyncNotifyEv	KNpc::SyncNotify(void)
08091ec0	832	_ZN4KNpc10SyncPlayerEP7KPlayer	KNpc::SyncPlayer(KPlayer *)
08092200	1001	_ZN4KNpc7MovePosEii	KNpc::MovePos(int,int)
080925f0	488	_ZN4KNpc23CalcPhysicsAttribDamageEPK12KMagicAttribPS0_ii	KNpc::CalcPhysicsAttribDamage(KMagicAttrib const*,KMagicAttrib*,int,int)
080927e0	41	_ZN4KNpc16GetEngergyDamageEv	KNpc::GetEngergyDamage(void)
08092810	321	_ZN4KNpc20CalcColdAttribDamageEPK12KMagicAttribPS0_ii	KNpc::CalcColdAttribDamage(KMagicAttrib const*,KMagicAttrib*,int,int)
08092960	299	_ZN4KNpc21CalcLightAttribDamageEPK12KMagicAttribPS0_ii	KNpc::CalcLightAttribDamage(KMagicAttrib const*,KMagicAttrib*,int,int)
08092a90	374	_ZN4KNpc22CalcPoisonAttribDamageEPK12KMagicAttribPS0_ii	KNpc::CalcPoisonAttribDamage(KMagicAttrib const*,KMagicAttrib*,int,int)
08092c10	287	_ZN4KNpc20CalcFireAttribDamageEPK12KMagicAttribPS0_ii	KNpc::CalcFireAttribDamage(KMagicAttrib const*,KMagicAttrib*,int,int)
08092d30	955	_ZN4KNpc17AppendSkillEffectEiiPK12KMagicAttribPvi	KNpc::AppendSkillEffect(int,int,KMagicAttrib const*,void *,int)
080930f0	80	_ZN4KNpc12ModifyAttribEiP12KMagicAttribi	KNpc::ModifyAttrib(int,KMagicAttrib *,int)
08093140	414	_ZN4KNpc22RemoveStateSkillEffectEii	KNpc::RemoveStateSkillEffect(int,int)
080932e0	80	_ZN4KNpc25SetImmediatelySkillEffectEiPK12KMagicAttribi	KNpc::SetImmediatelySkillEffect(int,KMagicAttrib const*,int)
08093330	161	_ZN4KNpc12DoPlayerTalkEPc	KNpc::DoPlayerTalk(char *)
080933e0	360	_ZN4KNpc23ExecuteScriptWithValistEmPKciS1_Pc	KNpc::ExecuteScriptWithValist(unsigned long,char const*,int,char const*,char *)
08093550	361	_ZN4KNpc13ExecuteScriptEmPKcij	KNpc::ExecuteScript(unsigned long,char const*,int,unsigned int)
080936c0	109	_ZN4KNpc13ExecuteScriptEPKcS1_ij	KNpc::ExecuteScript(char const*,char const*,int,unsigned int)
08093730	57	_ZN4KNpc13ExecuteScriptEmPKciS1_z	KNpc::ExecuteScript(unsigned long,char const*,int,char const*,...)
08093770	291	_ZN4KNpc9CheckTrapEv	KNpc::CheckTrap(void)
080938a0	1988	_ZN4KNpc4InitEv	KNpc::Init(void)
08094070	120	_ZN4KNpc6RemoveEv	KNpc::Remove(void)
080940f0	144	_ZN4KNpc7SetCampEi	KNpc::SetCamp(int)
08094180	32	_ZN4KNpc11GetMyPlayerEv	KNpc::GetMyPlayer(void)
080941a0	140	_ZN4KNpc23GetCurActiveWeaponSkillEv	KNpc::GetCurActiveWeaponSkill(void)
08094230	241	_ZN4KNpc12SetFightModeEi	KNpc::SetFightMode(int)
08094330	74	_ZN4KNpc10RankIdSyncEv	KNpc::RankIdSync(void)
08094380	8	_ZN4KNpc20ModifyMissleLifeTimeEi	KNpc::ModifyMissleLifeTime(int)
08094390	81	_ZN4KNpc15BroadCastReviveEi	KNpc::BroadCastRevive(int)
080943f0	149	_ZN4KNpc17SyncNoChangeSpeedEv	KNpc::SyncNoChangeSpeed(void)
08094490	176	_ZN4KNpc14SyncAttributesEP7KPlayer	KNpc::SyncAttributes(KPlayer *)
08094540	208	_ZN4KNpc17ReCalcStateEffectEv	KNpc::ReCalcStateEffect(void)
08094610	297	_ZN4KNpc14SyncAttributesEv	KNpc::SyncAttributes(void)
08094740	27	_ZN4KNpc13AddCurManaMaxEi	KNpc::AddCurManaMax(int)
08094760	78	_ZN4KNpc16AddCurStaminaMaxEi	KNpc::AddCurStaminaMax(int)
080947b0	27	_ZN4KNpc13AddCurLifeMaxEi	KNpc::AddCurLifeMax(int)
080947d0	101	_ZN4KNpc14ClearHideStateEv	KNpc::ClearHideState(void)
08094840	118	_ZN4KNpc12SetRideHorseEi	KNpc::SetRideHorse(int)
080948c0	891	_ZN4KNpc16DeathCalcPKValueEiiRi	KNpc::DeathCalcPKValue(int,int,int &)
08094c40	1391	_Z14gGenRandomItemiP13KItemDropRateiii	gGenRandomItem(int,KItemDropRate *,int,int,int)
080951b0	183	_ZN4KNpc14CheckHitTargetEiii	KNpc::CheckHitTarget(int,int,int)
08095270	54	_ZN4KNpc20ModifyMissleCollsionEi	KNpc::ModifyMissleCollsion(int)
080952b0	2033	_ZN4KNpc25ResetAttribWithoutEnhanceEi	KNpc::ResetAttribWithoutEnhance(int)
08095ab0	1494	_ZN4KNpcC1Ev	KNpc::KNpc(void)
08096090	1494	_ZN4KNpcC2Ev	KNpc::KNpc(void)
08096670	632	_ZN4KNpc22ChangeFeature_DisguiseEN11KNpcFeature16FEATURE_PRIORITYEN10KStateNode15STATE_TIME_TYPEEiiiiiii	KNpc::ChangeFeature_Disguise(KNpcFeature::FEATURE_PRIORITY,KStateNode::STATE_TIME_TYPE,int,int,int,int,int,int,int)
080968f0	138	_ZN4KNpc13ChangeFeatureEP11KNpcFeature	KNpc::ChangeFeature(KNpcFeature *)
08096980	541	_ZN4KNpc14RestoreFeatureEi	KNpc::RestoreFeature(int)
08096ba0	198	_ZN4KNpc8DoAttackEv	KNpc::DoAttack(void)
08096c70	80	_ZN4KNpc6DoIdleEv	KNpc::DoIdle(void)
08096cc0	179	_ZN4KNpc5DoSitEv	KNpc::DoSit(void)
08096d80	243	_ZN4KNpc6DoJumpEv	KNpc::DoJump(void)
08096e80	182	_ZN4KNpc7DoMagicEv	KNpc::DoMagic(void)
08096f40	209	_ZN4KNpc6DoWalkEv	KNpc::DoWalk(void)
08097020	61	_ZN4KNpc4GotoEii	KNpc::Goto(int,int)
08097060	328	_ZN4KNpc5DoRunEv	KNpc::DoRun(void)
080971b0	61	_ZN4KNpc5RunToEii	KNpc::RunTo(int,int)
080971f0	623	_Z35g_LoseSingleItemFromSpecifyDropRateiiP13KItemDropRateiii	g_LoseSingleItemFromSpecifyDropRate(int,int,KItemDropRate *,int,int,int)
08097460	794	_ZN4KNpc14LoseSingleItemEii	KNpc::LoseSingleItem(int,int)
08097780	490	_ZN4KNpc9LoseMoneyEi	KNpc::LoseMoney(int)
08097970	1207	_ZN4KNpc23TeamShareItemModePunishEii	KNpc::TeamShareItemModePunish(int,int)
08097e30	420	_ZN4KNpc9LoseMoneyEii	KNpc::LoseMoney(int,int)
08097fe0	338	_ZN4KNpc24PlayerDeadCreateMoneyObjEi	KNpc::PlayerDeadCreateMoneyObj(int)
08098140	2282	_ZN4KNpc11DeathPunishEiii	KNpc::DeathPunish(int,int,int)
08098a30	190	_ZN4KNpc16SyncNpcMinPlayerEP7KPlayer	KNpc::SyncNpcMinPlayer(KPlayer *)
08098af0	1390	_ZN4KNpc10NormalSyncEP7KPlayer	KNpc::NormalSync(KPlayer *)
08099060	517	_ZN4KNpc6TurnToEi	KNpc::TurnTo(int)
08099270	565	_ZN4KNpc6DoHurtEi	KNpc::DoHurt(int)
080994b0	942	_ZN4KNpc12SendSyncDataEP7KPlayer	KNpc::SendSyncData(KPlayer *)
08099860	146	_ZN4KNpc7SetHideEi	KNpc::SetHide(int)
08099900	633	_ZN4KNpc11TestMovePosERiS0_S0_i	KNpc::TestMovePos(int &,int &,int &,int)
08099b80	888	_ZN4KNpc11DoKnockBackEiii	KNpc::DoKnockBack(int,int,int)
08099f00	197	_ZN4KNpc10OnRandMoveEv	KNpc::OnRandMove(void)
08099fd0	502	_ZN4KNpc7NewJumpEii	KNpc::NewJump(int,int)
0809a1d0	90	_ZN4KNpc6JumpToEii	KNpc::JumpTo(int,int)
0809a230	267	_ZN4KNpc9ServeJumpEv	KNpc::ServeJump(void)
0809a340	227	_ZN4KNpc7DoStandEv	KNpc::DoStand(void)
0809a430	223	_ZN4KNpc11OnKnockBackEv	KNpc::OnKnockBack(void)
0809a510	2538	_ZN4KNpc11ChangeWorldEmii	KNpc::ChangeWorld(unsigned long,int,int)
0809af00	276	_ZN4KNpc12DoJumpAttackEv	KNpc::DoJumpAttack(void)
0809b020	307	_ZN4KNpc7SyncPosEP7KPlayeri	KNpc::SyncPos(KPlayer *,int)
0809b160	61	_ZN4KNpc6OnJumpEv	KNpc::OnJump(void)
0809b1a0	89	_ZN4KNpc9OnMovePosEv	KNpc::OnMovePos(void)
0809b200	626	_ZN4KNpc9ServeMoveEi	KNpc::ServeMove(int)
0809b480	76	_ZN4KNpc6OnWalkEv	KNpc::OnWalk(void)
0809b4d0	192	_ZN4KNpc5OnRunEv	KNpc::OnRun(void)
0809b590	195	_ZN4KNpc6OnHurtEv	KNpc::OnHurt(void)
0809b660	191	_ZN4KNpc15SyncSkillFailedEi	KNpc::SyncSkillFailed(int)
0809b720	222	_ZN4KNpc20SetNextSkillCastTimeEii	KNpc::SetNextSkillCastTime(int,int)
0809b800	117	_ZN4KNpc14GetActiveSkillEv	KNpc::GetActiveSkill(void)
0809b880	312	_ZN4KNpc11OnRunAttackEv	KNpc::OnRunAttack(void)
0809b9c0	323	_ZN4KNpc11DoRunAttackEv	KNpc::DoRunAttack(void)
0809bb10	306	_ZN4KNpc12DoManyAttackEv	KNpc::DoManyAttack(void)
0809bc50	343	_ZN4KNpc9DoMovePosEv	KNpc::DoMovePos(void)
0809bdb0	276	_ZN4KNpc7OnSkillEv	KNpc::OnSkill(void)
0809bed0	206	_ZN4KNpc12DoBlurAttackEv	KNpc::DoBlurAttack(void)
0809bfa0	447	_ZN4KNpc14CastMeleeSkillEP6KSkill	KNpc::CastMeleeSkill(KSkill *)
0809c160	431	_ZN4KNpc12DoOrdinSkillEP6KSkillii	KNpc::DoOrdinSkill(KSkill *,int,int)
0809c310	9	_ZN4KNpc10DoSpecial1Ev	KNpc::DoSpecial1(void)
0809c320	693	_ZN4KNpc7DoSkillEii	KNpc::DoSkill(int,int)
0809c5e0	149	_ZN4KNpc10OnSpecial2Ev	KNpc::OnSpecial2(void)
0809c680	227	_ZN4KNpc12OnManyAttackEv	KNpc::OnManyAttack(void)
0809c770	268	_ZN4KNpc12SetAuraSkillEi	KNpc::SetAuraSkill(int)
0809c880	192	_ZN4KNpc14SetActiveSkillEi	KNpc::SetActiveSkill(int)
0809c940	412	_ZN4KNpc11ProcCommandEi	KNpc::ProcCommand(int)
0809cae0	272	_ZN4KNpc10OnSpecial1Ev	KNpc::OnSpecial1(void)
0809cbf0	472	_ZN4KNpc15AddSkillEnhanceEiiiiiR12KMagicAttrib	KNpc::AddSkillEnhance(int,int,int,int,int,KMagicAttrib &)
0809cdd0	646	_ZN4KNpc21ClearStateSkillEffectEiiii	KNpc::ClearStateSkillEffect(int,int,int,int)
0809d060	1807	_ZN4KNpc18RestoreNpcBaseInfoEv	KNpc::RestoreNpcBaseInfo(void)
0809d770	851	_ZN4KNpc8DoReviveEv	KNpc::DoRevive(void)
0809dad0	968	_ZN4KNpc14OnDeathProcessEv	KNpc::OnDeathProcess(void)
0809dea0	73	_ZN4KNpc7OnDeathEv	KNpc::OnDeath(void)
0809def0	1392	_ZN4KNpc7DoDeathEii	KNpc::DoDeath(int,int)
0809e460	805	_ZN4KNpc11KilledByNpcEi	KNpc::KilledByNpc(int)
0809e790	2693	_ZN4KNpc10CalcDamageEiii11DAMAGE_TYPEiP21NPC_CALC_DAMAGE_PARAMPiii	KNpc::CalcDamage(int,int,int,DAMAGE_TYPE,int,NPC_CALC_DAMAGE_PARAM *,int *,int,int)
0809f220	308	_ZN4KNpc18UpdateNpcStateInfoEv	KNpc::UpdateNpcStateInfo(void)
0809f360	311	_ZN4KNpc14AppendBossPropEv	KNpc::AppendBossProp(void)
0809f4a0	582	_ZN4KNpc8CastAuraEii	KNpc::CastAura(int,int)
0809f6f0	2276	_ZN4KNpc12ProcessStateEv	KNpc::ProcessState(void)
0809ffe0	1231	_ZN4KNpc20LoadDataFromTemplateEiii	KNpc::LoadDataFromTemplate(int,int,int)
080a04b0	2187	_ZN4KNpc22GetNpcCopyFromTemplateEiii	KNpc::GetNpcCopyFromTemplate(int,int,int)
080a0d40	204	_ZN4KNpc4LoadEiii	KNpc::Load(int,int,int)
080a0e10	868	_ZN4KNpc6ReviveEv	KNpc::Revive(void)
080a1180	47	_ZN4KNpc8OnReviveEv	KNpc::OnRevive(void)
080a11b0	3099	_ZN4KNpc19SetStateSkillEffectEiiiPK12KMagicAttribiiiiiii	KNpc::SetStateSkillEffect(int,int,int,KMagicAttrib const*,int,int,int,int,int,int,int)
080a1dd0	4158	_ZN4KNpc13ReceiveDamageEiiiPvii12NPC_RELATIONi	KNpc::ReceiveDamage(int,int,int,void *,int,int,NPC_RELATION,int)
080a2e10	434	_ZN4KNpc12OnJumpAttackEv	KNpc::OnJumpAttack(void)
080a2fd0	333	_ZN4KNpc10ProcStatusEv	KNpc::ProcStatus(void)
080a3120	386	_ZN4KNpc8ActivateEv	KNpc::Activate(void)
080a32b0	122	_ZNKSt8_Rb_treeIN8KTongWar8KTONGWARES1_St9_IdentityIS1_ENS0_12less_tongwarESaIS1_EE4findERKS1_	std::_Rb_tree<KTongWar::KTONGWAR,KTongWar::KTONGWAR,std::_Identity<KTongWar::KTONGWAR>,KTongWar::less_tongwar,std::allocator<KTongWar::KTONGWAR>>::find(KTongWar::KTONGWAR const&)const
080a3330	59	_ZNSt8_Rb_treeIiSt4pairIKi18TSkillAdditionInfoESt10_Select1stIS3_ESt4lessIiESaIS3_EE8_M_eraseEPSt13_Rb_tree_nodeIS3_E	std::_Rb_tree<int,std::pair<int const,TSkillAdditionInfo>,std::_Select1st<std::pair<int const,TSkillAdditionInfo>>,std::less<int>,std::allocator<std::pair<int const,TSkillAdditionInfo>>>::_M_erase(std::_Rb_tree_node<std::pair<int const,TSkillAdditionInfo>> *)
080a3370	59	_ZNSt8_Rb_treeIiSt4pairIKimESt10_Select1stIS2_ESt4lessIiESaIS2_EE8_M_eraseEPSt13_Rb_tree_nodeIS2_E	std::_Rb_tree<int,std::pair<int const,unsigned long>,std::_Select1st<std::pair<int const,unsigned long>>,std::less<int>,std::allocator<std::pair<int const,unsigned long>>>::_M_erase(std::_Rb_tree_node<std::pair<int const,unsigned long>> *)
080a33b0	85	_ZNSt8_Rb_treeIiSt4pairIKi17KOneAutoCastSkillESt10_Select1stIS3_ESt4lessIiESaIS3_EE8_M_eraseEPSt13_Rb_tree_nodeIS3_E	std::_Rb_tree<int,std::pair<int const,KOneAutoCastSkill>,std::_Select1st<std::pair<int const,KOneAutoCastSkill>>,std::less<int>,std::allocator<std::pair<int const,KOneAutoCastSkill>>>::_M_erase(std::_Rb_tree_node<std::pair<int const,KOneAutoCastSkill>> *)
080a3410	285	_ZNSt8_Rb_treeIiSt4pairIKi18TSkillAdditionInfoESt10_Select1stIS3_ESt4lessIiESaIS3_EE7_M_copyEPKSt13_Rb_tree_nodeIS3_EPSB_	std::_Rb_tree<int,std::pair<int const,TSkillAdditionInfo>,std::_Select1st<std::pair<int const,TSkillAdditionInfo>>,std::less<int>,std::allocator<std::pair<int const,TSkillAdditionInfo>>>::_M_copy(std::_Rb_tree_node<std::pair<int const,TSkillAdditionInfo>> const*,std::_Rb_tree_node<std::pair<int const,TSkillAdditionInfo>>*)
080a3530	130	_ZNSt8_Rb_treeIiSt4pairIKi18TSkillAdditionInfoESt10_Select1stIS3_ESt4lessIiESaIS3_EEaSERKS9_	std::_Rb_tree<int,std::pair<int const,TSkillAdditionInfo>,std::_Select1st<std::pair<int const,TSkillAdditionInfo>>,std::less<int>,std::allocator<std::pair<int const,TSkillAdditionInfo>>>::operator=(std::_Rb_tree<int,std::pair<int const,TSkillAdditionInfo>,std::_Select1st<std::pair<int const,TSkillAdditionInfo>>,std::less<int>,std::allocator<std::pair<int const,TSkillAdditionInfo>>> const&)
080a35c0	18	_ZN10KStateNodeD0Ev	KStateNode::~KStateNode()
080a35e0	14	_ZN10KStateNodeD1Ev	KStateNode::~KStateNode()
080a35f0	21	_ZN6KNpcAIC2Ev	KNpcAI::KNpcAI(void)
080a3610	21	_ZN6KNpcAIC1Ev	KNpcAI::KNpcAI(void)
080a3630	5	_ZN6KNpcAI4InitEv	KNpcAI::Init(void)
080a3640	206	_ZN6KNpcAI17CheckAttackTargetEv	KNpcAI::CheckAttackTarget(void)
080a3710	5	__tcf_0_9	__tcf_0_9
080a3720	66	_Z41__static_initialization_and_destruction_0ii_14	_Z41__static_initialization_and_destruction_0ii_14
080a3770	16	_GLOBAL__I_NpcAI	`global constructor keyed to'NpcAI
080a3780	1193	_ZN6KNpcAI15GetNearestNpcExEiPii	KNpcAI::GetNearestNpcEx(int,int *,int)
080a3c30	587	_ZN6KNpcAI12GetNpcNumberEi	KNpcAI::GetNpcNumber(int)
080a3e80	1110	_ZN6KNpcAI13GetNearestNpcEiPii	KNpcAI::GetNearestNpc(int,int *,int)
080a42e0	1067	_ZN6KNpcAI17GetNextNearestNpcEii	KNpcAI::GetNextNearestNpc(int,int)
080a4710	1003	_ZN6KNpcAI13GetNearestNpcEi	KNpcAI::GetNearestNpc(int)
080a4b00	117	_ZN6KNpcAI12GetRandomNpcEi	KNpcAI::GetRandomNpc(int)
080a4b80	1231	_ZN6KNpcAI13GetPoorestNpcEi	KNpcAI::GetPoorestNpc(int)
080a5050	1595	_ZN6KNpcAI13GetPoorestNpcEiPii	KNpcAI::GetPoorestNpc(int,int *,int)
080a5690	1137	_ZN6KNpcAI16GetRandNpcByListEi	KNpcAI::GetRandNpcByList(int)
080a5b10	1050	_ZN6KNpcAI19GetNearestNpcByListEi	KNpcAI::GetNearestNpcByList(int)
080a5f30	410	_ZN6KNpcAI15ProcessAIType08Ev	KNpcAI::ProcessAIType08(void)
080a60d0	309	_ZN6KNpcAI13ProcessPlayerEv	KNpcAI::ProcessPlayer(void)
080a6210	274	_ZN6KNpcAI12CommonActionEv	KNpcAI::CommonAction(void)
080a6330	356	_ZN6KNpcAI4FleeEi	KNpcAI::Flee(int)
080a64a0	282	_ZN6KNpcAI15KeepActiveRangeEv	KNpcAI::KeepActiveRange(void)
080a65c0	2650	_ZN6KNpcAI20PartnerBraveFindAim2Ev	KNpcAI::PartnerBraveFindAim2(void)
080a7020	672	_ZN6KNpcAI15KeepAttackRangeEii	KNpcAI::KeepAttackRange(int,int)
080a72c0	1024	_ZN6KNpcAI12FollowAttackEi	KNpcAI::FollowAttack(int)
080a76c0	1342	_ZN6KNpcAI15ProcessAIType09Ev	KNpcAI::ProcessAIType09(void)
080a7c00	269	_ZN6KNpcAI15ProcessAIType07Ev	KNpcAI::ProcessAIType07(void)
080a7d10	494	_ZN6KNpcAI15ProcessAIType06Ev	KNpcAI::ProcessAIType06(void)
080a7f00	620	_ZN6KNpcAI15ProcessAIType05Ev	KNpcAI::ProcessAIType05(void)
080a8170	338	_ZN6KNpcAI15ProcessAIType04Ev	KNpcAI::ProcessAIType04(void)
080a82d0	1477	_ZN6KNpcAI26PartnerFindNearestEnemyNpcEPii	KNpcAI::PartnerFindNearestEnemyNpc(int *,int)
080a88a0	659	_ZN6KNpcAI15ProcessAIType03Ev	KNpcAI::ProcessAIType03(void)
080a8b40	802	_ZN6KNpcAI15ProcessAIType02Ev	KNpcAI::ProcessAIType02(void)
080a8e70	508	_ZN6KNpcAI15ProcessAIType01Ev	KNpcAI::ProcessAIType01(void)
080a9070	336	_ZN6KNpcAI11StandAttackEi	KNpcAI::StandAttack(int)
080a91c0	349	_ZN6KNpcAI15ProcessAIType10Ev	KNpcAI::ProcessAIType10(void)
080a9320	1282	_ZN6KNpcAI20ProcessPartnerAIBaseEv	KNpcAI::ProcessPartnerAIBase(void)
080a9830	170	_ZN6KNpcAI19ProcessPartnerBraveEv	KNpcAI::ProcessPartnerBrave(void)
080a98e0	1670	_ZN6KNpcAI19PartnerGuardFindAimEv	KNpcAI::PartnerGuardFindAim(void)
080a9f70	215	_ZN6KNpcAI19ProcessPartnerGuardEv	KNpcAI::ProcessPartnerGuard(void)
080aa050	1800	_ZN6KNpcAI19PartnerBraveFindAimEv	KNpcAI::PartnerBraveFindAim(void)
080aa760	1624	_ZN6KNpcAI23PartnerRecreanceFindAimEv	KNpcAI::PartnerRecreanceFindAim(void)
080aadc0	1825	_ZN6KNpcAI24PartnerRecreanceFindAim2Ev	KNpcAI::PartnerRecreanceFindAim2(void)
080ab4f0	539	_ZN6KNpcAI23ProcessPartnerRecreanceEv	KNpcAI::ProcessPartnerRecreance(void)
080ab710	1682	_ZN6KNpcAI20PartnerRascalFindAimEv	KNpcAI::PartnerRascalFindAim(void)
080abdb0	2371	_ZN6KNpcAI21PartnerRascalFindAim2Ev	KNpcAI::PartnerRascalFindAim2(void)
080ac700	468	_ZN6KNpcAI20ProcessPartnerRascalEv	KNpcAI::ProcessPartnerRascal(void)
080ac8e0	304	_ZN6KNpcAI8ActivateEi	KNpcAI::Activate(int)
080aca10	5	_ZN16KNpcAttribModifyD2Ev	KNpcAttribModify::~KNpcAttribModify()
080aca20	5	_ZN16KNpcAttribModifyD1Ev	KNpcAttribModify::~KNpcAttribModify()
080aca30	125	_ZN16KNpcAttribModify12ModifyAttribEP4KNpcS1_P12KMagicAttribi	KNpcAttribModify::ModifyAttrib(KNpc *,KNpc *,KMagicAttrib *,int)
080acab0	5	_ZN16KNpcAttribModify20BadStatusTimeReduceVEP4KNpcS1_P12KMagicAttrib	KNpcAttribModify::BadStatusTimeReduceV(KNpc *,KNpc *,KMagicAttrib *)
080acac0	5	_ZN16KNpcAttribModify15BurnTimeReducePEP4KNpcS1_P12KMagicAttrib	KNpcAttribModify::BurnTimeReduceP(KNpc *,KNpc *,KMagicAttrib *)
080acad0	68	_ZN16KNpcAttribModify16SetNotAddPKValueEP4KNpcS1_P12KMagicAttrib	KNpcAttribModify::SetNotAddPKValue(KNpc *,KNpc *,KMagicAttrib *)
080acb20	28	_ZN16KNpcAttribModify20AddBossDamagePrecentEP4KNpcS1_P12KMagicAttrib	KNpcAttribModify::AddBossDamagePrecent(KNpc *,KNpc *,KMagicAttrib *)
080acb40	20	_ZN16KNpcAttribModify14SeriesEnhancePEP4KNpcS1_P12KMagicAttrib	KNpcAttribModify::SeriesEnhanceP(KNpc *,KNpc *,KMagicAttrib *)
080acb60	20	_ZN16KNpcAttribModify10SeriesResPEP4KNpcS1_P12KMagicAttrib	KNpcAttribModify::SeriesResP(KNpc *,KNpc *,KMagicAttrib *)
080acb80	20	_ZN16KNpcAttribModify19DynamicMagicShieldVEP4KNpcS1_P12KMagicAttrib	KNpcAttribModify::DynamicMagicShieldV(KNpc *,KNpc *,KMagicAttrib *)
080acba0	46	_ZN16KNpcAttribModify18NoChangedMoveSpeedEP4KNpcS1_P12KMagicAttrib	KNpcAttribModify::NoChangedMoveSpeed(KNpc *,KNpc *,KMagicAttrib *)
080acbd0	28	_ZN16KNpcAttribModify12IgnoreDamageEP4KNpcS1_P12KMagicAttrib	KNpcAttribModify::IgnoreDamage(KNpc *,KNpc *,KMagicAttrib *)
080acbf0	20	_ZN16KNpcAttribModify13PoisonResYanPEP4KNpcS1_P12KMagicAttrib	KNpcAttribModify::PoisonResYanP(KNpc *,KNpc *,KMagicAttrib *)
080acc10	20	_ZN16KNpcAttribModify11FireResYanPEP4KNpcS1_P12KMagicAttrib	KNpcAttribModify::FireResYanP(KNpc *,KNpc *,KMagicAttrib *)
080acc30	20	_ZN16KNpcAttribModify15LightingResYanPEP4KNpcS1_P12KMagicAttrib	KNpcAttribModify::LightingResYanP(KNpc *,KNpc *,KMagicAttrib *)
080acc50	20	_ZN16KNpcAttribModify14PhysicsResYanPEP4KNpcS1_P12KMagicAttrib	KNpcAttribModify::PhysicsResYanP(KNpc *,KNpc *,KMagicAttrib *)
080acc70	20	_ZN16KNpcAttribModify12ColdrResYanPEP4KNpcS1_P12KMagicAttrib	KNpcAttribModify::ColdrResYanP(KNpc *,KNpc *,KMagicAttrib *)
080acc90	64	_ZN16KNpcAttribModify14SorbDamageYanPEP4KNpcS1_P12KMagicAttrib	KNpcAttribModify::SorbDamageYanP(KNpc *,KNpc *,KMagicAttrib *)
080accd0	20	_ZN16KNpcAttribModify15AttackSpeedYanVEP4KNpcS1_P12KMagicAttrib	KNpcAttribModify::AttackSpeedYanV(KNpc *,KNpc *,KMagicAttrib *)
080accf0	20	_ZN16KNpcAttribModify13CastSpeedYanVEP4KNpcS1_P12KMagicAttrib	KNpcAttribModify::CastSpeedYanV(KNpc *,KNpc *,KMagicAttrib *)
080acd10	56	_ZN16KNpcAttribModify10AllResYanPEP4KNpcS1_P12KMagicAttrib	KNpcAttribModify::AllResYanP(KNpc *,KNpc *,KMagicAttrib *)
080acd50	20	_ZN16KNpcAttribModify13SkillEnhancePEP4KNpcS1_P12KMagicAttrib	KNpcAttribModify::SkillEnhanceP(KNpc *,KNpc *,KMagicAttrib *)
080acd70	20	_ZN16KNpcAttribModify12MagicDamagePEP4KNpcS1_P12KMagicAttrib	KNpcAttribModify::MagicDamageP(KNpc *,KNpc *,KMagicAttrib *)
080acd90	20	_ZN16KNpcAttribModify18FastHitRecoverYanVEP4KNpcS1_P12KMagicAttrib	KNpcAttribModify::FastHitRecoverYanV(KNpc *,KNpc *,KMagicAttrib *)
080acdb0	20	_ZN16KNpcAttribModify20FiveElementsEnhanceVEP4KNpcS1_P12KMagicAttrib	KNpcAttribModify::FiveElementsEnhanceV(KNpc *,KNpc *,KMagicAttrib *)
080acdd0	20	_ZN16KNpcAttribModify19FiveElementsResistVEP4KNpcS1_P12KMagicAttrib	KNpcAttribModify::FiveElementsResistV(KNpc *,KNpc *,KMagicAttrib *)
080acdf0	20	_ZN16KNpcAttribModify10AddDamageVEP4KNpcS1_P12KMagicAttrib	KNpcAttribModify::AddDamageV(KNpc *,KNpc *,KMagicAttrib *)
080ace10	22	_ZN16KNpcAttribModify12ForbitAttackEP4KNpcS1_P12KMagicAttrib	KNpcAttribModify::ForbitAttack(KNpc *,KNpc *,KMagicAttrib *)
080ace30	22	_ZN16KNpcAttribModify12FrozenActionEP4KNpcS1_P12KMagicAttrib	KNpcAttribModify::FrozenAction(KNpc *,KNpc *,KMagicAttrib *)
080ace50	22	_ZN16KNpcAttribModify18ForbitTakeMedicineEP4KNpcS1_P12KMagicAttrib	KNpcAttribModify::ForbitTakeMedicine(KNpc *,KNpc *,KMagicAttrib *)
080ace70	22	_ZN16KNpcAttribModify13InvincibilityEP4KNpcS1_P12KMagicAttrib	KNpcAttribModify::Invincibility(KNpc *,KNpc *,KMagicAttrib *)
080ace90	52	_ZN16KNpcAttribModify14PkPunishWeakenEP4KNpcS1_P12KMagicAttrib	KNpcAttribModify::PkPunishWeaken(KNpc *,KNpc *,KMagicAttrib *)
080aced0	52	_ZN16KNpcAttribModify15PkPunishEnhanceEP4KNpcS1_P12KMagicAttrib	KNpcAttribModify::PkPunishEnhance(KNpc *,KNpc *,KMagicAttrib *)
080acf10	5	_Z8g_120DBGiPKcz	g_120DBG(int,char const*,...)
080acf20	20	_ZN16KNpcAttribModify35MagicAttrib_Process_enhancehit_rateEP4KNpcS1_P12KMagicAttrib	KNpcAttribModify::MagicAttrib_Process_enhancehit_rate(KNpc *,KNpc *,KMagicAttrib *)
080acf40	20	_ZN16KNpcAttribModify30MagicAttrib_Process_block_rateEP4KNpcS1_P12KMagicAttrib	KNpcAttribModify::MagicAttrib_Process_block_rate(KNpc *,KNpc *,KMagicAttrib *)
080acf60	32	_ZN16KNpcAttribModify35MagicAttrib_Process_anti_hitrecoverEP4KNpcS1_P12KMagicAttrib	KNpcAttribModify::MagicAttrib_Process_anti_hitrecover(KNpc *,KNpc *,KMagicAttrib *)
080acf80	64	_ZN16KNpcAttribModify11SorbDamagePEP4KNpcS1_P12KMagicAttrib	KNpcAttribModify::SorbDamageP(KNpc *,KNpc *,KMagicAttrib *)
080acfc0	20	_ZN16KNpcAttribModify10ReturnresPEP4KNpcS1_P12KMagicAttrib	KNpcAttribModify::ReturnresP(KNpc *,KNpc *,KMagicAttrib *)
080acfe0	35	_ZN16KNpcAttribModify18StaticMagicShieldVEP4KNpcS1_P12KMagicAttrib	KNpcAttribModify::StaticMagicShieldV(KNpc *,KNpc *,KMagicAttrib *)
080ad010	20	_ZN16KNpcAttribModify15Poison2DecManaPEP4KNpcS1_P12KMagicAttrib	KNpcAttribModify::Poison2DecManaP(KNpc *,KNpc *,KMagicAttrib *)
080ad030	5	_Z8g_120DBGiiPKcz	g_120DBG(int,int,char const*,...)
080ad040	5	__tcf_1_5	__tcf_1_5
080ad050	112	_ZN16KNpcAttribModify9ListenMsgEP4KNpcS1_P12KMagicAttrib	KNpcAttribModify::ListenMsg(KNpc *,KNpc *,KMagicAttrib *)
080ad0c0	53	_ZN16KNpcAttribModify11ManaMaxYanPEP4KNpcS1_P12KMagicAttrib	KNpcAttribModify::ManaMaxYanP(KNpc *,KNpc *,KMagicAttrib *)
080ad100	27	_ZN16KNpcAttribModify11ManaMaxYanVEP4KNpcS1_P12KMagicAttrib	KNpcAttribModify::ManaMaxYanV(KNpc *,KNpc *,KMagicAttrib *)
080ad120	53	_ZN16KNpcAttribModify11LifeMaxYanPEP4KNpcS1_P12KMagicAttrib	KNpcAttribModify::LifeMaxYanP(KNpc *,KNpc *,KMagicAttrib *)
080ad160	27	_ZN16KNpcAttribModify11LifeMaxYanVEP4KNpcS1_P12KMagicAttrib	KNpcAttribModify::LifeMaxYanV(KNpc *,KNpc *,KMagicAttrib *)
080ad180	65	_ZN16KNpcAttribModify15Enhance723MissPEP4KNpcS1_P12KMagicAttrib	KNpcAttribModify::Enhance723MissP(KNpc *,KNpc *,KMagicAttrib *)
080ad1d0	65	_ZN16KNpcAttribModify14Enhance717AutoEP4KNpcS1_P12KMagicAttrib	KNpcAttribModify::Enhance717Auto(KNpc *,KNpc *,KMagicAttrib *)
080ad220	65	_ZN16KNpcAttribModify14Enhance714AutoEP4KNpcS1_P12KMagicAttrib	KNpcAttribModify::Enhance714Auto(KNpc *,KNpc *,KMagicAttrib *)
080ad270	65	_ZN16KNpcAttribModify14Enhance711AutoEP4KNpcS1_P12KMagicAttrib	KNpcAttribModify::Enhance711Auto(KNpc *,KNpc *,KMagicAttrib *)
080ad2c0	65	_ZN16KNpcAttribModify14Enhance93LifeVEP4KNpcS1_P12KMagicAttrib	KNpcAttribModify::Enhance93LifeV(KNpc *,KNpc *,KMagicAttrib *)
080ad310	65	_ZN16KNpcAttribModify15Enhance708LifePEP4KNpcS1_P12KMagicAttrib	KNpcAttribModify::Enhance708LifeP(KNpc *,KNpc *,KMagicAttrib *)
080ad360	65	_ZN16KNpcAttribModify14Enhance709AutoEP4KNpcS1_P12KMagicAttrib	KNpcAttribModify::Enhance709Auto(KNpc *,KNpc *,KMagicAttrib *)
080ad3b0	70	_ZN16KNpcAttribModify14DecPerCastTimeEP4KNpcS1_P12KMagicAttrib	KNpcAttribModify::DecPerCastTime(KNpc *,KNpc *,KMagicAttrib *)
080ad400	114	_ZN16KNpcAttribModify19DecPerCastTimeHorseEP4KNpcS1_P12KMagicAttrib	KNpcAttribModify::DecPerCastTimeHorse(KNpc *,KNpc *,KMagicAttrib *)
080ad480	97	_ZN16KNpcAttribModify20IgnoreNegativeStatePEP4KNpcS1_P12KMagicAttrib	KNpcAttribModify::IgnoreNegativeStateP(KNpc *,KNpc *,KMagicAttrib *)
080ad4f0	66	_ZN16KNpcAttribModify8RandMoveEP4KNpcS1_P12KMagicAttrib	KNpcAttribModify::RandMove(KNpc *,KNpc *,KMagicAttrib *)
080ad540	55	_ZN16KNpcAttribModify14AutoDeathSkillEP4KNpcS1_P12KMagicAttrib	KNpcAttribModify::AutoDeathSkill(KNpc *,KNpc *,KMagicAttrib *)
080ad580	60	_ZN16KNpcAttribModify15AutoRescueSkillEP4KNpcS1_P12KMagicAttrib	KNpcAttribModify::AutoRescueSkill(KNpc *,KNpc *,KMagicAttrib *)
080ad5c0	55	_ZN16KNpcAttribModify15AutoAttackSkillEP4KNpcS1_P12KMagicAttrib	KNpcAttribModify::AutoAttackSkill(KNpc *,KNpc *,KMagicAttrib *)
080ad600	55	_ZN16KNpcAttribModify14AutoReplySkillEP4KNpcS1_P12KMagicAttrib	KNpcAttribModify::AutoReplySkill(KNpc *,KNpc *,KMagicAttrib *)
080ad640	53	_ZN16KNpcAttribModify15StatusImmunityBEP4KNpcS1_P12KMagicAttrib	KNpcAttribModify::StatusImmunityB(KNpc *,KNpc *,KMagicAttrib *)
080ad680	134	_ZN16KNpcAttribModify15AddPoisonMagicVEP4KNpcS1_P12KMagicAttrib	KNpcAttribModify::AddPoisonMagicV(KNpc *,KNpc *,KMagicAttrib *)
080ad710	55	_ZN16KNpcAttribModify16AddPhysicsMagicVEP4KNpcS1_P12KMagicAttrib	KNpcAttribModify::AddPhysicsMagicV(KNpc *,KNpc *,KMagicAttrib *)
080ad750	55	_ZN16KNpcAttribModify17AddLightingMagicVEP4KNpcS1_P12KMagicAttrib	KNpcAttribModify::AddLightingMagicV(KNpc *,KNpc *,KMagicAttrib *)
080ad790	55	_ZN16KNpcAttribModify13AddFireMagicVEP4KNpcS1_P12KMagicAttrib	KNpcAttribModify::AddFireMagicV(KNpc *,KNpc *,KMagicAttrib *)
080ad7d0	55	_ZN16KNpcAttribModify13AddColdMagicVEP4KNpcS1_P12KMagicAttrib	KNpcAttribModify::AddColdMagicV(KNpc *,KNpc *,KMagicAttrib *)
080ad810	47	_ZN16KNpcAttribModify5StunPEP4KNpcS1_P12KMagicAttrib	KNpcAttribModify::StunP(KNpc *,KNpc *,KMagicAttrib *)
080ad840	47	_ZN16KNpcAttribModify17FatallyStrikeResPEP4KNpcS1_P12KMagicAttrib	KNpcAttribModify::FatallyStrikeResP(KNpc *,KNpc *,KMagicAttrib *)
080ad870	47	_ZN16KNpcAttribModify14FatallyStrikePEP4KNpcS1_P12KMagicAttrib	KNpcAttribModify::FatallyStrikeP(KNpc *,KNpc *,KMagicAttrib *)
080ad8a0	82	_ZN16KNpcAttribModify10AllResMaxPEP4KNpcS1_P12KMagicAttrib	KNpcAttribModify::AllResMaxP(KNpc *,KNpc *,KMagicAttrib *)
080ad900	47	_ZN16KNpcAttribModify13PoisonResMaxPEP4KNpcS1_P12KMagicAttrib	KNpcAttribModify::PoisonResMaxP(KNpc *,KNpc *,KMagicAttrib *)
080ad930	47	_ZN16KNpcAttribModify15LightingResMaxPEP4KNpcS1_P12KMagicAttrib	KNpcAttribModify::LightingResMaxP(KNpc *,KNpc *,KMagicAttrib *)
080ad960	47	_ZN16KNpcAttribModify11FireResMaxPEP4KNpcS1_P12KMagicAttrib	KNpcAttribModify::FireResMaxP(KNpc *,KNpc *,KMagicAttrib *)
080ad990	47	_ZN16KNpcAttribModify11ColdResMaxPEP4KNpcS1_P12KMagicAttrib	KNpcAttribModify::ColdResMaxP(KNpc *,KNpc *,KMagicAttrib *)
080ad9c0	47	_ZN16KNpcAttribModify14PhysicsResMaxPEP4KNpcS1_P12KMagicAttrib	KNpcAttribModify::PhysicsResMaxP(KNpc *,KNpc *,KMagicAttrib *)
080ad9f0	147	_ZN16KNpcAttribModify11ManaPotionVEP4KNpcS1_P12KMagicAttrib	KNpcAttribModify::ManaPotionV(KNpc *,KNpc *,KMagicAttrib *)
080ada90	147	_ZN16KNpcAttribModify11LifePotionVEP4KNpcS1_P12KMagicAttrib	KNpcAttribModify::LifePotionV(KNpc *,KNpc *,KMagicAttrib *)
080adb30	47	_ZN16KNpcAttribModify14PoisonEnhancePEP4KNpcS1_P12KMagicAttrib	KNpcAttribModify::PoisonEnhanceP(KNpc *,KNpc *,KMagicAttrib *)
080adb60	47	_ZN16KNpcAttribModify16LightingEnhancePEP4KNpcS1_P12KMagicAttrib	KNpcAttribModify::LightingEnhanceP(KNpc *,KNpc *,KMagicAttrib *)
080adb90	47	_ZN16KNpcAttribModify12FireEnhancePEP4KNpcS1_P12KMagicAttrib	KNpcAttribModify::FireEnhanceP(KNpc *,KNpc *,KMagicAttrib *)
080adbc0	47	_ZN16KNpcAttribModify12ColdEnhancePEP4KNpcS1_P12KMagicAttrib	KNpcAttribModify::ColdEnhanceP(KNpc *,KNpc *,KMagicAttrib *)
080adbf0	47	_ZN16KNpcAttribModify13ArmorDefenseVEP4KNpcS1_P12KMagicAttrib	KNpcAttribModify::ArmorDefenseV(KNpc *,KNpc *,KMagicAttrib *)
080adc20	47	_ZN16KNpcAttribModify8FireresPEP4KNpcS1_P12KMagicAttrib	KNpcAttribModify::FireresP(KNpc *,KNpc *,KMagicAttrib *)
080adc50	38	_ZN16KNpcAttribModify10WoodSkillVEP4KNpcS1_P12KMagicAttrib	KNpcAttribModify::WoodSkillV(KNpc *,KNpc *,KMagicAttrib *)
080adc80	38	_ZN16KNpcAttribModify11WaterSkillVEP4KNpcS1_P12KMagicAttrib	KNpcAttribModify::WaterSkillV(KNpc *,KNpc *,KMagicAttrib *)
080adcb0	47	_ZN16KNpcAttribModify13VisionRadiusPEP4KNpcS1_P12KMagicAttrib	KNpcAttribModify::VisionRadiusP(KNpc *,KNpc *,KMagicAttrib *)
080adce0	47	_ZN16KNpcAttribModify15StunTimeReducePEP4KNpcS1_P12KMagicAttrib	KNpcAttribModify::StunTimeReduceP(KNpc *,KNpc *,KMagicAttrib *)
080add10	56	_ZN16KNpcAttribModify13StealStaminaPEP4KNpcS1_P12KMagicAttrib	KNpcAttribModify::StealStaminaP(KNpc *,KNpc *,KMagicAttrib *)
080add50	56	_ZN16KNpcAttribModify10StealManaPEP4KNpcS1_P12KMagicAttrib	KNpcAttribModify::StealManaP(KNpc *,KNpc *,KMagicAttrib *)
080add90	56	_ZN16KNpcAttribModify10StealLifePEP4KNpcS1_P12KMagicAttrib	KNpcAttribModify::StealLifeP(KNpc *,KNpc *,KMagicAttrib *)
080addd0	47	_ZN16KNpcAttribModify8StaminaVEP4KNpcS1_P12KMagicAttrib	KNpcAttribModify::StaminaV(KNpc *,KNpc *,KMagicAttrib *)
080ade00	47	_ZN16KNpcAttribModify17StaminaReplenishVEP4KNpcS1_P12KMagicAttrib	KNpcAttribModify::StaminaReplenishV(KNpc *,KNpc *,KMagicAttrib *)
080ade30	119	_ZN16KNpcAttribModify11StaminaMaxVEP4KNpcS1_P12KMagicAttrib	KNpcAttribModify::StaminaMaxV(KNpc *,KNpc *,KMagicAttrib *)
080adeb0	181	_ZN16KNpcAttribModify11StaminaMaxPEP4KNpcS1_P12KMagicAttrib	KNpcAttribModify::StaminaMaxP(KNpc *,KNpc *,KMagicAttrib *)
080adf70	53	_ZN16KNpcAttribModify11SlowMissleBEP4KNpcS1_P12KMagicAttrib	KNpcAttribModify::SlowMissleB(KNpc *,KNpc *,KMagicAttrib *)
080adfb0	47	_ZN16KNpcAttribModify18RangeDamageReturnPEP4KNpcS1_P12KMagicAttrib	KNpcAttribModify::RangeDamageReturnP(KNpc *,KNpc *,KMagicAttrib *)
080adfe0	47	_ZN16KNpcAttribModify18RangeDamageReturnVEP4KNpcS1_P12KMagicAttrib	KNpcAttribModify::RangeDamageReturnV(KNpc *,KNpc *,KMagicAttrib *)
080ae010	47	_ZN16KNpcAttribModify17PoisonTimeReducePEP4KNpcS1_P12KMagicAttrib	KNpcAttribModify::PoisonTimeReduceP(KNpc *,KNpc *,KMagicAttrib *)
080ae040	47	_ZN16KNpcAttribModify10PoisonresPEP4KNpcS1_P12KMagicAttrib	KNpcAttribModify::PoisonresP(KNpc *,KNpc *,KMagicAttrib *)
080ae070	67	_ZN16KNpcAttribModify19PoisonDamageReduceVEP4KNpcS1_P12KMagicAttrib	KNpcAttribModify::PoisonDamageReduceV(KNpc *,KNpc *,KMagicAttrib *)
080ae0c0	47	_ZN16KNpcAttribModify15Damage2AddManaPEP4KNpcS1_P12KMagicAttrib	KNpcAttribModify::Damage2AddManaP(KNpc *,KNpc *,KMagicAttrib *)
080ae0f0	47	_ZN16KNpcAttribModify11PhysicsresPEP4KNpcS1_P12KMagicAttrib	KNpcAttribModify::PhysicsresP(KNpc *,KNpc *,KMagicAttrib *)
080ae120	38	_ZN16KNpcAttribModify11MetalSkillVEP4KNpcS1_P12KMagicAttrib	KNpcAttribModify::MetalSkillV(KNpc *,KNpc *,KMagicAttrib *)
080ae150	47	_ZN16KNpcAttribModify18MeleeDamageReturnVEP4KNpcS1_P12KMagicAttrib	KNpcAttribModify::MeleeDamageReturnV(KNpc *,KNpc *,KMagicAttrib *)
080ae180	47	_ZN16KNpcAttribModify18MeleeDamageReturnPEP4KNpcS1_P12KMagicAttrib	KNpcAttribModify::MeleeDamageReturnP(KNpc *,KNpc *,KMagicAttrib *)
080ae1b0	53	_ZN16KNpcAttribModify11ManaShieldPEP4KNpcS1_P12KMagicAttrib	KNpcAttribModify::ManaShieldP(KNpc *,KNpc *,KMagicAttrib *)
080ae1f0	47	_ZN16KNpcAttribModify5ManaVEP4KNpcS1_P12KMagicAttrib	KNpcAttribModify::ManaV(KNpc *,KNpc *,KMagicAttrib *)
080ae220	47	_ZN16KNpcAttribModify14ManaReplenishVEP4KNpcS1_P12KMagicAttrib	KNpcAttribModify::ManaReplenishV(KNpc *,KNpc *,KMagicAttrib *)
080ae250	65	_ZN16KNpcAttribModify8ManaMaxVEP4KNpcS1_P12KMagicAttrib	KNpcAttribModify::ManaMaxV(KNpc *,KNpc *,KMagicAttrib *)
080ae2a0	132	_ZN16KNpcAttribModify8ManaMaxPEP4KNpcS1_P12KMagicAttrib	KNpcAttribModify::ManaMaxP(KNpc *,KNpc *,KMagicAttrib *)
080ae330	47	_ZN16KNpcAttribModify12LightingresPEP4KNpcS1_P12KMagicAttrib	KNpcAttribModify::LightingresP(KNpc *,KNpc *,KMagicAttrib *)
080ae360	47	_ZN16KNpcAttribModify5LifeVEP4KNpcS1_P12KMagicAttrib	KNpcAttribModify::LifeV(KNpc *,KNpc *,KMagicAttrib *)
080ae390	82	_ZN16KNpcAttribModify14LifeReplenishVEP4KNpcS1_P12KMagicAttrib	KNpcAttribModify::LifeReplenishV(KNpc *,KNpc *,KMagicAttrib *)
080ae3f0	65	_ZN16KNpcAttribModify8LifeMaxVEP4KNpcS1_P12KMagicAttrib	KNpcAttribModify::LifeMaxV(KNpc *,KNpc *,KMagicAttrib *)
080ae440	132	_ZN16KNpcAttribModify8LifeMaxPEP4KNpcS1_P12KMagicAttrib	KNpcAttribModify::LifeMaxP(KNpc *,KNpc *,KMagicAttrib *)
080ae4d0	47	_ZN16KNpcAttribModify10KnockBackPEP4KNpcS1_P12KMagicAttrib	KNpcAttribModify::KnockBackP(KNpc *,KNpc *,KMagicAttrib *)
080ae500	47	_ZN16KNpcAttribModify17FreezeTimeReducePEP4KNpcS1_P12KMagicAttrib	KNpcAttribModify::FreezeTimeReduceP(KNpc *,KNpc *,KMagicAttrib *)
080ae530	38	_ZN16KNpcAttribModify10FireSkillVEP4KNpcS1_P12KMagicAttrib	KNpcAttribModify::FireSkillV(KNpc *,KNpc *,KMagicAttrib *)
080ae560	47	_ZN16KNpcAttribModify15FastHitRecoverVEP4KNpcS1_P12KMagicAttrib	KNpcAttribModify::FastHitRecoverV(KNpc *,KNpc *,KMagicAttrib *)
080ae590	38	_ZN16KNpcAttribModify11EarthSkillVEP4KNpcS1_P12KMagicAttrib	KNpcAttribModify::EarthSkillV(KNpc *,KNpc *,KMagicAttrib *)
080ae5c0	47	_ZN16KNpcAttribModify13DeadlyStrikePEP4KNpcS1_P12KMagicAttrib	KNpcAttribModify::DeadlyStrikeP(KNpc *,KNpc *,KMagicAttrib *)
080ae5f0	47	_ZN16KNpcAttribModify8ColdresPEP4KNpcS1_P12KMagicAttrib	KNpcAttribModify::ColdresP(KNpc *,KNpc *,KMagicAttrib *)
080ae620	83	_ZN16KNpcAttribModify11ChangeCampVEP4KNpcS1_P12KMagicAttrib	KNpcAttribModify::ChangeCampV(KNpc *,KNpc *,KMagicAttrib *)
080ae680	47	_ZN16KNpcAttribModify10CastSpeedVEP4KNpcS1_P12KMagicAttrib	KNpcAttribModify::CastSpeedV(KNpc *,KNpc *,KMagicAttrib *)
080ae6b0	47	_ZN16KNpcAttribModify12AttackSpeedVEP4KNpcS1_P12KMagicAttrib	KNpcAttribModify::AttackSpeedV(KNpc *,KNpc *,KMagicAttrib *)
080ae6e0	47	_ZN16KNpcAttribModify13AttackRatingVEP4KNpcS1_P12KMagicAttrib	KNpcAttribModify::AttackRatingV(KNpc *,KNpc *,KMagicAttrib *)
080ae710	121	_ZN16KNpcAttribModify13AttackRatingPEP4KNpcS1_P12KMagicAttrib	KNpcAttribModify::AttackRatingP(KNpc *,KNpc *,KMagicAttrib *)
080ae790	82	_ZN16KNpcAttribModify7AllresPEP4KNpcS1_P12KMagicAttrib	KNpcAttribModify::AllresP(KNpc *,KNpc *,KMagicAttrib *)
080ae7f0	47	_ZN16KNpcAttribModify17AddPhysicsDamageVEP4KNpcS1_P12KMagicAttrib	KNpcAttribModify::AddPhysicsDamageV(KNpc *,KNpc *,KMagicAttrib *)
080ae820	134	_ZN16KNpcAttribModify16AddPoisonDamageVEP4KNpcS1_P12KMagicAttrib	KNpcAttribModify::AddPoisonDamageV(KNpc *,KNpc *,KMagicAttrib *)
080ae8b0	55	_ZN16KNpcAttribModify18AddLightingDamageVEP4KNpcS1_P12KMagicAttrib	KNpcAttribModify::AddLightingDamageV(KNpc *,KNpc *,KMagicAttrib *)
080ae8f0	55	_ZN16KNpcAttribModify14AddFireDamageVEP4KNpcS1_P12KMagicAttrib	KNpcAttribModify::AddFireDamageV(KNpc *,KNpc *,KMagicAttrib *)
080ae930	179	_ZN16KNpcAttribModify14AddColdDamageVEP4KNpcS1_P12KMagicAttrib	KNpcAttribModify::AddColdDamageV(KNpc *,KNpc *,KMagicAttrib *)
080ae9f0	85	_ZN16KNpcAttribModify14PARTNER_LuckyVEP4KNpcS1_P12KMagicAttrib	KNpcAttribModify::PARTNER_LuckyV(KNpc *,KNpc *,KMagicAttrib *)
080aea50	98	_ZN16KNpcAttribModify14ChangeFeature1EP4KNpcS1_P12KMagicAttrib	KNpcAttribModify::ChangeFeature1(KNpc *,KNpc *,KMagicAttrib *)
080aeac0	44	_ZN16KNpcAttribModify20AddStealFeatureSkillEP4KNpcS1_P12KMagicAttrib	KNpcAttribModify::AddStealFeatureSkill(KNpc *,KNpc *,KMagicAttrib *)
080aeaf0	83	_ZN16KNpcAttribModify9AllSkillVEP4KNpcS1_P12KMagicAttrib	KNpcAttribModify::AllSkillV(KNpc *,KNpc *,KMagicAttrib *)
080aeb50	3509	_ZN16KNpcAttribModifyC1Ev	KNpcAttribModify::KNpcAttribModify(void)
080af910	66	_Z41__static_initialization_and_destruction_0ii_15	_Z41__static_initialization_and_destruction_0ii_15
080af960	16	_GLOBAL__I_g_NpcAttribModify	`global constructor keyed to'g_NpcAttribModify
080af970	3509	_ZN16KNpcAttribModifyC2Ev	KNpcAttribModify::KNpcAttribModify(void)
080b0730	54	_ZN16KNpcAttribModify22Add120SkillExpEnhancePEP4KNpcS1_P12KMagicAttrib	KNpcAttribModify::Add120SkillExpEnhanceP(KNpc *,KNpc *,KMagicAttrib *)
080b0770	54	_ZN16KNpcAttribModify11ExpEnhancePEP4KNpcS1_P12KMagicAttrib	KNpcAttribModify::ExpEnhanceP(KNpc *,KNpc *,KMagicAttrib *)
080b07b0	60	_ZN16KNpcAttribModify11ExpEnhanceVEP4KNpcS1_P12KMagicAttrib	KNpcAttribModify::ExpEnhanceV(KNpc *,KNpc *,KMagicAttrib *)
080b07f0	230	_ZN16KNpcAttribModify15MixPoisonDamageEP12KMagicAttribS1_	KNpcAttribModify::MixPoisonDamage(KMagicAttrib *,KMagicAttrib *)
080b08e0	108	_ZN16KNpcAttribModify9VitalityVEP4KNpcS1_P12KMagicAttrib	KNpcAttribModify::VitalityV(KNpc *,KNpc *,KMagicAttrib *)
080b0950	108	_ZN16KNpcAttribModify9StrengthVEP4KNpcS1_P12KMagicAttrib	KNpcAttribModify::StrengthV(KNpc *,KNpc *,KMagicAttrib *)
080b09c0	108	_ZN16KNpcAttribModify7EnergyVEP4KNpcS1_P12KMagicAttrib	KNpcAttribModify::EnergyV(KNpc *,KNpc *,KMagicAttrib *)
080b0a30	108	_ZN16KNpcAttribModify10DexterityVEP4KNpcS1_P12KMagicAttrib	KNpcAttribModify::DexterityV(KNpc *,KNpc *,KMagicAttrib *)
080b0aa0	37	__tcf_0_10	__tcf_0_10
080b0ad0	50	_ZN16KNpcAttribModify11AntiMaxResPEP4KNpcS1_P12KMagicAttrib	KNpcAttribModify::AntiMaxResP(KNpc *,KNpc *,KMagicAttrib *)
080b0b10	32	_ZN16KNpcAttribModify34MagicAttrib_Process_anti_coldres_pEP4KNpcS1_P12KMagicAttrib	KNpcAttribModify::MagicAttrib_Process_anti_coldres_p(KNpc *,KNpc *,KMagicAttrib *)
080b0b30	32	_ZN16KNpcAttribModify37MagicAttrib_Process_anti_physicsres_pEP4KNpcS1_P12KMagicAttrib	KNpcAttribModify::MagicAttrib_Process_anti_physicsres_p(KNpc *,KNpc *,KMagicAttrib *)
080b0b50	32	_ZN16KNpcAttribModify38MagicAttrib_Process_anti_lightingres_pEP4KNpcS1_P12KMagicAttrib	KNpcAttribModify::MagicAttrib_Process_anti_lightingres_p(KNpc *,KNpc *,KMagicAttrib *)
080b0b70	32	_ZN16KNpcAttribModify34MagicAttrib_Process_anti_fireres_pEP4KNpcS1_P12KMagicAttrib	KNpcAttribModify::MagicAttrib_Process_anti_fireres_p(KNpc *,KNpc *,KMagicAttrib *)
080b0b90	32	_ZN16KNpcAttribModify36MagicAttrib_Process_anti_poisonres_pEP4KNpcS1_P12KMagicAttrib	KNpcAttribModify::MagicAttrib_Process_anti_poisonres_p(KNpc *,KNpc *,KMagicAttrib *)
080b0bb0	32	_ZN16KNpcAttribModify41MagicAttrib_Process_anti_stuntimereduce_pEP4KNpcS1_P12KMagicAttrib	KNpcAttribModify::MagicAttrib_Process_anti_stuntimereduce_p(KNpc *,KNpc *,KMagicAttrib *)
080b0bd0	205	_ZN16KNpcAttribModify15FastWalkRunYanPEP4KNpcS1_P12KMagicAttrib	KNpcAttribModify::FastWalkRunYanP(KNpc *,KNpc *,KMagicAttrib *)
080b0ca0	238	_ZN16KNpcAttribModify12FastWalkRunPEP4KNpcS1_P12KMagicAttrib	KNpcAttribModify::FastWalkRunP(KNpc *,KNpc *,KMagicAttrib *)
080b0d90	102	_ZN16KNpcAttribModify6LuckyVEP4KNpcS1_P12KMagicAttrib	KNpcAttribModify::LuckyV(KNpc *,KNpc *,KMagicAttrib *)
080b0e00	147	_Z22g_MagicAttrib_DebugOutiPKcz	g_MagicAttrib_DebugOut(int,char const*,...)
080b0ea0	60	_ZN16KNpcAttribModify14ShowPersonInfoEP4KNpcS1_P12KMagicAttrib	KNpcAttribModify::ShowPersonInfo(KNpc *,KNpc *,KMagicAttrib *)
080b0ee0	53	_ZN16KNpcAttribModify4HideEP4KNpcS1_P12KMagicAttrib	KNpcAttribModify::Hide(KNpc *,KNpc *,KMagicAttrib *)
080b0f20	223	_ZN16KNpcAttribModify13SetAutoAttackEP4KNpcS1_P12KMagicAttrib	KNpcAttribModify::SetAutoAttack(KNpc *,KNpc *,KMagicAttrib *)
080b1000	87	_ZN16KNpcAttribModify18StaticMagicShieldPEP4KNpcS1_P12KMagicAttrib	KNpcAttribModify::StaticMagicShieldP(KNpc *,KNpc *,KMagicAttrib *)
080b1060	457	_ZN16KNpcAttribModify12StealFeatureEP4KNpcS1_P12KMagicAttrib	KNpcAttribModify::StealFeature(KNpc *,KNpc *,KMagicAttrib *)
080b1230	97	_ZN16KNpcAttribModify14ChangeFeature2EP4KNpcS1_P12KMagicAttrib	KNpcAttribModify::ChangeFeature2(KNpc *,KNpc *,KMagicAttrib *)
080b12a0	254	_ZN16KNpcAttribModify10ExecScriptEP4KNpcS1_P12KMagicAttrib	KNpcAttribModify::ExecScript(KNpc *,KNpc *,KMagicAttrib *)
080b13a0	250	_ZN16KNpcAttribModify14LifeReplenishPEP4KNpcS1_P12KMagicAttrib	KNpcAttribModify::LifeReplenishP(KNpc *,KNpc *,KMagicAttrib *)
080b14a0	250	_ZN16KNpcAttribModify12ReturnSkillPEP4KNpcS1_P12KMagicAttrib	KNpcAttribModify::ReturnSkillP(KNpc *,KNpc *,KMagicAttrib *)
080b15a0	250	_ZN16KNpcAttribModify12IgnoreSkillPEP4KNpcS1_P12KMagicAttrib	KNpcAttribModify::IgnoreSkillP(KNpc *,KNpc *,KMagicAttrib *)
080b16a0	250	_ZN16KNpcAttribModify19PoisonDamageReturnPEP4KNpcS1_P12KMagicAttrib	KNpcAttribModify::PoisonDamageReturnP(KNpc *,KNpc *,KMagicAttrib *)
080b17a0	250	_ZN16KNpcAttribModify19PoisonDamageReturnVEP4KNpcS1_P12KMagicAttrib	KNpcAttribModify::PoisonDamageReturnV(KNpc *,KNpc *,KMagicAttrib *)
080b18a0	1603	_ZN16KNpcAttribModify17AddPhysicsDamagePEP4KNpcS1_P12KMagicAttrib	KNpcAttribModify::AddPhysicsDamageP(KNpc *,KNpc *,KMagicAttrib *)
080b1ef0	87	_ZNSt8_Rb_treeIiSt4pairIKiiESt10_Select1stIS2_ESt4lessIiESaIS2_EE4findERS1_	std::_Rb_tree<int,std::pair<int const,int>,std::_Select1st<std::pair<int const,int>>,std::less<int>,std::allocator<std::pair<int const,int>>>::find(int const&)
080b1f50	52	_ZN8KLuaCall10FormatCallEPKcPiS1_z	KLuaCall::FormatCall(char const*,int *,char const*,...)
080b1f90	108	_ZN4KNpc14CmdListGetHeadEP13SNPC_CMD_DATA	KNpc::CmdListGetHead(SNPC_CMD_DATA *)
080b2000	99	_ZN4KNpc14CmdListPopHeadEv	KNpc::CmdListPopHead(void)
080b2070	522	_ZN4KNpc14CmdListSubLifeEv	KNpc::CmdListSubLife(void)
080b2280	227	_ZN4KNpc14CmdListPushCmdE13SNPC_CMD_DATA	KNpc::CmdListPushCmd(SNPC_CMD_DATA)
080b2370	388	_ZN4KNpc22CmdListCheckCmdOpeTypeE13SNPC_CMD_DATA	KNpc::CmdListCheckCmdOpeType(SNPC_CMD_DATA)
080b2500	444	_ZN4KNpc13CmdListActiveEv	KNpc::CmdListActive(void)
080b26c0	76	_ZN4KNpc12CmdListClearEv	KNpc::CmdListClear(void)
080b2710	91	_ZN16KNpcDeathCalcExp6ActiveEv	KNpcDeathCalcExp::Active(void)
080b2770	243	_ZN16KNpcDeathCalcExp9AddDamageEii	KNpcDeathCalcExp::AddDamage(int,int)
080b2870	23	_ZN16KNpcDeathCalcExp5ClearEv	KNpcDeathCalcExp::Clear(void)
080b2890	37	_ZN16KNpcDeathCalcExp4InitEi	KNpcDeathCalcExp::Init(int)
080b28c0	693	_ZN16KNpcDeathCalcExp7CalcExpEi	KNpcDeathCalcExp::CalcExp(int)
080b2b80	1072	_ZN16KNpcDeathCalcExp17GetDistributeInfoERNS_15TDistributeInfoEi	KNpcDeathCalcExp::GetDistributeInfo(KNpcDeathCalcExp::TDistributeInfo &,int)
080b2fb0	63	_ZN12KNpcFindPathC2Ev	KNpcFindPath::KNpcFindPath(void)
080b2ff0	63	_ZN12KNpcFindPathC1Ev	KNpcFindPath::KNpcFindPath(void)
080b3030	62	_ZN12KNpcFindPath4InitEi	KNpcFindPath::Init(int)
080b3070	17	_ZN12KNpcFindPath8Dir64To8Ei	KNpcFindPath::Dir64To8(int)
080b3090	11	_ZN12KNpcFindPath8Dir8To64Ei	KNpcFindPath::Dir8To64(int)
080b30a0	29	_ZN12KNpcFindPath18ClearSomeParameterEv	KNpcFindPath::ClearSomeParameter(void)
080b30c0	39	_ZN12KNpcFindPath13CheckDistanceEiiiii	KNpcFindPath::CheckDistance(int,int,int,int,int)
080b30f0	121	_ZN12KNpcFindPath12CheckBarrierEiii	KNpcFindPath::CheckBarrier(int,int,int)
080b3170	1818	_ZN12KNpcFindPath6GetDirEiiiiiiiPi	KNpcFindPath::GetDir(int,int,int,int,int,int,int,int *)
080b3890	20	_ZN8KNpcGold11SetGoldTypeEi	KNpcGold::SetGoldType(int)
080b38b0	36	_ZN8KNpcGold11GetGoldTypeEv	KNpcGold::GetGoldType(void)
080b38e0	1819	_ZN16KNpcGoldTemplate4InitEv	KNpcGoldTemplate::Init(void)
080b4000	50	_ZN16KNpcGoldTemplateC1Ev	KNpcGoldTemplate::KNpcGoldTemplate(void)
080b4040	50	_ZN16KNpcGoldTemplateC2Ev	KNpcGoldTemplate::KNpcGoldTemplate(void)
080b4080	158	_ZN8KNpcGold4InitEi	KNpcGold::Init(int)
080b4120	951	_ZN8KNpcGold22SetGoldTypeAndBackDataEv	KNpcGold::SetGoldTypeAndBackData(void)
080b44e0	937	_ZN8KNpcGold15RecoverBackDataEv	KNpcGold::RecoverBackData(void)
080b4890	1738	_ZN8KNpcGold14RandChangeGoldEii	KNpcGold::RandChangeGold(int,int)
080b4f60	30	_ZN7KNpcSet10IsNpcExistEim	KNpcSet::IsNpcExist(int,unsigned long)
080b4f80	178	_ZN7KNpcSet14GenOneRelationE7NPCKINDS0_7NPCCAMPS1_	KNpcSet::GenOneRelation(NPCKIND,NPCKIND,NPCCAMP,NPCCAMP)
080b5040	157	_ZN7KNpcSet16GenRelationTableEv	KNpcSet::GenRelationTable(void)
080b50e0	36	_ZN7KNpcSet8FindFreeEv	KNpcSet::FindFree(void)
080b5110	402	_ZN7KNpcSet17GetDistanceSquareEii	KNpcSet::GetDistanceSquare(int,int)
080b52b0	64	_ZN7KNpcSet8SearchIDEm	KNpcSet::SearchID(unsigned long)
080b52f0	484	_ZN7KNpcSet11GetDistanceEii	KNpcSet::GetDistance(int,int)
080b54e0	113	_ZN7KNpcSet10SearchNameEPKc	KNpcSet::SearchName(char const*)
080b5560	288	_ZN7KNpcSet19LoadPlayerBaseValueEPKc	KNpcSet::LoadPlayerBaseValue(char const*)
080b5680	391	_ZN7KNpcSet14SyncNpc2PlayerEmii	KNpcSet::SyncNpc2Player(unsigned long,int,int)
080b5810	91	_ZN7KNpcSet25ClearActivateFlagOfAllNpcEv	KNpcSet::ClearActivateFlagOfAllNpc(void)
080b5870	52	_ZN7KNpcSet10GetNextIdxEi	KNpcSet::GetNextIdx(int)
080b58b0	115	_ZN7KNpcSet12SearchNameIDEm	KNpcSet::SearchNameID(unsigned long)
080b5930	204	_ZN7KNpcSet9AttatchIDEim	KNpcSet::AttatchID(int,unsigned long)
080b5a00	67	_ZN7KNpcSet5SetIDEi	KNpcSet::SetID(int)
080b5a50	458	_ZN7KNpcSet3AddEiiiiiiii7NPCKIND	KNpcSet::Add(int,int,int,int,int,int,int,int,NPCKIND)
080b5c20	182	_ZN7KNpcSet3AddEiiiii7NPCKIND	KNpcSet::Add(int,int,int,int,int,NPCKIND)
080b5ce0	988	_ZN7KNpcSet3AddEiPvi	KNpcSet::Add(int,void *,int)
080b60c0	773	_ZN7KNpcSet6RemoveEi	KNpcSet::Remove(int)
080b63d0	1045	_ZN7KNpcSet11GetRelationEP7KPlayerS1_	KNpcSet::GetRelation(KPlayer *,KPlayer *)
080b67f0	752	_ZN7KNpcSet11GetRelationEii	KNpcSet::GetRelation(int,int)
080b6ae0	468	_ZN7KNpcSet9RemoveAllEv	KNpcSet::RemoveAll(void)
080b6cc0	294	_ZN7KNpcSet14GetReplaceNameEPKc	KNpcSet::GetReplaceName(char const*)
080b6df0	95	_ZN7KNpcSet15LoadReplaceNameEv	KNpcSet::LoadReplaceName(void)
080b6e50	1849	_ZN7KNpcSet4InitEv	KNpcSet::Init(void)
080b7590	485	_ZN7KNpcSetC2Ev	KNpcSet::KNpcSet(void)
080b7780	485	_ZN7KNpcSetC1Ev	KNpcSet::KNpcSet(void)
080b7970	66	_Z41__static_initialization_and_destruction_0ii_16	_Z41__static_initialization_and_destruction_0ii_16
080b79c0	16	_GLOBAL__I_NpcSet	`global constructor keyed to'NpcSet
080b79d0	413	__tcf_0_11	__tcf_0_11
080b7b70	87	_ZNSt8_Rb_treeImSt4pairIKmiESt10_Select1stIS2_ESt4lessImESaIS2_EE4findERS1_	std::_Rb_tree<unsigned long,std::pair<unsigned long const,int>,std::_Select1st<std::pair<unsigned long const,int>>,std::less<unsigned long>,std::allocator<std::pair<unsigned long const,int>>>::find(unsigned long const&)
080b7bd0	62	_ZNSt8_Rb_treeImSt4pairIKmiESt10_Select1stIS2_ESt4lessImESaIS2_EE11lower_boundERS1_	std::_Rb_tree<unsigned long,std::pair<unsigned long const,int>,std::_Select1st<std::pair<unsigned long const,int>>,std::less<unsigned long>,std::allocator<std::pair<unsigned long const,int>>>::lower_bound(unsigned long const&)
080b7c10	62	_ZNSt8_Rb_treeImSt4pairIKmiESt10_Select1stIS2_ESt4lessImESaIS2_EE11upper_boundERS1_	std::_Rb_tree<unsigned long,std::pair<unsigned long const,int>,std::_Select1st<std::pair<unsigned long const,int>>,std::less<unsigned long>,std::allocator<std::pair<unsigned long const,int>>>::upper_bound(unsigned long const&)
080b7c50	59	_ZNSt8_Rb_treeImSt4pairIKmiESt10_Select1stIS2_ESt4lessImESaIS2_EE8_M_eraseEPSt13_Rb_tree_nodeIS2_E	std::_Rb_tree<unsigned long,std::pair<unsigned long const,int>,std::_Select1st<std::pair<unsigned long const,int>>,std::less<unsigned long>,std::allocator<std::pair<unsigned long const,int>>>::_M_erase(std::_Rb_tree_node<std::pair<unsigned long const,int>> *)
080b7c90	152	_ZNSt8_Rb_treeImSt4pairIKmiESt10_Select1stIS2_ESt4lessImESaIS2_EE9_M_insertEPSt18_Rb_tree_node_baseSA_RKS2_	std::_Rb_tree<unsigned long,std::pair<unsigned long const,int>,std::_Select1st<std::pair<unsigned long const,int>>,std::less<unsigned long>,std::allocator<std::pair<unsigned long const,int>>>::_M_insert(std::_Rb_tree_node_base *,std::_Rb_tree_node_base *,std::pair<unsigned long const,int> const&)
080b7d30	98	_ZN15KResStringTable8WriteLogEPKcz	KResStringTable::WriteLog(char const*,...)
080b7da0	236	_ZNSt8_Rb_treeImSt4pairIKmiESt10_Select1stIS2_ESt4lessImESaIS2_EE13insert_uniqueERKS2_	std::_Rb_tree<unsigned long,std::pair<unsigned long const,int>,std::_Select1st<std::pair<unsigned long const,int>>,std::less<unsigned long>,std::allocator<std::pair<unsigned long const,int>>>::insert_unique(std::pair<unsigned long const,int> const&)
080b7e90	593	_ZNSt8_Rb_treeImSt4pairIKmiESt10_Select1stIS2_ESt4lessImESaIS2_EE13insert_uniqueESt17_Rb_tree_iteratorIS2_ERKS2_	std::_Rb_tree<unsigned long,std::pair<unsigned long const,int>,std::_Select1st<std::pair<unsigned long const,int>>,std::less<unsigned long>,std::allocator<std::pair<unsigned long const,int>>>::insert_unique(std::_Rb_tree_iterator<std::pair<unsigned long const,int>>,std::pair<unsigned long const,int> const&)
080b80f0	146	_ZNSt8_Rb_treeImSt4pairIKmiESt10_Select1stIS2_ESt4lessImESaIS2_EE5eraseESt17_Rb_tree_iteratorIS2_ESA_	std::_Rb_tree<unsigned long,std::pair<unsigned long const,int>,std::_Select1st<std::pair<unsigned long const,int>>,std::less<unsigned long>,std::allocator<std::pair<unsigned long const,int>>>::erase(std::_Rb_tree_iterator<std::pair<unsigned long const,int>>,std::_Rb_tree_iterator<std::pair<unsigned long const,int>>)
080b8190	146	_ZNSt8_Rb_treeImSt4pairIKmiESt10_Select1stIS2_ESt4lessImESaIS2_EE5eraseERS1_	std::_Rb_tree<unsigned long,std::pair<unsigned long const,int>,std::_Select1st<std::pair<unsigned long const,int>>,std::less<unsigned long>,std::allocator<std::pair<unsigned long const,int>>>::erase(unsigned long const&)
080b8230	2071	_ZN15KResStringTable18AddStringsFromFileEPKci	KResStringTable::AddStringsFromFile(char const*,int)
080b8a50	302	_ZN12KNpcTemplate14AppendBaseInfoEP4KNpc	KNpcTemplate::AppendBaseInfo(KNpc *)
080b8b80	66	_Z41__static_initialization_and_destruction_0ii_17	_Z41__static_initialization_and_destruction_0ii_17
080b8bd0	16	_GLOBAL__I_g_ItemDropRateBinTree	`global constructor keyed to'g_ItemDropRateBinTree
080b8be0	16	__tcf_0_12	__tcf_0_12
080b8bf0	236	_ZN12KNpcTemplate14SkillString2IdEPKc	KNpcTemplate::SkillString2Id(char const*)
080b8ce0	253	_ZNK12KNpcTemplate25GetNpcLevelDataFromScriptEP10KLuaScriptPKciiddd	KNpcTemplate::GetNpcLevelDataFromScript(KLuaScript *,char const*,int,int,double,double,double)const
080b8de0	211	_ZN12KNpcTemplate28ST_GetNpcLevelDataFromScriptEP10KLuaScriptPKciiS3_	KNpcTemplate::ST_GetNpcLevelDataFromScript(KLuaScript *,char const*,int,int,char const*)
080b8ec0	228	_ZNK12KNpcTemplate25GetNpcLevelDataFromScriptEP10KLuaScriptPKciiS3_	KNpcTemplate::GetNpcLevelDataFromScript(KLuaScript *,char const*,int,int,char const*)const
080b8fb0	6223	_ZN12KNpcTemplate16InitNpcLevelDataEP8KTabFileiP10KLuaScriptii	KNpcTemplate::InitNpcLevelData(KTabFile *,int,KLuaScript *,int,int)
080ba800	40	_Zeq17KItemDropRateNodeS_	operator==(KItemDropRateNode,KItemDropRateNode)
080ba830	22	_Zlt17KItemDropRateNodeS_	operator<(KItemDropRateNode,KItemDropRateNode)
080ba850	1649	_Z17g_GenItemDropRatePKc	g_GenItemDropRate(char const*)
080baed0	290	_Z17g_GetItemDropRatePc	g_GetItemDropRate(char *)
080bb000	1715	_ZN12KNpcTemplate15InitNpcBaseDataEi	KNpcTemplate::InitNpcBaseData(int)
080bb6c0	28	_ZN8BinSTreeI17KItemDropRateNodeEC1Ev	BinSTree<KItemDropRateNode>::BinSTree(void)
080bb6e0	48	_ZN8TreeNodeI17KItemDropRateNodeEC1ERKS0_PS1_S4_	TreeNode<KItemDropRateNode>::TreeNode(KItemDropRateNode const&,TreeNode<KItemDropRateNode>*,TreeNode<KItemDropRateNode>*)
080bb710	78	_ZN8BinSTreeI17KItemDropRateNodeE10DeleteTreeEP8TreeNodeIS0_E	BinSTree<KItemDropRateNode>::DeleteTree(TreeNode<KItemDropRateNode> *)
080bb760	50	_ZN8BinSTreeI17KItemDropRateNodeE9ClearListEv	BinSTree<KItemDropRateNode>::ClearList(void)
080bb7a0	9	_ZN8BinSTreeI17KItemDropRateNodeED1Ev	BinSTree<KItemDropRateNode>::~BinSTree()
080bb7b0	253	_ZNK8BinSTreeI17KItemDropRateNodeE8FindNodeERKS0_RP8TreeNodeIS0_E	BinSTree<KItemDropRateNode>::FindNode(KItemDropRateNode const&,TreeNode<KItemDropRateNode> *&)const
080bb8b0	86	_ZN8BinSTreeI17KItemDropRateNodeE4FindERS0_	BinSTree<KItemDropRateNode>::Find(KItemDropRateNode&)
080bb910	276	_ZN8BinSTreeI17KItemDropRateNodeE6InsertERKS0_	BinSTree<KItemDropRateNode>::Insert(KItemDropRateNode const&)
080bba30	23	_ZN4KObj8SetIndexEi	KObj::SetIndex(int)
080bba50	22	_ZN4KObj10SetWorldIDEi	KObj::SetWorldID(int)
080bba70	18	_ZN4KObj11SetLifeTimeEi	KObj::SetLifeTime(int)
080bba90	21	_ZN4KObj7BoxOpenEv	KObj::BoxOpen(void)
080bbab0	22	_ZN4KObj8BoxCloseEv	KObj::BoxClose(void)
080bbad0	15	_ZN4KObj8DoorOpenEv	KObj::DoorOpen(void)
080bbae0	15	_ZN4KObj9DoorCloseEv	KObj::DoorClose(void)
080bbaf0	21	_ZN4KObj13SetItemDataIDEi	KObj::SetItemDataID(int)
080bbb10	5	_ZN4KObj9CastSkillEi	KObj::CastSkill(int)
080bbb20	5	_ZN4KObj9CastSkillEii	KObj::CastSkill(int,int)
080bbb30	7	_ZN4KObj9FindEnemyEv	KObj::FindEnemy(void)
080bbb40	14	_ZN4KObj13GetItemDataIDEv	KObj::GetItemDataID(void)
080bbb50	33	_ZN4KObj13SetItemBelongEi	KObj::SetItemBelong(int)
080bbb80	44	_ZN4KObj15SetEntireBelongEi	KObj::SetEntireBelong(int)
080bbbb0	11	_ZN4KObj7GetKindEv	KObj::GetKind(void)
080bbbc0	56	_ZN11ServerImage7ReleaseEv	ServerImage::Release(void)
080bbc00	9	_ZN11ServerImageC1Ev	ServerImage::ServerImage(void)
080bbc10	9	_ZN11ServerImageC2Ev	ServerImage::ServerImage(void)
080bbc20	28	_ZN11ServerImage13SetTotalFrameEi	ServerImage::SetTotalFrame(int)
080bbc40	68	_ZN11ServerImage11SetCurFrameEi	ServerImage::SetCurFrame(int)
080bbc90	34	_ZN11ServerImage11SetTotalDirEi	ServerImage::SetTotalDir(int)
080bbcc0	57	_ZN11ServerImage9SetCurDirEi	ServerImage::SetCurDir(int)
080bbd00	14	_ZN11ServerImage11SetInterValEm	ServerImage::SetInterVal(unsigned long)
080bbd10	11	_ZN11ServerImage15GetOneDirFramesEv	ServerImage::GetOneDirFrames(void)
080bbd20	30	_ZN11ServerImage8CheckEndEv	ServerImage::CheckEnd(void)
080bbd40	18	_ZN11ServerImage11SetDirStartEv	ServerImage::SetDirStart(void)
080bbd60	24	_ZN11ServerImage9SetDirEndEv	ServerImage::SetDirEnd(void)
080bbd80	115	_ZN11ServerImage12GetNextFrameEi	ServerImage::GetNextFrame(int)
080bbe00	122	_ZN11ServerImage12GetPrevFrameEi	ServerImage::GetPrevFrame(int)
080bbe80	132	_ZN11ServerImage11SetCurDir64Ei	ServerImage::SetCurDir64(int)
080bbf10	20	_ZN11ServerImage16GetCurDirFrameNoEv	ServerImage::GetCurDirFrameNo(void)
080bbf30	81	_ZN4KObj9GetMpsPosEPiS0_	KObj::GetMpsPos(int *,int *)
080bbf90	547	_ZN4KObj18PolygonChangeToBarE8KPolygoniiiiPh	KObj::PolygonChangeToBar(KPolygon,int,int,int,int,unsigned char *)
080bc1c0	402	_ZN4KObj7TrapActEv	KObj::TrapAct(void)
080bc360	367	_ZN4KObj10SyncRemoveEi	KObj::SyncRemove(int)
080bc4d0	142	_ZN4KObj6RemoveEi	KObj::Remove(int)
080bc560	367	_ZN4KObj7SyncDirEv	KObj::SyncDir(void)
080bc6d0	60	_ZN4KObj6SetDirEi	KObj::SetDir(int)
080bc710	67	_ZN4KObj11SetImageDirEi	KObj::SetImageDir(int)
080bc760	367	_ZN4KObj9SyncStateEv	KObj::SyncState(void)
080bc8d0	135	_ZN4KObj8SetStateEii	KObj::SetState(int,int)
080bc960	194	_ZN4KObj8ActivateEv	KObj::Activate(void)
080bca30	252	_ZN4KObj7SyncAddEP7KPlayer	KObj::SyncAdd(KPlayer *)
080bcb30	371	_ZN4KObj10ExecScriptEi	KObj::ExecScript(int)
080bccb0	142	_ZN4KObj13SetScriptFileEPc	KObj::SetScriptFile(char *)
080bcd40	401	_ZN4KObj7ReleaseEv	KObj::Release(void)
080bcee0	120	_ZN4KObjC2Ev	KObj::KObj(void)
080bcf60	516	_Z22g_LogItemWhenObjFailedii	g_LogItemWhenObjFailed(int,int)
080bd170	120	_ZN4KObjC1Ev	KObj::KObj(void)
080bd1f0	71	_ZN7KObjSet10SetObjItemEiiii	KObjSet::SetObjItem(int,int,int,int)
080bd240	36	_ZN7KObjSet8FindFreeEv	KObjSet::FindFree(void)
080bd270	55	_ZN7KObjSet15CheckClientKindEi	KObjSet::CheckClientKind(int)
080bd2b0	117	_ZN7KObjSet6FindIDEi	KObjSet::FindID(int)
080bd330	17	_ZN7KObjSet5GetIDEv	KObjSet::GetID(void)
080bd350	104	_ZN7KObjSet13GetDataIDKindEi	KObjSet::GetDataIDKind(int)
080bd3c0	76	_ZN7KObjSet6RemoveEi	KObjSet::Remove(int)
080bd410	72	_ZN7KObjSet7SyncAddEiP7KPlayer	KObjSet::SyncAdd(int,KPlayer *)
080bd460	153	_ZN7KObjSet14GetMoneyDataIdEi	KObjSet::GetMoneyDataId(int)
080bd500	1183	_ZN7KObjSet7AddDataEi7KMapPosiiii	KObjSet::AddData(int,KMapPos,int,int,int,int)
080bd9a0	1304	_ZN7KObjSet3AddEi7KMapPos12KObjItemInfo	KObjSet::Add(int,KMapPos,KObjItemInfo)
080bdec0	680	_ZN7KObjSet19ServerLoadRegionObjEiP8KPakFilem	KObjSet::ServerLoadRegionObj(int,KPakFile *,unsigned long)
080be170	769	_ZN7KObjSet19ServerLoadRegionObjEPciii	KObjSet::ServerLoadRegionObj(char *,int,int,int)
080be480	204	_ZN7KObjSet11AddMoneyObjE7KMapPosi	KObjSet::AddMoneyObj(KMapPos,int)
080be550	229	_ZN7KObjSet15MakeObjItemInfoEiR12KObjItemInfo	KObjSet::MakeObjItemInfo(int,KObjItemInfo &)
080be640	133	_ZN7KObjSet8FindNameEPc	KObjSet::FindName(char *)
080be6d0	406	_ZN7KObjSetC2Ev	KObjSet::KObjSet(void)
080be870	291	_ZN7KObjSet14GetReplaceNameEPKc	KObjSet::GetReplaceName(char const*)
080be9a0	469	_ZN7KObjSetD1Ev	KObjSet::~KObjSet()
080beb80	16	__tcf_0_13	__tcf_0_13
080beb90	93	_ZN7KObjSet15LoadReplaceNameEv	KObjSet::LoadReplaceName(void)
080bebf0	152	_ZN7KObjSet4InitEv	KObjSet::Init(void)
080bec90	469	_ZN7KObjSetD2Ev	KObjSet::~KObjSet()
080bee70	406	_ZN7KObjSetC1Ev	KObjSet::KObjSet(void)
080bf010	66	_Z41__static_initialization_and_destruction_0ii_18	_Z41__static_initialization_and_destruction_0ii_18
080bf060	16	_GLOBAL__I_ObjSet	`global constructor keyed to'ObjSet
080bf070	26	_ZN7KPlayer14SetPlayerIndexEi	KPlayer::SetPlayerIndex(int)
080bf090	5	_ZN7KPlayer10ProcessMsgEP13KWorldMsgNode	KPlayer::ProcessMsg(KWorldMsgNode *)
080bf0a0	149	_ZN7KPlayer17IsCheckValueValidEhm	KPlayer::IsCheckValueValid(unsigned char,unsigned long)
080bf140	26	_ZN7KPlayer15IsWaitingRemoveEv	KPlayer::IsWaitingRemove(void)
080bf160	28	_ZN7KPlayer13WaitForRemoveEv	KPlayer::WaitForRemove(void)
080bf180	22	_ZN7KPlayer18SetRenascenceCountEi	KPlayer::SetRenascenceCount(int)
080bf1a0	24	_ZN7KPlayer8GetMyNpcEv	KPlayer::GetMyNpc(void)
080bf1c0	32	_ZN7KPlayer18GetLoginRevivalPosEPiS0_S0_	KPlayer::GetLoginRevivalPos(int *,int *,int *)
080bf1e0	32	_ZN7KPlayer18GetDeathRevivalPosEPiS0_S0_	KPlayer::GetDeathRevivalPos(int *,int *,int *)
080bf200	48	_ZN7KPlayer8SetTimerEmi	KPlayer::SetTimer(unsigned long,int)
080bf230	34	_ZN7KPlayer10CloseTimerEv	KPlayer::CloseTimer(void)
080bf260	17	_ZN7KPlayer14ChangeCurLuckyEi	KPlayer::ChangeCurLucky(int)
080bf280	17	_ZN7KPlayer12AddBaseLuckyEi	KPlayer::AddBaseLucky(int)
080bf2a0	14	_ZN7KPlayer16GetEngergyDamageEv	KPlayer::GetEngergyDamage(void)
080bf2b0	159	_Z21_CalcPlayerExpByLeveliii	_CalcPlayerExpByLevel(int,int,int)
080bf350	150	_Z22_CalcPartnerExpByLeveliiii	_CalcPartnerExpByLevel(int,int,int,int)
080bf3f0	38	_ZN7KPlayer16ChangePlayerCampEi	KPlayer::ChangePlayerCamp(int)
080bf420	55	_ZN7KPlayer19ChatResendAllFriendEPh	KPlayer::ChatResendAllFriend(unsigned char *)
080bf460	5	_ZN7KPlayer15RemoveLuckyStarEi	KPlayer::RemoveLuckyStar(int)
080bf470	5	_ZN7KPlayer12AddLuckyStarEi	KPlayer::AddLuckyStar(int)
080bf480	38	_ZN7KPlayer18ClearScriptAnswersEv	KPlayer::ClearScriptAnswers(void)
080bf4b0	34	_ZN7KPlayer12CheckTradingEv	KPlayer::CheckTrading(void)
080bf4e0	347	_ZN7KPlayer14SetFirstDamageEv	KPlayer::SetFirstDamage(void)
080bf640	44	_ZN7KPlayer19SetBaseAttackRatingEv	KPlayer::SetBaseAttackRating(void)
080bf670	40	_ZN7KPlayer14SetBaseDefenceEv	KPlayer::SetBaseDefence(void)
080bf6a0	140	_ZN7KPlayer21SetBaseSpeedAndRadiusEv	KPlayer::SetBaseSpeedAndRadius(void)
080bf730	14	_ZN7KPlayer18IsExchangingServerEv	KPlayer::IsExchangingServer(void)
080bf740	30	_ZN7KPlayer11SetExtPointEiii	KPlayer::SetExtPoint(int,int,int)
080bf760	22	_ZN7KPlayer11GetExtPointEi	KPlayer::GetExtPoint(int)
080bf780	22	_ZN7KPlayer18GetExtPointChangedEi	KPlayer::GetExtPointChanged(int)
080bf7a0	45	_ZN7KPlayer14UpdateExtPointEii	KPlayer::UpdateExtPoint(int,int)
080bf7d0	26	_ZN7KPlayer18SetAccountLeftTimeEmm	KPlayer::SetAccountLeftTime(unsigned long,unsigned long)
080bf7f0	357	_ZN7KPlayer13GetExpPercentEPi	KPlayer::GetExpPercent(int *)
080bf960	26	_ZN7KPlayer17ChangeExpEnhanceVEii	KPlayer::ChangeExpEnhanceV(int,int)
080bf980	17	_ZN7KPlayer17ChangeExpEnhancePEi	KPlayer::ChangeExpEnhanceP(int)
080bf9a0	17	_ZN7KPlayer25Change120SKillExpEnhancePEi	KPlayer::Change120SKillExpEnhanceP(int)
080bf9c0	43	_ZN7KPlayer13GetCurrentMapEv	KPlayer::GetCurrentMap(void)
080bf9f0	14	_ZN7KPlayer13IsOfflineLiveEv	KPlayer::IsOfflineLive(void)
080bfa00	14	_ZN7KPlayer13IsOfflineQuitEv	KPlayer::IsOfflineQuit(void)
080bfa10	18	_ZN7KPlayer18PrepareOfflineQuitEv	KPlayer::PrepareOfflineQuit(void)
080bfa30	42	_ZN7KPlayer11KSaveAction17SetLastActionTimeENS0_13KE_SAVEACTIONEi	KPlayer::KSaveAction::SetLastActionTime(KPlayer::KSaveAction::KE_SAVEACTION,int)
080bfa60	27	_ZN7KPlayer11KSaveAction20SetActionSaveMinTimeENS0_13KE_SAVEACTIONEi	KPlayer::KSaveAction::SetActionSaveMinTime(KPlayer::KSaveAction::KE_SAVEACTION,int)
080bfa80	49	_ZN7KPlayer8SendDataEPKvj	KPlayer::SendData(void const*,unsigned int)
080bfac0	228	_ZN7KPlayer12SyncGoldCoinEi	KPlayer::SyncGoldCoin(int)
080bfbb0	62	_ZN7KPlayer14DoScriptActionEP27tagPLAYER_SCRIPTACTION_SYNC	KPlayer::DoScriptAction(tagPLAYER_SCRIPTACTION_SYNC *)
080bfbf0	81	_ZN7KPlayer21SyncIsCheckNpcBarrierEv	KPlayer::SyncIsCheckNpcBarrier(void)
080bfc50	243	_ZN7KPlayer14SyncTradeStateEv	KPlayer::SyncTradeState(void)
080bfd50	467	_ZN7KPlayer11SyncLevelUpEPS_	KPlayer::SyncLevelUp(KPlayer*)
080bff30	90	_ZN7KPlayer15SendFactionDataEv	KPlayer::SendFactionData(void)
080bff90	9	_ZN7KPlayer15SendFactionDataEPh	KPlayer::SendFactionData(unsigned char *)
080bffa0	348	_ZN7KPlayer21SendCurNormalSyncDataEPS_	KPlayer::SendCurNormalSyncData(KPlayer*)
080c0100	291	_ZN7KPlayer14SendSyncResistEv	KPlayer::SendSyncResist(void)
080c0230	38	_ZN7KPlayer8ShutdownEv	KPlayer::Shutdown(void)
080c0260	50	_ZN7KPlayer11SyncBalanceE12CurrencyTypem	KPlayer::SyncBalance(CurrencyType,unsigned long)
080c02a0	16	_ZN7KPlayer19GetEquipMantleLevelEv	KPlayer::GetEquipMantleLevel(void)
080c02b0	92	_ZN7KPlayer16CheckGlobalTradeEv	KPlayer::CheckGlobalTrade(void)
080c0310	70	_ZN7KPlayer10Msg2PlayerEPKc	KPlayer::Msg2Player(char const*)
080c0360	20	_ZN7KPlayer14AddProgressBarEmm	KPlayer::AddProgressBar(unsigned long,unsigned long)
080c0380	20	_ZN7KPlayer14DelProgressBarEm	KPlayer::DelProgressBar(unsigned long)
080c03a0	139	_ZN7KPlayer10CheckTradeEv	KPlayer::CheckTrade(void)
080c0430	78	_ZN7KPlayer20ProcessStallProtocolEPh	KPlayer::ProcessStallProtocol(unsigned char *)
080c0480	253	_ZN7KPlayer10GetFeeTypeEv	KPlayer::GetFeeType(void)
080c0580	88	_ZN7KPlayer7KickOutEi	KPlayer::KickOut(int)
080c05e0	32	_ZN7KPlayer19GetDisabledFuncFlagEv	KPlayer::GetDisabledFuncFlag(void)
080c0600	85	_ZN7KPlayer21SyncTaskValueToClientEi	KPlayer::SyncTaskValueToClient(int)
080c0660	20	_ZN7KPlayer14TaskGetSaveValEi	KPlayer::TaskGetSaveVal(int)
080c0680	147	_ZN7KPlayer12SetTaskValueEiii	KPlayer::SetTaskValue(int,int,int)
080c0720	91	_ZN7KPlayer19SetDisabledFuncFlagEm	KPlayer::SetDisabledFuncFlag(unsigned long)
080c0780	41	_ZN7KPlayer14TaskSetSaveValEii	KPlayer::TaskSetSaveVal(int,int)
080c07b0	74	_ZN7KPlayer21GetCanSwitchHorseTimeEi	KPlayer::GetCanSwitchHorseTime(int)
080c0800	48	_ZN7KPlayer9OnOfflineEv	KPlayer::OnOffline(void)
080c0830	36	_ZN7KPlayer3PayEi	KPlayer::Pay(int)
080c0860	76	_ZN7KPlayer6PrePayEi	KPlayer::PrePay(int)
080c08b0	347	_ZN7KPlayer25SyncTaskValueMoreToClientEiii	KPlayer::SyncTaskValueMoreToClient(int,int,int)
080c0a10	522	_ZN7KPlayer23_FillViewItemDetailInfoEP18tagVIEW_EQUIP_SYNC	KPlayer::_FillViewItemDetailInfo(tagVIEW_EQUIP_SYNC *)
080c0c20	119	_ZN7KPlayer11KSaveAction6ActiveEPS_	KPlayer::KSaveAction::Active(KPlayer*)
080c0ca0	149	_ZN11KSimpleSync8SendSyncEP7KPlayerPNS_15TSimpleSyncDataE	KSimpleSync::SendSync(KPlayer *,KSimpleSync::TSimpleSyncData *)
080c0d40	63	_ZN11KSimpleSync8SendSyncEP7KPlayerNS_10eSimpeTypeEii	KSimpleSync::SendSync(KPlayer *,KSimpleSync::eSimpeType,int,int)
080c0d80	45	_ZN7KPlayer16AddTempTaskValueEPv	KPlayer::AddTempTaskValue(void *)
080c0db0	87	_ZN7KPlayer11GetMateNameEPc	KPlayer::GetMateName(char *)
080c0e10	1256	_ZN7KPlayer20CheckExpiredTimeItemEv	KPlayer::CheckExpiredTimeItem(void)
080c1300	187	_ZN7KPlayer6RenameEPKc	KPlayer::Rename(char const*)
080c13c0	223	_ZN7KPlayer16S2CExecuteScriptEPcS0_	KPlayer::S2CExecuteScript(char *,char *)
080c14a0	485	_ZN7KPlayer16SendSelfTeamInfoEv	KPlayer::SendSelfTeamInfo(void)
080c1690	69	_ZN7KPlayer11SetMateNameEPKc	KPlayer::SetMateName(char const*)
080c16e0	101	_ZN7KPlayer16IsOfflineTimeoutEm	KPlayer::IsOfflineTimeout(unsigned long)
080c1750	121	_ZN7KPlayer11OfflineQuitEi	KPlayer::OfflineQuit(int)
080c17d0	49	_ZN7KPlayer21CleanConnectionStatusEv	KPlayer::CleanConnectionStatus(void)
080c1810	597	_ZN7KPlayer11OfflineLiveEv	KPlayer::OfflineLive(void)
080c1a70	76	_ZN7KPlayer7OnLoginEv	KPlayer::OnLogin(void)
080c1ac0	102	_ZN7KPlayer12EnterChannelEt	KPlayer::EnterChannel(unsigned short)
080c1b30	79	_ZN7KPlayer34ThrowAwayMedicineFromEquipmentRoomEi	KPlayer::ThrowAwayMedicineFromEquipmentRoom(int)
080c1b80	96	_ZN7KPlayer8DispenseEPK29STONG_SERVER_TO_CORE_DISPENSE	KPlayer::Dispense(STONG_SERVER_TO_CORE_DISPENSE const*)
080c1be0	45	_ZN7KPlayer4EarnEi	KPlayer::Earn(int)
080c1c10	123	_ZN7KPlayer14ForceLeaveTongEv	KPlayer::ForceLeaveTong(void)
080c1c90	109	_ZN7KPlayer11AddExtPointEiii	KPlayer::AddExtPoint(int,int,int)
080c1d00	106	_ZN7KPlayer11PayExtPointEii	KPlayer::PayExtPoint(int,int)
080c1d70	316	_ZN7KPlayer13ExecuteScriptEmPKc	KPlayer::ExecuteScript(unsigned long,char const*)
080c1eb0	55	_ZN7KPlayer16CanChangeCurCampEv	KPlayer::CanChangeCurCamp(void)
080c1ef0	20	_ZN7KPlayer15TaskGetClearValEi	KPlayer::TaskGetClearVal(int)
080c1f10	146	_ZN7KPlayer23SetLastNetOperationTimeEi	KPlayer::SetLastNetOperationTime(int)
080c1fb0	72	_ZN7KPlayer24CheckTradeFromTireSystemEv	KPlayer::CheckTradeFromTireSystem(void)
080c2000	20	_ZN7KPlayer21GetLastAddFactionNameEPci	KPlayer::GetLastAddFactionName(char *,int)
080c2020	20	_ZN7KPlayer14GetFactionNameEPci	KPlayer::GetFactionName(char *,int)
080c2040	423	_ZN7KPlayer8DoScriptEPc	KPlayer::DoScript(char *)
080c21f0	224	_ZN7KPlayer19NotifyUiProgressBarEiiPKc	KPlayer::NotifyUiProgressBar(int,int,char const*)
080c22d0	144	_ZN7KPlayer16BackToTownPortalEv	KPlayer::BackToTownPortal(void)
080c2360	269	_ZN7KPlayer9UseSilverEjjj	KPlayer::UseSilver(unsigned int,unsigned int,unsigned int)
080c2470	233	_ZN7KPlayer4GiveEmiPmi	KPlayer::Give(unsigned long,int,unsigned long *,int)
080c2560	373	_ZN7KPlayer17SendEquipItemInfoEi	KPlayer::SendEquipItemInfo(int)
080c26e0	84	_ZN7KPlayer15TradeApplyCloseEPh	KPlayer::TradeApplyClose(unsigned char *)
080c2740	297	_ZN7KPlayer11CancelTradeEi	KPlayer::CancelTrade(int)
080c2870	87	_ZN7KPlayer11CancelTradeEv	KPlayer::CancelTrade(void)
080c28d0	125	_ZN7KPlayer14TradeMoveMoneyEPh	KPlayer::TradeMoveMoney(unsigned char *)
080c2950	285	_ZN7KPlayer14TradeApplyOpenEPh	KPlayer::TradeApplyOpen(unsigned char *)
080c2a70	45	_ZN7KPlayer18ChatRedeleteFriendEPh	KPlayer::ChatRedeleteFriend(unsigned char *)
080c2aa0	45	_ZN7KPlayer16ChatDeleteFriendEPh	KPlayer::ChatDeleteFriend(unsigned char *)
080c2ad0	45	_ZN7KPlayer21ChatSendOneFriendDataEPh	KPlayer::ChatSendOneFriendData(unsigned char *)
080c2b00	189	_ZN7KPlayer16ChatRefuseFriendEPh	KPlayer::ChatRefuseFriend(unsigned char *)
080c2bc0	197	_ZN7KPlayer13ChatAddFriendEPh	KPlayer::ChatAddFriend(unsigned char *)
080c2c90	29	_ZN7KPlayer18ChatSetTakeChannelEPh	KPlayer::ChatSetTakeChannel(unsigned char *)
080c2cb0	150	_ZN7KPlayer16ServerDivideItemEiii	KPlayer::ServerDivideItem(int,int,int)
080c2d50	190	_ZN7KPlayer15SetAForbitSkillEii	KPlayer::SetAForbitSkill(int,int)
080c2e10	298	_ZN7KPlayer18SendSyncData_SkillEv	KPlayer::SendSyncData_Skill(void)
080c2f40	40	_ZN7KPlayer20RegisterProcessEventEi	KPlayer::RegisterProcessEvent(int)
080c2f70	41	_ZN7KPlayer14ServerSendChatEPh	KPlayer::ServerSendChat(unsigned char *)
080c2fa0	20	_ZN7KPlayer15TaskSetClearValEii	KPlayer::TaskSetClearVal(int,int)
080c2fc0	16	_ZN7KPlayer16TaskClearTempValEv	KPlayer::TaskClearTempVal(void)
080c2fd0	118	_ZN7KPlayer19CurFactionOpenSkillEi	KPlayer::CurFactionOpenSkill(int)
080c3050	94	_ZN7KPlayer15LeaveCurFactionEv	KPlayer::LeaveCurFaction(void)
080c30b0	119	_ZN7KPlayer10AddFactionEi	KPlayer::AddFaction(int)
080c3130	119	_ZN7KPlayer10AddFactionEPc	KPlayer::AddFaction(char *)
080c31b0	88	_ZN7KPlayer11SetPortraitEi	KPlayer::SetPortrait(int)
080c3210	118	_ZN7KPlayer19LevelAddBaseManaMaxEi	KPlayer::LevelAddBaseManaMax(int)
080c3290	210	_ZN7KPlayer22LevelAddBaseStaminaMaxEi	KPlayer::LevelAddBaseStaminaMax(int)
080c3370	118	_ZN7KPlayer19LevelAddBaseLifeMaxEi	KPlayer::LevelAddBaseLifeMax(int)
080c33f0	194	_ZN7KPlayer10AddLeadExpEi	KPlayer::AddLeadExp(int)
080c34c0	31	_ZN7KPlayer11ReCalcStateEv	KPlayer::ReCalcState(void)
080c34e0	294	_ZN7KPlayer11ReCalcEquipEv	KPlayer::ReCalcEquip(void)
080c3610	205	_ZN7KPlayer13UpdataCurDataEi	KPlayer::UpdataCurData(int)
080c36e0	191	_ZN7KPlayer21SendCurNormalSyncDataEv	KPlayer::SendCurNormalSyncData(void)
080c37a0	121	_Z17_PlayerEnhanceExpiiR8tagPOINT	_PlayerEnhanceExp(int,int,tagPOINT &)
080c3820	58	_ZN7KPlayer13SetNpcDefenceEv	KPlayer::SetNpcDefence(void)
080c3860	52	_ZN7KPlayer18SetNpcAttackRatingEv	KPlayer::SetNpcAttackRating(void)
080c38a0	168	_ZN7KPlayer19SetNpcPhysicsDamageEv	KPlayer::SetNpcPhysicsDamage(void)
080c3950	9	_ZN7KPlayer18SetNpcDamageAttribEv	KPlayer::SetNpcDamageAttrib(void)
080c3960	87	_ZN7KPlayer18ChangeCurDexterityEi	KPlayer::ChangeCurDexterity(int)
080c39c0	21	_ZN7KPlayer17ChangeCurStrengthEi	KPlayer::ChangeCurStrength(int)
080c39e0	252	_ZN7KPlayer16AddBaseDexterityEii	KPlayer::AddBaseDexterity(int,int)
080c3ae0	204	_ZN7KPlayer15AddBaseStrengthEii	KPlayer::AddBaseStrength(int,int)
080c3bb0	160	_ZN7KPlayer16GetWeaponEnhanceEv	KPlayer::GetWeaponEnhance(void)
080c3c50	98	_ZN7KPlayer16ChangeCurEngergyEi	KPlayer::ChangeCurEngergy(int)
080c3cc0	157	_ZN7KPlayer17ChangeCurVitalityEi	KPlayer::ChangeCurVitality(int)
080c3d60	299	_ZN7KPlayer14AddBaseEngergyEii	KPlayer::AddBaseEngergy(int,int)
080c3e90	299	_ZN7KPlayer15AddBaseVitalityEii	KPlayer::AddBaseVitality(int,int)
080c3fc0	139	_ZN7KPlayer16AddBaseAttributeEPh	KPlayer::AddBaseAttribute(unsigned char *)
080c4050	198	_ZN7KPlayer25NewPlayerGetBaseAttributeEi	KPlayer::NewPlayerGetBaseAttribute(int)
080c4120	52	_ZN7KPlayer13FindAroundNpcEm	KPlayer::FindAroundNpc(unsigned long)
080c4160	225	_ZN7KPlayer17CheckPlayerAroundEi	KPlayer::CheckPlayerAround(int)
080c4250	218	_ZN7KPlayer16FindAroundPlayerEm	KPlayer::FindAroundPlayer(unsigned long)
080c4330	275	_ZN7KPlayer15TradeApplyStartEPh	KPlayer::TradeApplyStart(unsigned char *)
080c4450	272	_ZN7KPlayer26ChatTransmitApplyAddFriendEPh	KPlayer::ChatTransmitApplyAddFriend(unsigned char *)
080c4560	516	_ZN7KPlayer15S2CSendTeamInfoEP19C2S_APPLY_TEAM_INFO	KPlayer::S2CSendTeamInfo(C2S_APPLY_TEAM_INFO *)
080c4770	223	_ZN7KPlayer12SetTeamStateEP25C2S_APPLY_TEAM_OPEN_CLOSE	KPlayer::SetTeamState(C2S_APPLY_TEAM_OPEN_CLOSE *)
080c4850	58	_ZN7KPlayer21TeamAutoChangeCaptionEv	KPlayer::TeamAutoChangeCaption(void)
080c4890	42	_ZN7KPlayer10CreateTeamEP21C2S_APPLY_CREATE_TEAM	KPlayer::CreateTeam(C2S_APPLY_CREATE_TEAM *)
080c48c0	296	_ZN7KPlayer13SetRevivalPosEii	KPlayer::SetRevivalPos(int,int)
080c49f0	468	_ZN7KPlayer8WriteLogEPKcz	KPlayer::WriteLog(char const*,...)
080c4bd0	454	_ZN7KPlayer17SendSyncCurPlayerEi	KPlayer::SendSyncCurPlayer(int)
080c4da0	190	_ZN7KPlayer8DisWatchEv	KPlayer::DisWatch(void)
080c4e60	224	_ZN7KPlayer5WatchEi	KPlayer::Watch(int)
080c4f40	218	_ZN7KPlayer14ShowPersonInfoEi	KPlayer::ShowPersonInfo(int)
080c5020	154	_ZN7KPlayer14ForbitUseSkillEb	KPlayer::ForbitUseSkill(bool)
080c50c0	118	_ZN7KPlayer7CanSaveEv	KPlayer::CanSave(void)
080c5140	131	_ZN7KPlayer4SaveEi	KPlayer::Save(int)
080c51d0	59	_ZN7KPlayer14IsLoginTimeOutEv	KPlayer::IsLoginTimeOut(void)
080c5210	421	_ZN7KPlayer17SetBaseResistDataEv	KPlayer::SetBaseResistData(void)
080c53c0	112	_ZN7KPlayer5SetPKEPh	KPlayer::SetPK(unsigned char *)
080c5430	792	_ZN7KPlayer12TRepairEquipEm	KPlayer::TRepairEquip(unsigned long)
080c5750	381	_ZN7KPlayer8MaskItemEPc	KPlayer::MaskItem(char *)
080c58d0	68	_ZN7KPlayer16GetAllEquipValueEv	KPlayer::GetAllEquipValue(void)
080c5920	249	_ZN7KPlayer21CheckAndReviveOnDeathEv	KPlayer::CheckAndReviveOnDeath(void)
080c5a20	120	_ZN7KPlayer14GetAllChannelsEPP8KEnumObjItE	KPlayer::GetAllChannels(KEnumObj<unsigned short> **)
080c5aa0	147	_ZN7KPlayer16ChatFriendOnLineEmi	KPlayer::ChatFriendOnLine(unsigned long,int)
080c5b40	196	_ZN7KPlayer11SyncLevelUpEv	KPlayer::SyncLevelUp(void)
080c5c10	97	_ZN7KPlayer6OnQuitEv	KPlayer::OnQuit(void)
080c5c80	100	_ZN7KPlayer12LeaveChannelEt	KPlayer::LeaveChannel(unsigned short)
080c5cf0	213	_ZN14KRoleRenameCmd7ExecuteEv	KRoleRenameCmd::Execute(void)
080c5dd0	159	_ZN7KPlayer18CheckTryoutTimeoutEv	KPlayer::CheckTryoutTimeout(void)
080c5e70	257	_ZN7KPlayer8SellItemEPh	KPlayer::SellItem(unsigned char *)
080c5f80	461	_ZN7KPlayer19FormatCallNotReturnEPKcS1_S1_z	KPlayer::FormatCallNotReturn(char const*,char const*,char const*,...)
080c6150	72	_ZN7KPlayer16ClearAllChannelsEv	KPlayer::ClearAllChannels(void)
080c61a0	154	_ZN7KPlayer18SetPartnerBagLevelEi	KPlayer::SetPartnerBagLevel(int)
080c6240	453	_ZN7KPlayer14Add120SkillExpEi	KPlayer::Add120SkillExp(int)
080c6410	303	_ZN7KPlayer18TobeExchangeServerEmii	KPlayer::TobeExchangeServer(unsigned long,int,int)
080c6540	546	_ZN7KPlayer23UpdateEquipLeftUageTimeEm	KPlayer::UpdateEquipLeftUageTime(unsigned long)
080c6770	313	_ZN7KPlayer11GetAboutPosEP7KMapPos	KPlayer::GetAboutPos(KMapPos *)
080c68b0	482	_ZN7KPlayer13AddItemOnBodyEiiii	KPlayer::AddItemOnBody(int,int,int,int)
080c6aa0	383	_ZN7KPlayer7BuyItemEPh	KPlayer::BuyItem(unsigned char *)
080c6c20	264	_ZN7KPlayer13UseTownPortalEv	KPlayer::UseTownPortal(void)
080c6d30	325	_ZN7KPlayer7EatItemEPh	KPlayer::EatItem(unsigned char *)
080c6e80	704	_ZN7KPlayer13ExecuteScriptEmPKcS1_j	KPlayer::ExecuteScript(unsigned long,char const*,char const*,unsigned int)
080c7140	109	_ZN7KPlayer13ExecuteScriptEPKcS1_S1_j	KPlayer::ExecuteScript(char const*,char const*,char const*,unsigned int)
080c71b0	121	_ZN7KPlayer17GetRandomTaskTimeEv	KPlayer::GetRandomTaskTime(void)
080c7230	274	_ZN7KPlayer11DoTransLifeEv	KPlayer::DoTransLife(void)
080c7350	119	_ZN7KPlayer13OnLeaveCurMapEv	KPlayer::OnLeaveCurMap(void)
080c73d0	119	_ZN7KPlayer13OnEnterNewMapEv	KPlayer::OnEnterNewMap(void)
080c7450	630	_ZN7KPlayer19ExecuteScriptValistEmPKciS1_Pc	KPlayer::ExecuteScriptValist(unsigned long,char const*,int,char const*,char *)
080c76d0	129	_ZN7KPlayer19ExecuteScriptValistEPKcS1_iS1_Pc	KPlayer::ExecuteScriptValist(char const*,char const*,int,char const*,char *)
080c7760	101	_ZN7KPlayer13ExecuteScriptEPKcS1_iS1_z	KPlayer::ExecuteScript(char const*,char const*,int,char const*,...)
080c77d0	70	_ZN7KPlayer24ConsumeLeftTalkTimeCountE15enumChannelType	KPlayer::ConsumeLeftTalkTimeCount(enumChannelType)
080c7820	100	_ZN7KPlayer22CheckLeftTalkTimeCountE15enumChannelType	KPlayer::CheckLeftTalkTimeCount(enumChannelType)
080c7890	629	_ZN7KPlayer6ReviveEii	KPlayer::Revive(int,int)
080c7b10	57	_ZN7KPlayer13ExecuteScriptEmPKciS1_z	KPlayer::ExecuteScript(unsigned long,char const*,int,char const*,...)
080c7b50	397	_ZN7KPlayer15RepairGoldEquipEm	KPlayer::RepairGoldEquip(unsigned long)
080c7ce0	472	_ZN7KPlayer10RepairItemEm	KPlayer::RepairItem(unsigned long)
080c7ec0	486	_ZN7KPlayer9DialogNpcEPh	KPlayer::DialogNpc(unsigned char *)
080c80b0	605	_ZN7KPlayer21ProcessChangeExtPointERK17tagChangeExtPointRK23tagReturnChangeExtPointi	KPlayer::ProcessChangeExtPoint(tagChangeExtPoint const&,tagReturnChangeExtPoint const&,int)
080c8310	629	_ZN7KPlayer14_ExecuteScriptEP10KLuaScriptmPKciS3_z	KPlayer::_ExecuteScript(KLuaScript *,unsigned long,char const*,int,char const*,...)
080c8590	636	_ZN7KPlayer13ExecuteScriptEmPKcij	KPlayer::ExecuteScript(unsigned long,char const*,int,unsigned int)
080c8810	710	_ZN7KPlayer17ProcessGiveItemUIEP22tagPLAYER_GIVEITEMSEND	KPlayer::ProcessGiveItemUI(tagPLAYER_GIVEITEMSEND *)
080c8ae0	585	_ZN7KPlayer25ProcessPlayerSelectFromUIEPh	KPlayer::ProcessPlayerSelectFromUI(unsigned char *)
080c8d30	109	_ZN7KPlayer13ExecuteScriptEPKcS1_ij	KPlayer::ExecuteScript(char const*,char const*,int,unsigned int)
080c8da0	278	_ZN7KPlayer14LoginDelaySyncEv	KPlayer::LoginDelaySync(void)
080c8ec0	108	_ZN7KPlayer23ActivateRandomTaskEventEm	KPlayer::ActivateRandomTaskEvent(unsigned long)
080c8f30	1540	_ZN7KPlayer7LevelUpEi	KPlayer::LevelUp(int)
080c9540	145	_ZN7KPlayer8LevelsUpEi	KPlayer::LevelsUp(int)
080c95e0	607	_ZN7KPlayer12DirectAddExpEx	KPlayer::DirectAddExp(long long)
080c9840	860	_ZN7KPlayer10AddSelfExpEii	KPlayer::AddSelfExp(int,int)
080c9ba0	1538	_ZN7KPlayer6AddExpEiii	KPlayer::AddExp(int,int,int)
080ca1b0	284	_ZN7KPlayer8StackExpEx	KPlayer::StackExp(long long)
080ca2d0	260	_ZN7KPlayer16ApplyBindOperateEmi	KPlayer::ApplyBindOperate(unsigned long,int)
080ca3e0	1413	_ZN7KPlayer13AddSkillPointEPh	KPlayer::AddSkillPoint(unsigned char *)
080ca970	641	_ZN7KPlayer12SendSyncDataERiRj	KPlayer::SendSyncData(int &,unsigned int &)
080cac00	395	_ZN7KPlayer25UpdateRetScoreForGoldCoinEv	KPlayer::UpdateRetScoreForGoldCoin(void)
080cad90	2592	_ZN7KPlayer6ActiveEv	KPlayer::Active(void)
080cb7b0	333	_ZN7KPlayer13UpdateRespectEv	KPlayer::UpdateRespect(void)
080cb900	680	_ZN7KPlayer12LaunchPlayerEv	KPlayer::LaunchPlayer(void)
080cbbb0	1090	_ZN7KPlayer18c2sTradeReplyStartEPh	KPlayer::c2sTradeReplyStart(unsigned char *)
080cc000	512	_ZN7KPlayer14ServerMoveItemEPh	KPlayer::ServerMoveItem(unsigned char *)
080cc200	2207	_ZN7KPlayer7ReleaseEv	KPlayer::Release(void)
080ccaa0	57	_ZN7KPlayer12LoginTimeOutEv	KPlayer::LoginTimeOut(void)
080ccae0	511	_ZN7KPlayer18S2CSendAddTeamInfoEP18C2S_APPLY_ADD_TEAM	KPlayer::S2CSendAddTeamInfo(C2S_APPLY_ADD_TEAM *)
080ccce0	1626	_ZN7KPlayer19ServerThrowAwayItemEPh	KPlayer::ServerThrowAwayItem(unsigned char *)
080cd340	2420	_ZN7KPlayer8PkPunishEPS_	KPlayer::PkPunish(KPlayer*)
080cdcc0	9269	_ZN7KPlayer13TradeDecisionEPh	KPlayer::TradeDecision(unsigned char *)
080d0100	340	_ZN7KPlayer15TeamReplyInviteEP21C2S_TEAM_REPLY_INVITE	KPlayer::TeamReplyInvite(C2S_TEAM_REPLY_INVITE *)
080d0260	1177	_ZN7KPlayer17TeamChangeCaptainEP23C2S_TEAM_CHANGE_CAPTAIN	KPlayer::TeamChangeCaptain(C2S_TEAM_CHANGE_CAPTAIN *)
080d0700	579	_ZN7KPlayer11TeamKickOneEP20C2S_TEAM_KICK_MEMBER	KPlayer::TeamKickOne(C2S_TEAM_KICK_MEMBER *)
080d0950	561	_ZN7KPlayer11TeamDismissEP16C2S_TEAM_DISMISS	KPlayer::TeamDismiss(C2S_TEAM_DISMISS *)
080d0b90	1398	_ZN7KPlayer13AddTeamMemberEP22C2S_ACCEPT_TEAM_MEMBER	KPlayer::AddTeamMember(C2S_ACCEPT_TEAM_MEMBER *)
080d1110	5224	_ZN7KPlayer16ServerPickUpItemEPh	KPlayer::ServerPickUpItem(unsigned char *)
080d2580	389	_ZN7KPlayer9LeaveTeamEP20C2S_APPLY_LEAVE_TEAM	KPlayer::LeaveTeam(C2S_APPLY_LEAVE_TEAM *)
080d2710	2230	_ZN7KPlayerD2Ev	KPlayer::~KPlayer()
080d2fd0	3014	_ZN7KPlayerC1Ev	KPlayer::KPlayer(void)
080d3ba0	2946	_ZN7KPlayerC2Ev	KPlayer::KPlayer(void)
080d4730	2281	_ZN7KPlayerD1Ev	KPlayer::~KPlayer()
080d5020	87	_ZNSt8_Rb_treeIjSt4pairIKj9TASK_PROPESt10_Select1stIS3_ESt4lessIjESaIS3_EE4findERS1_	std::_Rb_tree<unsigned int,std::pair<unsigned int const,TASK_PROP>,std::_Select1st<std::pair<unsigned int const,TASK_PROP>>,std::less<unsigned int>,std::allocator<std::pair<unsigned int const,TASK_PROP>>>::find(unsigned int const&)
080d5080	91	_ZNSt8_Rb_treeIttSt9_IdentityItESt4lessItESaItEE4findERKt	std::_Rb_tree<unsigned short,unsigned short,std::_Identity<unsigned short>,std::less<unsigned short>,std::allocator<unsigned short>>::find(unsigned short const&)
080d50e0	59	_ZNSt8_Rb_treeIP9KObserverSt4pairIKS1_iESt10_Select1stIS4_ESt4lessIS1_ESaIS4_EE8_M_eraseEPSt13_Rb_tree_nodeIS4_E	std::_Rb_tree<KObserver *,std::pair<KObserver * const,int>,std::_Select1st<std::pair<KObserver * const,int>>,std::less<KObserver *>,std::allocator<std::pair<KObserver * const,int>>>::_M_erase(std::_Rb_tree_node<std::pair<KObserver * const,int>> *)
080d5120	85	_ZNSt8_Rb_treeIiSt4pairIKiSt3mapIP9KObserveriSt4lessIS4_ESaIS0_IKS4_iEEEESt10_Select1stISB_ES5_IiESaISB_EE8_M_eraseEPSt13_Rb_tree_nodeISB_E	std::_Rb_tree<int,std::pair<int const,std::map<KObserver *,int,std::less<KObserver *>,std::allocator<std::pair<KObserver * const,int>>>>,std::_Select1st<std::pair<int const,std::map<KObserver *,int,std::less<KObserver *>,std::allocator<std::pair<KObserver * const,int>>>>>,std::less<int>,std::allocator<std::pair<int const,std::map<KObserver *,int,std::less<KObserver *>,std::allocator<std::pair<KObserver * const,int>>>>>>::_M_erase(std::_Rb_tree_node<std::pair<int const,std::map<KObserver *,int,std::less<KObserver *>,std::allocator<std::pair<KObserver * const,int>>>>> *)
080d5180	42	_ZNSt10_List_baseIP9ICallBackSaIS1_EE8_M_clearEv	std::_List_base<ICallBack *,std::allocator<ICallBack *>>::_M_clear(void)
080d51b0	59	_ZNSt8_Rb_treeItSt4pairIKtN15KTmpTaskValueEx4TINTEESt10_Select1stIS4_ESt4lessItESaIS4_EE8_M_eraseEPSt13_Rb_tree_nodeIS4_E	std::_Rb_tree<unsigned short,std::pair<unsigned short const,KTmpTaskValueEx::TINT>,std::_Select1st<std::pair<unsigned short const,KTmpTaskValueEx::TINT>>,std::less<unsigned short>,std::allocator<std::pair<unsigned short const,KTmpTaskValueEx::TINT>>>::_M_erase(std::_Rb_tree_node<std::pair<unsigned short const,KTmpTaskValueEx::TINT>> *)
080d51f0	59	_ZNSt8_Rb_treeIttSt9_IdentityItESt4lessItESaItEE8_M_eraseEPSt13_Rb_tree_nodeItE	std::_Rb_tree<unsigned short,unsigned short,std::_Identity<unsigned short>,std::less<unsigned short>,std::allocator<unsigned short>>::_M_erase(std::_Rb_tree_node<unsigned short> *)
080d5230	59	_ZNSt8_Rb_treeImSt4pairIKmN16KProgressBarList5KINFOEESt10_Select1stIS4_ESt4lessImESaIS4_EE8_M_eraseEPSt13_Rb_tree_nodeIS4_E	std::_Rb_tree<unsigned long,std::pair<unsigned long const,KProgressBarList::KINFO>,std::_Select1st<std::pair<unsigned long const,KProgressBarList::KINFO>>,std::less<unsigned long>,std::allocator<std::pair<unsigned long const,KProgressBarList::KINFO>>>::_M_erase(std::_Rb_tree_node<std::pair<unsigned long const,KProgressBarList::KINFO>> *)
080d5270	59	_ZNSt8_Rb_treeIjSt4pairIKjN12KPlayerTitle17_TPlayerTitleDataEESt10_Select1stIS4_ESt4lessIjESaIS4_EE8_M_eraseEPSt13_Rb_tree_nodeIS4_E	std::_Rb_tree<unsigned int,std::pair<unsigned int const,KPlayerTitle::_TPlayerTitleData>,std::_Select1st<std::pair<unsigned int const,KPlayerTitle::_TPlayerTitleData>>,std::less<unsigned int>,std::allocator<std::pair<unsigned int const,KPlayerTitle::_TPlayerTitleData>>>::_M_erase(std::_Rb_tree_node<std::pair<unsigned int const,KPlayerTitle::_TPlayerTitleData>> *)
080d52b0	138	_ZNSt8_Rb_treeIttSt9_IdentityItESt4lessItESaItEE9_M_insertEPSt18_Rb_tree_node_baseS7_RKt	std::_Rb_tree<unsigned short,unsigned short,std::_Identity<unsigned short>,std::less<unsigned short>,std::allocator<unsigned short>>::_M_insert(std::_Rb_tree_node_base *,std::_Rb_tree_node_base *,unsigned short const&)
080d5340	241	_ZNSt8_Rb_treeIttSt9_IdentityItESt4lessItESaItEE13insert_uniqueERKt	std::_Rb_tree<unsigned short,unsigned short,std::_Identity<unsigned short>,std::less<unsigned short>,std::allocator<unsigned short>>::insert_unique(unsigned short const&)
080d5440	97	_ZN15__KPartnerArrayI14KPlayerPartnerLj3EE8FindSameEPS0_	__KPartnerArray<KPlayerPartner,3u>::FindSame(KPlayerPartner*)
080d54b0	291	_ZNSt6vectorIjSaIjEE13_M_insert_auxEN9__gnu_cxx17__normal_iteratorIPjS1_EERKj	std::vector<unsigned int,std::allocator<unsigned int>>::_M_insert_aux(__gnu_cxx::__normal_iterator<unsigned int *,std::vector<unsigned int,std::allocator<unsigned int>>>,unsigned int const&)
080d55e0	105	_ZN14KRoleRenameCmd7ReleaseEv	KRoleRenameCmd::Release(void)
080d5650	271	_ZNSt8_Rb_treeIiSt4pairIKi6KGoodsESt10_Select1stIS3_ESt4lessIiESaIS3_EE8_M_eraseEPSt13_Rb_tree_nodeIS3_E	std::_Rb_tree<int,std::pair<int const,KGoods>,std::_Select1st<std::pair<int const,KGoods>>,std::less<int>,std::allocator<std::pair<int const,KGoods>>>::_M_erase(std::_Rb_tree_node<std::pair<int const,KGoods>> *)
080d5760	7	_ZN7KPlayer11AddDBPlayerEPciPm	KPlayer::AddDBPlayer(char *,int,unsigned long *)
080d5770	25	_ZN7KPlayer24SavePlayerLifeSkilllListEPh	KPlayer::SavePlayerLifeSkilllList(unsigned char *)
080d5790	56	_Z41__static_initialization_and_destruction_0ii_19	_Z41__static_initialization_and_destruction_0ii_19
080d57d0	16	_GLOBAL__I_g_DBMsgList	`global constructor keyed to'g_DBMsgList
080d57e0	409	_ZN7KPlayer18SavePlayerTaskListEPh	KPlayer::SavePlayerTaskList(unsigned char *)
080d5980	160	_ZN7KPlayer24SavePlayerFightSkillListEPh	KPlayer::SavePlayerFightSkillList(unsigned char *)
080d5a20	285	_ZN7KPlayer24LoadPlayerLifeSkilllListEPhRS0_Rj	KPlayer::LoadPlayerLifeSkilllList(unsigned char *,unsigned char *&,unsigned int &)
080d5b40	309	_ZN7KPlayer24LoadPlayerFightSkillListEPhRS0_Rj	KPlayer::LoadPlayerFightSkillList(unsigned char *,unsigned char *&,unsigned int &)
080d5c80	65	_ZN7KPlayer14_AddItemToListEiiii	KPlayer::_AddItemToList(int,int,int,int)
080d5cd0	4554	_ZN7KPlayer18LoadPlayerItemListEPhRS0_Rj	KPlayer::LoadPlayerItemList(unsigned char *,unsigned char *&,unsigned int &)
080d6ea0	1613	_ZN7KPlayer18SavePlayerItemListEPhi	KPlayer::SavePlayerItemList(unsigned char *,int)
080d74f0	446	_ZN7KPlayer18LoadPlayerTaskListEPhRS0_Rj	KPlayer::LoadPlayerTaskList(unsigned char *,unsigned char *&,unsigned int &)
080d76b0	189	_ZN7KPlayer10OnDbLoadedEv	KPlayer::OnDbLoaded(void)
080d7770	1001	_ZN7KPlayer19LoadPlayerStateListEPhRS0_Rj	KPlayer::LoadPlayerStateList(unsigned char *,unsigned char *&,unsigned int &)
080d7b60	1621	_ZN7KPlayer18SavePlayerBaseInfoEPhi	KPlayer::SavePlayerBaseInfo(unsigned char *,int)
080d81c0	974	_ZN7KPlayer19SavePlayerStateListEPh	KPlayer::SavePlayerStateList(unsigned char *)
080d8590	1272	_ZN7KPlayer18UpdateDBPlayerInfoEPhi	KPlayer::UpdateDBPlayerInfo(unsigned char *,int)
080d8a90	2823	_ZN7KPlayer4LoadEP13TRoleBaseInfoi	KPlayer::Load(TRoleBaseInfo *,int)
080d95a0	96	_ZN7KPlayer18LoadPlayerBaseInfoEPhRS0_Rji	KPlayer::LoadPlayerBaseInfo(unsigned char *,unsigned char *&,unsigned int &,int)
080d9600	940	_ZN7KPlayer16LoadDBPlayerInfoEPhRiRj	KPlayer::LoadDBPlayerInfo(unsigned char *,int &,unsigned int &)
080d99b0	35	_ZN14KPlayerFaction7ReleaseEv	KPlayerFaction::Release(void)
080d99e0	9	_ZN14KPlayerFactionC1Ev	KPlayerFaction::KPlayerFaction(void)
080d99f0	9	_ZN14KPlayerFactionC2Ev	KPlayerFaction::KPlayerFaction(void)
080d9a00	5	_ZN14KPlayerFaction9SetSeriesEi	KPlayerFaction::SetSeries(int)
080d9a10	73	_ZN14KPlayerFaction10AddFactionEii	KPlayerFaction::AddFaction(int,int)
080d9a60	14	_ZN14KPlayerFaction12LeaveFactionEv	KPlayerFaction::LeaveFaction(void)
080d9a70	10	_ZN14KPlayerFaction17OpenCurSkillLevelEiP10KSkillList	KPlayerFaction::OpenCurSkillLevel(int,KSkillList *)
080d9a80	10	_ZN14KPlayerFaction15GetCurFactionNoEv	KPlayerFaction::GetCurFactionNo(void)
080d9a90	11	_ZN14KPlayerFaction19GetLastAddFactionNoEv	KPlayerFaction::GetLastAddFactionNo(void)
080d9aa0	73	_ZN14KPlayerFaction21GetLastAddFactionNameEPci	KPlayerFaction::GetLastAddFactionName(char *,int)
080d9af0	76	_ZN14KPlayerFaction17GetGurFactionCampEv	KPlayerFaction::GetGurFactionCamp(void)
080d9b40	80	_ZN14KPlayerFaction10AddFactionEiPc	KPlayerFaction::AddFaction(int,char *)
080d9b90	72	_ZN14KPlayerFaction17GetCurFactionNameEPci	KPlayerFaction::GetCurFactionName(char *,int)
080d9be0	53	_ZN21KPlayerMenuStateGraph11GetStateSprEiPc	KPlayerMenuStateGraph::GetStateSpr(int,char *)
080d9c20	218	_ZN21KPlayerMenuStateGraph4InitEv	KPlayerMenuStateGraph::Init(void)
080d9d00	47	_ZN16KPlayerMenuState12RestoreStateEv	KPlayerMenuState::RestoreState(void)
080d9d30	48	_ZN16KPlayerMenuState11BackupStateEv	KPlayerMenuState::BackupState(void)
080d9d60	1159	_ZN16KPlayerMenuState8SetStateEiiPcim	KPlayerMenuState::SetState(int,int,char *,int,unsigned long)
080da1f0	279	_ZN16KPlayerMenuState18RestoreBackupStateEi	KPlayerMenuState::RestoreBackupState(int)
080da310	103	_ZN16KPlayerMenuState7ReleaseEv	KPlayerMenuState::Release(void)
080da380	9	_ZN16KPlayerMenuStateC1Ev	KPlayerMenuState::KPlayerMenuState(void)
080da390	9	_ZN16KPlayerMenuStateC2Ev	KPlayerMenuState::KPlayerMenuState(void)
080da3a0	415	_Z12CoreGetColorPKc	CoreGetColor(char const*)
080da540	90	_ZN9KPlayerPK4InitEi	KPlayerPK::Init(int)
080da5a0	11	_ZN9KPlayerPK16GetEnmityPKStateEv	KPlayerPK::GetEnmityPKState(void)
080da5b0	11	_ZN9KPlayerPK14GetEnmityPKAimEv	KPlayerPK::GetEnmityPKAim(void)
080da5c0	11	_ZN9KPlayerPK16GetExercisePKAimEv	KPlayerPK::GetExercisePKAim(void)
080da5d0	11	_ZN9KPlayerPK10GetPKValueEv	KPlayerPK::GetPKValue(void)
080da5e0	200	_ZN9KPlayerPK15ExercisePKCloseEv	KPlayerPK::ExercisePKClose(void)
080da6b0	237	_ZN9KPlayerPK13EnmityPKCloseEv	KPlayerPK::EnmityPKClose(void)
080da7a0	31	_ZN9KPlayerPK8CloseAllEv	KPlayerPK::CloseAll(void)
080da7c0	269	_ZN9KPlayerPK17EnmityPKCountDownEv	KPlayerPK::EnmityPKCountDown(void)
080da8d0	486	_ZN9KPlayerPK14ExercisePKOpenEi	KPlayerPK::ExercisePKOpen(int)
080daac0	76	_ZN9KPlayerPK6ActiveEv	KPlayerPK::Active(void)
080dab10	67	_ZN9KPlayerPKC1Ev	KPlayerPK::KPlayerPK(void)
080dab60	67	_ZN9KPlayerPKC2Ev	KPlayerPK::KPlayerPK(void)
080dabb0	200	_ZN9KPlayerPK11CheckLockPKEi	KPlayerPK::CheckLockPK(int)
080dac80	105	_ZN9KPlayerPK10SetPKValueEi	KPlayerPK::SetPKValue(int)
080dacf0	105	_ZN9KPlayerPK10AddPKValueEi	KPlayerPK::AddPKValue(int)
080dad60	376	_ZN9KPlayerPK16SetNormalPKStateE17KE_NORMALPKSTATUSi	KPlayerPK::SetNormalPKState(KE_NORMALPKSTATUS,int)
080daee0	1122	_ZN9KPlayerPK12EnmityPKOpenEi	KPlayerPK::EnmityPKOpen(int)
080db350	36	_ZN10KPlayerSet8FindFreeEv	KPlayerSet::FindFree(void)
080db380	5	_ZN10KPlayerSet16ReloadWelcomeMsgEv	KPlayerSet::ReloadWelcomeMsg(void)
080db390	121	_ZN9KLevelAdd11GetLevelExpEii	KLevelAdd::GetLevelExp(int,int)
080db410	28	_ZN9KLevelAdd11GetLevelExpEP7KPlayeri	KLevelAdd::GetLevelExp(KPlayer *,int)
080db430	25	_ZN9KLevelAdd15GetLifePerLevelEi	KLevelAdd::GetLifePerLevel(int)
080db450	41	_ZN9KLevelAdd18GetStaminaPerLevelEii	KLevelAdd::GetStaminaPerLevel(int,int)
080db480	41	_ZN9KLevelAdd14GetStaminaBaseEii	KLevelAdd::GetStaminaBase(int,int)
080db4b0	71	_ZN9KLevelAdd22GetStaminaCurLevelBaseEiii	KLevelAdd::GetStaminaCurLevelBase(int,int,int)
080db500	25	_ZN9KLevelAdd15GetManaPerLevelEi	KLevelAdd::GetManaPerLevel(int)
080db520	25	_ZN9KLevelAdd18GetLifePerVitalityEi	KLevelAdd::GetLifePerVitality(int)
080db540	25	_ZN9KLevelAdd21GetStaminaPerVitalityEi	KLevelAdd::GetStaminaPerVitality(int)
080db560	25	_ZN9KLevelAdd16GetManaPerEnergyEi	KLevelAdd::GetManaPerEnergy(int)
080db580	25	_ZN9KLevelAdd15GetLeadExpShareEi	KLevelAdd::GetLeadExpShare(int)
080db5a0	105	_ZN9KLevelAdd13GetFireResistEiii	KLevelAdd::GetFireResist(int,int,int)
080db610	105	_ZN9KLevelAdd13GetColdResistEiii	KLevelAdd::GetColdResist(int,int,int)
080db680	105	_ZN9KLevelAdd15GetPoisonResistEiii	KLevelAdd::GetPoisonResist(int,int,int)
080db6f0	105	_ZN9KLevelAdd14GetLightResistEiii	KLevelAdd::GetLightResist(int,int,int)
080db760	105	_ZN9KLevelAdd16GetPhysicsResistEiii	KLevelAdd::GetPhysicsResist(int,int,int)
080db7d0	42	_ZN12KTeamLeadExpC2Ev	KTeamLeadExp::KTeamLeadExp(void)
080db800	42	_ZN12KTeamLeadExpC1Ev	KTeamLeadExp::KTeamLeadExp(void)
080db830	85	_ZN12KTeamLeadExp8GetLevelEmi	KTeamLeadExp::GetLevel(unsigned long,int)
080db890	43	_ZN12KTeamLeadExp16GetMemNumFromExpEm	KTeamLeadExp::GetMemNumFromExp(unsigned long)
080db8c0	30	_ZN12KTeamLeadExp18GetMemNumFromLevelEi	KTeamLeadExp::GetMemNumFromLevel(int)
080db8e0	27	_ZN12KTeamLeadExp11GetLevelExpEi	KTeamLeadExp::GetLevelExp(int)
080db900	5	_ZN10KPlayerSet8ActivateEv	KPlayerSet::Activate(void)
080db910	7	_ZN10KPlayerSet14AddAutoHangExpEi	KPlayerSet::AddAutoHangExp(int)
080db920	16	__tcf_3_1	__tcf_3_1
080db930	16	__tcf_2_1	__tcf_2_1
080db940	16	__tcf_1_6	__tcf_1_6
080db950	214	_ZN10KPlayerSet24GenRandomItemForAutoHangEii	KPlayerSet::GenRandomItemForAutoHang(int,int)
080dba30	90	_ZN10KPlayerSet23InitForAutoHangDropRateEv	KPlayerSet::InitForAutoHangDropRate(void)
080dba90	160	_Z21_GetAutoHangExpScriptv	_GetAutoHangExpScript(void)
080dbb30	208	_ZN10KPlayerSet18InitForAutoHangExpEv	KPlayerSet::InitForAutoHangExp(void)
080dbc00	71	_ZN10KPlayerSet16GetPlayerAccountEiPc	KPlayerSet::GetPlayerAccount(int,char *)
080dbc50	71	_ZN10KPlayerSet13GetPlayerNameEiPc	KPlayerSet::GetPlayerName(int,char *)
080dbca0	644	_ZN19KNewPlayerAttribute4InitEv	KNewPlayerAttribute::Init(void)
080dbf30	194	_ZN19KNewPlayerAttributeC1Ev	KNewPlayerAttribute::KNewPlayerAttribute(void)
080dc000	194	_ZN19KNewPlayerAttributeC2Ev	KNewPlayerAttribute::KNewPlayerAttribute(void)
080dc0d0	488	_ZN9KLevelAddC1Ev	KLevelAdd::KLevelAdd(void)
080dc2c0	488	_ZN9KLevelAddC2Ev	KLevelAdd::KLevelAdd(void)
080dc4b0	189	_ZN12KTeamLeadExp4InitEv	KTeamLeadExp::Init(void)
080dc570	1184	_ZN9KLevelAdd4InitEv	KLevelAdd::Init(void)
080dca10	136	_ZN10KPlayerSet20ProcessClientMessageEiPKci	KPlayerSet::ProcessClientMessage(int,char const*,int)
080dcaa0	232	_ZN10KPlayerSet15PrepareExchangeEi	KPlayerSet::PrepareExchange(int)
080dcb90	938	_ZN10KPlayerSet13PrepareRemoveEi	KPlayerSet::PrepareRemove(int)
080dcf40	285	_ZN10KPlayerSet14SendWelcomeMsgEi	KPlayerSet::SendWelcomeMsg(int)
080dd060	106	_ZN10KPlayerSet12BroadcastingEPci	KPlayerSet::Broadcasting(char *,int)
080dd0d0	1352	_ZN10KPlayerSet4InitEv	KPlayerSet::Init(void)
080dd620	178	_ZN10KPlayerSet20GetPlayerIndexByGuidEP5_GUID	KPlayerSet::GetPlayerIndexByGuid(_GUID *)
080dd6e0	46	_ZN10KPlayerSet13GetNextPlayerEv	KPlayerSet::GetNextPlayer(void)
080dd710	39	_ZN10KPlayerSet14GetFirstPlayerEv	KPlayerSet::GetFirstPlayer(void)
080dd740	156	_ZN10KPlayerSet17FindPlayerByNpcIDEm	KPlayerSet::FindPlayerByNpcID(unsigned long)
080dd7e0	121	_ZN10KPlayerSet8FindSameEm	KPlayerSet::FindSame(unsigned long)
080dd860	207	_ZN10KPlayerSet8AutoSaveEv	KPlayerSet::AutoSave(void)
080dd930	111	_ZN10KPlayerSet12AttachPlayerEi	KPlayerSet::AttachPlayer(int)
080dd9a0	275	_ZN10KPlayerSet12AttachPlayerEmPK5_GUID	KPlayerSet::AttachPlayer(unsigned long,_GUID const*)
080ddac0	196	_ZN10KPlayerSet8FindRoleEPKc	KPlayerSet::FindRole(char const*)
080ddb90	86	_ZN10KPlayerSet8FindRoleEm	KPlayerSet::FindRole(unsigned long)
080ddbf0	2197	_ZN10KPlayerSet3AddEPKcS1_PK5_GUID	KPlayerSet::Add(char const*,char const*,_GUID const*)
080de490	184	_ZN10KPlayerSet11FindAccountEPKcPi	KPlayerSet::FindAccount(char const*,int *)
080de550	230	_ZN10KPlayerSet16_RemoveCheckDataEi	KPlayerSet::_RemoveCheckData(int)
080de640	837	_ZN10KPlayerSet16RemoveExchangingEi	KPlayerSet::RemoveExchanging(int)
080de990	807	_ZN10KPlayerSet18RemoveLoginTimeOutEi	KPlayerSet::RemoveLoginTimeOut(int)
080decc0	822	_ZN10KPlayerSet6RemoveEi	KPlayerSet::Remove(int)
080df000	119	_ZN10KPlayerSet13RemoveQuitingEi	KPlayerSet::RemoveQuiting(int)
080df080	1621	_ZN10KPlayerSet18PrepareLoginFailedEi	KPlayerSet::PrepareLoginFailed(int)
080df6e0	476	_ZN10KPlayerSetC2Ev	KPlayerSet::KPlayerSet(void)
080df8c0	386	_ZN10KPlayerSetD1Ev	KPlayerSet::~KPlayerSet()
080dfa50	16	__tcf_0_14	__tcf_0_14
080dfa60	386	_ZN10KPlayerSetD2Ev	KPlayerSet::~KPlayerSet()
080dfbf0	476	_ZN10KPlayerSetC1Ev	KPlayerSet::KPlayerSet(void)
080dfdd0	210	_Z41__static_initialization_and_destruction_0ii_20	_Z41__static_initialization_and_destruction_0ii_20
080dfeb0	19	_GLOBAL__I_PlayerSet	`global constructor keyed to'PlayerSet
080dfed0	87	_ZNSt8_Rb_treeIjSt4pairIKjSsESt10_Select1stIS2_ESt4lessIjESaIS2_EE4findERS1_	std::_Rb_tree<unsigned int,std::pair<unsigned int const,std::string>,std::_Select1st<std::pair<unsigned int const,std::string>>,std::less<unsigned int>,std::allocator<std::pair<unsigned int const,std::string>>>::find(unsigned int const&)
080dff30	62	_ZNSt8_Rb_treeIjSt4pairIKjSsESt10_Select1stIS2_ESt4lessIjESaIS2_EE11lower_boundERS1_	std::_Rb_tree<unsigned int,std::pair<unsigned int const,std::string>,std::_Select1st<std::pair<unsigned int const,std::string>>,std::less<unsigned int>,std::allocator<std::pair<unsigned int const,std::string>>>::lower_bound(unsigned int const&)
080dff70	186	_ZNSt8_Rb_treeIjSt4pairIKjSsESt10_Select1stIS2_ESt4lessIjESaIS2_EE9_M_insertEPSt18_Rb_tree_node_baseSA_RKS2_	std::_Rb_tree<unsigned int,std::pair<unsigned int const,std::string>,std::_Select1st<std::pair<unsigned int const,std::string>>,std::less<unsigned int>,std::allocator<std::pair<unsigned int const,std::string>>>::_M_insert(std::_Rb_tree_node_base *,std::_Rb_tree_node_base *,std::pair<unsigned int const,std::string> const&)
080e0030	236	_ZNSt8_Rb_treeIjSt4pairIKjSsESt10_Select1stIS2_ESt4lessIjESaIS2_EE13insert_uniqueERKS2_	std::_Rb_tree<unsigned int,std::pair<unsigned int const,std::string>,std::_Select1st<std::pair<unsigned int const,std::string>>,std::less<unsigned int>,std::allocator<std::pair<unsigned int const,std::string>>>::insert_unique(std::pair<unsigned int const,std::string> const&)
080e0120	593	_ZNSt8_Rb_treeIjSt4pairIKjSsESt10_Select1stIS2_ESt4lessIjESaIS2_EE13insert_uniqueESt17_Rb_tree_iteratorIS2_ERKS2_	std::_Rb_tree<unsigned int,std::pair<unsigned int const,std::string>,std::_Select1st<std::pair<unsigned int const,std::string>>,std::less<unsigned int>,std::allocator<std::pair<unsigned int const,std::string>>>::insert_unique(std::_Rb_tree_iterator<std::pair<unsigned int const,std::string>>,std::pair<unsigned int const,std::string> const&)
080e0380	275	_ZNSt8_Rb_treeISsSt4pairIKSsiESt10_Select1stIS2_ESt4lessISsESaIS2_EE4findERS1_	std::_Rb_tree<std::string,std::pair<std::string const,int>,std::_Select1st<std::pair<std::string const,int>>,std::less<std::string>,std::allocator<std::pair<std::string const,int>>>::find(std::string const&)
080e04a0	155	_ZNSt8_Rb_treeISsSt4pairIKSsiESt10_Select1stIS2_ESt4lessISsESaIS2_EE11upper_boundERS1_	std::_Rb_tree<std::string,std::pair<std::string const,int>,std::_Select1st<std::pair<std::string const,int>>,std::less<std::string>,std::allocator<std::pair<std::string const,int>>>::upper_bound(std::string const&)
080e0540	106	_ZNSt8_Rb_treeISsSt4pairIKSsiESt10_Select1stIS2_EN10KPlayerSet10AccountCmpESaIS2_EE11upper_boundERS1_	std::_Rb_tree<std::string,std::pair<std::string const,int>,std::_Select1st<std::pair<std::string const,int>>,KPlayerSet::AccountCmp,std::allocator<std::pair<std::string const,int>>>::upper_bound(std::string const&)
080e05b0	236	_ZNSt8_Rb_treeISsSt4pairIKSsiESt10_Select1stIS2_EN10KPlayerSet10AccountCmpESaIS2_EE9_M_insertEPSt18_Rb_tree_node_baseSA_RKS2_	std::_Rb_tree<std::string,std::pair<std::string const,int>,std::_Select1st<std::pair<std::string const,int>>,KPlayerSet::AccountCmp,std::allocator<std::pair<std::string const,int>>>::_M_insert(std::_Rb_tree_node_base *,std::_Rb_tree_node_base *,std::pair<std::string const,int> const&)
080e06a0	321	_ZNSt8_Rb_treeISsSt4pairIKSsiESt10_Select1stIS2_EN10KPlayerSet10AccountCmpESaIS2_EE13insert_uniqueERKS2_	std::_Rb_tree<std::string,std::pair<std::string const,int>,std::_Select1st<std::pair<std::string const,int>>,KPlayerSet::AccountCmp,std::allocator<std::pair<std::string const,int>>>::insert_unique(std::pair<std::string const,int> const&)
080e07f0	899	_ZNSt8_Rb_treeISsSt4pairIKSsiESt10_Select1stIS2_EN10KPlayerSet10AccountCmpESaIS2_EE13insert_uniqueESt17_Rb_tree_iteratorIS2_ERKS2_	std::_Rb_tree<std::string,std::pair<std::string const,int>,std::_Select1st<std::pair<std::string const,int>>,KPlayerSet::AccountCmp,std::allocator<std::pair<std::string const,int>>>::insert_unique(std::_Rb_tree_iterator<std::pair<std::string const,int>>,std::pair<std::string const,int> const&)
080e0b80	106	_ZNSt8_Rb_treeISsSt4pairIKSsiESt10_Select1stIS2_EN10KPlayerSet10AccountCmpESaIS2_EE11lower_boundERS1_	std::_Rb_tree<std::string,std::pair<std::string const,int>,std::_Select1st<std::pair<std::string const,int>>,KPlayerSet::AccountCmp,std::allocator<std::pair<std::string const,int>>>::lower_bound(std::string const&)
080e0bf0	189	_ZNSt8_Rb_treeISsSt4pairIKSsiESt10_Select1stIS2_EN10KPlayerSet10AccountCmpESaIS2_EE4findERS1_	std::_Rb_tree<std::string,std::pair<std::string const,int>,std::_Select1st<std::pair<std::string const,int>>,KPlayerSet::AccountCmp,std::allocator<std::pair<std::string const,int>>>::find(std::string const&)
080e0cb0	244	_ZNSt8_Rb_treeIiSt4pairIKiN15KPlayerEventMan20tagKILLNPCEVENT_DATAEESt10_Select1stIS4_ESt4lessIiESaIS4_EE8_M_eraseEPSt13_Rb_tree_nodeIS4_E	std::_Rb_tree<int,std::pair<int const,KPlayerEventMan::tagKILLNPCEVENT_DATA>,std::_Select1st<std::pair<int const,KPlayerEventMan::tagKILLNPCEVENT_DATA>>,std::less<int>,std::allocator<std::pair<int const,KPlayerEventMan::tagKILLNPCEVENT_DATA>>>::_M_erase(std::_Rb_tree_node<std::pair<int const,KPlayerEventMan::tagKILLNPCEVENT_DATA>> *)
080e0db0	121	_ZNSt8_Rb_treeIjSt4pairIKjSsESt10_Select1stIS2_ESt4lessIjESaIS2_EE8_M_eraseEPSt13_Rb_tree_nodeIS2_E	std::_Rb_tree<unsigned int,std::pair<unsigned int const,std::string>,std::_Select1st<std::pair<unsigned int const,std::string>>,std::less<unsigned int>,std::allocator<std::pair<unsigned int const,std::string>>>::_M_erase(std::_Rb_tree_node<std::pair<unsigned int const,std::string>> *)
080e0e30	122	_ZNSt8_Rb_treeISsSt4pairIKSsiESt10_Select1stIS2_EN10KPlayerSet10AccountCmpESaIS2_EE8_M_eraseEPSt13_Rb_tree_nodeIS2_E	std::_Rb_tree<std::string,std::pair<std::string const,int>,std::_Select1st<std::pair<std::string const,int>>,KPlayerSet::AccountCmp,std::allocator<std::pair<std::string const,int>>>::_M_erase(std::_Rb_tree_node<std::pair<std::string const,int>> *)
080e0eb0	222	_ZNSt8_Rb_treeISsSt4pairIKSsiESt10_Select1stIS2_ESt4lessISsESaIS2_EE5eraseESt17_Rb_tree_iteratorIS2_ESA_	std::_Rb_tree<std::string,std::pair<std::string const,int>,std::_Select1st<std::pair<std::string const,int>>,std::less<std::string>,std::allocator<std::pair<std::string const,int>>>::erase(std::_Rb_tree_iterator<std::pair<std::string const,int>>,std::_Rb_tree_iterator<std::pair<std::string const,int>>)
080e0f90	146	_ZNSt8_Rb_treeISsSt4pairIKSsiESt10_Select1stIS2_ESt4lessISsESaIS2_EE5eraseERS1_	std::_Rb_tree<std::string,std::pair<std::string const,int>,std::_Select1st<std::pair<std::string const,int>>,std::less<std::string>,std::allocator<std::pair<std::string const,int>>>::erase(std::string const&)
080e1030	222	_ZNSt8_Rb_treeISsSt4pairIKSsiESt10_Select1stIS2_EN10KPlayerSet10AccountCmpESaIS2_EE5eraseESt17_Rb_tree_iteratorIS2_ESA_	std::_Rb_tree<std::string,std::pair<std::string const,int>,std::_Select1st<std::pair<std::string const,int>>,KPlayerSet::AccountCmp,std::allocator<std::pair<std::string const,int>>>::erase(std::_Rb_tree_iterator<std::pair<std::string const,int>>,std::_Rb_tree_iterator<std::pair<std::string const,int>>)
080e1110	146	_ZNSt8_Rb_treeISsSt4pairIKSsiESt10_Select1stIS2_EN10KPlayerSet10AccountCmpESaIS2_EE5eraseERS1_	std::_Rb_tree<std::string,std::pair<std::string const,int>,std::_Select1st<std::pair<std::string const,int>>,KPlayerSet::AccountCmp,std::allocator<std::pair<std::string const,int>>>::erase(std::string const&)
080e11b0	244	_ZNSt8_Rb_treeIN15KPlayerEventMan19tagKILLNPCEVENT_KEYESt4pairIKS1_NS0_21tagKILLNPCEVENT_VALUEEESt10_Select1stIS5_ESt4lessIS1_ESaIS5_EE8_M_eraseEPSt13_Rb_tree_nodeIS5_E	std::_Rb_tree<KPlayerEventMan::tagKILLNPCEVENT_KEY,std::pair<KPlayerEventMan::tagKILLNPCEVENT_KEY const,KPlayerEventMan::tagKILLNPCEVENT_VALUE>,std::_Select1st<std::pair<KPlayerEventMan::tagKILLNPCEVENT_KEY const,KPlayerEventMan::tagKILLNPCEVENT_VALUE>>,std::less<KPlayerEventMan::tagKILLNPCEVENT_KEY>,std::allocator<std::pair<KPlayerEventMan::tagKILLNPCEVENT_KEY const,KPlayerEventMan::tagKILLNPCEVENT_VALUE>>>::_M_erase(std::_Rb_tree_node<std::pair<KPlayerEventMan::tagKILLNPCEVENT_KEY const,KPlayerEventMan::tagKILLNPCEVENT_VALUE>> *)
080e12b0	29	_ZN12KPlayerStall19CheckItemPriceRangeEiii	KPlayerStall::CheckItemPriceRange(int,int,int)
080e12d0	97	_ZN12KPlayerStall19CheckItemPriceRangeEPhii	KPlayerStall::CheckItemPriceRange(unsigned char *,int,int)
080e1340	37	_ZN12KPlayerStall14HasEnoughMoneyEi	KPlayerStall::HasEnoughMoney(int)
080e1370	25	_ZN12KPlayerStall16GetItemIDFromIdxEi	KPlayerStall::GetItemIDFromIdx(int)
080e1390	36	_ZN12KPlayerStall18GetPlayerIDFromIdxEi	KPlayerStall::GetPlayerIDFromIdx(int)
080e13c0	69	_ZN12KPlayerStall13IsPermitedNowEh	KPlayerStall::IsPermitedNow(unsigned char)
080e1410	116	_ZN12KPlayerStall22CheckStallProtocolSizeEPKct	KPlayerStall::CheckStallProtocolSize(char const*,unsigned short)
080e1490	35	_ZN12KPlayerStallC2Ev	KPlayerStall::KPlayerStall(void)
080e14c0	54	_ZN12KTaxRateListC2Ev	KTaxRateList::KTaxRateList(void)
080e1500	63	_ZN12KTaxRateList10GetTaxRateEm	KTaxRateList::GetTaxRate(unsigned long)
080e1540	37	__tcf_3_2	__tcf_3_2
080e1570	16	__tcf_2_2	__tcf_2_2
080e1580	356	_ZN12KTaxRateList4InitEPKc	KTaxRateList::Init(char const*)
080e16f0	170	_ZN12KPlayerStall17GetCurCityTaxRateEiPi	KPlayerStall::GetCurCityTaxRate(int,int *)
080e17a0	123	_ZN12KPlayerStall5ClearEv	KPlayerStall::Clear(void)
080e1820	79	_ZN12KPlayerStall13HasMarkedItemEv	KPlayerStall::HasMarkedItem(void)
080e1870	209	_ZN12KPlayerStall12GetStallInfoEP15stall_itempricePi	KPlayerStall::GetStallInfo(stall_itemprice *,int *)
080e1950	88	_ZN12KPlayerStall13ClearAllPriceEv	KPlayerStall::ClearAllPrice(void)
080e19b0	80	_ZN12KPlayerStall10SearchItemEi	KPlayerStall::SearchItem(int)
080e1a00	48	_ZN12KPlayerStall12SetItemPriceEii	KPlayerStall::SetItemPrice(int,int)
080e1a30	40	_ZN12KPlayerStall12GetItemPriceEi	KPlayerStall::GetItemPrice(int)
080e1a60	69	_ZN12KPlayerStall18GetPlayerIdxFromIDEm	KPlayerStall::GetPlayerIdxFromID(unsigned long)
080e1ab0	38	_ZN12KPlayerStall16GetItemIdxFromIDEim	KPlayerStall::GetItemIdxFromID(int,unsigned long)
080e1ae0	389	_ZN12KPlayerStall12GetStallInfoEP17StallViewItemInfoPi	KPlayerStall::GetStallInfo(StallViewItemInfo *,int *)
080e1c70	112	_ZN12KPlayerStall11DealBuyItemEiiii	KPlayerStall::DealBuyItem(int,int,int,int)
080e1ce0	16	__tcf_1_7	__tcf_1_7
080e1cf0	216	_ZN12KPlayerStall11HasThisItemEiiiii	KPlayerStall::HasThisItem(int,int,int,int,int)
080e1dd0	75	_ZN12KPlayerStall14HasEnoughSpaceEiiP8tagPOINT	KPlayerStall::HasEnoughSpace(int,int,tagPOINT *)
080e1e20	281	_ZN12KPlayerStall13SyncStallInfoEv	KPlayerStall::SyncStallInfo(void)
080e1f40	35	_ZN12KPlayerStallC1Ev	KPlayerStall::KPlayerStall(void)
080e1f70	598	_ZN12KPlayerStall23CheckMakeStallConditionEv	KPlayerStall::CheckMakeStallCondition(void)
080e21d0	54	_ZN12KTaxRateListC1Ev	KTaxRateList::KTaxRateList(void)
080e2210	106	_Z41__static_initialization_and_destruction_0ii_21	_Z41__static_initialization_and_destruction_0ii_21
080e2280	16	_GLOBAL__I_g_dbStallTotal	`global constructor keyed to'g_dbStallTotal
080e2290	507	_ZN12KPlayerStall13SetStallStateEi	KPlayerStall::SetStallState(int)
080e2490	241	_ZN12KPlayerStall12DealSellItemEiii	KPlayerStall::DealSellItem(int,int,int)
080e2590	3314	_ZN12KPlayerStall15c2sstallbuyitemEPh	KPlayerStall::c2sstallbuyitem(unsigned char *)
080e3290	27	_ZN12KPlayerStall14ExitStallStateEv	KPlayerStall::ExitStallState(void)
080e32b0	9	_ZN12KPlayerStall12c2sstallexitEPh	KPlayerStall::c2sstallexit(unsigned char *)
080e32c0	430	_ZN12KPlayerStall17c2sstallmarkpriceEPh	KPlayerStall::c2sstallmarkprice(unsigned char *)
080e3470	195	_ZN12KPlayerStall13SyncStallInfoEi	KPlayerStall::SyncStallInfo(int)
080e3540	89	_ZN12KPlayerStall23c2sstallrequestiteminfoEPh	KPlayerStall::c2sstallrequestiteminfo(unsigned char *)
080e35a0	250	_ZN12KPlayerStall11SyncAdvInfoEi	KPlayerStall::SyncAdvInfo(int)
080e36a0	131	_ZN12KPlayerStall18c2sstallrequestadvEPh	KPlayerStall::c2sstallrequestadv(unsigned char *)
080e3730	210	_ZN12KPlayerStall15c2sstallmakeadvEPh	KPlayerStall::c2sstallmakeadv(unsigned char *)
080e3810	356	_ZN12KPlayerStall20ProcessStallProtocolEPh	KPlayerStall::ProcessStallProtocol(unsigned char *)
080e3980	143	_ZNSs12_S_constructIPcEES0_T_S1_RKSaIcESt20forward_iterator_tag	char * std::string::_S_construct<char *>(char *,char *,std::allocator<char> const&,std::forward_iterator_tag)
080e3a10	42	_ZNSsC1IPcEET_S1_RKSaIcE	std::string::string<char *>(char *,char *,std::allocator<char> const&)
080e3a40	24	_ZN11KPlayerTask11GetClearValEi	KPlayerTask::GetClearVal(int)
080e3a60	25	_ZN11KPlayerTask11SetClearValEii	KPlayerTask::SetClearVal(int,int)
080e3a80	84	_ZNK11KPlayerTask10GetSaveValEi	KPlayerTask::GetSaveVal(int)const
080e3ae0	118	_ZNK11KPlayerTask13GetSaveBitValEiii	KPlayerTask::GetSaveBitVal(int,int,int)const
080e3b60	266	_Z41__static_initialization_and_destruction_0ii_22	_Z41__static_initialization_and_destruction_0ii_22
080e3c70	19	_GLOBAL__I_g_TaskGlobalValue	`global constructor keyed to'g_TaskGlobalValue
080e3c90	16	__tcf_5_0	__tcf_5_0
080e3ca0	16	__tcf_4_1	__tcf_4_1
080e3cb0	16	__tcf_3_3	__tcf_3_3
080e3cc0	16	__tcf_2_3	__tcf_2_3
080e3cd0	16	__tcf_1_8	__tcf_1_8
080e3ce0	16	__tcf_0_15	__tcf_0_15
080e3cf0	35	_ZN11KPlayerTask12ClearTempVarEv	KPlayerTask::ClearTempVar(void)
080e3d20	126	_ZN11KPlayerTask7ReleaseEv	KPlayerTask::Release(void)
080e3da0	102	_ZN11KPlayerTask4SaveEP11TDBTaskDatai	KPlayerTask::Save(TDBTaskData *,int)
080e3e10	105	_ZN11KPlayerTaskC1Ev	KPlayerTask::KPlayerTask(void)
080e3e80	105	_ZN11KPlayerTaskC2Ev	KPlayerTask::KPlayerTask(void)
080e3ef0	91	_ZN11KPlayerTask12ClearSaveValEii	KPlayerTask::ClearSaveVal(int,int)
080e3f50	185	_ZN11KPlayerTask10SetSaveValEim	KPlayerTask::SetSaveVal(int,unsigned long)
080e4010	164	_ZN11KPlayerTask13SetSaveBitValEiiim	KPlayerTask::SetSaveBitVal(int,int,int,unsigned long)
080e40c0	87	_ZNKSt8_Rb_treeIiSt4pairIKimESt10_Select1stIS2_ESt4lessIiESaIS2_EE4findERS1_	std::_Rb_tree<int,std::pair<int const,unsigned long>,std::_Select1st<std::pair<int const,unsigned long>>,std::less<int>,std::allocator<std::pair<int const,unsigned long>>>::find(int const&)const
080e4120	62	_ZNSt8_Rb_treeIiSt4pairIKimESt10_Select1stIS2_ESt4lessIiESaIS2_EE11lower_boundERS1_	std::_Rb_tree<int,std::pair<int const,unsigned long>,std::_Select1st<std::pair<int const,unsigned long>>,std::less<int>,std::allocator<std::pair<int const,unsigned long>>>::lower_bound(int const&)
080e4160	62	_ZNSt8_Rb_treeIiSt4pairIKimESt10_Select1stIS2_ESt4lessIiESaIS2_EE11upper_boundERS1_	std::_Rb_tree<int,std::pair<int const,unsigned long>,std::_Select1st<std::pair<int const,unsigned long>>,std::less<int>,std::allocator<std::pair<int const,unsigned long>>>::upper_bound(int const&)
080e41a0	152	_ZNSt8_Rb_treeIiSt4pairIKimESt10_Select1stIS2_ESt4lessIiESaIS2_EE9_M_insertEPSt18_Rb_tree_node_baseSA_RKS2_	std::_Rb_tree<int,std::pair<int const,unsigned long>,std::_Select1st<std::pair<int const,unsigned long>>,std::less<int>,std::allocator<std::pair<int const,unsigned long>>>::_M_insert(std::_Rb_tree_node_base *,std::_Rb_tree_node_base *,std::pair<int const,unsigned long> const&)
080e4240	236	_ZNSt8_Rb_treeIiSt4pairIKimESt10_Select1stIS2_ESt4lessIiESaIS2_EE13insert_uniqueERKS2_	std::_Rb_tree<int,std::pair<int const,unsigned long>,std::_Select1st<std::pair<int const,unsigned long>>,std::less<int>,std::allocator<std::pair<int const,unsigned long>>>::insert_unique(std::pair<int const,unsigned long> const&)
080e4330	593	_ZNSt8_Rb_treeIiSt4pairIKimESt10_Select1stIS2_ESt4lessIiESaIS2_EE13insert_uniqueESt17_Rb_tree_iteratorIS2_ERKS2_	std::_Rb_tree<int,std::pair<int const,unsigned long>,std::_Select1st<std::pair<int const,unsigned long>>,std::less<int>,std::allocator<std::pair<int const,unsigned long>>>::insert_unique(std::_Rb_tree_iterator<std::pair<int const,unsigned long>>,std::pair<int const,unsigned long> const&)
080e4590	146	_ZNSt8_Rb_treeIiSt4pairIKimESt10_Select1stIS2_ESt4lessIiESaIS2_EE5eraseESt17_Rb_tree_iteratorIS2_ESA_	std::_Rb_tree<int,std::pair<int const,unsigned long>,std::_Select1st<std::pair<int const,unsigned long>>,std::less<int>,std::allocator<std::pair<int const,unsigned long>>>::erase(std::_Rb_tree_iterator<std::pair<int const,unsigned long>>,std::_Rb_tree_iterator<std::pair<int const,unsigned long>>)
080e4630	146	_ZNSt8_Rb_treeIiSt4pairIKimESt10_Select1stIS2_ESt4lessIiESaIS2_EE5eraseERS1_	std::_Rb_tree<int,std::pair<int const,unsigned long>,std::_Select1st<std::pair<int const,unsigned long>>,std::less<int>,std::allocator<std::pair<int const,unsigned long>>>::erase(int const&)
080e46d0	5	_ZN11KPlayerTeam21FightModeChangeResistEii	KPlayerTeam::FightModeChangeResist(int,int)
080e46e0	5	_ZN11KPlayerTeam23ChangeWorldChangeResistEiii	KPlayerTeam::ChangeWorldChangeResist(int,int,int)
080e46f0	5	_ZN11KPlayerTeam19AddTeamChangeResistEi	KPlayerTeam::AddTeamChangeResist(int)
080e4700	5	_ZN11KPlayerTeam21LeaveTeamChangeResistEi	KPlayerTeam::LeaveTeamChangeResist(int)
080e4710	5	_ZN11KPlayerTeam32ReCalcResistTeammateEffectToSelfEi	KPlayerTeam::ReCalcResistTeammateEffectToSelf(int)
080e4720	64	_ZN5KTeam7ReleaseEv	KTeam::Release(void)
080e4760	9	_ZN5KTeamC1Ev	KTeam::KTeam(void)
080e4770	9	_ZN5KTeamC2Ev	KTeam::KTeam(void)
080e4780	13	_ZN5KTeam8SetIndexEi	KTeam::SetIndex(int)
080e4790	31	_ZN5KTeam8FindFreeEv	KTeam::FindFree(void)
080e47b0	82	_ZN5KTeam12FindMemberIDEm	KTeam::FindMemberID(unsigned long)
080e4810	44	_ZN5KTeam13FindMemberPosEi	KTeam::FindMemberPos(int)
080e4840	11	_ZN5KTeam6IsOpenEv	KTeam::IsOpen(void)
080e4850	89	_ZN5KTeam17CheckAddConditionEi	KTeam::CheckAddCondition(int)
080e48b0	53	_ZN5KTeam10FindMemberEi	KTeam::FindMember(int)
080e48f0	41	_ZN5KTeam6InTeamEi	KTeam::InTeam(int)
080e4920	35	_ZN5KTeam10CreateTeamEi	KTeam::CreateTeam(int)
080e4950	313	_ZN5KTeam18AutoFindNewCaptionEv	KTeam::AutoFindNewCaption(void)
080e4a90	49	_ZN5KTeam7CheckInEi	KTeam::CheckIn(int)
080e4ad0	5	_ZN5KTeam18ReCalcResistEffectEv	KTeam::ReCalcResistEffect(void)
080e4ae0	49	_ZN8KTeamSet8FindFreeEv	KTeamSet::FindFree(void)
080e4b20	72	_ZN8KTeamSet10CreateTeamEi	KTeamSet::CreateTeam(int)
080e4b70	152	_ZN8KTeamSet13CheckTeammateEii	KTeamSet::CheckTeammate(int,int)
080e4c10	57	_Z41__static_initialization_and_destruction_0ii_23	_Z41__static_initialization_and_destruction_0ii_23
080e4c50	16	_GLOBAL__I_g_Team	`global constructor keyed to'g_Team
080e4c60	415	_ZN8KTeamSet4InitEv	KTeamSet::Init(void)
080e4e00	108	_ZN11KPlayerTeam14SetCanTeamFlagEiii	KPlayerTeam::SetCanTeamFlag(int,int,int)
080e4e70	98	_ZN11KPlayerTeam7ReleaseEv	KPlayerTeam::Release(void)
080e4ee0	210	_ZN5KTeam20GetAroundTeammateNumEi	KTeam::GetAroundTeammateNum(int)
080e4fc0	46	_ZN5KTeam16CalcCaptainPowerEv	KTeam::CalcCaptainPower(void)
080e4ff0	57	_ZN5KTeam9CheckFullEv	KTeam::CheckFull(void)
080e5030	103	_ZN5KTeam9AddMemberEi	KTeam::AddMember(int)
080e50a0	304	_ZN5KTeam12SetTeamCloseEv	KTeam::SetTeamClose(void)
080e51d0	452	_ZN5KTeam11SetTeamOpenEv	KTeam::SetTeamOpen(void)
080e53a0	554	_ZN11KPlayerTeam10CreateTeamEiP21C2S_APPLY_CREATE_TEAM	KPlayerTeam::CreateTeam(int,C2S_APPLY_CREATE_TEAM *)
080e55d0	526	_ZN5KTeam8QuitTeamEv	KTeam::QuitTeam(void)
080e57e0	394	_ZN5KTeam17AutoChangeCaptionEv	KTeam::AutoChangeCaption(void)
080e5970	1493	_ZN5KTeam10BuildATeamEPiiii	KTeam::BuildATeam(int *,int,int,int)
080e5f50	841	_ZN5KTeam12DeleteMemberEi	KTeam::DeleteMember(int)
080e62a0	609	_ZN11KPlayerTeam9InviteAddEiP19C2S_TEAM_INVITE_ADD	KPlayerTeam::InviteAdd(int,C2S_TEAM_INVITE_ADD *)
080e6510	1583	_ZN11KPlayerTeam14GetInviteReplyEiii	KPlayerTeam::GetInviteReply(int,int,int)
080e6b40	14	_ZN11KPlayerTong4InitEi	KPlayerTong::Init(int)
080e6b50	26	_ZN11KPlayerTong11GetOpenFlagEv	KPlayerTong::GetOpenFlag(void)
080e6b70	27	_ZN11KPlayerTong28CheckAcceptAddApplyConditionEv	KPlayerTong::CheckAcceptAddApplyCondition(void)
080e6b90	21	_ZNK11KPlayerTong11GetTongNameEv	KPlayerTong::GetTongName(void)const
080e6bb0	20	_ZN11KPlayerTong13GetTongNameIDEv	KPlayerTong::GetTongNameID(void)
080e6bd0	18	_ZN11KPlayerTong26SetOpenCreateInterfaceFlagEv	KPlayerTong::SetOpenCreateInterfaceFlag(void)
080e6bf0	25	_ZN11KPlayerTong6ActiveEv	KPlayerTong::Active(void)
080e6c10	5	_ZN11KPlayerTong21TransmitApplyAddUnionEPK31tagTONG_APPLY_ADD_UNION_COMMAND	KPlayerTong::TransmitApplyAddUnion(tagTONG_APPLY_ADD_UNION_COMMAND const*)
080e6c20	29	_ZN11KPlayerTong15ChangeExpResultEPK36STONG_SERVER_TO_CORE_TONG_CHANGE_EXP	KPlayerTong::ChangeExpResult(STONG_SERVER_TO_CORE_TONG_CHANGE_EXP const*)
080e6c40	55	_ZN11KPlayerTong14GetMemberCountEi	KPlayerTong::GetMemberCount(int)
080e6c80	26	_ZN11KPlayerTong21CanSaveTongZhaoMuInfoEv	KPlayerTong::CanSaveTongZhaoMuInfo(void)
080e6ca0	14	_ZN11KPlayerTong8GetOfferEv	KPlayerTong::GetOffer(void)
080e6cb0	72	_ZN11KPlayerTong8AddOfferEii	KPlayerTong::AddOffer(int,int)
080e6d00	37	__tcf_1_9	__tcf_1_9
080e6d30	122	_ZN11KPlayerTong8GetTitleEPcjPi	KPlayerTong::GetTitle(char *,unsigned int,int *)
080e6db0	210	_ZN11KPlayerTong22SendZhaoMuInfoToPlayerEv	KPlayerTong::SendZhaoMuInfoToPlayer(void)
080e6e90	206	_ZN11KPlayerTong27SendZhaoMuApplyInfoToPlayerEiiP14KRET_APPLYINFO	KPlayerTong::SendZhaoMuApplyInfoToPlayer(int,int,KRET_APPLYINFO *)
080e6f60	171	_ZN11KPlayerTong22CheckChangeMasterPowerEP35tagTONG_APPLY_CHANGE_MASTER_COMMAND	KPlayerTong::CheckChangeMasterPower(tagTONG_APPLY_CHANGE_MASTER_COMMAND *)
080e7010	65	_ZN11KPlayerTong11GetTongNameEPc	KPlayerTong::GetTongName(char *)
080e7060	80	_ZN11KPlayerTong15GetJoinTimeLongEv	KPlayerTong::GetJoinTimeLong(void)
080e70b0	47	_ZN11KPlayerTong15SetJoinTimeLongEm	KPlayerTong::SetJoinTimeLong(unsigned long)
080e70e0	76	_ZN11KPlayerTong12ConvenePowerEv	KPlayerTong::ConvenePower(void)
080e7130	39	_ZN11KPlayerTong12ApplyConveneEPK23tagTONG_CONVENE_COMMAND	KPlayerTong::ApplyConvene(tagTONG_CONVENE_COMMAND const*)
080e7160	34	_ZN11KPlayerTong13ApplyMsg2TongEmPKc	KPlayerTong::ApplyMsg2Tong(unsigned long,char const*)
080e7190	59	_ZN11KPlayerTong18SendMsgToRelayTongEPKvj	KPlayerTong::SendMsgToRelayTong(void const*,unsigned int)
080e71d0	102	_ZN11KPlayerTong9GMDismissEPc	KPlayerTong::GMDismiss(char *)
080e7240	209	_ZN11KPlayerTong12GMSetAddTimeEiiiPcS0_	KPlayerTong::GMSetAddTime(int,int,int,char *,char *)
080e7320	108	_ZN11KPlayerTong8GMSetExpEmPc	KPlayerTong::GMSetExp(unsigned long,char *)
080e7390	125	_ZN11KPlayerTong10GMSetLevelEiPc	KPlayerTong::GMSetLevel(int,char *)
080e7410	138	_ZN11KPlayerTong11GMSetMasterEPcS0_	KPlayerTong::GMSetMaster(char *,char *)
080e74a0	129	_ZN11KPlayerTong18ApplySystemMoveExpEmPKcS1_	KPlayerTong::ApplySystemMoveExp(unsigned long,char const*,char const*)
080e7530	107	_ZN11KPlayerTong16ApplyChangeMoneyEimPc	KPlayerTong::ApplyChangeMoney(int,unsigned long,char *)
080e75a0	125	_ZN11KPlayerTong14ApplyChangeExpEimPc	KPlayerTong::ApplyChangeExp(int,unsigned long,char *)
080e7620	155	_ZN11KPlayerTong9ChangeExpEmi	KPlayerTong::ChangeExp(unsigned long,int)
080e76c0	235	_ZN11KPlayerTong13ReplyAddUnionEPK31tagTONG_REPLY_ADD_UNION_COMMAND	KPlayerTong::ReplyAddUnion(tagTONG_REPLY_ADD_UNION_COMMAND const*)
080e77b0	543	_ZN11KPlayerTong17ChangeMoneyResultEPK38STONG_SERVER_TO_CORE_TONG_CHANGE_MONEY	KPlayerTong::ChangeMoneyResult(STONG_SERVER_TO_CORE_TONG_CHANGE_MONEY const*)
080e79d0	625	_ZN11KPlayerTong12GetUnionInfoEPK36STONG_SERVER_TO_CORE_TONG_UNION_INFO	KPlayerTong::GetUnionInfo(STONG_SERVER_TO_CORE_TONG_UNION_INFO const*)
080e7c50	61	_ZN11KPlayerTong24SyncClearClaimWarTongIDSEv	KPlayerTong::SyncClearClaimWarTongIDS(void)
080e7c90	168	_ZNK8KTongWar13SyncEnemyListEiimPKSt3setINS_8KTONGWARENS_12less_tongwarESaIS1_EE	KTongWar::SyncEnemyList(int,int,unsigned long,std::set<KTongWar::KTONGWAR,KTongWar::less_tongwar,std::allocator<KTongWar::KTONGWAR>> const*)const
080e7d40	103	_ZN11KPlayerTong24SyncBuildClaimWarTongIDSEm	KPlayerTong::SyncBuildClaimWarTongIDS(unsigned long)
080e7db0	155	_ZN11KPlayerTong17CheckAddConditionEi	KPlayerTong::CheckAddCondition(int)
080e7e50	286	_ZN11KPlayerTong20CheckCreateConditionEiPc	KPlayerTong::CheckCreateCondition(int,char *)
080e7f70	141	_ZN11KPlayerTong15CheckLeavePowerEP27tagTONG_APPLY_LEAVE_COMMAND	KPlayerTong::CheckLeavePower(tagTONG_APPLY_LEAVE_COMMAND *)
080e8000	249	_ZN11KPlayerTong12SendSelfInfoEv	KPlayerTong::SendSelfInfo(void)
080e8100	28	_ZN11KPlayerTong11SetWarStateEi	KPlayerTong::SetWarState(int)
080e8120	398	_ZN11KPlayerTong13BroadcastCallEv	KPlayerTong::BroadcastCall(void)
080e82b0	271	_ZN11KPlayerTong13ChangeJobCallEP36STONG_SERVER_TO_CORE_CHANGE_JOB_CALL	KPlayerTong::ChangeJobCall(STONG_SERVER_TO_CORE_CHANGE_JOB_CALL *)
080e83c0	87	_ZN11KPlayerTong12ChangeMasterEPc	KPlayerTong::ChangeMaster(char *)
080e8420	99	_ZN11KPlayerTong10BeInstatedEP32STONG_SERVER_TO_CORE_BE_INSTATED	KPlayerTong::BeInstated(STONG_SERVER_TO_CORE_BE_INSTATED *)
080e8490	66	_ZN11KPlayerTong16SetWeekGoalOfferEi	KPlayerTong::SetWeekGoalOffer(int)
080e84e0	56	_ZN11KPlayerTong8SetOfferEi	KPlayerTong::SetOffer(int)
080e8520	55	_ZN11KPlayerTong16SetCurrentTongIDEm	KPlayerTong::SetCurrentTongID(unsigned long)
080e8560	37	_ZN11KPlayerTong16SyncWorkshopListEv	KPlayerTong::SyncWorkshopList(void)
080e8590	424	_ZN11KPlayerTong16TransferAddApplyEm	KPlayerTong::TransferAddApply(unsigned long)
080e8740	211	_ZN11KPlayerTong20CheckGetInstatePowerEP40STONG_SERVER_TO_CORE_CHECK_INSTATE_POWER	KPlayerTong::CheckGetInstatePower(STONG_SERVER_TO_CORE_CHECK_INSTATE_POWER *)
080e8820	195	_ZN11KPlayerTong19CheckGetMasterPowerEP43STONG_SERVER_TO_CORE_CHECK_GET_MASTER_POWER	KPlayerTong::CheckGetMasterPower(STONG_SERVER_TO_CORE_CHECK_GET_MASTER_POWER *)
080e88f0	130	_ZN11KPlayerTong6OnQuitEv	KPlayerTong::OnQuit(void)
080e8980	284	_ZN11KPlayerTong21CheckChangeMoneyPowerEPK28tagTONG_CHANGE_MONEY_COMMAND	KPlayerTong::CheckChangeMoneyPower(tagTONG_CHANGE_MONEY_COMMAND const*)
080e8aa0	72	_ZN11KPlayerTong16AddWeekGoalOfferEi	KPlayerTong::AddWeekGoalOffer(int)
080e8af0	45	_ZN11KPlayerTong16GetCurrentTongIDEv	KPlayerTong::GetCurrentTongID(void)
080e8b20	161	_ZN11KPlayerTong23FindTongMemberPlayerIdxEPK11KTongMember	KPlayerTong::FindTongMemberPlayerIdx(KTongMember const*)
080e8bd0	344	_ZN11KPlayerTong23CheckChangeJobCallPowerEPK37tagTONG_APPLY_CHANGE_JOB_CALL_COMMAND	KPlayerTong::CheckChangeJobCallPower(tagTONG_APPLY_CHANGE_JOB_CALL_COMMAND const*)
080e8d30	247	_ZN11KPlayerTong17CheckInstatePowerEP29tagTONG_APPLY_INSTATE_COMMAND	KPlayerTong::CheckInstatePower(tagTONG_APPLY_INSTATE_COMMAND *)
080e8e30	252	_ZN11KPlayerTong13ApplyDispenseEPK24tagTONG_DISPENSE_COMMAND	KPlayerTong::ApplyDispense(tagTONG_DISPENSE_COMMAND const*)
080e8f30	74	_ZN11KPlayerTong29RemoveTongMemberPlayerMappingEPK11KTongMember	KPlayerTong::RemoveTongMemberPlayerMapping(KTongMember const*)
080e8f80	224	_ZN11KPlayerTong10OnJoinTongEmm	KPlayerTong::OnJoinTong(unsigned long,unsigned long)
080e9060	548	_ZN11KPlayerTong6CreateEimPKcmS1_m	KPlayerTong::Create(int,unsigned long,char const*,unsigned long,char const*,unsigned long)
080e9290	244	_ZN11KPlayerTong26AcceptOrRefuseApplyToRelayEiPci	KPlayerTong::AcceptOrRefuseApplyToRelay(int,char *,int)
080e9390	322	_ZN11KPlayerTong5ClearEv	KPlayerTong::Clear(void)
080e94e0	142	_ZN11KPlayerTongC1Ev	KPlayerTong::KPlayerTong(void)
080e9570	142	_ZN11KPlayerTongC2Ev	KPlayerTong::KPlayerTong(void)
080e9600	232	_Z41__static_initialization_and_destruction_0ii_24	_Z41__static_initialization_and_destruction_0ii_24
080e96f0	19	_GLOBAL__I__ZN11KPlayerTong16m_bCouldQuitTongE	`global constructor keyed to'KPlayerTong::m_bCouldQuitTong
080e9710	90	__tcf_2_4	__tcf_2_4
080e9770	224	_ZN11KPlayerTong8ChangeAsEP30STONG_SERVER_TO_CORE_CHANGE_AS	KPlayerTong::ChangeAs(STONG_SERVER_TO_CORE_CHANGE_AS *)
080e9850	297	_ZN11KPlayerTong14AddApplyToListEm	KPlayerTong::AddApplyToList(unsigned long)
080e9980	162	_ZN11KPlayerTong30ProcessApplyJoinTongFromZhaoMuEm	KPlayerTong::ProcessApplyJoinTongFromZhaoMu(unsigned long)
080e9a30	191	_ZN11KPlayerTong26AddTongMemberPlayerMappingEPK11KTongMemberi	KPlayerTong::AddTongMemberPlayerMapping(KTongMember const*,int)
080e9af0	292	_ZN11KPlayerTong5LeaveEP26STONG_SERVER_TO_CORE_LEAVE	KPlayerTong::Leave(STONG_SERVER_TO_CORE_LEAVE *)
080e9c20	475	_ZN11KPlayerTong17SendRefuseMessageEimPc	KPlayerTong::SendRefuseMessage(int,unsigned long,char *)
080e9e00	230	_ZN11KPlayerTong7ReleaseEv	KPlayerTong::Release(void)
080e9ef0	263	_ZN11KPlayerTong7DismissEv	KPlayerTong::Dismiss(void)
080ea000	363	_ZN11KPlayerTong5LeaveEv	KPlayerTong::Leave(void)
080ea170	722	_ZN11KPlayerTong26SendZhaoMuPageInfoToPlayerEi	KPlayerTong::SendZhaoMuPageInfoToPlayer(int)
080ea450	556	_ZN11KPlayerTong21CheckCreateUnionPowerEPK28tagTONG_CREATE_UNION_COMMAND	KPlayerTong::CheckCreateUnionPower(tagTONG_CREATE_UNION_COMMAND const*)
080ea680	436	_ZN11KPlayerTong11OnBeKickOutEv	KPlayerTong::OnBeKickOut(void)
080ea840	278	_ZN11KPlayerTong8BeKickedEv	KPlayerTong::BeKicked(void)
080ea960	382	_ZN11KPlayerTong8LoadTaskEt	KPlayerTong::LoadTask(unsigned short)
080eaae0	910	_ZN11KPlayerTong14SaveToTongDataEi	KPlayerTong::SaveToTongData(int)
080eae70	506	_ZN11KPlayerTong10GetNwTitleEPK9KTongDataPcj	KPlayerTong::GetNwTitle(KTongData const*,char *,unsigned int)
080eb070	436	_ZN11KPlayerTong14NW_UpdateTitleEv	KPlayerTong::NW_UpdateTitle(void)
080eb230	96	_ZN11KPlayerTong17NW_UpdatePositionE23KE_NATIONALWAR_POSITIONi	KPlayerTong::NW_UpdatePosition(KE_NATIONALWAR_POSITION,int)
080eb290	1020	_ZN11KPlayerTong19DealLeaveUnionApplyEPK27tagTONG_LEAVE_UNION_COMMAND	KPlayerTong::DealLeaveUnionApply(tagTONG_LEAVE_UNION_COMMAND const*)
080eb690	1643	_ZN11KPlayerTong7AddTongEimPKcS1_mS1_m	KPlayerTong::AddTong(int,unsigned long,char const*,char const*,unsigned long,char const*,unsigned long)
080ebd00	549	_ZN11KPlayerTong10NW_DismissEPKc23KE_NATIONALWAR_POSITION	KPlayerTong::NW_Dismiss(char const*,KE_NATIONALWAR_POSITION)
080ebf30	4439	_ZN11KPlayerTong16LoadFromTongDataEv	KPlayerTong::LoadFromTongData(void)
080ed090	767	_ZN11KPlayerTong10NW_InstateEPKc23KE_NATIONALWAR_POSITION	KPlayerTong::NW_Instate(char const*,KE_NATIONALWAR_POSITION)
080ed390	87	_ZNKSt8_Rb_treeImmSt9_IdentityImESt4lessImESaImEE4findERKm	std::_Rb_tree<unsigned long,unsigned long,std::_Identity<unsigned long>,std::less<unsigned long>,std::allocator<unsigned long>>::find(unsigned long const&)const
080ed3f0	79	_ZNKSt8_Rb_treeIN8KTongWar8KTONGWARES1_St9_IdentityIS1_ENS0_12less_tongwarESaIS1_EE11upper_boundERKS1_	std::_Rb_tree<KTongWar::KTONGWAR,KTongWar::KTONGWAR,std::_Identity<KTongWar::KTONGWAR>,KTongWar::less_tongwar,std::allocator<KTongWar::KTONGWAR>>::upper_bound(KTongWar::KTONGWAR const&)const
080ed440	87	_ZNSt8_Rb_treeIPK11KTongMemberSt4pairIKS2_iESt10_Select1stIS5_ESt4lessIS2_ESaIS5_EE4findERS4_	std::_Rb_tree<KTongMember const*,std::pair<KTongMember const* const,int>,std::_Select1st<std::pair<KTongMember const* const,int>>,std::less<KTongMember const*>,std::allocator<std::pair<KTongMember const* const,int>>>::find(KTongMember const* const&)
080ed4a0	63	_ZNSt8_Rb_treeItSt4pairIKtN15KTmpTaskValueEx4TINTEESt10_Select1stIS4_ESt4lessItESaIS4_EE11lower_boundERS1_	std::_Rb_tree<unsigned short,std::pair<unsigned short const,KTmpTaskValueEx::TINT>,std::_Select1st<std::pair<unsigned short const,KTmpTaskValueEx::TINT>>,std::less<unsigned short>,std::allocator<std::pair<unsigned short const,KTmpTaskValueEx::TINT>>>::lower_bound(unsigned short const&)
080ed4e0	87	_ZNKSt8_Rb_treeImSt4pairIKmP11KTongMemberESt10_Select1stIS4_ESt4lessImESaIS4_EE4findERS1_	std::_Rb_tree<unsigned long,std::pair<unsigned long const,KTongMember *>,std::_Select1st<std::pair<unsigned long const,KTongMember *>>,std::less<unsigned long>,std::allocator<std::pair<unsigned long const,KTongMember *>>>::find(unsigned long const&)const
080ed540	87	_ZNSt8_Rb_treeImSt4pairIKmP10KTongUnionESt10_Select1stIS4_ESt4lessImESaIS4_EE4findERS1_	std::_Rb_tree<unsigned long,std::pair<unsigned long const,KTongUnion *>,std::_Select1st<std::pair<unsigned long const,KTongUnion *>>,std::less<unsigned long>,std::allocator<std::pair<unsigned long const,KTongUnion *>>>::find(unsigned long const&)
080ed5a0	87	_ZNKSt8_Rb_treeImSt4pairIKmP9KTongDataESt10_Select1stIS4_ESt4lessImESaIS4_EE4findERS1_	std::_Rb_tree<unsigned long,std::pair<unsigned long const,KTongData *>,std::_Select1st<std::pair<unsigned long const,KTongData *>>,std::less<unsigned long>,std::allocator<std::pair<unsigned long const,KTongData *>>>::find(unsigned long const&)const
080ed600	62	_ZNSt8_Rb_treeIPK11KTongMemberSt4pairIKS2_iESt10_Select1stIS5_ESt4lessIS2_ESaIS5_EE11lower_boundERS4_	std::_Rb_tree<KTongMember const*,std::pair<KTongMember const* const,int>,std::_Select1st<std::pair<KTongMember const* const,int>>,std::less<KTongMember const*>,std::allocator<std::pair<KTongMember const* const,int>>>::lower_bound(KTongMember const* const&)
080ed640	63	_ZNSt8_Rb_treeItSt4pairIKtN15KTmpTaskValueEx4TINTEESt10_Select1stIS4_ESt4lessItESaIS4_EE11upper_boundERS1_	std::_Rb_tree<unsigned short,std::pair<unsigned short const,KTmpTaskValueEx::TINT>,std::_Select1st<std::pair<unsigned short const,KTmpTaskValueEx::TINT>>,std::less<unsigned short>,std::allocator<std::pair<unsigned short const,KTmpTaskValueEx::TINT>>>::upper_bound(unsigned short const&)
080ed680	62	_ZNSt8_Rb_treeIPK11KTongMemberSt4pairIKS2_iESt10_Select1stIS5_ESt4lessIS2_ESaIS5_EE11upper_boundERS4_	std::_Rb_tree<KTongMember const*,std::pair<KTongMember const* const,int>,std::_Select1st<std::pair<KTongMember const* const,int>>,std::less<KTongMember const*>,std::allocator<std::pair<KTongMember const* const,int>>>::upper_bound(KTongMember const* const&)
080ed6c0	63	_ZNSt8_Rb_treeItSt4pairIKtiESt10_Select1stIS2_ESt4lessItESaIS2_EE11upper_boundERS1_	std::_Rb_tree<unsigned short,std::pair<unsigned short const,int>,std::_Select1st<std::pair<unsigned short const,int>>,std::less<unsigned short>,std::allocator<std::pair<unsigned short const,int>>>::upper_bound(unsigned short const&)
080ed700	59	_ZNSt8_Rb_treeIN8KTongWar8KTONGWARES1_St9_IdentityIS1_ENS0_12less_tongwarESaIS1_EE8_M_eraseEPSt13_Rb_tree_nodeIS1_E	std::_Rb_tree<KTongWar::KTONGWAR,KTongWar::KTONGWAR,std::_Identity<KTongWar::KTONGWAR>,KTongWar::less_tongwar,std::allocator<KTongWar::KTONGWAR>>::_M_erase(std::_Rb_tree_node<KTongWar::KTONGWAR> *)
080ed740	59	_ZNSt8_Rb_treeIPK11KTongMemberSt4pairIKS2_iESt10_Select1stIS5_ESt4lessIS2_ESaIS5_EE8_M_eraseEPSt13_Rb_tree_nodeIS5_E	std::_Rb_tree<KTongMember const*,std::pair<KTongMember const* const,int>,std::_Select1st<std::pair<KTongMember const* const,int>>,std::less<KTongMember const*>,std::allocator<std::pair<KTongMember const* const,int>>>::_M_erase(std::_Rb_tree_node<std::pair<KTongMember const* const,int>> *)
080ed780	146	_ZNSt8_Rb_treeIPK11KTongMemberSt4pairIKS2_iESt10_Select1stIS5_ESt4lessIS2_ESaIS5_EE5eraseESt17_Rb_tree_iteratorIS5_ESD_	std::_Rb_tree<KTongMember const*,std::pair<KTongMember const* const,int>,std::_Select1st<std::pair<KTongMember const* const,int>>,std::less<KTongMember const*>,std::allocator<std::pair<KTongMember const* const,int>>>::erase(std::_Rb_tree_iterator<std::pair<KTongMember const* const,int>>,std::_Rb_tree_iterator<std::pair<KTongMember const* const,int>>)
080ed820	146	_ZNSt8_Rb_treeItSt4pairIKtiESt10_Select1stIS2_ESt4lessItESaIS2_EE5eraseESt17_Rb_tree_iteratorIS2_ESA_	std::_Rb_tree<unsigned short,std::pair<unsigned short const,int>,std::_Select1st<std::pair<unsigned short const,int>>,std::less<unsigned short>,std::allocator<std::pair<unsigned short const,int>>>::erase(std::_Rb_tree_iterator<std::pair<unsigned short const,int>>,std::_Rb_tree_iterator<std::pair<unsigned short const,int>>)
080ed8c0	146	_ZNSt8_Rb_treeItSt4pairIKtiESt10_Select1stIS2_ESt4lessItESaIS2_EE5eraseERS1_	std::_Rb_tree<unsigned short,std::pair<unsigned short const,int>,std::_Select1st<std::pair<unsigned short const,int>>,std::less<unsigned short>,std::allocator<std::pair<unsigned short const,int>>>::erase(unsigned short const&)
080ed960	152	_ZNSt8_Rb_treeIPK11KTongMemberSt4pairIKS2_iESt10_Select1stIS5_ESt4lessIS2_ESaIS5_EE9_M_insertEPSt18_Rb_tree_node_baseSD_RKS5_	std::_Rb_tree<KTongMember const*,std::pair<KTongMember const* const,int>,std::_Select1st<std::pair<KTongMember const* const,int>>,std::less<KTongMember const*>,std::allocator<std::pair<KTongMember const* const,int>>>::_M_insert(std::_Rb_tree_node_base *,std::_Rb_tree_node_base *,std::pair<KTongMember const* const,int> const&)
080eda00	236	_ZNSt8_Rb_treeIPK11KTongMemberSt4pairIKS2_iESt10_Select1stIS5_ESt4lessIS2_ESaIS5_EE13insert_uniqueERKS5_	std::_Rb_tree<KTongMember const*,std::pair<KTongMember const* const,int>,std::_Select1st<std::pair<KTongMember const* const,int>>,std::less<KTongMember const*>,std::allocator<std::pair<KTongMember const* const,int>>>::insert_unique(std::pair<KTongMember const* const,int> const&)
080edaf0	154	_ZNSt8_Rb_treeItSt4pairIKtN15KTmpTaskValueEx4TINTEESt10_Select1stIS4_ESt4lessItESaIS4_EE9_M_insertEPSt18_Rb_tree_node_baseSC_RKS4_	std::_Rb_tree<unsigned short,std::pair<unsigned short const,KTmpTaskValueEx::TINT>,std::_Select1st<std::pair<unsigned short const,KTmpTaskValueEx::TINT>>,std::less<unsigned short>,std::allocator<std::pair<unsigned short const,KTmpTaskValueEx::TINT>>>::_M_insert(std::_Rb_tree_node_base *,std::_Rb_tree_node_base *,std::pair<unsigned short const,KTmpTaskValueEx::TINT> const&)
080edb90	167	_ZN8KTongLog10WriteErrorEPKcS1_S1_z	KTongLog::WriteError(char const*,char const*,char const*,...)
080edc40	241	_ZNSt8_Rb_treeItSt4pairIKtN15KTmpTaskValueEx4TINTEESt10_Select1stIS4_ESt4lessItESaIS4_EE13insert_uniqueERKS4_	std::_Rb_tree<unsigned short,std::pair<unsigned short const,KTmpTaskValueEx::TINT>,std::_Select1st<std::pair<unsigned short const,KTmpTaskValueEx::TINT>>,std::less<unsigned short>,std::allocator<std::pair<unsigned short const,KTmpTaskValueEx::TINT>>>::insert_unique(std::pair<unsigned short const,KTmpTaskValueEx::TINT> const&)
080edd40	595	_ZNSt8_Rb_treeItSt4pairIKtN15KTmpTaskValueEx4TINTEESt10_Select1stIS4_ESt4lessItESaIS4_EE13insert_uniqueESt17_Rb_tree_iteratorIS4_ERKS4_	std::_Rb_tree<unsigned short,std::pair<unsigned short const,KTmpTaskValueEx::TINT>,std::_Select1st<std::pair<unsigned short const,KTmpTaskValueEx::TINT>>,std::less<unsigned short>,std::allocator<std::pair<unsigned short const,KTmpTaskValueEx::TINT>>>::insert_unique(std::_Rb_tree_iterator<std::pair<unsigned short const,KTmpTaskValueEx::TINT>>,std::pair<unsigned short const,KTmpTaskValueEx::TINT> const&)
080edfa0	593	_ZNSt8_Rb_treeIPK11KTongMemberSt4pairIKS2_iESt10_Select1stIS5_ESt4lessIS2_ESaIS5_EE13insert_uniqueESt17_Rb_tree_iteratorIS5_ERKS5_	std::_Rb_tree<KTongMember const*,std::pair<KTongMember const* const,int>,std::_Select1st<std::pair<KTongMember const* const,int>>,std::less<KTongMember const*>,std::allocator<std::pair<KTongMember const* const,int>>>::insert_unique(std::_Rb_tree_iterator<std::pair<KTongMember const* const,int>>,std::pair<KTongMember const* const,int> const&)
080ee200	146	_ZNSt8_Rb_treeIPK11KTongMemberSt4pairIKS2_iESt10_Select1stIS5_ESt4lessIS2_ESaIS5_EE5eraseERS4_	std::_Rb_tree<KTongMember const*,std::pair<KTongMember const* const,int>,std::_Select1st<std::pair<KTongMember const* const,int>>,std::less<KTongMember const*>,std::allocator<std::pair<KTongMember const* const,int>>>::erase(KTongMember const* const&)
080ee2a0	146	_ZNSt8_Rb_treeItSt4pairIKtN15KTmpTaskValueEx4TINTEESt10_Select1stIS4_ESt4lessItESaIS4_EE5eraseESt17_Rb_tree_iteratorIS4_ESC_	std::_Rb_tree<unsigned short,std::pair<unsigned short const,KTmpTaskValueEx::TINT>,std::_Select1st<std::pair<unsigned short const,KTmpTaskValueEx::TINT>>,std::less<unsigned short>,std::allocator<std::pair<unsigned short const,KTmpTaskValueEx::TINT>>>::erase(std::_Rb_tree_iterator<std::pair<unsigned short const,KTmpTaskValueEx::TINT>>,std::_Rb_tree_iterator<std::pair<unsigned short const,KTmpTaskValueEx::TINT>>)
080ee340	146	_ZNSt8_Rb_treeItSt4pairIKtN15KTmpTaskValueEx4TINTEESt10_Select1stIS4_ESt4lessItESaIS4_EE5eraseERS1_	std::_Rb_tree<unsigned short,std::pair<unsigned short const,KTmpTaskValueEx::TINT>,std::_Select1st<std::pair<unsigned short const,KTmpTaskValueEx::TINT>>,std::less<unsigned short>,std::allocator<std::pair<unsigned short const,KTmpTaskValueEx::TINT>>>::erase(unsigned short const&)
080ee3e0	855	_ZN9KTongData24NW_SetMemberWithPositionEm23KE_NATIONALWAR_POSITION	KTongData::NW_SetMemberWithPosition(unsigned long,KE_NATIONALWAR_POSITION)
080ee740	155	_ZNSt8_Rb_treeISsSt4pairIKSsP11KTongMemberESt10_Select1stIS4_ESt4lessISsESaIS4_EE11lower_boundERS1_	std::_Rb_tree<std::string,std::pair<std::string const,KTongMember *>,std::_Select1st<std::pair<std::string const,KTongMember *>>,std::less<std::string>,std::allocator<std::pair<std::string const,KTongMember *>>>::lower_bound(std::string const&)
080ee7e0	275	_ZNSt8_Rb_treeISsSt4pairIKSsP11KTongMemberESt10_Select1stIS4_ESt4lessISsESaIS4_EE4findERS1_	std::_Rb_tree<std::string,std::pair<std::string const,KTongMember *>,std::_Select1st<std::pair<std::string const,KTongMember *>>,std::less<std::string>,std::allocator<std::pair<std::string const,KTongMember *>>>::find(std::string const&)
080ee900	275	_ZNKSt8_Rb_treeISsSt4pairIKSsP11KTongMemberESt10_Select1stIS4_ESt4lessISsESaIS4_EE4findERS1_	std::_Rb_tree<std::string,std::pair<std::string const,KTongMember *>,std::_Select1st<std::pair<std::string const,KTongMember *>>,std::less<std::string>,std::allocator<std::pair<std::string const,KTongMember *>>>::find(std::string const&)const
080eea20	273	_ZNSt8_Rb_treeISsSt4pairIKSsP11KTongMemberESt10_Select1stIS4_ESt4lessISsESaIS4_EE9_M_insertEPSt18_Rb_tree_node_baseSC_RKS4_	std::_Rb_tree<std::string,std::pair<std::string const,KTongMember *>,std::_Select1st<std::pair<std::string const,KTongMember *>>,std::less<std::string>,std::allocator<std::pair<std::string const,KTongMember *>>>::_M_insert(std::_Rb_tree_node_base *,std::_Rb_tree_node_base *,std::pair<std::string const,KTongMember *> const&)
080eeb40	455	_ZNSt8_Rb_treeISsSt4pairIKSsP11KTongMemberESt10_Select1stIS4_ESt4lessISsESaIS4_EE13insert_uniqueERKS4_	std::_Rb_tree<std::string,std::pair<std::string const,KTongMember *>,std::_Select1st<std::pair<std::string const,KTongMember *>>,std::less<std::string>,std::allocator<std::pair<std::string const,KTongMember *>>>::insert_unique(std::pair<std::string const,KTongMember *> const&)
080eed10	1140	_ZNSt8_Rb_treeISsSt4pairIKSsP11KTongMemberESt10_Select1stIS4_ESt4lessISsESaIS4_EE13insert_uniqueESt17_Rb_tree_iteratorIS4_ERKS4_	std::_Rb_tree<std::string,std::pair<std::string const,KTongMember *>,std::_Select1st<std::pair<std::string const,KTongMember *>>,std::less<std::string>,std::allocator<std::pair<std::string const,KTongMember *>>>::insert_unique(std::_Rb_tree_iterator<std::pair<std::string const,KTongMember *>>,std::pair<std::string const,KTongMember *> const&)
080ef190	677	_ZN9KTongData9GetMemberEPKc	KTongData::GetMember(char const*)
080ef440	35	_ZN6KTrade7ReleaseEv	KTrade::Release(void)
080ef470	38	_ZN6KTradeC1Ev	KTrade::KTrade(void)
080ef4a0	38	_ZN6KTradeC2Ev	KTrade::KTrade(void)
080ef4d0	54	_ZN6KTrade10StartTradeEiii	KTrade::StartTrade(int,int,int)
080ef510	20	_ZN6KTrade4LockEi	KTrade::Lock(int)
080ef530	5	_Z17SendServerCmdWalkii	SendServerCmdWalk(int,int)
080ef540	5	_Z16SendServerCmdRunii	SendServerCmdRun(int,int)
080ef550	5	_Z22SendQueryCityOwnerDatai	SendQueryCityOwnerData(int)
080ef560	977	_Z23gInitServerProtocolSizePi	gInitServerProtocolSize(int *)
080ef940	32	_Z14g_InitProtocolv	g_InitProtocol(void)
080ef960	1397	_Z23gInitClientProtocolSizePi	gInitClientProtocolSize(int *)
080efee0	5	_ZN16KProtocolProcess10RemoveRoleEiPh	KProtocolProcess::RemoveRole(int,unsigned char *)
080efef0	5	_ZN16KProtocolProcess14NpcTalkCommandEiPh	KProtocolProcess::NpcTalkCommand(int,unsigned char *)
080eff00	5	_ZN16KProtocolProcess17c2sWelcome2ServerEiPh	KProtocolProcess::c2sWelcome2Server(int,unsigned char *)
080eff10	51	_ZN16KProtocolProcess17PermitProtocolMsgEPNS_14ProtocolPermitEiPh	KProtocolProcess::PermitProtocolMsg(KProtocolProcess::ProtocolPermit *,int,unsigned char *)
080eff50	116	_ZN16KProtocolProcess16IsPermitedInTripEiPh	KProtocolProcess::IsPermitedInTrip(int,unsigned char *)
080effd0	114	_ZN16KProtocolProcess14c2sNationalWarEiPh	KProtocolProcess::c2sNationalWar(int,unsigned char *)
080f0050	127	_ZN16KProtocolProcess26ProcessNationalWarMessagesEPhj	KProtocolProcess::ProcessNationalWarMessages(unsigned char *,unsigned int)
080f00d0	27	_ZN7KEmpire7BreatheEv	KEmpire::Breathe(void)
080f00f0	39	_ZNK7KEmpire15GetEmperorTitleEv	KEmpire::GetEmperorTitle(void)const
080f0120	21	_ZNK7KEmpire15GetHistoryCountEPKSt6vectorI15KEMPIRE_HISTORYSaIS1_EE	KEmpire::GetHistoryCount(std::vector<KEMPIRE_HISTORY,std::allocator<KEMPIRE_HISTORY>> const*)const
080f0140	70	_ZNK7KEmpire15GetHistoryCountEi	KEmpire::GetHistoryCount(int)const
080f0190	179	_ZN16KProtocolProcess16OnGetTagsRequestEiPh	KProtocolProcess::OnGetTagsRequest(int,unsigned char *)
080f0250	46	_ZN7KEmpire13SyncSealOwnerEPKc	KEmpire::SyncSealOwner(char const*)
080f0280	84	_ZN7KEmpire12SyncPositionEihm	KEmpire::SyncPosition(int,unsigned char,unsigned long)
080f02e0	83	_ZN7KEmpire9BroadCastEPKvj	KEmpire::BroadCast(void const*,unsigned int)
080f0340	157	_ZN7KEmpire16BroadCastEmperorEi	KEmpire::BroadCastEmperor(int)
080f03e0	139	_ZN7KEmpire20BroadCastNationTitleEi	KEmpire::BroadCastNationTitle(int)
080f0470	104	_ZN7KEmpire4SyncEPK12KEMPIRE_INFO	KEmpire::Sync(KEMPIRE_INFO const*)
080f04e0	36	_ZN16KProtocolProcess19NWRelay_SyncEmperorEPhj	KProtocolProcess::NWRelay_SyncEmperor(unsigned char *,unsigned int)
080f0510	60	_ZN7KEmpire14SetNationTitleEPKc	KEmpire::SetNationTitle(char const*)
080f0550	255	_ZN16KProtocolProcess17IsPermitedInTradeEiPh	KProtocolProcess::IsPermitedInTrade(int,unsigned char *)
080f0650	265	_ZN16KProtocolProcess17IsPermitedInStallEiPh	KProtocolProcess::IsPermitedInStall(int,unsigned char *)
080f0760	2340	_ZN16KProtocolProcessC2Ev	KProtocolProcess::KProtocolProcess(void)
080f1090	52	_ZN16KProtocolProcess16StoresChangeShopEiPh	KProtocolProcess::StoresChangeShop(int,unsigned char *)
080f10d0	125	_ZN16KProtocolProcess17c2sSelectDiceItemEiPh	KProtocolProcess::c2sSelectDiceItem(int,unsigned char *)
080f1150	138	_ZN16KProtocolProcess21c2sSetPlayerTaskValueEiPh	KProtocolProcess::c2sSetPlayerTaskValue(int,unsigned char *)
080f11e0	16	_ZN16KProtocolProcess12c2sTongExMsgEiPh	KProtocolProcess::c2sTongExMsg(int,unsigned char *)
080f11f0	309	_ZN16KProtocolProcess14c2sSendTextCmdEiPh	KProtocolProcess::c2sSendTextCmd(int,unsigned char *)
080f1330	177	_ZN16KProtocolProcess18c2sCloseConnectionEiPh	KProtocolProcess::c2sCloseConnection(int,unsigned char *)
080f13f0	21	_ZN16KProtocolProcess16c2sPartnerExtendEiPh	KProtocolProcess::c2sPartnerExtend(int,unsigned char *)
080f1410	81	_ZN16KProtocolProcess15c2sSpectatorMsgEiPh	KProtocolProcess::c2sSpectatorMsg(int,unsigned char *)
080f1470	88	_ZN16KProtocolProcess20c2sRequestNpcFeatureEiPh	KProtocolProcess::c2sRequestNpcFeature(int,unsigned char *)
080f14d0	108	_ZN16KProtocolProcess13c2sDayTimeReqEiPh	KProtocolProcess::c2sDayTimeReq(int,unsigned char *)
080f1540	57	_ZN16KProtocolProcess17c2sOfflineRequestEiPh	KProtocolProcess::c2sOfflineRequest(int,unsigned char *)
080f1580	194	_ZN16KProtocolProcess13c2sBoxOperateEiPh	KProtocolProcess::c2sBoxOperate(int,unsigned char *)
080f1650	45	_ZN16KProtocolProcess20ThrowAwayAllMedicineEiPh	KProtocolProcess::ThrowAwayAllMedicine(int,unsigned char *)
080f1680	16	_ZN16KProtocolProcess16c2sCityWarExtendEiPh	KProtocolProcess::c2sCityWarExtend(int,unsigned char *)
080f1690	402	_ZN16KProtocolProcess13c2sSendDbDataEiPh	KProtocolProcess::c2sSendDbData(int,unsigned char *)
080f1830	66	_ZN16KProtocolProcess23c2sBotClientCheckResultEiPh	KProtocolProcess::c2sBotClientCheckResult(int,unsigned char *)
080f1880	33	_ZN16KProtocolProcess13c2sGiveItemUIEiPh	KProtocolProcess::c2sGiveItemUI(int,unsigned char *)
080f18b0	220	_ZN16KProtocolProcess10ItemRepairEiPh	KProtocolProcess::ItemRepair(int,unsigned char *)
080f1990	301	_ZN16KProtocolProcess11LadderQueryEiPh	KProtocolProcess::LadderQuery(int,unsigned char *)
080f1ac0	171	_ZN16KProtocolProcess20BulletinContentQueryEiPh	KProtocolProcess::BulletinContentQuery(int,unsigned char *)
080f1b70	44	_ZN16KProtocolProcess9c2sNotifyEiPh	KProtocolProcess::c2sNotify(int,unsigned char *)
080f1ba0	62	_ZN16KProtocolProcess7c2sGiveEiPh	KProtocolProcess::c2sGive(int,unsigned char *)
080f1be0	179	_ZN16KProtocolProcess13IsPermitedNowEiPh	KProtocolProcess::IsPermitedNow(int,unsigned char *)
080f1ca0	16	_ZN16KProtocolProcess16c2sAuctionExtendEiPh	KProtocolProcess::c2sAuctionExtend(int,unsigned char *)
080f1cb0	16	_ZN16KProtocolProcess15c2skillerExtendEiPh	KProtocolProcess::c2skillerExtend(int,unsigned char *)
080f1cc0	33	_ZN16KProtocolProcess14c2sstallExtendEiPh	KProtocolProcess::c2sstallExtend(int,unsigned char *)
080f1cf0	36	_ZN16KProtocolProcess11c2sitemmaskEiPh	KProtocolProcess::c2sitemmask(int,unsigned char *)
080f1d20	288	_ZN16KProtocolProcess26c2sPKApplyChangeNormalFlagEiPh	KProtocolProcess::c2sPKApplyChangeNormalFlag(int,unsigned char *)
080f1e40	72	_ZN16KProtocolProcess18c2sTradeReplyStartEiPh	KProtocolProcess::c2sTradeReplyStart(int,unsigned char *)
080f1e90	71	_ZN16KProtocolProcess16NpcReviveCommandEiPh	KProtocolProcess::NpcReviveCommand(int,unsigned char *)
080f1ee0	194	_ZN16KProtocolProcess17StoreMoneyCommandEiPh	KProtocolProcess::StoreMoneyCommand(int,unsigned char *)
080f1fb0	207	_ZN16KProtocolProcess13NpcSitCommandEiPh	KProtocolProcess::NpcSitCommand(int,unsigned char *)
080f2080	130	_ZN16KProtocolProcess14NpcJumpCommandEiPh	KProtocolProcess::NpcJumpCommand(int,unsigned char *)
080f2110	98	_ZN16KProtocolProcess15ChangeAuraSkillEiPh	KProtocolProcess::ChangeAuraSkill(int,unsigned char *)
080f2180	33	_ZN16KProtocolProcess9DialogNpcEiPh	KProtocolProcess::DialogNpc(int,unsigned char *)
080f21b0	33	_ZN16KProtocolProcess13TradeDecisionEiPh	KProtocolProcess::TradeDecision(int,unsigned char *)
080f21e0	33	_ZN16KProtocolProcess14TradeMoveMoneyEiPh	KProtocolProcess::TradeMoveMoney(int,unsigned char *)
080f2210	33	_ZN16KProtocolProcess15TradeApplyStartEiPh	KProtocolProcess::TradeApplyStart(int,unsigned char *)
080f2240	33	_ZN16KProtocolProcess15TradeApplyCloseEiPh	KProtocolProcess::TradeApplyClose(int,unsigned char *)
080f2270	33	_ZN16KProtocolProcess14TradeApplyOpenEiPh	KProtocolProcess::TradeApplyOpen(int,unsigned char *)
080f22a0	33	_ZN16KProtocolProcess18ChatReDeleteFriendEiPh	KProtocolProcess::ChatReDeleteFriend(int,unsigned char *)
080f22d0	33	_ZN16KProtocolProcess16ChatDeleteFriendEiPh	KProtocolProcess::ChatDeleteFriend(int,unsigned char *)
080f2300	33	_ZN16KProtocolProcess26ChatApplySendOneFriendNameEiPh	KProtocolProcess::ChatApplySendOneFriendName(int,unsigned char *)
080f2330	33	_ZN16KProtocolProcess28ChatApplyReSendAllFriendNameEiPh	KProtocolProcess::ChatApplyReSendAllFriendName(int,unsigned char *)
080f2360	33	_ZN16KProtocolProcess16ChatRefuseFriendEiPh	KProtocolProcess::ChatRefuseFriend(int,unsigned char *)
080f2390	33	_ZN16KProtocolProcess13ChatAddFriendEiPh	KProtocolProcess::ChatAddFriend(int,unsigned char *)
080f23c0	33	_ZN16KProtocolProcess18ChatApplyAddFriendEiPh	KProtocolProcess::ChatApplyAddFriend(int,unsigned char *)
080f23f0	33	_ZN16KProtocolProcess14ChatSetChannelEiPh	KProtocolProcess::ChatSetChannel(int,unsigned char *)
080f2420	54	_ZN16KProtocolProcess16PlayerDivideItemEiPh	KProtocolProcess::PlayerDivideItem(int,unsigned char *)
080f2460	33	_ZN16KProtocolProcess11PlayerSelUIEiPh	KProtocolProcess::PlayerSelUI(int,unsigned char *)
080f2490	102	_ZN16KProtocolProcess14PlayerDropItemEiPh	KProtocolProcess::PlayerDropItem(int,unsigned char *)
080f2500	102	_ZN16KProtocolProcess13PlayerBuyItemEiPh	KProtocolProcess::PlayerBuyItem(int,unsigned char *)
080f2570	102	_ZN16KProtocolProcess14PlayerSellItemEiPh	KProtocolProcess::PlayerSellItem(int,unsigned char *)
080f25e0	72	_ZN16KProtocolProcess14PlayerMoveItemEiPh	KProtocolProcess::PlayerMoveItem(int,unsigned char *)
080f2630	78	_ZN16KProtocolProcess16PlayerPickUpItemEiPh	KProtocolProcess::PlayerPickUpItem(int,unsigned char *)
080f2680	122	_ZN16KProtocolProcess13PlayerEatItemEiPh	KProtocolProcess::PlayerEatItem(int,unsigned char *)
080f2700	111	_ZN16KProtocolProcess22PlayerAddBaseAttributeEiPh	KProtocolProcess::PlayerAddBaseAttribute(int,unsigned char *)
080f2770	33	_ZN16KProtocolProcess14PlayerSendChatEiPh	KProtocolProcess::PlayerSendChat(int,unsigned char *)
080f27a0	33	_ZN16KProtocolProcess22PlayerApplyFactionDataEiPh	KProtocolProcess::PlayerApplyFactionData(int,unsigned char *)
080f27d0	33	_ZN16KProtocolProcess16PlayerApplySetPKEiPh	KProtocolProcess::PlayerApplySetPK(int,unsigned char *)
080f2800	66	_ZN16KProtocolProcess17PlayerTalkCommandEiPh	KProtocolProcess::PlayerTalkCommand(int,unsigned char *)
080f2850	186	_ZN16KProtocolProcess13NpcRunCommandEiPh	KProtocolProcess::NpcRunCommand(int,unsigned char *)
080f2910	186	_ZN16KProtocolProcess14NpcWalkCommandEiPh	KProtocolProcess::NpcWalkCommand(int,unsigned char *)
080f29d0	454	_ZN16KProtocolProcess15NpcSkillCommandEiPh	KProtocolProcess::NpcSkillCommand(int,unsigned char *)
080f2ba0	154	_ZN16KProtocolProcess16c2sAutoAttackNpcEiPh	KProtocolProcess::c2sAutoAttackNpc(int,unsigned char *)
080f2c40	45	_ZN16KProtocolProcess22NpcStateRequestCommandEiPh	KProtocolProcess::NpcStateRequestCommand(int,unsigned char *)
080f2c70	277	_ZN16KProtocolProcess17NpcRequestCommandEiPh	KProtocolProcess::NpcRequestCommand(int,unsigned char *)
080f2d90	41	_ZN16KProtocolProcess17ObjRequestCommandEiPh	KProtocolProcess::ObjRequestCommand(int,unsigned char *)
080f2dc0	39	_ZN16KProtocolProcess21NWRelay_SyncSealOwnerEPhj	KProtocolProcess::NWRelay_SyncSealOwner(unsigned char *,unsigned int)
080f2df0	35	_ZN16KProtocolProcess18NWRelay_SyncRemarkEPhj	KProtocolProcess::NWRelay_SyncRemark(unsigned char *,unsigned int)
080f2e20	110	_ZN16KProtocolProcess20NWRelay_AwardEmperorEPhj	KProtocolProcess::NWRelay_AwardEmperor(unsigned char *,unsigned int)
080f2e90	143	_ZN16KProtocolProcess26NWRelay_SyncCongratulationEPhj	KProtocolProcess::NWRelay_SyncCongratulation(unsigned char *,unsigned int)
080f2f20	39	_ZN16KProtocolProcess23NWRelay_SyncNationTitleEPhj	KProtocolProcess::NWRelay_SyncNationTitle(unsigned char *,unsigned int)
080f2f50	639	_ZN16KProtocolProcess15c2sTeamProtocolEiPh	KProtocolProcess::c2sTeamProtocol(int,unsigned char *)
080f31d0	146	_ZN16KProtocolProcess12c2sViewEquipEiPh	KProtocolProcess::c2sViewEquip(int,unsigned char *)
080f3270	240	_ZN16KProtocolProcess13ProcessNetMsgEiPh	KProtocolProcess::ProcessNetMsg(int,unsigned char *)
080f3360	209	_ZN16KProtocolProcess18NWRelay_LevyAmountEPhj	KProtocolProcess::NWRelay_LevyAmount(unsigned char *,unsigned int)
080f3440	114	_ZN16KProtocolProcess19NWRelay_UpdateTitleEPhj	KProtocolProcess::NWRelay_UpdateTitle(unsigned char *,unsigned int)
080f34c0	323	_ZN16KProtocolProcess12EnchaserItemEiPh	KProtocolProcess::EnchaserItem(int,unsigned char *)
080f3610	64	_ZN7KEmpire7GetTaskEm	KEmpire::GetTask(unsigned long)
080f3650	111	_ZN16KProtocolProcess24PlayerApplyAddSkillPointEiPh	KProtocolProcess::PlayerApplyAddSkillPoint(int,unsigned char *)
080f36c0	361	_ZN16KProtocolProcess16c2sPKApplyEnmityEiPh	KProtocolProcess::c2sPKApplyEnmity(int,unsigned char *)
080f3830	2340	_ZN16KProtocolProcessC1Ev	KProtocolProcess::KProtocolProcess(void)
080f4160	242	_ZN7KEmpire7SetTaskEmm	KEmpire::SetTask(unsigned long,unsigned long)
080f4260	138	_ZN16KProtocolProcess26OnSetCanPublishFlagRequestEiPh	KProtocolProcess::OnSetCanPublishFlagRequest(int,unsigned char *)
080f42f0	137	_ZN16KProtocolProcess15OnDelTagRequestEiPh	KProtocolProcess::OnDelTagRequest(int,unsigned char *)
080f4380	234	_ZN16KProtocolProcess15OnAddTagRequestEiPh	KProtocolProcess::OnAddTagRequest(int,unsigned char *)
080f4470	143	_ZN7KEmpire7OwnSealEPKc	KEmpire::OwnSeal(char const*)
080f4500	491	_ZN16KProtocolProcess13ObjMouseClickEiPh	KProtocolProcess::ObjMouseClick(int,unsigned char *)
080f46f0	411	_ZN7KEmpire4LevyEii	KEmpire::Levy(int,int)
080f4890	49	_ZN16KProtocolProcess12NWRelay_LevyEPhj	KProtocolProcess::NWRelay_Levy(unsigned char *,unsigned int)
080f48d0	44	_ZNK7KEmpire10GetHistoryEiPKSt6vectorI15KEMPIRE_HISTORYSaIS1_EE	KEmpire::GetHistory(int,std::vector<KEMPIRE_HISTORY,std::allocator<KEMPIRE_HISTORY>> const*)const
080f4900	76	_ZNK7KEmpire10GetHistoryEii	KEmpire::GetHistory(int,int)const
080f4950	245	_ZN7KEmpireC1Ev	KEmpire::KEmpire(void)
080f4a50	106	_Z41__static_initialization_and_destruction_0ii_25	_Z41__static_initialization_and_destruction_0ii_25
080f4ac0	16	_GLOBAL__I_g_ProtocolProcess	`global constructor keyed to'g_ProtocolProcess
080f4ad0	178	_ZN7KEmpire11SyncHistoryEPK15KEMPIRE_HISTORY	KEmpire::SyncHistory(KEMPIRE_HISTORY const*)
080f4b90	35	_ZN16KProtocolProcess19NWRelay_SyncHistoryEPhj	KProtocolProcess::NWRelay_SyncHistory(unsigned char *,unsigned int)
080f4bc0	1394	_ZN16KProtocolProcess17c2sScriptProtocolEiPh	KProtocolProcess::c2sScriptProtocol(int,unsigned char *)
080f5140	558	_ZN7KEmpire12SyncPositionEiPK9KTongData	KEmpire::SyncPosition(int,KTongData const*)
080f5370	1119	_ZN16KProtocolProcess16NWClient_KickOutEiPhj	KProtocolProcess::NWClient_KickOut(int,unsigned char *,unsigned int)
080f57d0	536	_ZN16KProtocolProcess16c2sApplySyncFileEiPh	KProtocolProcess::c2sApplySyncFile(int,unsigned char *)
080f59f0	138	_ZN7KEmpire8SyncTaskEmm	KEmpire::SyncTask(unsigned long,unsigned long)
080f5a80	176	_ZN16KProtocolProcess16NWRelay_SyncTaskEPhj	KProtocolProcess::NWRelay_SyncTask(unsigned char *,unsigned int)
080f5b30	767	_ZN16KProtocolProcess17c2sFoundryRequestEiPh	KProtocolProcess::c2sFoundryRequest(int,unsigned char *)
080f5e30	431	_ZN16KProtocolProcess24LoadStallScriptFunctionsEv	KProtocolProcess::LoadStallScriptFunctions(void)
080f5fe0	1205	_ZN16KProtocolProcess16NWClient_InstateEiPhj	KProtocolProcess::NWClient_Instate(int,unsigned char *,unsigned int)
080f64a0	108	_ZN16KProtocolProcessD2Ev	KProtocolProcess::~KProtocolProcess()
080f6510	108	_ZN16KProtocolProcessD1Ev	KProtocolProcess::~KProtocolProcess()
080f6580	16	__tcf_1_10	__tcf_1_10
080f6590	508	_ZN7KEmpire12AddBlackListEPKcl	KEmpire::AddBlackList(char const*,long)
080f6790	77	_ZN16KProtocolProcess18NWRelay_ForbidChatEPhj	KProtocolProcess::NWRelay_ForbidChat(unsigned char *,unsigned int)
080f67e0	310	_ZN7KEmpire11InBlackListEPKcPi	KEmpire::InBlackList(char const*,int *)
080f6920	245	_ZN7KEmpireC2Ev	KEmpire::KEmpire(void)
080f6a20	141	__tcf_2_5	__tcf_2_5
080f6ab0	2329	_ZN16KProtocolProcess22NWRelay_PositionChangeEPhj	KProtocolProcess::NWRelay_PositionChange(unsigned char *,unsigned int)
080f73d0	87	_ZNSt8_Rb_treeImSt4pairIKmmESt10_Select1stIS2_ESt4lessImESaIS2_EE4findERS1_	std::_Rb_tree<unsigned long,std::pair<unsigned long const,unsigned long>,std::_Select1st<std::pair<unsigned long const,unsigned long>>,std::less<unsigned long>,std::allocator<std::pair<unsigned long const,unsigned long>>>::find(unsigned long const&)
080f7430	87	_ZNSt8_Rb_treeImSt4pairIKmP15KFileSyncToolGSESt10_Select1stIS4_ESt4lessImESaIS4_EE4findERS1_	std::_Rb_tree<unsigned long,std::pair<unsigned long const,KFileSyncToolGS *>,std::_Select1st<std::pair<unsigned long const,KFileSyncToolGS *>>,std::less<unsigned long>,std::allocator<std::pair<unsigned long const,KFileSyncToolGS *>>>::find(unsigned long const&)
080f7490	62	_ZNSt8_Rb_treeImSt4pairIKmmESt10_Select1stIS2_ESt4lessImESaIS2_EE11lower_boundERS1_	std::_Rb_tree<unsigned long,std::pair<unsigned long const,unsigned long>,std::_Select1st<std::pair<unsigned long const,unsigned long>>,std::less<unsigned long>,std::allocator<std::pair<unsigned long const,unsigned long>>>::lower_bound(unsigned long const&)
080f74d0	152	_ZNSt8_Rb_treeImSt4pairIKmmESt10_Select1stIS2_ESt4lessImESaIS2_EE9_M_insertEPSt18_Rb_tree_node_baseSA_RKS2_	std::_Rb_tree<unsigned long,std::pair<unsigned long const,unsigned long>,std::_Select1st<std::pair<unsigned long const,unsigned long>>,std::less<unsigned long>,std::allocator<std::pair<unsigned long const,unsigned long>>>::_M_insert(std::_Rb_tree_node_base *,std::_Rb_tree_node_base *,std::pair<unsigned long const,unsigned long> const&)
080f7570	291	_ZNSt6vectorIP5KItemSaIS1_EE13_M_insert_auxEN9__gnu_cxx17__normal_iteratorIPS1_S3_EERKS1_	std::vector<KItem *,std::allocator<KItem *>>::_M_insert_aux(__gnu_cxx::__normal_iterator<KItem **,std::vector<KItem *,std::allocator<KItem *>>>,KItem * const&)
080f76a0	236	_ZNSt8_Rb_treeImSt4pairIKmmESt10_Select1stIS2_ESt4lessImESaIS2_EE13insert_uniqueERKS2_	std::_Rb_tree<unsigned long,std::pair<unsigned long const,unsigned long>,std::_Select1st<std::pair<unsigned long const,unsigned long>>,std::less<unsigned long>,std::allocator<std::pair<unsigned long const,unsigned long>>>::insert_unique(std::pair<unsigned long const,unsigned long> const&)
080f7790	593	_ZNSt8_Rb_treeImSt4pairIKmmESt10_Select1stIS2_ESt4lessImESaIS2_EE13insert_uniqueESt17_Rb_tree_iteratorIS2_ERKS2_	std::_Rb_tree<unsigned long,std::pair<unsigned long const,unsigned long>,std::_Select1st<std::pair<unsigned long const,unsigned long>>,std::less<unsigned long>,std::allocator<std::pair<unsigned long const,unsigned long>>>::insert_unique(std::_Rb_tree_iterator<std::pair<unsigned long const,unsigned long>>,std::pair<unsigned long const,unsigned long> const&)
080f79f0	486	_ZNSt6vectorI15KEMPIRE_HISTORYSaIS0_EE13_M_insert_auxEN9__gnu_cxx17__normal_iteratorIPS0_S2_EERKS0_	std::vector<KEMPIRE_HISTORY,std::allocator<KEMPIRE_HISTORY>>::_M_insert_aux(__gnu_cxx::__normal_iterator<KEMPIRE_HISTORY*,std::vector<KEMPIRE_HISTORY,std::allocator<KEMPIRE_HISTORY>>>,KEMPIRE_HISTORY const&)
080f7be0	273	_ZNSt8_Rb_treeISsSt4pairIKSslESt10_Select1stIS2_ESt4lessISsESaIS2_EE9_M_insertEPSt18_Rb_tree_node_baseSA_RKS2_	std::_Rb_tree<std::string,std::pair<std::string const,long>,std::_Select1st<std::pair<std::string const,long>>,std::less<std::string>,std::allocator<std::pair<std::string const,long>>>::_M_insert(std::_Rb_tree_node_base *,std::_Rb_tree_node_base *,std::pair<std::string const,long> const&)
080f7d00	455	_ZNSt8_Rb_treeISsSt4pairIKSslESt10_Select1stIS2_ESt4lessISsESaIS2_EE13insert_uniqueERKS2_	std::_Rb_tree<std::string,std::pair<std::string const,long>,std::_Select1st<std::pair<std::string const,long>>,std::less<std::string>,std::allocator<std::pair<std::string const,long>>>::insert_unique(std::pair<std::string const,long> const&)
080f7ed0	1147	_ZNSt8_Rb_treeISsSt4pairIKSslESt10_Select1stIS2_ESt4lessISsESaIS2_EE13insert_uniqueESt17_Rb_tree_iteratorIS2_ERKS2_	std::_Rb_tree<std::string,std::pair<std::string const,long>,std::_Select1st<std::pair<std::string const,long>>,std::less<std::string>,std::allocator<std::pair<std::string const,long>>>::insert_unique(std::_Rb_tree_iterator<std::pair<std::string const,long>>,std::pair<std::string const,long> const&)
080f8350	155	_ZNSt8_Rb_treeISsSt4pairIKSslESt10_Select1stIS2_ESt4lessISsESaIS2_EE11lower_boundERS1_	std::_Rb_tree<std::string,std::pair<std::string const,long>,std::_Select1st<std::pair<std::string const,long>>,std::less<std::string>,std::allocator<std::pair<std::string const,long>>>::lower_bound(std::string const&)
080f83f0	258	_ZNSt8_Rb_treeISsSsSt9_IdentityISsESt4lessISsESaISsEE9_M_insertEPSt18_Rb_tree_node_baseS7_RKSs	std::_Rb_tree<std::string,std::string,std::_Identity<std::string>,std::less<std::string>,std::allocator<std::string>>::_M_insert(std::_Rb_tree_node_base *,std::_Rb_tree_node_base *,std::string const&)
080f8500	455	_ZNSt8_Rb_treeISsSsSt9_IdentityISsESt4lessISsESaISsEE13insert_uniqueERKSs	std::_Rb_tree<std::string,std::string,std::_Identity<std::string>,std::less<std::string>,std::allocator<std::string>>::insert_unique(std::string const&)
080f86d0	269	_ZNSt8_Rb_treeISsSt4pairIKSslESt10_Select1stIS2_ESt4lessISsESaIS2_EE4findERS1_	std::_Rb_tree<std::string,std::pair<std::string const,long>,std::_Select1st<std::pair<std::string const,long>>,std::less<std::string>,std::allocator<std::pair<std::string const,long>>>::find(std::string const&)
080f87e0	275	_ZNKSt8_Rb_treeISsSsSt9_IdentityISsESt4lessISsESaISsEE4findERKSs	std::_Rb_tree<std::string,std::string,std::_Identity<std::string>,std::less<std::string>,std::allocator<std::string>>::find(std::string const&)const
080f8900	216	_ZN11ProtocolMsgILi95EE6PermitEiPh	ProtocolMsg<95>::Permit(int,unsigned char *)
080f89e0	122	_ZNSt8_Rb_treeISsSt4pairIKSslESt10_Select1stIS2_ESt4lessISsESaIS2_EE8_M_eraseEPSt13_Rb_tree_nodeIS2_E	std::_Rb_tree<std::string,std::pair<std::string const,long>,std::_Select1st<std::pair<std::string const,long>>,std::less<std::string>,std::allocator<std::pair<std::string const,long>>>::_M_erase(std::_Rb_tree_node<std::pair<std::string const,long>> *)
080f8a60	122	_ZNSt8_Rb_treeISsSsSt9_IdentityISsESt4lessISsESaISsEE8_M_eraseEPSt13_Rb_tree_nodeISsE	std::_Rb_tree<std::string,std::string,std::_Identity<std::string>,std::less<std::string>,std::allocator<std::string>>::_M_erase(std::_Rb_tree_node<std::string> *)
080f8ae0	168	_ZN7KRegion4LoadEP9KSubWorldii	KRegion::Load(KSubWorld *,int,int)
080f8b90	197	_ZN7KRegion10GetBarrierEiiiii	KRegion::GetBarrier(int,int,int,int,int)
080f8c60	84	_ZN7KRegion6GetRefEii13MOVE_OBJ_KIND	KRegion::GetRef(int,int,MOVE_OBJ_KIND)
080f8cc0	69	_ZN7KRegion11AddObstacleEiii	KRegion::AddObstacle(int,int,int)
080f8d10	54	_ZN7KRegion13ClearObstacleEii	KRegion::ClearObstacle(int,int)
080f8d50	14	_ZN7KRegion12GetTrapCountEv	KRegion::GetTrapCount(void)
080f8d60	76	_ZN7KRegion14DecActiveCountEP9KSubWorld	KRegion::DecActiveCount(KSubWorld *)
080f8db0	68	_ZN7KRegion18DecZoneActiveCountEP9KSubWorld	KRegion::DecZoneActiveCount(KSubWorld *)
080f8e00	59	_ZN7KRegion14IncActiveCountEP9KSubWorld	KRegion::IncActiveCount(KSubWorld *)
080f8e40	68	_ZN7KRegion18IncZoneActiveCountEP9KSubWorld	KRegion::IncZoneActiveCount(KSubWorld *)
080f8e90	40	_ZN7KRegionD2Ev	KRegion::~KRegion()
080f8ec0	81	_ZN7KRegion4InitEv	KRegion::Init(void)
080f8f20	137	_ZN7KRegion9RemoveNpcEP9KSubWorldi	KRegion::RemoveNpc(KSubWorld *,int)
080f8fb0	136	_ZN7KRegion6DecRefEii13MOVE_OBJ_KIND	KRegion::DecRef(int,int,MOVE_OBJ_KIND)
080f9040	154	_ZN7KRegion9RemoveObjEi	KRegion::RemoveObj(int)
080f90e0	136	_ZN7KRegion6AddRefEii13MOVE_OBJ_KIND	KRegion::AddRef(int,int,MOVE_OBJ_KIND)
080f9170	16	_ZN7KRegion13LoadServerObjEiP8KPakFilem	KRegion::LoadServerObj(int,KPakFile *,unsigned long)
080f9180	96	_ZN7KRegion18LoadServerObstacleEP8KPakFilem	KRegion::LoadServerObstacle(KPakFile *,unsigned long)
080f91e0	375	_ZN7KRegion13LoadServerNpcEiP8KPakFilem	KRegion::LoadServerNpc(int,KPakFile *,unsigned long)
080f9360	95	_ZN7KRegion11ClearAllObjEv	KRegion::ClearAllObj(void)
080f93c0	36	_ZN7KRegion10GetObjNodeEi	KRegion::GetObjNode(int)
080f93f0	49	_ZN7KRegion13CheckPlayerInEi	KRegion::CheckPlayerIn(int)
080f9430	110	_ZN7KRegion10FindPlayerEm	KRegion::FindPlayer(unsigned long)
080f94a0	109	_ZN7KRegion12SendSyncDataEP7KPlayer	KRegion::SendSyncData(KPlayer *)
080f9510	89	_ZN7KRegion9FindEquipEii	KRegion::FindEquip(int,int)
080f9570	79	_ZN7KRegion10FindObjectEi	KRegion::FindObject(int)
080f95c0	78	_ZN7KRegion10FindObjectEii	KRegion::FindObject(int,int)
080f9610	72	_ZN7KRegion11FindAPlayerEv	KRegion::FindAPlayer(void)
080f9660	109	_ZN7KRegion9SearchNpcEim	KRegion::SearchNpc(int,unsigned long)
080f96d0	261	_ZN7KRegionC2Ev	KRegion::KRegion(void)
080f97e0	205	_ZN7KRegion19ClearAllNpcWithNameEP9KSubWorldPKc	KRegion::ClearAllNpcWithName(KSubWorld *,char const*)
080f98b0	160	_ZN7KRegion11ClearAllNpcEP9KSubWorld	KRegion::ClearAllNpc(KSubWorld *)
080f9950	261	_ZN7KRegion7FindNpcEiiii	KRegion::FindNpc(int,int,int,int)
080f9a60	558	_ZN7KRegion9BroadCastEiPvmRii	KRegion::BroadCast(int,void *,unsigned long,int &,int)
080f9c90	80	_ZN7KRegion12RemoveMissleEi	KRegion::RemoveMissle(int)
080f9ce0	423	_ZN7KRegion5CloseEP9KSubWorld	KRegion::Close(KSubWorld *)
080f9e90	89	_ZN7KRegion12RemovePlayerEi	KRegion::RemovePlayer(int)
080f9ef0	284	_ZN7KRegion14OutputTrapInfoEP9KSubWorldP8_IO_FILE	KRegion::OutputTrapInfo(KSubWorld *,_IO_FILE *)
080fa010	159	_ZN7KRegion9AddPlayerEi	KRegion::AddPlayer(int)
080fa0b0	768	_ZN7KRegion9BroadCastEiPvmRiiii	KRegion::BroadCast(int,void *,unsigned long,int &,int,int,int)
080fa3b0	390	_ZN7KRegion8ActivateEv	KRegion::Activate(void)
080fa540	245	_ZN7KRegion13GetBarrierMinEiiiiiii	KRegion::GetBarrierMin(int,int,int,int,int,int,int)
080fa640	152	_ZN7KRegion14GetNpcWithNameERSt4listIiSaIiEEm	KRegion::GetNpcWithName(std::list<int,std::allocator<int>> &,unsigned long)
080fa6e0	99	_ZN7KRegion7GetTrapEii	KRegion::GetTrap(int,int)
080fa750	40	_ZN7KRegionD1Ev	KRegion::~KRegion()
080fa780	445	_ZN7KRegion14LoadServerTrapEP8KPakFilem	KRegion::LoadServerTrap(KPakFile *,unsigned long)
080fa940	582	_ZN7KRegion10LoadObjectEPKciii	KRegion::LoadObject(char const*,int,int,int)
080fab90	261	_ZN7KRegionC1Ev	KRegion::KRegion(void)
080faca0	65	_ZN7KRegion7DelTrapEii	KRegion::DelTrap(int,int)
080facf0	72	_ZN7KRegion12ClearAllTrapEv	KRegion::ClearAllTrap(void)
080fad40	226	_ZN7KRegion7AddTrapEiimm	KRegion::AddTrap(int,int,unsigned long,unsigned long)
080fae30	221	_ZN7KRegion6AddNpcEP9KSubWorldi	KRegion::AddNpc(KSubWorld *,int)
080faf10	196	_ZN7KRegion6AddObjEi	KRegion::AddObj(int)
080fafe0	154	_ZN7KRegion9AddMissleEi	KRegion::AddMissle(int)
080fb080	125	_ZNSt8_Rb_treeIN7KRegion4KPOSESt4pairIKS1_5KTRAPESt10_Select1stIS5_ENS0_8less_posESaIS5_EE4findERS3_	std::_Rb_tree<KRegion::KPOS,std::pair<KRegion::KPOS const,KTRAP>,std::_Select1st<std::pair<KRegion::KPOS const,KTRAP>>,KRegion::less_pos,std::allocator<std::pair<KRegion::KPOS const,KTRAP>>>::find(KRegion::KPOS const&)
080fb100	78	_ZNSt8_Rb_treeIN7KRegion4KPOSESt4pairIKS1_5KTRAPESt10_Select1stIS5_ENS0_8less_posESaIS5_EE11lower_boundERS3_	std::_Rb_tree<KRegion::KPOS,std::pair<KRegion::KPOS const,KTRAP>,std::_Select1st<std::pair<KRegion::KPOS const,KTRAP>>,KRegion::less_pos,std::allocator<std::pair<KRegion::KPOS const,KTRAP>>>::lower_bound(KRegion::KPOS const&)
080fb150	79	_ZNSt8_Rb_treeIN7KRegion4KPOSESt4pairIKS1_5KTRAPESt10_Select1stIS5_ENS0_8less_posESaIS5_EE11upper_boundERS3_	std::_Rb_tree<KRegion::KPOS,std::pair<KRegion::KPOS const,KTRAP>,std::_Select1st<std::pair<KRegion::KPOS const,KTRAP>>,KRegion::less_pos,std::allocator<std::pair<KRegion::KPOS const,KTRAP>>>::upper_bound(KRegion::KPOS const&)
080fb1a0	59	_ZNSt8_Rb_treeIN7KRegion4KPOSESt4pairIKS1_5KTRAPESt10_Select1stIS5_ENS0_8less_posESaIS5_EE8_M_eraseEPSt13_Rb_tree_nodeIS5_E	std::_Rb_tree<KRegion::KPOS,std::pair<KRegion::KPOS const,KTRAP>,std::_Select1st<std::pair<KRegion::KPOS const,KTRAP>>,KRegion::less_pos,std::allocator<std::pair<KRegion::KPOS const,KTRAP>>>::_M_erase(std::_Rb_tree_node<std::pair<KRegion::KPOS const,KTRAP>> *)
080fb1e0	188	_ZNSt8_Rb_treeIN7KRegion4KPOSESt4pairIKS1_5KTRAPESt10_Select1stIS5_ENS0_8less_posESaIS5_EE9_M_insertEPSt18_Rb_tree_node_baseSC_RKS5_	std::_Rb_tree<KRegion::KPOS,std::pair<KRegion::KPOS const,KTRAP>,std::_Select1st<std::pair<KRegion::KPOS const,KTRAP>>,KRegion::less_pos,std::allocator<std::pair<KRegion::KPOS const,KTRAP>>>::_M_insert(std::_Rb_tree_node_base *,std::_Rb_tree_node_base *,std::pair<KRegion::KPOS const,KTRAP> const&)
080fb2a0	318	_ZNSt8_Rb_treeIN7KRegion4KPOSESt4pairIKS1_5KTRAPESt10_Select1stIS5_ENS0_8less_posESaIS5_EE13insert_uniqueERKS5_	std::_Rb_tree<KRegion::KPOS,std::pair<KRegion::KPOS const,KTRAP>,std::_Select1st<std::pair<KRegion::KPOS const,KTRAP>>,KRegion::less_pos,std::allocator<std::pair<KRegion::KPOS const,KTRAP>>>::insert_unique(std::pair<KRegion::KPOS const,KTRAP> const&)
080fb3e0	656	_ZNSt8_Rb_treeIN7KRegion4KPOSESt4pairIKS1_5KTRAPESt10_Select1stIS5_ENS0_8less_posESaIS5_EE13insert_uniqueESt17_Rb_tree_iteratorIS5_ERKS5_	std::_Rb_tree<KRegion::KPOS,std::pair<KRegion::KPOS const,KTRAP>,std::_Select1st<std::pair<KRegion::KPOS const,KTRAP>>,KRegion::less_pos,std::allocator<std::pair<KRegion::KPOS const,KTRAP>>>::insert_unique(std::_Rb_tree_iterator<std::pair<KRegion::KPOS const,KTRAP>>,std::pair<KRegion::KPOS const,KTRAP> const&)
080fb670	146	_ZNSt8_Rb_treeIN7KRegion4KPOSESt4pairIKS1_5KTRAPESt10_Select1stIS5_ENS0_8less_posESaIS5_EE5eraseESt17_Rb_tree_iteratorIS5_ESC_	std::_Rb_tree<KRegion::KPOS,std::pair<KRegion::KPOS const,KTRAP>,std::_Select1st<std::pair<KRegion::KPOS const,KTRAP>>,KRegion::less_pos,std::allocator<std::pair<KRegion::KPOS const,KTRAP>>>::erase(std::_Rb_tree_iterator<std::pair<KRegion::KPOS const,KTRAP>>,std::_Rb_tree_iterator<std::pair<KRegion::KPOS const,KTRAP>>)
080fb710	146	_ZNSt8_Rb_treeIN7KRegion4KPOSESt4pairIKS1_5KTRAPESt10_Select1stIS5_ENS0_8less_posESaIS5_EE5eraseERS3_	std::_Rb_tree<KRegion::KPOS,std::pair<KRegion::KPOS const,KTRAP>,std::_Select1st<std::pair<KRegion::KPOS const,KTRAP>>,KRegion::less_pos,std::allocator<std::pair<KRegion::KPOS const,KTRAP>>>::erase(KRegion::KPOS const&)
080fb7b0	37	_ZN12KSG_ExtPointC1Ev	KSG_ExtPoint::KSG_ExtPoint(void)
080fb7e0	258	_Z41__static_initialization_and_destruction_0ii_26	_Z41__static_initialization_and_destruction_0ii_26
080fb8f0	19	_GLOBAL__I_g_KSG_ExtPoint	`global constructor keyed to'g_KSG_ExtPoint
080fb910	16	__tcf_4_2	__tcf_4_2
080fb920	16	__tcf_3_4	__tcf_3_4
080fb930	16	__tcf_2_6	__tcf_2_6
080fb940	16	__tcf_1_11	__tcf_1_11
080fb950	273	_Z18OutputSilverToFilePcjjjR11KSG_LogFile	OutputSilverToFile(char *,unsigned int,unsigned int,unsigned int,KSG_LogFile &)
080fba70	404	_ZN12KSG_ExtPoint21ProcessChangeExtPointERKNS_15tagExtPointDataERK23tagReturnChangeExtPointi	KSG_ExtPoint::ProcessChangeExtPoint(KSG_ExtPoint::tagExtPointData const&,tagReturnChangeExtPoint const&,int)
080fbc10	778	_ZN12KSG_ExtPoint4InitEPv	KSG_ExtPoint::Init(void *)
080fbf20	142	_ZN12KSG_ExtPoint13ProcessReturnEP23tagReturnChangeExtPointi	KSG_ExtPoint::ProcessReturn(tagReturnChangeExtPoint *,int)
080fbfb0	157	_ZN12KSG_ExtPoint11ProcessTimeEj	KSG_ExtPoint::ProcessTime(unsigned int)
080fc050	37	_ZN12KSG_ExtPointC2Ev	KSG_ExtPoint::KSG_ExtPoint(void)
080fc080	242	_ZN12KSG_ExtPoint9UseSilverEjPcS0_jji	KSG_ExtPoint::UseSilver(unsigned int,char *,char *,unsigned int,unsigned int,int)
080fc180	40	_ZN12KSG_ExtPointD0Ev	KSG_ExtPoint::~KSG_ExtPoint()
080fc1b0	24	_ZN12KSG_ExtPointD1Ev	KSG_ExtPoint::~KSG_ExtPoint()
080fc1d0	16	__tcf_0_16	__tcf_0_16
080fc1e0	436	_ZN12KSG_ExtPoint11PayExtPointEjPcS0_ji	KSG_ExtPoint::PayExtPoint(unsigned int,char *,char *,unsigned int,int)
080fc3a0	24	_ZN12KSG_ExtPointD2Ev	KSG_ExtPoint::~KSG_ExtPoint()
080fc3c0	52	_ZNSt4listIN12KSG_ExtPoint15tagExtPointDataESaIS1_EE5eraseESt14_List_iteratorIS1_E	std::list<KSG_ExtPoint::tagExtPointData,std::allocator<KSG_ExtPoint::tagExtPointData>>::erase(std::_List_iterator<KSG_ExtPoint::tagExtPointData>)
080fc400	42	_ZNSt10_List_baseIN12KSG_ExtPoint15tagExtPointDataESaIS1_EE8_M_clearEv	std::_List_base<KSG_ExtPoint::tagExtPointData,std::allocator<KSG_ExtPoint::tagExtPointData>>::_M_clear(void)
080fc430	52	_ZN10KSkillList8FindSameEi	KSkillList::FindSame(int)
080fc470	94	_ZN10KSkillList16SetSkillMaxLevelEii	KSkillList::SetSkillMaxLevel(int,int)
080fc4d0	40	_ZN10KSkillList8FindFreeEv	KSkillList::FindFree(void)
080fc500	71	_ZN10KSkillList11SetNpcSkillEiii	KSkillList::SetNpcSkill(int,int,int)
080fc550	37	_ZNK10KSkillList8GetCountEv	KSkillList::GetCount(void)const
080fc580	43	_ZN10KSkillList17GetAllSkillCurIncEv	KSkillList::GetAllSkillCurInc(void)
080fc5b0	69	_ZN10KSkillList8GetLevelEi	KSkillList::GetLevel(int)
080fc600	20	_ZN10KSkillList7CheckCDEP11tagNpcSkillm	KSkillList::CheckCD(tagNpcSkill *,unsigned long)
080fc620	86	_ZN10KSkillList16CheckCDBySkillIdEim	KSkillList::CheckCDBySkillId(int,unsigned long)
080fc680	133	_ZN10KSkillList7CanCastEimi	KSkillList::CanCast(int,unsigned long,int)
080fc710	55	_ZN10KSkillList11IsForbitUseEi	KSkillList::IsForbitUse(int)
080fc750	43	_ZN10KSkillList17ForbitUseAllSkillEi	KSkillList::ForbitUseAllSkill(int)
080fc780	80	_ZN10KSkillList15SetNextCastTimeEimm	KSkillList::SetNextCastTime(int,unsigned long,unsigned long)
080fc7d0	64	_ZN10KSkillList15GetNextCastTimeEi	KSkillList::GetNextCastTime(int)
080fc810	64	_ZN10KSkillList16GetLastCastDelayEi	KSkillList::GetLastCastDelay(int)
080fc850	149	_ZN10KSkillList12GetNextSkillERiP11tagNpcSkill	KSkillList::GetNextSkill(int &,tagNpcSkill *)
080fc8f0	88	_ZN10KSkillList17UpdateDBSkillListEPh	KSkillList::UpdateDBSkillList(unsigned char *)
080fc950	167	_ZN10KSkillList19GetSkillCountInfactEi	KSkillList::GetSkillCountInfact(int)
080fca00	40	_ZN10KSkillListD2Ev	KSkillList::~KSkillList()
080fca30	155	_ZN10KSkillListC2Ev	KSkillList::KSkillList(void)
080fcad0	127	_ZN10KSkillList15GetCurrentLevelEii	KSkillList::GetCurrentLevel(int,int)
080fcb50	40	_ZN10KSkillListD1Ev	KSkillList::~KSkillList()
080fcb80	155	_ZN10KSkillListC1Ev	KSkillList::KSkillList(void)
080fcc20	154	_ZN10KSkillList17GetUsedSkillPointEv	KSkillList::GetUsedSkillPoint(void)
080fccc0	607	_ZN10KSkillList18UpdateAdditionDataEiii	KSkillList::UpdateAdditionData(int,int,int)
080fcf20	604	_ZN10KSkillList13IncreaseLevelEii	KSkillList::IncreaseLevel(int,int)
080fd180	126	_ZN10KSkillList6RemoveEi	KSkillList::Remove(int)
080fd200	562	_ZN10KSkillList3AddEiimiii	KSkillList::Add(int,int,unsigned long,int,int,int)
080fd440	1273	_ZN10KSkillList20IncreaseCurrentLevelEii	KSkillList::IncreaseCurrentLevel(int,int)
080fd940	377	_ZN10KSkillList12AddTemporaryEii	KSkillList::AddTemporary(int,int)
080fdac0	251	_ZN10KSkillList40ActivePassivitySkill_OnLevelUp_TransLifeEv	KSkillList::ActivePassivitySkill_OnLevelUp_TransLife(void)
080fdbc0	178	_ZN10KSkillList15ClearSkillLevelEv	KSkillList::ClearSkillLevel(void)
080fdc80	211	_ZNK10KSkillList23GetIndexSkillExpPercentEi	KSkillList::GetIndexSkillExpPercent(int)const
080fdd60	1503	_ZN10KSkillList11AddSkillExpEP12KMagicAttribi	KSkillList::AddSkillExp(KMagicAttrib *,int)
080fe340	62	_ZNSt8_Rb_treeIiSt4pairIKi18TSkillAdditionInfoESt10_Select1stIS3_ESt4lessIiESaIS3_EE11lower_boundERS1_	std::_Rb_tree<int,std::pair<int const,TSkillAdditionInfo>,std::_Select1st<std::pair<int const,TSkillAdditionInfo>>,std::less<int>,std::allocator<std::pair<int const,TSkillAdditionInfo>>>::lower_bound(int const&)
080fe380	14	_ZN18KSkillLevelIncNodeD1Ev	KSkillLevelIncNode::~KSkillLevelIncNode()
080fe390	152	_ZNSt8_Rb_treeIiSt4pairIKi18TSkillAdditionInfoESt10_Select1stIS3_ESt4lessIiESaIS3_EE9_M_insertEPSt18_Rb_tree_node_baseSB_RKS3_	std::_Rb_tree<int,std::pair<int const,TSkillAdditionInfo>,std::_Select1st<std::pair<int const,TSkillAdditionInfo>>,std::less<int>,std::allocator<std::pair<int const,TSkillAdditionInfo>>>::_M_insert(std::_Rb_tree_node_base *,std::_Rb_tree_node_base *,std::pair<int const,TSkillAdditionInfo> const&)
080fe430	236	_ZNSt8_Rb_treeIiSt4pairIKi18TSkillAdditionInfoESt10_Select1stIS3_ESt4lessIiESaIS3_EE13insert_uniqueERKS3_	std::_Rb_tree<int,std::pair<int const,TSkillAdditionInfo>,std::_Select1st<std::pair<int const,TSkillAdditionInfo>>,std::less<int>,std::allocator<std::pair<int const,TSkillAdditionInfo>>>::insert_unique(std::pair<int const,TSkillAdditionInfo> const&)
080fe520	593	_ZNSt8_Rb_treeIiSt4pairIKi18TSkillAdditionInfoESt10_Select1stIS3_ESt4lessIiESaIS3_EE13insert_uniqueESt17_Rb_tree_iteratorIS3_ERKS3_	std::_Rb_tree<int,std::pair<int const,TSkillAdditionInfo>,std::_Select1st<std::pair<int const,TSkillAdditionInfo>>,std::less<int>,std::allocator<std::pair<int const,TSkillAdditionInfo>>>::insert_unique(std::_Rb_tree_iterator<std::pair<int const,TSkillAdditionInfo>>,std::pair<int const,TSkillAdditionInfo> const&)
080fe780	18	_ZN18KSkillLevelIncNodeD0Ev	KSkillLevelIncNode::~KSkillLevelIncNode()
080fe7a0	722	_ZN13KSkillManager21LoadPlatinaMagicRatesEv	KSkillManager::LoadPlatinaMagicRates(void)
080fea80	418	_ZN13KSkillManager13InstanceSkillEmm	KSkillManager::InstanceSkill(unsigned long,unsigned long)
080fec30	124	_ZN13KSkillManager20FindPlatinaMagicRateEiii	KSkillManager::FindPlatinaMagicRate(int,int,int)
080fecb0	384	_ZN13KSkillManager26LoadPlatinaMagicAttributesEv	KSkillManager::LoadPlatinaMagicAttributes(void)
080fee30	55	_ZN13KSkillManager24GetPlatinaMagicAttributeEt	KSkillManager::GetPlatinaMagicAttribute(unsigned short)
080fee70	860	_ZN13KSkillManager15GetPlatinaSkillEiit	KSkillManager::GetPlatinaSkill(int,int,unsigned short)
080ff1d0	1887	_ZN13KSkillManager4InitEv	KSkillManager::Init(void)
080ff930	47	__tcf_1_12	__tcf_1_12
080ff960	159	_ZN13KSkillManagerC1Ev	KSkillManager::KSkillManager(void)
080ffa00	126	_Z41__static_initialization_and_destruction_0ii_27	_Z41__static_initialization_and_destruction_0ii_27
080ffa80	19	_GLOBAL__I_g_ulSkillCount	`global constructor keyed to'g_ulSkillCount
080ffaa0	159	_ZN13KSkillManagerC2Ev	KSkillManager::KSkillManager(void)
080ffb40	522	_ZN13KSkillManagerD1Ev	KSkillManager::~KSkillManager()
080ffd50	16	__tcf_0_17	__tcf_0_17
080ffd60	522	_ZN13KSkillManagerD2Ev	KSkillManager::~KSkillManager()
080fff70	91	_ZNSt8_Rb_treeItSt4pairIKtP6KSkillESt10_Select1stIS4_ESt4lessItESaIS4_EE4findERS1_	std::_Rb_tree<unsigned short,std::pair<unsigned short const,KSkill *>,std::_Select1st<std::pair<unsigned short const,KSkill *>>,std::less<unsigned short>,std::allocator<std::pair<unsigned short const,KSkill *>>>::find(unsigned short const&)
080fffd0	122	_ZNSt8_Rb_treeIN13KSkillManager22KPLATINA_MAGICRATE_KEYESt4pairIKS1_NS0_22KPLATINA_MAGICRATE_VALEESt10_Select1stIS5_ENS0_26less_platina_magicrate_keyESaIS5_EE4findERS3_	std::_Rb_tree<KSkillManager::KPLATINA_MAGICRATE_KEY,std::pair<KSkillManager::KPLATINA_MAGICRATE_KEY const,KSkillManager::KPLATINA_MAGICRATE_VAL>,std::_Select1st<std::pair<KSkillManager::KPLATINA_MAGICRATE_KEY const,KSkillManager::KPLATINA_MAGICRATE_VAL>>,KSkillManager::less_platina_magicrate_key,std::allocator<std::pair<KSkillManager::KPLATINA_MAGICRATE_KEY const,KSkillManager::KPLATINA_MAGICRATE_VAL>>>::find(KSkillManager::KPLATINA_MAGICRATE_KEY const&)
08100050	63	_ZNSt8_Rb_treeItSt4pairIKtP6KSkillESt10_Select1stIS4_ESt4lessItESaIS4_EE11lower_boundERS1_	std::_Rb_tree<unsigned short,std::pair<unsigned short const,KSkill *>,std::_Select1st<std::pair<unsigned short const,KSkill *>>,std::less<unsigned short>,std::allocator<std::pair<unsigned short const,KSkill *>>>::lower_bound(unsigned short const&)
08100090	59	_ZNSt8_Rb_treeIN13KSkillManager22KPLATINA_MAGICRATE_KEYESt4pairIKS1_NS0_22KPLATINA_MAGICRATE_VALEESt10_Select1stIS5_ENS0_26less_platina_magicrate_keyESaIS5_EE8_M_eraseEPSt13_Rb_tree_nodeIS5_E	std::_Rb_tree<KSkillManager::KPLATINA_MAGICRATE_KEY,std::pair<KSkillManager::KPLATINA_MAGICRATE_KEY const,KSkillManager::KPLATINA_MAGICRATE_VAL>,std::_Select1st<std::pair<KSkillManager::KPLATINA_MAGICRATE_KEY const,KSkillManager::KPLATINA_MAGICRATE_VAL>>,KSkillManager::less_platina_magicrate_key,std::allocator<std::pair<KSkillManager::KPLATINA_MAGICRATE_KEY const,KSkillManager::KPLATINA_MAGICRATE_VAL>>>::_M_erase(std::_Rb_tree_node<std::pair<KSkillManager::KPLATINA_MAGICRATE_KEY const,KSkillManager::KPLATINA_MAGICRATE_VAL>> *)
081000d0	59	_ZNSt8_Rb_treeItSt4pairIKtP6KSkillESt10_Select1stIS4_ESt4lessItESaIS4_EE8_M_eraseEPSt13_Rb_tree_nodeIS4_E	std::_Rb_tree<unsigned short,std::pair<unsigned short const,KSkill *>,std::_Select1st<std::pair<unsigned short const,KSkill *>>,std::less<unsigned short>,std::allocator<std::pair<unsigned short const,KSkill *>>>::_M_erase(std::_Rb_tree_node<std::pair<unsigned short const,KSkill *>> *)
08100110	154	_ZNSt8_Rb_treeItSt4pairIKtP6KSkillESt10_Select1stIS4_ESt4lessItESaIS4_EE9_M_insertEPSt18_Rb_tree_node_baseSC_RKS4_	std::_Rb_tree<unsigned short,std::pair<unsigned short const,KSkill *>,std::_Select1st<std::pair<unsigned short const,KSkill *>>,std::less<unsigned short>,std::allocator<std::pair<unsigned short const,KSkill *>>>::_M_insert(std::_Rb_tree_node_base *,std::_Rb_tree_node_base *,std::pair<unsigned short const,KSkill *> const&)
081001b0	203	_ZNSt8_Rb_treeIN13KSkillManager22KPLATINA_MAGICRATE_KEYESt4pairIKS1_NS0_22KPLATINA_MAGICRATE_VALEESt10_Select1stIS5_ENS0_26less_platina_magicrate_keyESaIS5_EE9_M_insertEPSt18_Rb_tree_node_baseSC_RKS5_	std::_Rb_tree<KSkillManager::KPLATINA_MAGICRATE_KEY,std::pair<KSkillManager::KPLATINA_MAGICRATE_KEY const,KSkillManager::KPLATINA_MAGICRATE_VAL>,std::_Select1st<std::pair<KSkillManager::KPLATINA_MAGICRATE_KEY const,KSkillManager::KPLATINA_MAGICRATE_VAL>>,KSkillManager::less_platina_magicrate_key,std::allocator<std::pair<KSkillManager::KPLATINA_MAGICRATE_KEY const,KSkillManager::KPLATINA_MAGICRATE_VAL>>>::_M_insert(std::_Rb_tree_node_base *,std::_Rb_tree_node_base *,std::pair<KSkillManager::KPLATINA_MAGICRATE_KEY const,KSkillManager::KPLATINA_MAGICRATE_VAL> const&)
08100280	121	_ZNSt8_Rb_treeIN13KSkillManager22KPLATINA_MAGICRATE_KEYESt4pairIKS1_NS0_22KPLATINA_MAGICRATE_VALEESt10_Select1stIS5_ENS0_26less_platina_magicrate_keyESaIS5_EE12insert_equalERKS5_	std::_Rb_tree<KSkillManager::KPLATINA_MAGICRATE_KEY,std::pair<KSkillManager::KPLATINA_MAGICRATE_KEY const,KSkillManager::KPLATINA_MAGICRATE_VAL>,std::_Select1st<std::pair<KSkillManager::KPLATINA_MAGICRATE_KEY const,KSkillManager::KPLATINA_MAGICRATE_VAL>>,KSkillManager::less_platina_magicrate_key,std::allocator<std::pair<KSkillManager::KPLATINA_MAGICRATE_KEY const,KSkillManager::KPLATINA_MAGICRATE_VAL>>>::insert_equal(std::pair<KSkillManager::KPLATINA_MAGICRATE_KEY const,KSkillManager::KPLATINA_MAGICRATE_VAL> const&)
08100300	435	_ZNSt6vectorI12KMagicAttribSaIS0_EE13_M_insert_auxEN9__gnu_cxx17__normal_iteratorIPS0_S2_EERKS0_	std::vector<KMagicAttrib,std::allocator<KMagicAttrib>>::_M_insert_aux(__gnu_cxx::__normal_iterator<KMagicAttrib*,std::vector<KMagicAttrib,std::allocator<KMagicAttrib>>>,KMagicAttrib const&)
081004c0	241	_ZNSt8_Rb_treeItSt4pairIKtP6KSkillESt10_Select1stIS4_ESt4lessItESaIS4_EE13insert_uniqueERKS4_	std::_Rb_tree<unsigned short,std::pair<unsigned short const,KSkill *>,std::_Select1st<std::pair<unsigned short const,KSkill *>>,std::less<unsigned short>,std::allocator<std::pair<unsigned short const,KSkill *>>>::insert_unique(std::pair<unsigned short const,KSkill *> const&)
081005c0	595	_ZNSt8_Rb_treeItSt4pairIKtP6KSkillESt10_Select1stIS4_ESt4lessItESaIS4_EE13insert_uniqueESt17_Rb_tree_iteratorIS4_ERKS4_	std::_Rb_tree<unsigned short,std::pair<unsigned short const,KSkill *>,std::_Select1st<std::pair<unsigned short const,KSkill *>>,std::less<unsigned short>,std::allocator<std::pair<unsigned short const,KSkill *>>>::insert_unique(std::_Rb_tree_iterator<std::pair<unsigned short const,KSkill *>>,std::pair<unsigned short const,KSkill *> const&)
08100820	345	_ZNSt6vectorI12SAppendSkillSaIS0_EEaSERKS2_	std::vector<SAppendSkill,std::allocator<SAppendSkill>>::operator=(std::vector<SAppendSkill,std::allocator<SAppendSkill>> const&)
08100980	14	_ZNK6KSkill16GetChildSkillNumEi	KSkill::GetChildSkillNum(int)const
08100990	186	_ZN6KSkill17DelStateAttributeEPK12KMagicAttrib	KSkill::DelStateAttribute(KMagicAttrib const*)
08100a50	92	_ZN6KSkill17AddStateAttributeEPK12KMagicAttrib	KSkill::AddStateAttribute(KMagicAttrib const*)
08100ab0	273	_ZNK6KSkill18CastPassivitySkillEiiiii	KSkill::CastPassivitySkill(int,int,int,int,int)const
08100bd0	222	_ZNK6KSkill21GetMissleGenerateTimeEi	KSkill::GetMissleGenerateTime(int)const
08100cb0	849	_ZNK6KSkill13CastCreateNpcEiii	KSkill::CastCreateNpc(int,int,int)const
08101010	1358	_ZNK6KSkill12CanCastSkillEiRiS0_	KSkill::CanCastSkill(int,int &,int &)const
08101560	425	_ZN6KSkillC2Ev	KSkill::KSkill(void)
08101710	3266	_ZN15SSkillTableData18GetInfoFromTabFileEi	SSkillTableData::GetInfoFromTabFile(int)
081023e0	1667	_ZN6KSkill17AddMagicAttributeEPK12KMagicAttrib	KSkill::AddMagicAttribute(KMagicAttrib const*)
08102a70	245	_ZN6KSkill23ParseString2MagicAttribEmPcS0_	KSkill::ParseString2MagicAttrib(unsigned long,char *,char *)
08102b70	849	_ZN6KSkill18LoadSkillLevelDataEmi	KSkill::LoadSkillLevelData(unsigned long,int)
08102ed0	46	_ZN6KSkillD2Ev	KSkill::~KSkill()
08102f00	425	_ZN6KSkillC1Ev	KSkill::KSkill(void)
081030b0	1049	_ZNK6KSkill12CreateMissleEiii	KSkill::CreateMissle(int,int,int)const
081034d0	963	_ZNK6KSkill28CreateMissleMagicAttribsLinkEi	KSkill::CreateMissleMagicAttribsLink(int)const
081038a0	60	_ZNK6KSkill28CreateMissleMagicAttribsDataEi	KSkill::CreateMissleMagicAttribsData(int)const
081038e0	142	_ZN6KSkill18GetSkillIdFromNameEPc	KSkill::GetSkillIdFromName(char *)
08103970	53	_ZN6KSkillD0Ev	KSkill::~KSkill()
081039b0	46	_ZN6KSkillD1Ev	KSkill::~KSkill()
081039e0	7667	_ZNK6KSkill11CastMisslesEiiii18eSkillLauncherType	KSkill::CastMissles(int,int,int,int,eSkillLauncherType)const
081057e0	760	_ZNK6KSkill13OnMissleEventEtP7KMissle	KSkill::OnMissleEvent(unsigned short,KMissle *)const
08105ae0	34	_ZNK6KSkill10CollidsionEP7KMissle	KSkill::Collidsion(KMissle *)const
08105b10	34	_ZNK6KSkill8FlyEventEP7KMissle	KSkill::FlyEvent(KMissle *)const
08105b40	34	_ZNK6KSkill6VanishEP7KMissle	KSkill::Vanish(KMissle *)const
08105b70	576	_ZNK6KSkill4CastEiiii18eSkillLauncherTypei	KSkill::Cast(int,int,int,int,eSkillLauncherType,int)const
08105db0	335	_ZNK6KSkill14CastChildSkillEP16TOrdinSkillParamiii	KSkill::CastChildSkill(TOrdinSkillParam *,int,int,int)const
08105f00	1411	_ZNK6KSkill10CastSpreadEP16TOrdinSkillParamiii	KSkill::CastSpread(TOrdinSkillParam *,int,int,int)const
08106490	956	_ZNK6KSkill10CastCircleEP16TOrdinSkillParamiii	KSkill::CastCircle(TOrdinSkillParam *,int,int,int)const
08106850	992	_ZNK6KSkill8CastWallEP16TOrdinSkillParamiii	KSkill::CastWall(TOrdinSkillParam *,int,int,int)const
08106c30	959	_ZNK6KSkill24CastExtractiveLineMissleEP16TOrdinSkillParamiiiiiii	KSkill::CastExtractiveLineMissle(TOrdinSkillParam *,int,int,int,int,int,int,int)const
08106ff0	839	_ZNK6KSkill8CastLineEP16TOrdinSkillParamiii	KSkill::CastLine(TOrdinSkillParam *,int,int,int)const
08107340	1088	_ZNK6KSkill8CastZoneEP16TOrdinSkillParamiii	KSkill::CastZone(TOrdinSkillParam *,int,int,int)const
08107780	190	_ZNK6KSkill12OnStartEventEiii	KSkill::OnStartEvent(int,int,int)const
08107840	459	_ZNK6KSkill17CastInstantMissleEiiii	KSkill::CastInstantMissle(int,int,int,int)const
08107a10	818	_ZNK6KSkill19CastInitiativeSkillEiiiiiiiii	KSkill::CastInitiativeSkill(int,int,int,int,int,int,int,int,int)const
08107d50	7	_ZN6ISkill10IsExpSkillEv	ISkill::IsExpSkill(void)
08107d60	7	_ZNK6ISkill6IsAuraEv	ISkill::IsAura(void)const
08107d70	7	_ZNK6ISkill13IsWeaponSkillEv	ISkill::IsWeaponSkill(void)const
08107d80	7	_ZNK6ISkill23GetSkillLevelUpScriptIdEv	ISkill::GetSkillLevelUpScriptId(void)const
08107d90	7	_ZN6ISkill15GetCanCastLevelEv	ISkill::GetCanCastLevel(void)
08107da0	5	_ZN6ISkill7DoSkillEP4KNpcii	ISkill::DoSkill(KNpc *,int,int)
08107db0	11	_ZNK6KSkill12IsTargetOnlyEv	KSkill::IsTargetOnly(void)const
08107dc0	11	_ZNK6KSkill13IsTargetEnemyEv	KSkill::IsTargetEnemy(void)const
08107dd0	14	_ZNK6KSkill12IsTargetAllyEv	KSkill::IsTargetAlly(void)const
08107de0	11	_ZNK6KSkill13IsTargetOtherEv	KSkill::IsTargetOther(void)const
08107df0	14	_ZNK6KSkill11IsTargetObjEv	KSkill::IsTargetObj(void)const
08107e00	14	_ZNK6KSkill12IsTargetSelfEv	KSkill::IsTargetSelf(void)const
08107e10	14	_ZNK6KSkill13IsTargetNoNpcEv	KSkill::IsTargetNoNpc(void)const
08107e20	14	_ZNK6KSkill11PeaceCanUseEv	KSkill::PeaceCanUse(void)const
08107e30	14	_ZNK6KSkill23GetSkillLevelUpScriptIdEv	KSkill::GetSkillLevelUpScriptId(void)const
08107e40	11	_ZN6KSkill12GetSkillNameEv	KSkill::GetSkillName(void)
08107e50	11	_ZN6KSkill13GetSkillStyleEv	KSkill::GetSkillStyle(void)
08107e60	11	_ZNK6KSkill15GetAttackRadiusEv	KSkill::GetAttackRadius(void)const
08107e70	14	_ZNK6KSkill12GetSkillCostEPv	KSkill::GetSkillCost(void *)const
08107e80	14	_ZNK6KSkill16GetSkillCostTypeEv	KSkill::GetSkillCostType(void)const
08107e90	29	_ZNK6KSkill15GetDelayPerCastEi	KSkill::GetDelayPerCast(int)const
08107eb0	11	_ZN6KSkill10IsExpSkillEv	KSkill::IsExpSkill(void)
08107ec0	11	_ZNK6KSkill10GetSkillIdEv	KSkill::GetSkillId(void)const
08107ed0	11	_ZNK6KSkill6IsAuraEv	KSkill::IsAura(void)const
08107ee0	11	_ZNK6KSkill13IsWeaponSkillEv	KSkill::IsWeaponSkill(void)const
08107ef0	12	_ZN6KSkill15GetCanCastLevelEv	KSkill::GetCanCastLevel(void)
08107f00	87	_ZNSt8_Rb_treeIiSt4pairIKi18TSkillAdditionInfoESt10_Select1stIS3_ESt4lessIiESaIS3_EE4findERS1_	std::_Rb_tree<int,std::pair<int const,TSkillAdditionInfo>,std::_Select1st<std::pair<int const,TSkillAdditionInfo>>,std::less<int>,std::allocator<std::pair<int const,TSkillAdditionInfo>>>::find(int const&)
08107f60	139	_ZNSt8_Rb_treeIPKcSt4pairIKS1_iESt10_Select1stIS4_E10less_pcstrSaIS4_EE4findERS3_	std::_Rb_tree<char const*,std::pair<char const* const,int>,std::_Select1st<std::pair<char const* const,int>>,less_pcstr,std::allocator<std::pair<char const* const,int>>>::find(char const* const&)
08107ff0	18	_ZN6ISkillD0Ev	ISkill::~ISkill()
08108010	14	_ZN6ISkillD1Ev	ISkill::~ISkill()
08108020	368	_ZNSt6vectorI12SAppendSkillSaIS0_EE13_M_insert_auxEN9__gnu_cxx17__normal_iteratorIPS0_S2_EERKS0_	std::vector<SAppendSkill,std::allocator<SAppendSkill>>::_M_insert_aux(__gnu_cxx::__normal_iterator<SAppendSkill*,std::vector<SAppendSkill,std::allocator<SAppendSkill>>>,SAppendSkill const&)
08108190	265	_ZN15KRegionSearcher11FirstRegionEv	KRegionSearcher::FirstRegion(void)
081082a0	155	_ZN15KRegionSearcher10NextRegionEv	KRegionSearcher::NextRegion(void)
08108340	210	_ZN15KRegionSearcherC1ENS_8enumTypeEP9KSubWorldiiiii	KRegionSearcher::KRegionSearcher(KRegionSearcher::enumType,KSubWorld *,int,int,int,int,int)
08108420	66	_ZN9KSubWorld10FindRegionEi	KSubWorld::FindRegion(int)
08108470	218	_ZN9KSubWorld14FindFreeRegionEii	KSubWorld::FindFreeRegion(int,int)
08108550	137	_ZN9KSubWorld7Map2MpsEiiiiiPiS0_	KSubWorld::Map2Mps(int,int,int,int,int,int *,int *)
081085e0	57	_ZN9KSubWorld7Map2MpsEiiiiiiPiS0_	KSubWorld::Map2Mps(int,int,int,int,int,int,int *,int *)
08108620	5	_ZN9KSubWorld8LoadTrapEv	KSubWorld::LoadTrap(void)
08108630	64	_ZN9KSubWorld14GetRegionIndexEi	KSubWorld::GetRegionIndex(int)
08108670	290	_ZN9KSubWorld7Mps2MapEiiPiS0_S0_S0_S0_	KSubWorld::Mps2Map(int,int,int *,int *,int *,int *,int *)
081087a0	34	_ZN9KSubWorld18CheckExportNpcDataEv	KSubWorld::CheckExportNpcData(void)
081087d0	196	_ZN9KSubWorld17GetRegionSearcherEN15KRegionSearcher8enumTypeEiiiii	KSubWorld::GetRegionSearcher(KRegionSearcher::enumType,int,int,int,int,int)
081088a0	228	_ZN9KSubWorld14ActivateRegionEii	KSubWorld::ActivateRegion(int,int)
08108990	16	__tcf_1_13	__tcf_1_13
081089a0	80	_ZN9KSubWorld15GetNpcRandLevelEv	KSubWorld::GetNpcRandLevel(void)
081089f0	73	_ZN9KSubWorld16GetNpcRandSeriesEv	KSubWorld::GetNpcRandSeries(void)
08108a40	153	_ZN9KSubWorld7DelTrapEii	KSubWorld::DelTrap(int,int)
08108ae0	167	_ZN9KSubWorld7AddTrapEiimm	KSubWorld::AddTrap(int,int,unsigned long,unsigned long)
08108b90	73	_ZN9KSubWorld12GetTrapCountEv	KSubWorld::GetTrapCount(void)
08108be0	58	_ZN9KSubWorld12ClearAllTrapEv	KSubWorld::ClearAllTrap(void)
08108c20	58	_ZN9KSubWorld11ClearAllObjEv	KSubWorld::ClearAllObj(void)
08108c60	97	_ZN9KSubWorld14GetNpcWithNameERSt4listIiSaIiEEPKc	KSubWorld::GetNpcWithName(std::list<int,std::allocator<int>> &,char const*)
08108cd0	118	_ZN9KSubWorld10LoadStatusEPKc	KSubWorld::LoadStatus(char const*)
08108d50	135	_ZN9KSubWorld14LoadStatusListEPKc	KSubWorld::LoadStatusList(char const*)
08108de0	132	_ZN9KSubWorld9BroadCastEPKvj	KSubWorld::BroadCast(void const*,unsigned int)
08108e70	147	_ZN9KSubWorld10GetBarrierEiii	KSubWorld::GetBarrier(int,int,int)
08108f10	387	_ZN9KSubWorld11TestBarrierEiiiiiiii	KSubWorld::TestBarrier(int,int,int,int,int,int,int,int)
081090a0	259	_ZN9KSubWorld11TestBarrierEiii	KSubWorld::TestBarrier(int,int,int)
081091b0	198	_ZN9KSubWorld9CanPutObjERK8tagPOINT	KSubWorld::CanPutObj(tagPOINT const&)
08109280	281	_ZN9KSubWorld13GetFreeObjPosER8tagPOINT	KSubWorld::GetFreeObjPos(tagPOINT &)
081093a0	114	_ZN9KSubWorld12RemovePlayerEii	KSubWorld::RemovePlayer(int,int)
08109420	140	_ZN9KSubWorld9AddPlayerEii	KSubWorld::AddPlayer(int,int)
081094b0	106	_ZN9KSubWorld5CloseEv	KSubWorld::Close(void)
08109520	174	_ZN9KSubWorld12SendSyncDataEii	KSubWorld::SendSyncData(int,int)
081095d0	30	_ZN9KSubWorld12SendSyncDataEi	KSubWorld::SendSyncData(int)
081095f0	114	_ZN9KSubWorld6GetMpsEPiS0_iii	KSubWorld::GetMps(int *,int *,int,int,int)
08109670	246	_ZN9KSubWorld18PlayerChangeRegionEiii	KSubWorld::PlayerChangeRegion(int,int,int)
08109770	187	_ZN9KSubWorld18MissleChangeRegionEiii	KSubWorld::MissleChangeRegion(int,int,int)
08109830	411	_ZN9KSubWorld15NpcChangeRegionEiii	KSubWorld::NpcChangeRegion(int,int,int)
081099d0	121	_ZN9KSubWorld7GetTrapEii	KSubWorld::GetTrap(int,int)
08109a50	454	_ZN9KSubWorld14TestBarrierMinEiiiiiiii	KSubWorld::TestBarrierMin(int,int,int,int,int,int,int,int)
08109c20	89	_ZN9KSubWorld11GetDistanceEiiii	KSubWorld::GetDistance(int,int,int,int)
08109c80	275	_ZN9KSubWorld13ExecuteScriptEjPKcS1_	KSubWorld::ExecuteScript(unsigned int,char const*,char const*)
08109da0	95	_ZN9KSubWorld13ExecuteScriptEPKcS1_S1_	KSubWorld::ExecuteScript(char const*,char const*,char const*)
08109e00	107	_ZN9KSubWorld14GetFirstPlayerEv	KSubWorld::GetFirstPlayer(void)
08109e70	210	_ZN15KRegionSearcherC2ENS_8enumTypeEP9KSubWorldiiiii	KRegionSearcher::KRegionSearcher(KRegionSearcher::enumType,KSubWorld *,int,int,int,int,int)
08109f50	131	_ZN15KRegionSearcher10GetNextObjEv	KRegionSearcher::GetNextObj(void)
08109fe0	259	_ZN15KRegionSearcher10GetNextNpcEv	KRegionSearcher::GetNextNpc(void)
0810a0f0	360	_ZN9KSubWorld13CreateOneBossEii	KSubWorld::CreateOneBoss(int,int)
0810a260	146	_ZN9KSubWorld13GetNextPlayerEv	KSubWorld::GetNextPlayer(void)
0810a300	242	_ZN9KSubWorld15FindNpcFromNameEPKc	KSubWorld::FindNpcFromName(char const*)
0810a400	178	_ZN9KSubWorld13RevivalAllNpcEv	KSubWorld::RevivalAllNpc(void)
0810a4c0	247	_ZN15KRegionSearcher15GetNextNpcRoundEv	KRegionSearcher::GetNextNpcRound(void)
0810a5c0	293	_ZN15KRegionSearcher14GetNextMissileEv	KRegionSearcher::GetNextMissile(void)
0810a6f0	288	_ZN15KRegionSearcher13GetNextPlayerEv	KRegionSearcher::GetNextPlayer(void)
0810a810	198	_ZN9KSubWorld19ClearAllNpcWithNameEPKc	KSubWorld::ClearAllNpcWithName(char const*)
0810a8e0	156	_ZN9KSubWorld11ClearAllNpcEv	KSubWorld::ClearAllNpc(void)
0810a980	3426	_ZN9KSubWorld7LoadMapEi	KSubWorld::LoadMap(int)
0810b6f0	47	_ZN9KSubWorld15LoadTemplateMapEii	KSubWorld::LoadTemplateMap(int,int)
0810b720	266	_ZN9KSubWorld15ObjChangeRegionEiii	KSubWorld::ObjChangeRegion(int,int,int)
0810b830	569	_ZN9KSubWorld10ProcessMsgEP13KWorldMsgNode	KSubWorld::ProcessMsg(KWorldMsgNode *)
0810ba70	193	_ZN9KSubWorld15ActivateRegionsEv	KSubWorld::ActivateRegions(void)
0810bb40	500	_ZN9KSubWorld8ActivateEv	KSubWorld::Activate(void)
0810bd40	99	_ZN9KSubWorld11MessageLoopEv	KSubWorld::MessageLoop(void)
0810bdb0	3782	_ZN9KSubWorld4CopyERKS_	KSubWorld::Copy(KSubWorld const&)
0810cc80	946	__tcf_0_18	__tcf_0_18
0810d040	1221	_Z41__static_initialization_and_destruction_0ii_28	_Z41__static_initialization_and_destruction_0ii_28
0810d510	19	_GLOBAL__I_SubWorld	`global constructor keyed to'SubWorld
0810d530	1585	_ZN9KSubWorldC1Ev	KSubWorld::KSubWorld(void)
0810db70	2104	_ZN9KSubWorldC2Ev	KSubWorld::KSubWorld(void)
0810e3b0	2333	_ZN9KSubWorldD1Ev	KSubWorld::~KSubWorld()
0810ecd0	1943	_ZN9KSubWorldD2Ev	KSubWorld::~KSubWorld()
0810f470	7	_ZN8KMsgInfo13_KMsgInfoListINS_8TMsgInfoELm200EE8FindSameEPS1_	KMsgInfo::_KMsgInfoList<KMsgInfo::TMsgInfo,200ul>::FindSame(KMsgInfo::TMsgInfo*)
0810f480	709	_ZN8KMissionC1Ev	KMission::KMission(void)
0810f750	102	_ZN13KMissionArrayI8KMissionLj10EE8FindSameEPS0_	KMissionArray<KMission,10u>::FindSame(KMission*)
0810f7c0	102	_ZN13KMissionArrayI8KMissionLj50EE8FindSameEPS0_	KMissionArray<KMission,50u>::FindSame(KMission*)
0810f830	92	_ZN20_KMissionPlayerArrayI18TMissionPlayerInfoLm1200EE8FindSameEPS0_	_KMissionPlayerArray<TMissionPlayerInfo,1200ul>::FindSame(TMissionPlayerInfo*)
0810f890	93	_ZN14KTimerFunArrayI13KTimerTaskFunLj3EXadL_Z25g_MissionTimerCallBackFunPvPKcEEE8FindSameEPS0_	KTimerFunArray<KTimerTaskFun,3u,&(g_MissionTimerCallBackFun(void *,char const*))>::FindSame(KTimerTaskFun*)
0810f8f0	285	_ZNSt8_Rb_treeIP9KObserverSt4pairIKS1_iESt10_Select1stIS4_ESt4lessIS1_ESaIS4_EE7_M_copyEPKSt13_Rb_tree_nodeIS4_EPSC_	std::_Rb_tree<KObserver *,std::pair<KObserver * const,int>,std::_Select1st<std::pair<KObserver * const,int>>,std::less<KObserver *>,std::allocator<std::pair<KObserver * const,int>>>::_M_copy(std::_Rb_tree_node<std::pair<KObserver * const,int>> const*,std::_Rb_tree_node<std::pair<KObserver * const,int>>*)
0810fa10	547	_ZNSt8_Rb_treeIiSt4pairIKiSt3mapIP9KObserveriSt4lessIS4_ESaIS0_IKS4_iEEEESt10_Select1stISB_ES5_IiESaISB_EE7_M_copyEPKSt13_Rb_tree_nodeISB_EPSI_	std::_Rb_tree<int,std::pair<int const,std::map<KObserver *,int,std::less<KObserver *>,std::allocator<std::pair<KObserver * const,int>>>>,std::_Select1st<std::pair<int const,std::map<KObserver *,int,std::less<KObserver *>,std::allocator<std::pair<KObserver * const,int>>>>>,std::less<int>,std::allocator<std::pair<int const,std::map<KObserver *,int,std::less<KObserver *>,std::allocator<std::pair<KObserver * const,int>>>>>>::_M_copy(std::_Rb_tree_node<std::pair<int const,std::map<KObserver *,int,std::less<KObserver *>,std::allocator<std::pair<KObserver * const,int>>>>> const*,std::_Rb_tree_node<std::pair<int const,std::map<KObserver *,int,std::less<KObserver *>,std::allocator<std::pair<KObserver * const,int>>>>>*)
0810fc40	130	_ZNSt8_Rb_treeIiSt4pairIKiSt3mapIP9KObserveriSt4lessIS4_ESaIS0_IKS4_iEEEESt10_Select1stISB_ES5_IiESaISB_EEaSERKSG_	std::_Rb_tree<int,std::pair<int const,std::map<KObserver *,int,std::less<KObserver *>,std::allocator<std::pair<KObserver * const,int>>>>,std::_Select1st<std::pair<int const,std::map<KObserver *,int,std::less<KObserver *>,std::allocator<std::pair<KObserver * const,int>>>>>,std::less<int>,std::allocator<std::pair<int const,std::map<KObserver *,int,std::less<KObserver *>,std::allocator<std::pair<KObserver * const,int>>>>>>::operator=(std::_Rb_tree<int,std::pair<int const,std::map<KObserver *,int,std::less<KObserver *>,std::allocator<std::pair<KObserver * const,int>>>>,std::_Select1st<std::pair<int const,std::map<KObserver *,int,std::less<KObserver *>,std::allocator<std::pair<KObserver * const,int>>>>>,std::less<int>,std::allocator<std::pair<int const,std::map<KObserver *,int,std::less<KObserver *>,std::allocator<std::pair<KObserver * const,int>>>>>> const&)
0810fcd0	188	_ZN8KMissionD1Ev	KMission::~KMission()
0810fd90	294	_ZNSt8_Rb_treeIN7KRegion4KPOSESt4pairIKS1_5KTRAPESt10_Select1stIS5_ENS0_8less_posESaIS5_EE7_M_copyEPKSt13_Rb_tree_nodeIS5_EPSC_	std::_Rb_tree<KRegion::KPOS,std::pair<KRegion::KPOS const,KTRAP>,std::_Select1st<std::pair<KRegion::KPOS const,KTRAP>>,KRegion::less_pos,std::allocator<std::pair<KRegion::KPOS const,KTRAP>>>::_M_copy(std::_Rb_tree_node<std::pair<KRegion::KPOS const,KTRAP>> const*,std::_Rb_tree_node<std::pair<KRegion::KPOS const,KTRAP>>*)
0810fec0	130	_ZNSt8_Rb_treeIN7KRegion4KPOSESt4pairIKS1_5KTRAPESt10_Select1stIS5_ENS0_8less_posESaIS5_EEaSERKSA_	std::_Rb_tree<KRegion::KPOS,std::pair<KRegion::KPOS const,KTRAP>,std::_Select1st<std::pair<KRegion::KPOS const,KTRAP>>,KRegion::less_pos,std::allocator<std::pair<KRegion::KPOS const,KTRAP>>>::operator=(std::_Rb_tree<KRegion::KPOS,std::pair<KRegion::KPOS const,KTRAP>,std::_Select1st<std::pair<KRegion::KPOS const,KTRAP>>,KRegion::less_pos,std::allocator<std::pair<KRegion::KPOS const,KTRAP>>> const&)
0810ff50	262	_ZNSt6vectorIiSaIiEEaSERKS1_	std::vector<int,std::allocator<int>>::operator=(std::vector<int,std::allocator<int>> const&)
08110060	786	_ZNSt6vectorISsSaISsEEaSERKS1_	std::vector<std::string,std::allocator<std::string>>::operator=(std::vector<std::string,std::allocator<std::string>> const&)
08110380	1147	_ZN13KMissionArrayI8KMissionLj10EEC1Ev	KMissionArray<KMission,10u>::KMissionArray(void)
08110800	71	_ZN12KSubWorldSet11SearchWorldEm	KSubWorldSet::SearchWorld(unsigned long)
08110850	56	_ZN12KSubWorldSet13IsHaveFreeMapEv	KSubWorldSet::IsHaveFreeMap(void)
08110890	81	_ZN12KSubWorldSet14NotifyMapIndexEii	KSubWorldSet::NotifyMapIndex(int,int)
081108f0	44	__tcf_1_14	__tcf_1_14
08110920	16	__tcf_3_5	__tcf_3_5
08110930	160	_ZN12KSubWorldSetC2Ev	KSubWorldSet::KSubWorldSet(void)
081109d0	95	__tcf_2_7	__tcf_2_7
08110a30	141	_ZN12KSubWorldSet22ExportNpcDataWriteFileEPKc	KSubWorldSet::ExportNpcDataWriteFile(char const*)
08110ac0	368	_ZN12KSubWorldSet13ExportNpcDataER16SEXPORT_NPC_DATA	KSubWorldSet::ExportNpcData(SEXPORT_NPC_DATA &)
08110c30	45	_ZN12KSubWorldSet13ExportMapNameEPKc	KSubWorldSet::ExportMapName(char const*)
08110c60	167	_ZN12KSubWorldSet19GetRevivalPosFromIdEmiP8tagPOINT	KSubWorldSet::GetRevivalPosFromId(unsigned long,int,tagPOINT *)
08110d10	84	_ZN12KSubWorldSet5CloseEv	KSubWorldSet::Close(void)
08110d70	190	_ZN12KSubWorldSet11SendMessageEimiii	KSubWorldSet::SendMessage(int,unsigned long,int,int,int)
08110e30	73	_ZN12KSubWorldSet11MessageLoopEv	KSubWorldSet::MessageLoop(void)
08110e80	53	_Z18gGetMapListIniFilev	gGetMapListIniFile(void)
08110ec0	167	_ZN12KSubWorldSet4LoadEPKc	KSubWorldSet::Load(char const*)
08110f70	365	_ZN12KSubWorldSet18GetWorldNameFromIDEmPcj	KSubWorldSet::GetWorldNameFromID(unsigned long,char *,unsigned int)
081110e0	633	_ZN12KSubWorldSet8MainLoopEv	KSubWorldSet::MainLoop(void)
08111360	160	_ZN12KSubWorldSetC1Ev	KSubWorldSet::KSubWorldSet(void)
08111400	252	_Z41__static_initialization_and_destruction_0ii_29	_Z41__static_initialization_and_destruction_0ii_29
08111500	19	_GLOBAL__I_SubWorldTemplate	`global constructor keyed to'SubWorldTemplate
08111520	524	_ZN12KSubWorldSet4LoadEiPi	KSubWorldSet::Load(int,int *)
08111730	355	_ZN12KSubWorldSet13LoadSingleMapEi	KSubWorldSet::LoadSingleMap(int)
081118a0	140	_ZN12KSubWorldSet12DeleteDynMapEm	KSubWorldSet::DeleteDynMap(unsigned long)
08111930	589	_ZN12KSubWorldSet10LoadDynMapEiPi	KSubWorldSet::LoadDynMap(int,int *)
08111b80	37	__tcf_0_19	__tcf_0_19
08111bb0	600	_ZN12KSubWorldSet15LoadTemplateMapEiPi	KSubWorldSet::LoadTemplateMap(int,int *)
08111e10	965	_ZN12KSubWorldSet18GetWorldIDFromNameEPKc	KSubWorldSet::GetWorldIDFromName(char const*)
081121e0	35	_ZN13KTimerTaskFunC2Ev	KTimerTaskFun::KTimerTaskFun(void)
08112210	35	_ZN13KTimerTaskFunC1Ev	KTimerTaskFun::KTimerTaskFun(void)
08112240	96	_Z15GetIntervalTimeiiii	GetIntervalTime(int,int,int,int)
081122a0	39	_ZN10KTaskTimer5StartEPK10TTaskTimer	KTaskTimer::Start(TTaskTimer const*)
081122d0	17	_ZN10KTaskTimer11GetRestTimeEi	KTaskTimer::GetRestTime(int)
081122f0	17	_ZN10KTaskTimer12GetRestCountEv	KTaskTimer::GetRestCount(void)
08112310	135	_ZN10KTaskTimer10AdjustTimeEiiP10TTaskTimer	KTaskTimer::AdjustTime(int,int,TTaskTimer *)
081123a0	34	_ZN10KTaskTimer7SuspendEv	KTaskTimer::Suspend(void)
081123d0	18	_ZN10KTaskTimer12IsSuspendingEv	KTaskTimer::IsSuspending(void)
081123f0	22	_ZN10KTaskTimer6ResumeEv	KTaskTimer::Resume(void)
08112410	14	_ZN14KTaskTimerList13GetTimerCountEv	KTaskTimerList::GetTimerCount(void)
08112420	294	_Z41__static_initialization_and_destruction_0ii_30	_Z41__static_initialization_and_destruction_0ii_30
08112550	19	_GLOBAL__I_g_dwCurLuckyStarUUID	`global constructor keyed to'g_dwCurLuckyStarUUID
08112570	16	__tcf_5_1	__tcf_5_1
08112580	16	__tcf_4_3	__tcf_4_3
08112590	16	__tcf_3_6	__tcf_3_6
081125a0	16	__tcf_2_8	__tcf_2_8
081125b0	16	__tcf_1_15	__tcf_1_15
081125c0	16	__tcf_0_20	__tcf_0_20
081125d0	49	_ZN10KTaskTimerC2Ev	KTaskTimer::KTaskTimer(void)
08112610	39	_ZN14KTaskTimerList9SaveTimerEPiPK10TTaskTimer	KTaskTimerList::SaveTimer(int *,TTaskTimer const*)
08112640	39	_ZN14KTaskTimerList9LoadTimerEPKiP10TTaskTimer	KTaskTimerList::LoadTimer(int const*,TTaskTimer *)
08112670	236	_ZN10KTaskTimer4SaveEP10TTaskTimeri	KTaskTimer::Save(TTaskTimer *,int)
08112760	53	_ZN10KTaskTimer4SaveEPii	KTaskTimer::Save(int *,int)
081127a0	172	_ZN14KTaskTimerList4SaveEP7KPlayeri	KTaskTimerList::Save(KPlayer *,int)
08112850	72	_ZN10KTaskTimer5CloseEv	KTaskTimer::Close(void)
081128a0	61	_Z24g_PlayerTimerCallBackFunPvPKc	g_PlayerTimerCallBackFun(void *,char const*)
081128e0	178	_Z15g_ExecuteScriptjPKcS0_	g_ExecuteScript(unsigned int,char const*,char const*)
081129a0	76	_Z15g_ExecuteScriptPKcS0_S0_	g_ExecuteScript(char const*,char const*,char const*)
081129f0	101	_ZN13KTimerTaskFun18GetTimerTaskScriptEPcjj	KTimerTaskFun::GetTimerTaskScript(char *,unsigned int,unsigned int)
08112a60	83	_ZN13KTimerTaskFun4InitEv	KTimerTaskFun::Init(void)
08112ac0	156	_Z20g_GetPriceToWayPointii	g_GetPriceToWayPoint(int,int)
08112b60	84	_ZN14KTaskTimerList12GetTimerListERSt4listIiSaIiEE	KTaskTimerList::GetTimerList(std::list<int,std::allocator<int>> &)
08112bc0	195	_Z16g_GetPriceToDockii	g_GetPriceToDock(int,int)
08112c90	294	_Z23g_GetNextSystemTimeTaskv	g_GetNextSystemTimeTask(void)
08112dc0	181	_Z19g_GetPriceToStationii	g_GetPriceToStation(int,int)
08112e80	188	_ZN13KTimerTaskFun8SaveTaskEP7KPlayer	KTimerTaskFun::SaveTask(KPlayer *)
08112f40	111	_ZN13KTimerTaskFun8ActivateEPFiPvPKcE	KTimerTaskFun::Activate(int (*)(void *,char const*))
08112fb0	49	_ZN10KTaskTimerC1Ev	KTaskTimer::KTaskTimer(void)
08112ff0	117	_ZN13KTimerTaskFun8LoadTaskEP7KPlayer	KTimerTaskFun::LoadTask(KPlayer *)
08113070	168	_ZN10KTaskTimer4LoadEP10TTaskTimeri	KTaskTimer::Load(TTaskTimer *,int)
08113120	60	_ZN14KTaskTimerList8HasTimerEi	KTaskTimerList::HasTimer(int)
08113160	82	_ZN14KTaskTimerList17IsTimerSuspendingEi	KTaskTimerList::IsTimerSuspending(int)
081131c0	82	_ZN14KTaskTimerList11ResumeTimerEi	KTaskTimerList::ResumeTimer(int)
08113220	82	_ZN14KTaskTimerList12SuspendTimerEi	KTaskTimerList::SuspendTimer(int)
08113280	85	_ZN14KTaskTimerList12GetRestCountEi	KTaskTimerList::GetRestCount(int)
081132e0	92	_ZN14KTaskTimerList11GetRestTimeEii	KTaskTimerList::GetRestTime(int,int)
08113340	156	_ZN14KTaskTimerList10CloseTimerEi	KTaskTimerList::CloseTimer(int)
081133e0	219	_ZN14KTaskTimerList11CreateTimerEPK10TTaskTimer	KTaskTimerList::CreateTimer(TTaskTimer const*)
081134c0	302	_ZN14KTaskTimerList10StartTimerEiiii	KTaskTimerList::StartTimer(int,int,int,int)
081135f0	83	_ZN10KTaskTimer4LoadEPKii	KTaskTimer::Load(int const*,int)
08113650	469	_ZN14KTaskTimerList4LoadEP7KPlayeri	KTaskTimerList::Load(KPlayer *,int)
08113830	235	_ZN10KTaskTimer6OnTimeEP7KPlayer	KTaskTimer::OnTime(KPlayer *)
08113920	164	_ZN10KTaskTimer8ActivateEP7KPlayeri	KTaskTimer::Activate(KPlayer *,int)
081139d0	215	_ZN14KTaskTimerList8ActivateEP7KPlayeri	KTaskTimerList::Activate(KPlayer *,int)
08113ab0	10	_ZN11KThiefSkill10GetSkillIdEv	KThiefSkill::GetSkillId(void)
08113ac0	13	_ZN11KThiefSkill12GetSkillNameEv	KThiefSkill::GetSkillName(void)
08113ad0	10	_ZN11KThiefSkill13GetSkillStyleEv	KThiefSkill::GetSkillStyle(void)
08113ae0	5	_ZN11KThiefSkill18LoadSkillLevelDataEmi	KThiefSkill::LoadSkillLevelData(unsigned long,int)
08113af0	186	_ZNK11KThiefSkill12GetSkillCostEPv	KThiefSkill::GetSkillCost(void *)const
08113bb0	887	_ZN11KThiefSkill11LoadSettingEPKci	KThiefSkill::LoadSetting(char const*,int)
08113f30	70	_ZN11KThiefSkill14Cast_RunScriptEP7KPlayerS1_	KThiefSkill::Cast_RunScript(KPlayer *,KPlayer *)
08113f80	173	_ZN11KThiefSkill14Cast_ShowMoneyEP7KPlayerS1_	KThiefSkill::Cast_ShowMoney(KPlayer *,KPlayer *)
08114030	196	_ZN11KThiefSkill13Cast_ShowManaEP7KPlayerS1_	KThiefSkill::Cast_ShowMana(KPlayer *,KPlayer *)
08114100	196	_ZN11KThiefSkill13Cast_ShowLifeEP7KPlayerS1_	KThiefSkill::Cast_ShowLife(KPlayer *,KPlayer *)
081141d0	747	_ZN11KThiefSkill12Cast_RedressEP7KPlayerS1_	KThiefSkill::Cast_Redress(KPlayer *,KPlayer *)
081144c0	136	_ZN11KThiefSkill4CastEP7KPlayerS1_	KThiefSkill::Cast(KPlayer *,KPlayer *)
08114550	278	_ZN11KThiefSkill7OnSkillEP4KNpc	KThiefSkill::OnSkill(KNpc *)
08114670	116	_ZN11KThiefSkill7DoSkillEP4KNpcii	KThiefSkill::DoSkill(KNpc *,int,int)
081146f0	37	_ZN11KThiefSkillD0Ev	KThiefSkill::~KThiefSkill()
08114720	18	_ZN11KThiefSkillD1Ev	KThiefSkill::~KThiefSkill()
08114740	18	_ZN11KThiefSkillD2Ev	KThiefSkill::~KThiefSkill()
08114760	80	_ZN11KThiefSkillC1Ev	KThiefSkill::KThiefSkill(void)
081147b0	80	_ZN11KThiefSkillC2Ev	KThiefSkill::KThiefSkill(void)
08114800	143	_ZNK11KThiefSkill12CanCastSkillEiRiS0_	KThiefSkill::CanCastSkill(int,int &,int &)const
08114890	29	_ZNK11KThiefSkill15GetDelayPerCastEi	KThiefSkill::GetDelayPerCast(int)const
081148b0	14	_ZNK11KThiefSkill16GetSkillCostTypeEv	KThiefSkill::GetSkillCostType(void)const
081148c0	14	_ZNK11KThiefSkill15GetAttackRadiusEv	KThiefSkill::GetAttackRadius(void)const
081148d0	10	_ZNK11KThiefSkill12IsTargetOnlyEv	KThiefSkill::IsTargetOnly(void)const
081148e0	10	_ZNK11KThiefSkill13IsTargetEnemyEv	KThiefSkill::IsTargetEnemy(void)const
081148f0	10	_ZNK11KThiefSkill12IsTargetAllyEv	KThiefSkill::IsTargetAlly(void)const
08114900	10	_ZNK11KThiefSkill13IsTargetOtherEv	KThiefSkill::IsTargetOther(void)const
08114910	7	_ZNK11KThiefSkill11IsTargetObjEv	KThiefSkill::IsTargetObj(void)const
08114920	7	_ZNK11KThiefSkill12IsTargetSelfEv	KThiefSkill::IsTargetSelf(void)const
08114930	7	_ZNK11KThiefSkill13IsTargetNoNpcEv	KThiefSkill::IsTargetNoNpc(void)const
08114940	7	_ZNK11KThiefSkill11PeaceCanUseEv	KThiefSkill::PeaceCanUse(void)const
08114950	7	_ZNK11KThiefSkill6IsAuraEv	KThiefSkill::IsAura(void)const
08114960	7	_ZNK11KThiefSkill13IsWeaponSkillEv	KThiefSkill::IsWeaponSkill(void)const
08114970	7	_ZNK11KThiefSkill23GetSkillLevelUpScriptIdEv	KThiefSkill::GetSkillLevelUpScriptId(void)const
08114980	7	_ZN11KThiefSkill15GetCanCastLevelEv	KThiefSkill::GetCanCastLevel(void)
08114990	7	_ZN11KThiefSkill10IsExpSkillEv	KThiefSkill::IsExpSkill(void)
081149a0	25	_ZN8CTongTax20GetRegionCurTotalTaxEi	CTongTax::GetRegionCurTotalTax(int)
081149c0	137	_ZN8CTongTax17SendMsgTongAddTaxEi	CTongTax::SendMsgTongAddTax(int)
08114a50	43	_ZN8CTongTax28SendAllTaxCacheAndClearCacheEv	CTongTax::SendAllTaxCacheAndClearCache(void)
08114a80	100	_ZN8CTongTax6AddTaxEim	CTongTax::AddTax(int,unsigned long)
08114af0	168	_ZN8CTongTax10SetViceroyEiPKc	CTongTax::SetViceroy(int,char const*)
08114ba0	67	_ZN8CTongTax4InitEv	CTongTax::Init(void)
08114bf0	18	_ZN8CTongTaxC1Ev	CTongTax::CTongTax(void)
08114c10	66	_Z41__static_initialization_and_destruction_0ii_31	_Z41__static_initialization_and_destruction_0ii_31
08114c60	16	_GLOBAL__I__ZN8CTongTaxC2Ev	`global constructor keyed to'CTongTax::CTongTax(void)
08114c70	18	_ZN8CTongTaxC2Ev	CTongTax::CTongTax(void)
08114c90	338	_ZN8CTongTax7ReleaseEv	CTongTax::Release(void)
08114df0	18	_ZN8CTongTaxD0Ev	CTongTax::~CTongTax()
08114e10	14	_ZN8CTongTaxD1Ev	CTongTax::~CTongTax()
08114e20	16	__tcf_1_16	__tcf_1_16
08114e30	14	_ZN8CTongTaxD2Ev	CTongTax::~CTongTax()
08114e40	69	_ZN11KWeatherMgrC1Ev	KWeatherMgr::KWeatherMgr(void)
08114e90	730	_ZN11KWeatherMgr11InitFromIniER8KIniFile	KWeatherMgr::InitFromIni(KIniFile &)
08115170	69	_ZN11KWeatherMgrC2Ev	KWeatherMgr::KWeatherMgr(void)
081151c0	206	_ZN11KWeatherMgr8ActivateEv	KWeatherMgr::Activate(void)
08115290	91	_ZN9KWorldMsg4PeekEP13KWorldMsgNodem	KWorldMsg::Peek(KWorldMsgNode *,unsigned long)
081152f0	80	_ZN9KWorldMsg3GetEP13KWorldMsgNode	KWorldMsg::Get(KWorldMsgNode *)
08115340	79	_ZN9KWorldMsg5ClearEv	KWorldMsg::Clear(void)
08115390	7	_Z20LuaMsgToAroundRegionP9lua_State	LuaMsgToAroundRegion(lua_State *)
081153a0	7	_Z15LuaDelNpcsInRgnP9lua_State	LuaDelNpcsInRgn(lua_State *)
081153b0	7	_Z15LuaDelNpcsInWldP9lua_State	LuaDelNpcsInWld(lua_State *)
081153c0	10	_Z22LuaPlayerExecuteScriptP9lua_State	LuaPlayerExecuteScript(lua_State *)
081153d0	7	_Z10LuaGetCityP9lua_State	LuaGetCity(lua_State *)
081153e0	7	_Z12LuaMakeEnemyP9lua_State	LuaMakeEnemy(lua_State *)
081153f0	7	_Z14LuaFadeInMusicP9lua_State	LuaFadeInMusic(lua_State *)
08115400	7	_Z15LuaFadeOutMusicP9lua_State	LuaFadeOutMusic(lua_State *)
08115410	328	_Z12GetItemValueiPxS_	GetItemValue(int,long long *,long long *)
08115560	7	_Z9LuaCancelP9lua_State	LuaCancel(lua_State *)
08115570	60	_Z18LuaRightTrimStringP9lua_State	LuaRightTrimString(lua_State *)
081155b0	10	_Z21g_GetGameScriptFunNumv	g_GetGameScriptFunNum(void)
081155c0	10	_Z22g_GetWorldScriptFunNumv	g_GetWorldScriptFunNum(void)
081155d0	43	_Z14LuaGetTripModeP9lua_State	LuaGetTripMode(lua_State *)
08115600	68	_Z26LuaGetProgressBarMaskEventP9lua_State	LuaGetProgressBarMaskEvent(lua_State *)
08115650	34	_Z21LuaGetGlobalTradeFlagP9lua_State	LuaGetGlobalTradeFlag(lua_State *)
08115680	34	_Z26LuaGetDelDupedItemAllInOneP9lua_State	LuaGetDelDupedItemAllInOne(lua_State *)
081156b0	43	_Z24LuaGetDupedItemDealLevelP9lua_State	LuaGetDupedItemDealLevel(lua_State *)
081156e0	43	_Z21LuaGetSaleTicketCountP9lua_State	LuaGetSaleTicketCount(lua_State *)
08115710	53	_Z21LuaGetAllStationCountP9lua_State	LuaGetAllStationCount(lua_State *)
08115750	34	_Z21LuaGetGateWayClientIDP9lua_State	LuaGetGateWayClientID(lua_State *)
08115780	34	_Z23LuaGetIsCheckNpcBarrierP9lua_State	LuaGetIsCheckNpcBarrier(lua_State *)
081157b0	34	_Z17LuaGetPlayerCountP9lua_State	LuaGetPlayerCount(lua_State *)
081157e0	34	_Z16LuaGetTradeTotalP9lua_State	LuaGetTradeTotal(lua_State *)
08115810	72	_Z19LuaGetStallTotalTaxP9lua_State	LuaGetStallTotalTax(lua_State *)
08115860	72	_Z16LuaGetStallTotalP9lua_State	LuaGetStallTotal(lua_State *)
081158b0	43	_Z18LuaGetNpcFreeCountP9lua_State	LuaGetNpcFreeCount(lua_State *)
081158e0	34	_Z16LuaGetDiceIncomeP9lua_State	LuaGetDiceIncome(lua_State *)
08115910	71	_Z14SetPlayerIndexP9lua_Statei	SetPlayerIndex(lua_State *,int)
08115960	191	_Z13LuaTrimStringP9lua_State	LuaTrimString(lua_State *)
08115a20	16	__tcf_2_9	__tcf_2_9
08115a30	27	_Z16LuaDelBreakPointP9lua_State	LuaDelBreakPoint(lua_State *)
08115a50	27	_Z16LuaAddBreakPointP9lua_State	LuaAddBreakPoint(lua_State *)
08115a70	182	_Z24LuaClearProgressBarEventP9lua_State	LuaClearProgressBarEvent(lua_State *)
08115b30	182	_Z22LuaSetProgressBarEventP9lua_State	LuaSetProgressBarEvent(lua_State *)
08115bf0	108	_Z18LuaGetAccrueSeriesP9lua_State	LuaGetAccrueSeries(lua_State *)
08115c60	108	_Z19LuaGetConquerSeriesP9lua_State	LuaGetConquerSeries(lua_State *)
08115cd0	144	_Z15LuaGetItemValueP9lua_State	LuaGetItemValue(lua_State *)
08115d60	136	_Z22LuaGetItemFortuneValueP9lua_State	LuaGetItemFortuneValue(lua_State *)
08115df0	136	_Z23LuaGetItemExchangeValueP9lua_State	LuaGetItemExchangeValue(lua_State *)
08115e80	228	_Z20LuaSetItemMagicLevelP9lua_State	LuaSetItemMagicLevel(lua_State *)
08115f70	95	_Z14LuaSetDebugOutP9lua_State	LuaSetDebugOut(lua_State *)
08115fd0	201	_Z20LuaGetItemStackCountP9lua_State	LuaGetItemStackCount(lua_State *)
081160a0	167	_Z23LuaGetItemMaxStackCountP9lua_State	LuaGetItemMaxStackCount(lua_State *)
08116150	146	_Z18LuaIsItemStackableP9lua_State	LuaIsItemStackable(lua_State *)
081161f0	108	_Z19LuaGetCurDurabilityP9lua_State	LuaGetCurDurability(lua_State *)
08116260	149	_Z23LuaPlayerIndex2NpcIndexP9lua_State	LuaPlayerIndex2NpcIndex(lua_State *)
08116300	106	_Z24LuaGetGlobalMissionValueP9lua_State	LuaGetGlobalMissionValue(lua_State *)
08116370	144	_Z24LuaSetGlobalMissionValueP9lua_State	LuaSetGlobalMissionValue(lua_State *)
08116400	212	_Z12LuaSetNpcPosP9lua_State	LuaSetNpcPos(lua_State *)
081164e0	132	_Z11LuaGetNpcIdP9lua_State	LuaGetNpcId(lua_State *)
08116570	137	_Z13LuaGetNpcKindP9lua_State	LuaGetNpcKind(lua_State *)
08116600	163	_Z19LuaGetSkillMaxLevelP9lua_State	LuaGetSkillMaxLevel(lua_State *)
081166b0	81	_Z19LuaSetMissleMaxStepP9lua_State	LuaSetMissleMaxStep(lua_State *)
08116710	161	_Z20LuaSetItemNewFeatureP9lua_State	LuaSetItemNewFeature(lua_State *)
081167c0	271	_Z19LuaGetPlayerFeatureP9lua_State	LuaGetPlayerFeature(lua_State *)
081168d0	149	_Z19LuaGetNpcSettingIdxP9lua_State	LuaGetNpcSettingIdx(lua_State *)
08116970	136	_Z15LuaGetNpcSeriesP9lua_State	LuaGetNpcSeries(lua_State *)
08116a00	207	_Z22LuaSetAutoHangFreeFlagP9lua_State	LuaSetAutoHangFreeFlag(lua_State *)
08116ad0	157	_Z22LuaGetAutoHangExpValueP9lua_State	LuaGetAutoHangExpValue(lua_State *)
08116b70	116	_Z17LuaGetGlobalValueP9lua_State	LuaGetGlobalValue(lua_State *)
08116bf0	139	_Z17LuaSetGlobalValueP9lua_State	LuaSetGlobalValue(lua_State *)
08116c80	204	_Z14LuaGetMapParamP9lua_State	LuaGetMapParam(lua_State *)
08116d50	252	_Z14LuaSetMapParamP9lua_State	LuaSetMapParam(lua_State *)
08116e50	125	_Z13LuaGetMapTypeP9lua_State	LuaGetMapType(lua_State *)
08116ed0	190	_Z13LuaSetMapTypeP9lua_State	LuaSetMapType(lua_State *)
08116f90	134	_Z15LuaIsTongWarMapP9lua_State	LuaIsTongWarMap(lua_State *)
08117020	124	_Z19LuaGetItemBindStateP9lua_State	LuaGetItemBindState(lua_State *)
081170a0	121	_Z17LuaGetItemGenTimeP9lua_State	LuaGetItemGenTime(lua_State *)
08117120	84	_Z14LuaNumber2UIntP9lua_State	LuaNumber2UInt(lua_State *)
08117180	81	_Z13LuaNumber2IntP9lua_State	LuaNumber2Int(lua_State *)
081171e0	183	_Z10LuaSetByteP9lua_State	LuaSetByte(lua_State *)
081172a0	162	_Z10LuaGetByteP9lua_State	LuaGetByte(lua_State *)
08117350	206	_Z9LuaSetBitP9lua_State	LuaSetBit(lua_State *)
08117420	132	_Z9LuaGetBitP9lua_State	LuaGetBit(lua_State *)
081174b0	124	_Z16LuaGetItemBelongP9lua_State	LuaGetItemBelong(lua_State *)
08117530	196	_Z20LuaGetItemParamLevelP9lua_State	LuaGetItemParamLevel(lua_State *)
08117600	146	_Z16LuaGetItemHeightP9lua_State	LuaGetItemHeight(lua_State *)
081176a0	146	_Z15LuaGetItemWidthP9lua_State	LuaGetItemWidth(lua_State *)
08117740	171	_Z23LuaGetQualityEquipIndexP9lua_Statei	LuaGetQualityEquipIndex(lua_State *,int)
081177f0	27	_Z23LuaGetPlatinaEquipIndexP9lua_State	LuaGetPlatinaEquipIndex(lua_State *)
08117810	27	_Z17LuaGetGlodEqIndexP9lua_State	LuaGetGlodEqIndex(lua_State *)
08117830	150	_Z17LuaGetItemQualityP9lua_State	LuaGetItemQuality(lua_State *)
081178d0	150	_Z16LuaGetItemSeriesP9lua_State	LuaGetItemSeries(lua_State *)
08117970	193	_Z14LuaSetStatDataP9lua_State	LuaSetStatData(lua_State *)
08117a40	205	_Z14LuaAddStatDataP9lua_State	LuaAddStatData(lua_State *)
08117b10	293	_Z9LuaUnPackP9lua_State	LuaUnPack(lua_State *)
08117c40	48	_Z12LuaPopStringP9lua_State	LuaPopString(lua_State *)
08117c70	82	_Z19LuaGetProductRegionP9lua_State	LuaGetProductRegion(lua_State *)
08117cd0	82	_Z21LuaGetProductLanguageP9lua_State	LuaGetProductLanguage(lua_State *)
08117d30	123	_Z21LuaGetMapDropRateFileP9lua_State	LuaGetMapDropRateFile(lua_State *)
08117db0	123	_Z21LuaGetNpcDropRateFileP9lua_State	LuaGetNpcDropRateFile(lua_State *)
08117e30	169	_Z21LuaGetNpcActionScriptP9lua_State	LuaGetNpcActionScript(lua_State *)
08117ee0	138	_Z18LuaGetCityAreaNameP9lua_State	LuaGetCityAreaName(lua_State *)
08117f70	136	_Z13LuaGetNpcNameP9lua_State	LuaGetNpcName(lua_State *)
08118000	87	_Z11LuaDbgPointP9lua_State	LuaDbgPoint(lua_State *)
08118060	88	_Z13LuaTestScriptP9lua_State	LuaTestScript(lua_State *)
081180c0	163	_Z14LuaGetNpcTimerP9lua_State	LuaGetNpcTimer(lua_State *)
08118170	236	_Z20LuaGetItemMagicLevelP9lua_State	LuaGetItemMagicLevel(lua_State *)
08118260	134	_Z14LuaGetItemNameP9lua_State	LuaGetItemName(lua_State *)
081182f0	96	_Z22LuaObjName2ReplaceNameP9lua_State	LuaObjName2ReplaceName(lua_State *)
08118350	96	_Z22LuaNpcName2ReplaceNameP9lua_State	LuaNpcName2ReplaceName(lua_State *)
081183b0	153	_Z14LuaResumeTimerP9lua_State	LuaResumeTimer(lua_State *)
08118450	153	_Z15LuaSuspendTimerP9lua_State	LuaSuspendTimer(lua_State *)
081184f0	153	_Z11LuaDelTimerP9lua_State	LuaDelTimer(lua_State *)
08118590	301	_Z11LuaAddTimerP9lua_State	LuaAddTimer(lua_State *)
081186c0	125	_Z14LuaFileName2IdP9lua_State	LuaFileName2Id(lua_State *)
08118740	197	_Z18LuaIsSeriesConquerP9lua_State	LuaIsSeriesConquer(lua_State *)
08118810	197	_Z17LuaIsSeriesAccrueP9lua_State	LuaIsSeriesAccrue(lua_State *)
081188e0	154	_Z24LuaGetPtMagicAttrExValueP9lua_State	LuaGetPtMagicAttrExValue(lua_State *)
08118980	251	_Z14LuaGetLevelExpP9lua_State	LuaGetLevelExp(lua_State *)
08118a80	88	_Z27__lua_Durability_SyncClientii	__lua_Durability_SyncClient(int,int)
08118ae0	110	_Z15LuaGetTaskMoneyP9lua_State	LuaGetTaskMoney(lua_State *)
08118b50	252	_Z26LuaCalcAutoHangPlayerCountP9lua_State	LuaCalcAutoHangPlayerCount(lua_State *)
08118c50	287	_Z11Lua_LoadMapP9lua_State	Lua_LoadMap(lua_State *)
08118d70	262	_Z21LuaSetNpcActionScriptP9lua_State	LuaSetNpcActionScript(lua_State *)
08118e80	214	_Z24LuaNW_OpenCongratulationP9lua_State	LuaNW_OpenCongratulation(lua_State *)
08118f60	323	_Z15LuaIsArenaBeginP9lua_State	LuaIsArenaBegin(lua_State *)
081190b0	172	_Z20LuaSetNpcDeathScriptP9lua_State	LuaSetNpcDeathScript(lua_State *)
08119160	47	_Z25LuaGetFirstPlayerAtServerP9lua_State	LuaGetFirstPlayerAtServer(lua_State *)
08119190	47	_Z24LuaGetNextPlayerAtServerP9lua_State	LuaGetNextPlayerAtServer(lua_State *)
081191c0	47	_Z23LuaTripC_GetServerCountP9lua_State	LuaTripC_GetServerCount(lua_State *)
081191f0	177	_Z14SendScriptDataP7KPlayertPKvj	SendScriptData(KPlayer *,unsigned short,void const*,unsigned int)
081192b0	195	_Z26LuaSetDelDupedItemAllInOneP9lua_State	LuaSetDelDupedItemAllInOne(lua_State *)
08119380	162	_Z24LuaSetDupedItemDealLevelP9lua_State	LuaSetDupedItemDealLevel(lua_State *)
08119430	119	_Z15LuaSearchPlayerP9lua_State	LuaSearchPlayer(lua_State *)
081194b0	147	_Z23LuaSearchPlayerByNameIDP9lua_State	LuaSearchPlayerByNameID(lua_State *)
08119550	266	_Z10LuaTime2TmP9lua_State	LuaTime2Tm(lua_State *)
08119660	249	_Z18LuaFormatTime2DateP9lua_State	LuaFormatTime2Date(lua_State *)
08119760	407	_Z20NpcDirectlyCastSkilliiiii	NpcDirectlyCastSkill(int,int,int,int,int)
08119900	480	_Z15LuaNpcCastSkillP9lua_State	LuaNpcCastSkill(lua_State *)
08119ae0	151	_Z17LuaGetMapInfoFileP9lua_State	LuaGetMapInfoFile(lua_State *)
08119b80	120	_Z20LuaSubWorldIDToIndexP9lua_State	LuaSubWorldIDToIndex(lua_State *)
08119c00	246	_Z13LuaDelMapTrapP9lua_State	LuaDelMapTrap(lua_State *)
08119d00	433	_Z13LuaAddMapTrapP9lua_State	LuaAddMapTrap(lua_State *)
08119ec0	330	_Z15LuaQueryMapTrapP9lua_State	LuaQueryMapTrap(lua_State *)
0811a010	141	_Z18LuaGetMapTrapCountP9lua_State	LuaGetMapTrapCount(lua_State *)
0811a0a0	121	_Z15LuaClearMapTrapP9lua_State	LuaClearMapTrap(lua_State *)
0811a120	121	_Z14LuaClearMapObjP9lua_State	LuaClearMapObj(lua_State *)
0811a1a0	185	_Z19LuaGetItemAllParamsP9lua_State	LuaGetItemAllParams(lua_State *)
0811a260	144	_Z22LuaClearMapNpcWithNameP9lua_State	LuaClearMapNpcWithName(lua_State *)
0811a2f0	111	_Z14LuaClearMapNpcP9lua_State	LuaClearMapNpc(lua_State *)
0811a360	119	_Z12LuaGetSwitchP9lua_State	LuaGetSwitch(lua_State *)
0811a3e0	146	_Z12LuaSetSwitchP9lua_State	LuaSetSwitch(lua_State *)
0811a480	122	_Z18LuaLotteryWriteLogP9lua_State	LuaLotteryWriteLog(lua_State *)
0811a500	229	_Z17LuaLotteryGetDescP9lua_State	LuaLotteryGetDesc(lua_State *)
0811a5f0	140	_Z26LuaLotteryDrawCurrentIssueP9lua_State	LuaLotteryDrawCurrentIssue(lua_State *)
0811a680	140	_Z23LuaLotteryStartNewIssueP9lua_State	LuaLotteryStartNewIssue(lua_State *)
0811a710	140	_Z21LuaLotteryUpdateIssueP9lua_State	LuaLotteryUpdateIssue(lua_State *)
0811a7a0	361	_Z20LuaLotteryCheckPrizeP9lua_State	LuaLotteryCheckPrize(lua_State *)
0811a910	155	_Z22LuaIsNpcFeatureChangedP9lua_State	LuaIsNpcFeatureChanged(lua_State *)
0811a9b0	109	_Z20LuaRestoreNpcFeatureP9lua_State	LuaRestoreNpcFeature(lua_State *)
0811aa20	405	_Z20LuaChangeTeamFeatureP9lua_State	LuaChangeTeamFeature(lua_State *)
0811abc0	42	_Z17LuaGetCurrentTimeP9lua_State	LuaGetCurrentTime(lua_State *)
0811abf0	494	_Z15LuaMakeDateTimeP9lua_State	LuaMakeDateTime(lua_State *)
0811ade0	69	_Z19LuaGetCurServerTimeP9lua_State	LuaGetCurServerTime(lua_State *)
0811ae30	535	_Z10LuaTm2TimeP9lua_State	LuaTm2Time(lua_State *)
0811b050	184	_Z17LuaForbitSyncNameP9lua_State	LuaForbitSyncName(lua_State *)
0811b110	119	_Z10LuaSyncNpcP9lua_State	LuaSyncNpc(lua_State *)
0811b190	304	_Z21LuaSetNpcActiveRegionP9lua_State	LuaSetNpcActiveRegion(lua_State *)
0811b2c0	192	_Z12LuaAddTicketP9lua_State	LuaAddTicket(lua_State *)
0811b380	151	_Z15LuaLeaveChannelP9lua_State	LuaLeaveChannel(lua_State *)
0811b420	151	_Z15LuaEnterChannelP9lua_State	LuaEnterChannel(lua_State *)
0811b4c0	54	_Z16LuaDeleteChannelP9lua_State	LuaDeleteChannel(lua_State *)
0811b500	142	_Z16LuaCreateChannelP9lua_State	LuaCreateChannel(lua_State *)
0811b590	242	_Z15LuaHaveBeginWarP9lua_State	LuaHaveBeginWar(lua_State *)
0811b690	411	_Z25LuaGetNpcAroundPlayerListP9lua_State	LuaGetNpcAroundPlayerList(lua_State *)
0811b830	97	_Z12LuaString2IdP9lua_State	LuaString2Id(lua_State *)
0811b8a0	55	_Z22LuaReLoadSkillSettingsP9lua_State	LuaReLoadSkillSettings(lua_State *)
0811b8e0	54	_Z16LuaGMTongDismissP9lua_State	LuaGMTongDismiss(lua_State *)
0811b920	210	_Z19LuaGMTongSetAddTimeP9lua_State	LuaGMTongSetAddTime(lua_State *)
0811ba00	106	_Z15LuaGMTongSetExpP9lua_State	LuaGMTongSetExp(lua_State *)
0811ba70	106	_Z17LuaGMTongSetLevelP9lua_State	LuaGMTongSetLevel(lua_State *)
0811bae0	86	_Z18LuaGMTongSetMasterP9lua_State	LuaGMTongSetMaster(lua_State *)
0811bb40	117	_Z22LuaGetOrgMaxDurabilityP9lua_State	LuaGetOrgMaxDurability(lua_State *)
0811bbc0	81	_Z13LuaLoadScriptP9lua_State	LuaLoadScript(lua_State *)
0811bc20	228	_Z11LuaMsgToMapP9lua_State	LuaMsgToMap(lua_State *)
0811bd10	97	_Z16LuaMsgToSubWorldP9lua_State	LuaMsgToSubWorld(lua_State *)
0811bd80	267	_Z10LuaMsgToIPP9lua_State	LuaMsgToIP(lua_State *)
0811be90	154	_Z13LuaAddTongExpP9lua_State	LuaAddTongExp(lua_State *)
0811bf30	239	_Z10LuaDoMarryP9lua_State	LuaDoMarry(lua_State *)
0811c020	575	_Z17LuaAddObstacleObjP9lua_State	LuaAddObstacleObj(lua_State *)
0811c260	153	_Z22LuaRemoveNpcSkillStateP9lua_State	LuaRemoveNpcSkillState(lua_State *)
0811c300	264	_Z18LuaSetNpcAuraSkillP9lua_State	LuaSetNpcAuraSkill(lua_State *)
0811c410	642	_Z17Lua_SaveSDB2RelayP9lua_State	Lua_SaveSDB2Relay(lua_State *)
0811c6a0	230	_Z11LuaC_RandomP9lua_State	LuaC_Random(lua_State *)
0811c790	312	_Z17LuaGetWayPointPosP9lua_State	LuaGetWayPointPos(lua_State *)
0811c8d0	462	_Z16LuaGetStationPosP9lua_State	LuaGetStationPos(lua_State *)
0811caa0	127	_Z15LuaGetDockPriceP9lua_State	LuaGetDockPrice(lua_State *)
0811cb20	87	_Z16LuaGetServerNameP9lua_State	LuaGetServerName(lua_State *)
0811cb80	101	_Z18gGetServiceMatchIDv	gGetServiceMatchID(void)
0811cbf0	43	_Z20LuaGetServiceMatchIDP9lua_State	LuaGetServiceMatchID(lua_State *)
0811cc20	127	_Z20LuaGetPriceToStationP9lua_State	LuaGetPriceToStation(lua_State *)
0811cca0	127	_Z21LuaGetPriceToWayPointP9lua_State	LuaGetPriceToWayPoint(lua_State *)
0811cd20	37	_Z10LuaMessageP9lua_State	LuaMessage(lua_State *)
0811cd50	276	_Z20LuaFormatTime2StringP9lua_State	LuaFormatTime2String(lua_State *)
0811ce70	159	_Z11GetObjIndexP9lua_State	GetObjIndex(lua_State *)
0811cf10	172	_Z12LuaDelObjectP9lua_State	LuaDelObject(lua_State *)
0811cfc0	130	_Z18LuaSetObjPropStateP9lua_State	LuaSetObjPropState(lua_State *)
0811d050	162	_Z16GetSubWorldIndexP9lua_State	GetSubWorldIndex(lua_State *)
0811d100	510	_Z19LuaGetMapPlayerListP9lua_State	LuaGetMapPlayerList(lua_State *)
0811d300	242	_Z12LuaIsNpcHideP9lua_State	LuaIsNpcHide(lua_State *)
0811d400	362	_Z10LuaHideNpcP9lua_State	LuaHideNpc(lua_State *)
0811d570	45	_Z16LuaRevivalAllNpcP9lua_State	LuaRevivalAllNpc(lua_State *)
0811d5a0	163	_Z19LuaGetMissionStringP9lua_State	LuaGetMissionString(lua_State *)
0811d650	212	_Z19LuaSetMissionStringP9lua_State	LuaSetMissionString(lua_State *)
0811d730	139	_Z18LuaGetMissionValueP9lua_State	LuaGetMissionValue(lua_State *)
0811d7c0	183	_Z18LuaSetMissionValueP9lua_State	LuaSetMissionValue(lua_State *)
0811d880	169	_Z26LuaGetNextPlayerAtSubWorldP9lua_State	LuaGetNextPlayerAtSubWorld(lua_State *)
0811d930	193	_Z27LuaGetFirstPlayerAtSubWorldP9lua_State	LuaGetFirstPlayerAtSubWorld(lua_State *)
0811da00	138	_Z25LuaSubWorldIndexToMapCopyP9lua_State	LuaSubWorldIndexToMapCopy(lua_State *)
0811da90	138	_Z20LuaSubWorldIndexToIDP9lua_State	LuaSubWorldIndexToID(lua_State *)
0811db20	160	_Z14GetPlayerIndexP9lua_State	GetPlayerIndex(lua_State *)
0811dbc0	147	_Z19LuaAbradeEquipmentsP9lua_State	LuaAbradeEquipments(lua_State *)
0811dc60	229	_Z12LuaAddEnergyP9lua_State	LuaAddEnergy(lua_State *)
0811dd50	85	_Z12LuaGetEnergyP9lua_State	LuaGetEnergy(lua_State *)
0811ddb0	100	_Z18LuaGetArenaCreditsP9lua_State	LuaGetArenaCredits(lua_State *)
0811de20	261	_Z13LuaSetRespectP9lua_State	LuaSetRespect(lua_State *)
0811df30	280	_Z16LuaReduceRespectP9lua_State	LuaReduceRespect(lua_State *)
0811e050	581	_Z18LuaOpenProgressBarP9lua_State	LuaOpenProgressBar(lua_State *)
0811e2a0	100	_Z19LuaGetAllEquipValueP9lua_State	LuaGetAllEquipValue(lua_State *)
0811e310	93	_Z23LuaCheckGlobalTradeFlagP9lua_State	LuaCheckGlobalTradeFlag(lua_State *)
0811e370	360	_Z16LuaGetLevelUpExpP9lua_State	LuaGetLevelUpExp(lua_State *)
0811e4e0	75	_Z25LuaGetSkillMaxLevelAddonsP9lua_State	LuaGetSkillMaxLevelAddons(lua_State *)
0811e530	126	_Z25LuaSetSkillMaxLevelAddonsP9lua_State	LuaSetSkillMaxLevelAddons(lua_State *)
0811e5b0	223	_Z15LuaGetMaxResistP9lua_State	LuaGetMaxResist(lua_State *)
0811e690	267	_Z15LuaSetMaxResistP9lua_State	LuaSetMaxResist(lua_State *)
0811e7a0	306	_Z15LuaAddMaxResistP9lua_State	LuaAddMaxResist(lua_State *)
0811e8e0	276	_Z13LuaSetBitTaskP9lua_State	LuaSetBitTask(lua_State *)
0811ea00	244	_Z13LuaGetBitTaskP9lua_State	LuaGetBitTask(lua_State *)
0811eb00	143	_Z28LuaGetOnlineCommissionStatusP9lua_State	LuaGetOnlineCommissionStatus(lua_State *)
0811eb90	255	_Z28LuaSetOnlineCommissionStatusP9lua_State	LuaSetOnlineCommissionStatus(lua_State *)
0811ec90	83	_Z19_gGetEnhanceExpRateP9lua_State	_gGetEnhanceExpRate(lua_State *)
0811ecf0	218	_Z17LuaCalcEnhanceExpP9lua_State	LuaCalcEnhanceExp(lua_State *)
0811edd0	48	_Z20LuaGetEnhanceExpRateP9lua_State	LuaGetEnhanceExpRate(lua_State *)
0811ee00	279	_Z19LuaSetPkReduceStateP9lua_State	LuaSetPkReduceState(lua_State *)
0811ef20	194	_Z22Lua_ChatRoom_CloseRoomP9lua_State	Lua_ChatRoom_CloseRoom(lua_State *)
0811eff0	257	_Z27Lua_ChatRoom_ChangePasswordP9lua_State	Lua_ChatRoom_ChangePassword(lua_State *)
0811f100	257	_Z20Lua_ChatRoom_KickOutP9lua_State	Lua_ChatRoom_KickOut(lua_State *)
0811f210	257	_Z22Lua_ChatRoom_UnPreventP9lua_State	Lua_ChatRoom_UnPrevent(lua_State *)
0811f320	257	_Z20Lua_ChatRoom_PreventP9lua_State	Lua_ChatRoom_Prevent(lua_State *)
0811f430	196	_Z22Lua_ChatRoom_LeaveRoomP9lua_State	Lua_ChatRoom_LeaveRoom(lua_State *)
0811f500	292	_Z22Lua_ChatRoom_EnterRoomP9lua_State	Lua_ChatRoom_EnterRoom(lua_State *)
0811f630	292	_Z23Lua_ChatRoom_CreateRoomP9lua_State	Lua_ChatRoom_CreateRoom(lua_State *)
0811f760	146	_Z20Lua_ChatRoom_AddTimeP9lua_State	Lua_ChatRoom_AddTime(lua_State *)
0811f800	78	_Z28LuaGet120SkillEnhanceExpRateP9lua_State	LuaGet120SkillEnhanceExpRate(lua_State *)
0811f850	120	_Z21Lua_ChatRoom_FindRoomP9lua_State	Lua_ChatRoom_FindRoom(lua_State *)
0811f8d0	138	_Z13LuaRenameRoleP9lua_State	LuaRenameRole(lua_State *)
0811f960	265	_Z16LuaQueryRoleNameP9lua_State	LuaQueryRoleName(lua_State *)
0811fa70	75	_Z23LuaGetPlayerFortuneRankP9lua_State	LuaGetPlayerFortuneRank(lua_State *)
0811fac0	206	_Z23LuaSetPlayerFortuneRankP9lua_State	LuaSetPlayerFortuneRank(lua_State *)
0811fb90	164	_Z11Lua_SetHideP9lua_State	Lua_SetHide(lua_State *)
0811fc40	65	_Z21Lua_StopPotionCounterP9lua_State	Lua_StopPotionCounter(lua_State *)
0811fc90	130	_Z18Lua_SetPotionCountP9lua_State	Lua_SetPotionCount(lua_State *)
0811fd20	115	_Z15LuaForbidEnmityP9lua_State	LuaForbidEnmity(lua_State *)
0811fda0	105	_Z23Lua_IncreasePotionCountP9lua_State	Lua_IncreasePotionCount(lua_State *)
0811fe10	65	_Z22Lua_StartPotionCounterP9lua_State	Lua_StartPotionCounter(lua_State *)
0811fe60	61	_Z15LuaTripS_ReturnP9lua_State	LuaTripS_Return(lua_State *)
0811fea0	218	_Z16LuaSetPlayerFlagP9lua_State	LuaSetPlayerFlag(lua_State *)
0811ff80	148	_Z18LuaCheckPlayerFlagP9lua_State	LuaCheckPlayerFlag(lua_State *)
08120020	116	_Z15LuaGetLoginTimeP9lua_State	LuaGetLoginTime(lua_State *)
081200a0	136	_Z20LuaSetLastLogoutTimeP9lua_State	LuaSetLastLogoutTime(lua_State *)
08120130	100	_Z20LuaGetLastLogoutTimeP9lua_State	LuaGetLastLogoutTime(lua_State *)
081201a0	136	_Z21LuaSetLastOfflineTimeP9lua_State	LuaSetLastOfflineTime(lua_State *)
08120230	100	_Z21LuaGetLastOfflineTimeP9lua_State	LuaGetLastOfflineTime(lua_State *)
081202a0	100	_Z22LuaGetLastExchangeTimeP9lua_State	LuaGetLastExchangeTime(lua_State *)
08120310	281	_Z13LuaSetTmpCampP9lua_State	LuaSetTmpCamp(lua_State *)
08120430	168	_Z13LuaGetTmpCampP9lua_State	LuaGetTmpCamp(lua_State *)
081204e0	122	_Z22LuaGetLastDamageNpcIdxP9lua_State	LuaGetLastDamageNpcIdx(lua_State *)
08120560	115	_Z23LuaGetRoleDataTransMarkP9lua_State	LuaGetRoleDataTransMark(lua_State *)
081205e0	89	_Z23LuaRemoveAllPlayerEventP9lua_State	LuaRemoveAllPlayerEvent(lua_State *)
08120640	183	_Z20LuaRemovePlayerEventP9lua_State	LuaRemovePlayerEvent(lua_State *)
08120700	197	_Z17LuaAddPlayerEventP9lua_State	LuaAddPlayerEvent(lua_State *)
081207d0	318	_Z12LuaCastSkillP9lua_State	LuaCastSkill(lua_State *)
08120910	151	_Z21LuaGetLastDlgNpcIndexP9lua_State	LuaGetLastDlgNpcIndex(lua_State *)
081209b0	292	_Z22LuaLotteryGenerateItemP9lua_State	LuaLotteryGenerateItem(lua_State *)
08120ae0	350	_Z20LuaCountFreeRoomByWHP9lua_State	LuaCountFreeRoomByWH(lua_State *)
08120c40	342	_Z19LuaFindFreeRoomByWHP9lua_State	LuaFindFreeRoomByWH(lua_State *)
08120da0	120	_Z24LuaCalcFreeItemCellCountP9lua_State	LuaCalcFreeItemCellCount(lua_State *)
08120e20	131	_Z22LuaIsOwnFeatureChangedP9lua_State	LuaIsOwnFeatureChanged(lua_State *)
08120eb0	77	_Z20LuaRestoreOwnFeatureP9lua_State	LuaRestoreOwnFeature(lua_State *)
08120f00	142	_Z13LuaForbitTalkP9lua_State	LuaForbitTalk(lua_State *)
08120f90	169	_Z17LuaForbitSyncAuraP9lua_State	LuaForbitSyncAura(lua_State *)
08121040	112	_Z16LuaForbitStaminaP9lua_State	LuaForbitStamina(lua_State *)
081210b0	334	_Z23LuaConsumeEquiproomItemP9lua_State	LuaConsumeEquiproomItem(lua_State *)
08121200	121	_Z18LuaGetAllEquipmentP9lua_State	LuaGetAllEquipment(lua_State *)
08121280	239	_Z15LuaGetRoomItemsP9lua_State	LuaGetRoomItems(lua_State *)
08121370	379	_Z25LuaGetNextItemIndexInRoomP9lua_State	LuaGetNextItemIndexInRoom(lua_State *)
081214f0	305	_Z25LuaCalcEquiproomItemCountP9lua_State	LuaCalcEquiproomItemCount(lua_State *)
08121630	364	_Z14LuaConsumeItemP9lua_State	LuaConsumeItem(lua_State *)
081217a0	327	_Z16LuaCalcItemCountP9lua_State	LuaCalcItemCount(lua_State *)
081218f0	220	_Z20LuaSetItemStackCountP9lua_State	LuaSetItemStackCount(lua_State *)
081219d0	287	_Z10LuaTellPosP9lua_State	LuaTellPos(lua_State *)
08121af0	378	_Z18LuaSetHighLightPosP9lua_State	LuaSetHighLightPos(lua_State *)
08121c70	144	_Z17LuaLoginDelaySyncP9lua_State	LuaLoginDelaySync(lua_State *)
08121d00	271	_Z20LuaSyncTaskValueMoreP9lua_State	LuaSyncTaskValueMore(lua_State *)
08121e10	141	_Z16LuaSyncTaskValueP9lua_State	LuaSyncTaskValue(lua_State *)
08121ea0	126	_Z17LuaSetProtectTimeP9lua_State	LuaSetProtectTime(lua_State *)
08121f20	75	_Z17LuaGetProtectTimeP9lua_State	LuaGetProtectTime(lua_State *)
08121f70	126	_Z26LuaSetLastAddFactionNumberP9lua_State	LuaSetLastAddFactionNumber(lua_State *)
08121ff0	113	_Z26LuaGetLastAddFactionNumberP9lua_State	LuaGetLastAddFactionNumber(lua_State *)
08122070	399	_Z19LuaGetAroundNpcListP9lua_State	LuaGetAroundNpcList(lua_State *)
08122200	221	_Z12LuaPlayMusicP9lua_State	LuaPlayMusic(lua_State *)
081222e0	105	_Z18LuaGetBoxLockStateP9lua_State	LuaGetBoxLockState(lua_State *)
08122350	117	_Z14LuaGMUnlockBoxP9lua_State	LuaGMUnlockBox(lua_State *)
081223d0	117	_Z12LuaGMLockBoxP9lua_State	LuaGMLockBox(lua_State *)
08122450	117	_Z22LuaGMCancleBoxPasswordP9lua_State	LuaGMCancleBoxPassword(lua_State *)
081224d0	182	_Z19LuaGMSetBoxPasswordP9lua_State	LuaGMSetBoxPassword(lua_State *)
08122590	206	_Z19LuaSetCurDurabilityP9lua_State	LuaSetCurDurability(lua_State *)
08122660	104	_Z24LuaDisableTeamChangeCampP9lua_State	LuaDisableTeamChangeCamp(lua_State *)
081226d0	222	_Z19LuaSetMaxDurabilityP9lua_State	LuaSetMaxDurability(lua_State *)
081227b0	207	_Z12LuaUseSilverP9lua_State	LuaUseSilver(lua_State *)
08122880	105	_Z17LuaGetDeathPunishP9lua_State	LuaGetDeathPunish(lua_State *)
081228f0	210	_Z17LuaSetDeathPunishP9lua_State	LuaSetDeathPunish(lua_State *)
081229d0	67	_Z23LuaIsForbidChangePKFlagP9lua_State	LuaIsForbidChangePKFlag(lua_State *)
08122a20	115	_Z21LuaForbidChangePKFlagP9lua_State	LuaForbidChangePKFlag(lua_State *)
08122aa0	124	_Z12LuaSetPKFlagP9lua_State	LuaSetPKFlag(lua_State *)
08122b20	99	_Z17LuaGetAccountNameP9lua_State	LuaGetAccountName(lua_State *)
08122b90	120	_Z8LuaGetIPP9lua_State	LuaGetIP(lua_State *)
08122c10	199	_Z18LuaMsgToGameMasterP9lua_State	LuaMsgToGameMaster(lua_State *)
08122ce0	67	_Z19LuaGetRestPropPointP9lua_State	LuaGetRestPropPoint(lua_State *)
08122d30	76	_Z16LuaForceLaveTongP9lua_State	LuaForceLaveTong(lua_State *)
08122d80	137	_Z14LuaGetExtPointP9lua_State	LuaGetExtPoint(lua_State *)
08122e10	192	_Z19LuaAddExtPointForGSP9lua_State	LuaAddExtPointForGS(lua_State *)
08122ed0	192	_Z14LuaAddExtPointP9lua_State	LuaAddExtPoint(lua_State *)
08122f90	186	_Z14LuaPayExtPointP9lua_State	LuaPayExtPoint(lua_State *)
08123050	188	_Z15LuaAddPropPointP9lua_State	LuaAddPropPoint(lua_State *)
08123110	60	_Z16LuaGetMagicPointP9lua_State	LuaGetMagicPoint(lua_State *)
08123150	195	_Z16LuaAddMagicPointP9lua_State	LuaAddMagicPoint(lua_State *)
08123220	67	_Z15LuaGetLeadLevelP9lua_State	LuaGetLeadLevel(lua_State *)
08123270	111	_Z13LuaAddLeadExpP9lua_State	LuaAddLeadExp(lua_State *)
081232e0	391	_Z17LuaDoMarryDismissP9lua_State	LuaDoMarryDismiss(lua_State *)
08123470	469	_Z14LuaAddMoneyObjP9lua_State	LuaAddMoneyObj(lua_State *)
08123650	135	_Z19LuaRemoveSkillStateP9lua_State	LuaRemoveSkillState(lua_State *)
081236e0	318	_Z13LuaShowLadderP9lua_State	LuaShowLadder(lua_State *)
08123820	60	_Z17LuaGetCurNpcIndexP9lua_State	LuaGetCurNpcIndex(lua_State *)
08123860	153	_Z20LuaGetPlayerMateNameP9lua_State	LuaGetPlayerMateName(lua_State *)
08123900	91	_Z19LuaGetPlayerPKValueP9lua_State	LuaGetPlayerPKValue(lua_State *)
08123960	129	_Z19LuaSetPlayerPKValueP9lua_State	LuaSetPlayerPKValue(lua_State *)
081239f0	88	_Z35LuaGetPlayerRevivalOptionWhenLogoutP9lua_State	LuaGetPlayerRevivalOptionWhenLogout(lua_State *)
08123a50	128	_Z35LuaSetPlayerRevivalOptionWhenLogoutP9lua_State	LuaSetPlayerRevivalOptionWhenLogout(lua_State *)
08123ad0	115	_Z15LuaSetDeathTypeP9lua_State	LuaSetDeathType(lua_State *)
08123b50	116	_Z21LuaSetDeathReliveFlagP9lua_State	LuaSetDeathReliveFlag(lua_State *)
08123bd0	115	_Z22LuaSetDeathPunish_PK10P9lua_State	LuaSetDeathPunish_PK10(lua_State *)
08123c50	134	_Z23LuaSetPlayerDeathScriptP9lua_State	LuaSetPlayerDeathScript(lua_State *)
08123ce0	386	_Z21LuaSetDeathRevivalPosP9lua_State	LuaSetDeathRevivalPos(lua_State *)
08123e70	200	_Z24LuaGetWayPointFightStateP9lua_State	LuaGetWayPointFightState(lua_State *)
08123f40	147	_Z10LuaSetRankP9lua_State	LuaSetRank(lua_State *)
08123fe0	104	_Z10LuaGetRankP9lua_State	LuaGetRank(lua_State *)
08124050	221	_Z18LuaGetWayPointNameP9lua_State	LuaGetWayPointName(lua_State *)
08124130	221	_Z17LuaGetStationNameP9lua_State	LuaGetStationName(lua_State *)
08124210	115	_Z15LuaSetRelaxTimeP9lua_State	LuaSetRelaxTime(lua_State *)
08124290	115	_Z14LuaSetTireTimeP9lua_State	LuaSetTireTime(lua_State *)
08124310	91	_Z15LuaGetRelaxTimeP9lua_State	LuaGetRelaxTime(lua_State *)
08124370	91	_Z14LuaGetTireTimeP9lua_State	LuaGetTireTime(lua_State *)
081243d0	95	_Z17LuaGetTiredDegreeP9lua_State	LuaGetTiredDegree(lua_State *)
08124430	106	_Z11LuaGetLevelP9lua_State	LuaGetLevel(lua_State *)
081244a0	158	_Z20LuaSetPlayerLogStateP9lua_State	LuaSetPlayerLogState(lua_State *)
08124540	99	_Z12LuaCloseShopP9lua_State	LuaCloseShop(lua_State *)
081245b0	146	_Z21LuaForbitUseAuraSkillP9lua_State	LuaForbitUseAuraSkill(lua_State *)
08124650	98	_Z24LuaForbitMoveOrTradeItemP9lua_State	LuaForbitMoveOrTradeItem(lua_State *)
081246c0	99	_Z21LuaGetPlayerCashMoneyP9lua_State	LuaGetPlayerCashMoney(lua_State *)
08124730	180	_Z20LuaGetPlayerVitalityP9lua_State	LuaGetPlayerVitality(lua_State *)
081247f0	164	_Z20LuaGetPlayerStrengthP9lua_State	LuaGetPlayerStrength(lua_State *)
081248a0	164	_Z21LuaGetPlayerDexterityP9lua_State	LuaGetPlayerDexterity(lua_State *)
08124950	164	_Z19LuaGetPlayerEngergyP9lua_State	LuaGetPlayerEngergy(lua_State *)
08124a00	116	_Z17LuaSetPlayerLuckyP9lua_State	LuaSetPlayerLucky(lua_State *)
08124a80	180	_Z17LuaGetPlayerLuckyP9lua_State	LuaGetPlayerLucky(lua_State *)
08124b40	83	_Z26LuaGetPlayerRestSkillPointP9lua_State	LuaGetPlayerRestSkillPoint(lua_State *)
08124ba0	83	_Z30LuaGetPlayerRestAttributePointP9lua_State	LuaGetPlayerRestAttributePoint(lua_State *)
08124c00	99	_Z21LuaGetPlayerLeadLevelP9lua_State	LuaGetPlayerLeadLevel(lua_State *)
08124c70	99	_Z19LuaGetPlayerLeadExpP9lua_State	LuaGetPlayerLeadExp(lua_State *)
08124ce0	99	_Z14LuaGetPlayerIDP9lua_State	LuaGetPlayerID(lua_State *)
08124d50	83	_Z16LuaGetPlayerNameP9lua_State	LuaGetPlayerName(lua_State *)
08124db0	47	_Z10LuaSaveNowP9lua_State	LuaSaveNow(lua_State *)
08124de0	47	_Z14LuaSaveQuicklyP9lua_State	LuaSaveQuickly(lua_State *)
08124e10	101	_Z18LuaGetPlayerSeriesP9lua_State	LuaGetPlayerSeries(lua_State *)
08124e80	115	_Z17LuaGetPlayerIndexP9lua_State	LuaGetPlayerIndex(lua_State *)
08124f00	104	_Z15LuaGetPlayerSexP9lua_State	LuaGetPlayerSex(lua_State *)
08124f70	104	_Z18LuaGetPlayerDefendP9lua_State	LuaGetPlayerDefend(lua_State *)
08124fe0	104	_Z25LuaGetPlayerManaReplenishP9lua_State	LuaGetPlayerManaReplenish(lua_State *)
08125050	234	_Z19LuaGetPlayerStaminaP9lua_State	LuaGetPlayerStamina(lua_State *)
08125140	234	_Z16LuaGetPlayerManaP9lua_State	LuaGetPlayerMana(lua_State *)
08125230	104	_Z25LuaGetPlayerLifeReplenishP9lua_State	LuaGetPlayerLifeReplenish(lua_State *)
081252a0	65	_Z23LuaRestorePlayerStaminaP9lua_State	LuaRestorePlayerStamina(lua_State *)
081252f0	84	_Z20LuaRestorePlayerManaP9lua_State	LuaRestorePlayerMana(lua_State *)
08125350	84	_Z20LuaRestorePlayerLifeP9lua_State	LuaRestorePlayerLife(lua_State *)
081253b0	218	_Z16LuaGetPlayerLifeP9lua_State	LuaGetPlayerLife(lua_State *)
08125490	99	_Z17LuaGetPlayerLevelP9lua_State	LuaGetPlayerLevel(lua_State *)
08125500	129	_Z15LuaReduceOwnExpP9lua_State	LuaReduceOwnExp(lua_State *)
08125590	122	_Z12LuaAddOwnExpP9lua_State	LuaAddOwnExp(lua_State *)
08125610	314	_Z25LuaGetPlayerPhysicsResistP9lua_State	LuaGetPlayerPhysicsResist(lua_State *)
08125750	314	_Z24LuaGetPlayerPoisonResistP9lua_State	LuaGetPlayerPoisonResist(lua_State *)
08125890	314	_Z23LuaGetPlayerLightResistP9lua_State	LuaGetPlayerLightResist(lua_State *)
081259d0	314	_Z22LuaGetPlayerFireResistP9lua_State	LuaGetPlayerFireResist(lua_State *)
08125b10	216	_Z16LuaGetFailedItemP9lua_State	LuaGetFailedItem(lua_State *)
08125bf0	76	_Z17LuaOpenSubmitItemP9lua_State	LuaOpenSubmitItem(lua_State *)
08125c40	135	_Z14LuaOpenOwnTaskP9lua_State	LuaOpenOwnTask(lua_State *)
08125cd0	104	_Z14LuaOpenAllTaskP9lua_State	LuaOpenAllTask(lua_State *)
08125d40	76	_Z17LuaOpenCreateTaskP9lua_State	LuaOpenCreateTask(lua_State *)
08125d90	314	_Z22LuaGetPlayerColdResistP9lua_State	LuaGetPlayerColdResist(lua_State *)
08125ed0	182	_Z10LuaSetWeekP9lua_State	LuaSetWeek(lua_State *)
08125f90	174	_Z10LuaAddWeekP9lua_State	LuaAddWeek(lua_State *)
08126040	115	_Z10LuaGetWeekP9lua_State	LuaGetWeek(lua_State *)
081260c0	182	_Z19LuaSetCumulateOfferP9lua_State	LuaSetCumulateOffer(lua_State *)
08126180	174	_Z19LuaAddCumulateOfferP9lua_State	LuaAddCumulateOffer(lua_State *)
08126230	115	_Z19LuaGetCumulateOfferP9lua_State	LuaGetCumulateOffer(lua_State *)
081262b0	182	_Z16LuaSetTotalOfferP9lua_State	LuaSetTotalOffer(lua_State *)
08126370	174	_Z16LuaAddTotalOfferP9lua_State	LuaAddTotalOffer(lua_State *)
08126420	115	_Z16LuaGetTotalOfferP9lua_State	LuaGetTotalOffer(lua_State *)
081264a0	182	_Z17LuaSetWeeklyOfferP9lua_State	LuaSetWeeklyOffer(lua_State *)
08126560	174	_Z17LuaAddWeeklyOfferP9lua_State	LuaAddWeeklyOffer(lua_State *)
08126610	115	_Z17LuaGetWeeklyOfferP9lua_State	LuaGetWeeklyOffer(lua_State *)
08126690	99	_Z19LuaGetWeekGoalOfferP9lua_State	LuaGetWeekGoalOffer(lua_State *)
08126700	120	_Z21LuaGetPartnerBagLevelP9lua_State	LuaGetPartnerBagLevel(lua_State *)
08126780	129	_Z23LuaOpenChangeTongCampUIP9lua_State	LuaOpenChangeTongCampUI(lua_State *)
08126810	67	_Z14LuaGetTongCampP9lua_State	LuaGetTongCamp(lua_State *)
08126860	104	_Z16LuaGetPlayerCampP9lua_State	LuaGetPlayerCamp(lua_State *)
081268d0	104	_Z23LuaGetPlayerCurrentCampP9lua_State	LuaGetPlayerCurrentCamp(lua_State *)
08126940	268	_Z18LuaGetRevivalIDWXYP9lua_State	LuaGetRevivalIDWXY(lua_State *)
08126a50	360	_Z15LuaOpenDiceGameP9lua_State	LuaOpenDiceGame(lua_State *)
08126bc0	21	_Z18LuaUpdateSkillListP9lua_State	LuaUpdateSkillList(lua_State *)
08126be0	199	_Z24LuaGetSkillIdInSkillListP9lua_State	LuaGetSkillIdInSkillList(lua_State *)
08126cb0	136	_Z24LuaClear120SkillExpLimitP9lua_State	LuaClear120SkillExpLimit(lua_State *)
08126d40	181	_Z16LuaSet120SkillIDP9lua_State	LuaSet120SkillID(lua_State *)
08126e00	279	_Z23LuaSetImmediately_SkillP9lua_State	LuaSetImmediately_Skill(lua_State *)
08126f20	174	_Z26Lua_GetGiveItemUnitWithPosP9lua_State	Lua_GetGiveItemUnitWithPos(lua_State *)
08126fd0	143	_Z19Lua_GetGiveItemUnitP9lua_State	Lua_GetGiveItemUnit(lua_State *)
08127060	120	_Z11LuaSyncItemP9lua_State	LuaSyncItem(lua_State *)
081270e0	203	_Z20LuaRemoveItemByIndexP9lua_State	LuaRemoveItemByIndex(lua_State *)
081271b0	165	_Z17LuaAddItemByIndexP9lua_State	LuaAddItemByIndex(lua_State *)
08127260	75	_Z17LuaGetHandItemIdxP9lua_State	LuaGetHandItemIdx(lua_State *)
081272b0	273	_Z12LuaMsgToTeamP9lua_State	LuaMsgToTeam(lua_State *)
081273d0	140	_Z16LuaGMMsgToPlayerP9lua_State	LuaGMMsgToPlayer(lua_State *)
08127460	162	_Z14LuaGetTeamSizeP9lua_State	LuaGetTeamSize(lua_State *)
08127510	229	_Z18LuaGetTeamMemberIdP9lua_State	LuaGetTeamMemberId(lua_State *)
08127600	93	_Z12LuaGetTeamIdP9lua_State	LuaGetTeamId(lua_State *)
08127660	131	_Z11LuaIsLeaderP9lua_State	LuaIsLeader(lua_State *)
081276f0	530	_Z13LuaAddSomeObjP9lua_State	LuaAddSomeObj(lua_State *)
08127910	107	_Z14LuaGetCityAreaP9lua_State	LuaGetCityArea(lua_State *)
08127980	532	_Z21LuaAskClientForStringP9lua_State	LuaAskClientForString(lua_State *)
08127ba0	131	_Z14LuaGetRestTimeP9lua_State	LuaGetRestTime(lua_State *)
08127c30	99	_Z16LuaGetCurTimerIdP9lua_State	LuaGetCurTimerId(lua_State *)
08127ca0	38	_Z14LuaRepair_OpenP9lua_State	LuaRepair_Open(lua_State *)
08127cd0	196	_Z11LuaOpenHelpP9lua_State	LuaOpenHelp(lua_State *)
08127da0	132	_Z15LuaSetPlayerSexP9lua_State	LuaSetPlayerSex(lua_State *)
08127e30	206	_Z21LuaSetTaskStringValueP9lua_State	LuaSetTaskStringValue(lua_State *)
08127f00	170	_Z21LuaGetTaskStringValueP9lua_State	LuaGetTaskStringValue(lua_State *)
08127fb0	155	_Z15LuaSetTaskValueP9lua_State	LuaSetTaskValue(lua_State *)
08128050	902	_Z9LuaTalkUIP9lua_State	LuaTalkUI(lua_State *)
081283e0	98	_Z15LuaEnchaserItemP9lua_State	LuaEnchaserItem(lua_State *)
08128450	220	_Z14LuaFoundryItemP9lua_State	LuaFoundryItem(lua_State *)
08128530	334	_Z18LuaSendMessageInfoP9lua_State	LuaSendMessageInfo(lua_State *)
08128680	79	_Z11LuaNoChoiceP9lua_State	LuaNoChoice(lua_State *)
081286d0	161	_Z16LuaSendTaskOrderP9lua_State	LuaSendTaskOrder(lua_State *)
08128780	116	_Z14LuaMsgToPlayerP9lua_State	LuaMsgToPlayer(lua_State *)
08128800	260	_Z15LuaModifyReputeP9lua_State	LuaModifyRepute(lua_State *)
08128910	181	_Z21LuaAddPlayerKilledNumP9lua_State	LuaAddPlayerKilledNum(lua_State *)
081289d0	117	_Z21LuaGetPlayerKilledNumP9lua_State	LuaGetPlayerKilledNum(lua_State *)
08128a50	83	_Z15LuaGetPlayerExpP9lua_State	LuaGetPlayerExp(lua_State *)
08128ab0	55	_Z23LuaReturnFromTownPortalP9lua_State	LuaReturnFromTownPortal(lua_State *)
08128af0	55	_Z16LuaUseTownPortalP9lua_State	LuaUseTownPortal(lua_State *)
08128b30	308	_Z13PlayerKillNpcii	PlayerKillNpc(int,int)
08128c70	227	_Z10LuaKillNpcP9lua_State	LuaKillNpc(lua_State *)
08128d60	134	_Z14LuaShowNpcLifeP9lua_State	LuaShowNpcLife(lua_State *)
08128df0	229	_Z17LuaKillNpcWithIdxP9lua_State	LuaKillNpcWithIdx(lua_State *)
08128ee0	192	_Z16LuaPlayerPayCoinP9lua_State	LuaPlayerPayCoin(lua_State *)
08128fa0	115	_Z20LuaGetPlayerCashCoinP9lua_State	LuaGetPlayerCashCoin(lua_State *)
08129020	172	_Z20LuaPlayerPrePayMoneyP9lua_State	LuaPlayerPrePayMoney(lua_State *)
081290d0	110	_Z18LuaPlayerEarnMoneyP9lua_State	LuaPlayerEarnMoney(lua_State *)
08129140	172	_Z17LuaPlayerPayMoneyP9lua_State	LuaPlayerPayMoney(lua_State *)
081291f0	41	_Z24LuaSyncIsCheckNpcBarrierP9lua_State	LuaSyncIsCheckNpcBarrier(lua_State *)
08129220	72	_Z23LuaSetIsCheckNpcBarrierP9lua_State	LuaSetIsCheckNpcBarrier(lua_State *)
08129270	41	_Z14LuaCancelTradeP9lua_State	LuaCancelTrade(lua_State *)
081292a0	261	_Z8LuaDoSthP9lua_State	LuaDoSth(lua_State *)
081293b0	263	_Z10LuaNpcWalkP9lua_State	LuaNpcWalk(lua_State *)
081294c0	121	_Z9LuaMantleP9lua_State	LuaMantle(lua_State *)
08129540	112	_Z14LuaAddBoxMoneyP9lua_State	LuaAddBoxMoney(lua_State *)
081295b0	3679	_Z23LuaGetPlayerMagicAttribP9lua_State	LuaGetPlayerMagicAttrib(lua_State *)
0812a410	119	_Z20LuaAddPlayerVitalityP9lua_State	LuaAddPlayerVitality(lua_State *)
0812a490	119	_Z20LuaAddPlayerStrengthP9lua_State	LuaAddPlayerStrength(lua_State *)
0812a510	119	_Z21LuaAddPlayerDexterityP9lua_State	LuaAddPlayerDexterity(lua_State *)
0812a590	119	_Z19LuaAddPlayerEngergyP9lua_State	LuaAddPlayerEngergy(lua_State *)
0812a610	115	_Z18LuaSetPlayerSeriesP9lua_State	LuaSetPlayerSeries(lua_State *)
0812a690	272	_Z18LuaModifyPlayerExpP9lua_State	LuaModifyPlayerExp(lua_State *)
0812a7a0	50	_Z21LuaClearFactionRecordP9lua_State	LuaClearFactionRecord(lua_State *)
0812a7e0	114	_Z26LuaGetPlayerLastAddFactionP9lua_State	LuaGetPlayerLastAddFaction(lua_State *)
0812a860	142	_Z22LuaChangePlayerFactionP9lua_State	LuaChangePlayerFaction(lua_State *)
0812a8f0	114	_Z19LuaGetPlayerFactionP9lua_State	LuaGetPlayerFaction(lua_State *)
0812a970	182	_Z19LuaSetWeekGoalOfferP9lua_State	LuaSetWeekGoalOffer(lua_State *)
0812aa30	182	_Z19LuaAddWeekGoalOfferP9lua_State	LuaAddWeekGoalOffer(lua_State *)
0812aaf0	171	_Z21LuaSetPartnerBagLevelP9lua_State	LuaSetPartnerBagLevel(lua_State *)
0812aba0	259	_Z18LuaAddContributionP9lua_State	LuaAddContribution(lua_State *)
0812acb0	115	_Z18LuaGetContributionP9lua_State	LuaGetContribution(lua_State *)
0812ad30	234	_Z13LuaGetNpcTongP9lua_State	LuaGetNpcTong(lua_State *)
0812ae20	124	_Z10LuaGetTongP9lua_State	LuaGetTong(lua_State *)
0812aea0	173	_Z14LuaGetTongNameP9lua_State	LuaGetTongName(lua_State *)
0812af50	163	_Z14LuaMoveTongExpP9lua_State	LuaMoveTongExp(lua_State *)
0812b000	155	_Z21LuaGetTongMemberCountP9lua_State	LuaGetTongMemberCount(lua_State *)
0812b0a0	84	_Z17LuaGetCurrentTongP9lua_State	LuaGetCurrentTong(lua_State *)
0812b100	50	_Z19LuaSyncWorkshopListP9lua_State	LuaSyncWorkshopList(lua_State *)
0812b140	148	_Z15LuaAddTongMoneyP9lua_State	LuaAddTongMoney(lua_State *)
0812b1e0	109	_Z15LuaGetTongTitleP9lua_State	LuaGetTongTitle(lua_State *)
0812b250	170	_Z17LuaOpenTongZhaoMuP9lua_State	LuaOpenTongZhaoMu(lua_State *)
0812b300	186	_Z11LuaOpenTongP9lua_State	LuaOpenTong(lua_State *)
0812b3c0	61	_Z20LuaRestorePlayerCampP9lua_State	LuaRestorePlayerCamp(lua_State *)
0812b400	163	_Z16LuaSetNpcCurCampP9lua_State	LuaSetNpcCurCamp(lua_State *)
0812b4b0	130	_Z23LuaSetPlayerCurrentCampP9lua_State	LuaSetPlayerCurrentCamp(lua_State *)
0812b540	130	_Z16LuaGetNpcCurCampP9lua_State	LuaGetNpcCurCamp(lua_State *)
0812b5d0	130	_Z16LuaSetPlayerCampP9lua_State	LuaSetPlayerCamp(lua_State *)
0812b660	198	_Z22LuaSetPlayerRevivalPosP9lua_State	LuaSetPlayerRevivalPos(lua_State *)
0812b730	118	_Z19LuaGetPlayerFeeTypeP9lua_State	LuaGetPlayerFeeType(lua_State *)
0812b7b0	194	_Z11LuaIsMyItemP9lua_State	LuaIsMyItem(lua_State *)
0812b880	123	_Z19LuaGetNpcTemplateIDP9lua_State	LuaGetNpcTemplateID(lua_State *)
0812b900	952	_Z11LuaAddNpcExP9lua_State	LuaAddNpcEx(lua_State *)
0812bcc0	131	_Z20LuaGetAllSkillCurIncP9lua_State	LuaGetAllSkillCurInc(lua_State *)
0812bd50	345	_Z23LuaGetCurrentMagicLevelP9lua_State	LuaGetCurrentMagicLevel(lua_State *)
0812beb0	202	_Z22LuaGetSkillCountInFactP9lua_State	LuaGetSkillCountInFact(lua_State *)
0812bf80	97	_Z20LuaGetUsedSkillPointP9lua_State	LuaGetUsedSkillPoint(lua_State *)
0812bff0	192	_Z17LuaRollBackSkillsP9lua_State	LuaRollBackSkills(lua_State *)
0812c0b0	154	_Z17LuaAdd120SkillExpP9lua_State	LuaAdd120SkillExp(lua_State *)
0812c150	321	_Z11LuaDelMagicP9lua_State	LuaDelMagic(lua_State *)
0812c2a0	402	_Z12LuaHaveMagicP9lua_State	LuaHaveMagic(lua_State *)
0812c440	325	_Z14LuaGetItemLifeP9lua_State	LuaGetItemLife(lua_State *)
0812c590	260	_Z21LuaFindSpecItemParam2P9lua_State	LuaFindSpecItemParam2(lua_State *)
0812c6a0	263	_Z17LuaHaveCommonItemP9lua_State	LuaHaveCommonItem(lua_State *)
0812c7b0	327	_Z11LuaHaveItemP9lua_State	LuaHaveItem(lua_State *)
0812c900	265	_Z12LuaDelItemExP9lua_State	LuaDelItemEx(lua_State *)
0812ca10	263	_Z16LuaDelCommonItemP9lua_State	LuaDelCommonItem(lua_State *)
0812cb20	265	_Z10LuaDelItemP9lua_State	LuaDelItem(lua_State *)
0812cc30	325	_Z19LuaGetTaskItemCountP9lua_State	LuaGetTaskItemCount(lua_State *)
0812cd80	325	_Z21LuaGetTaskItemCountExP9lua_State	LuaGetTaskItemCountEx(lua_State *)
0812ced0	55	_Z15LuaGetItemCountP9lua_State	LuaGetItemCount(lua_State *)
0812cf10	197	_Z15LuaNpcDropMoneyP9lua_State	LuaNpcDropMoney(lua_State *)
0812cfe0	177	_Z13LuaGetItemCmdP9lua_State	LuaGetItemCmd(lua_State *)
0812d0a0	152	_Z16LuaAutoStackItemP9lua_State	LuaAutoStackItem(lua_State *)
0812d140	128	_Z11LuaRandSeedP9lua_State	LuaRandSeed(lua_State *)
0812d1c0	533	_Z17LuaAddQualityItemP9lua_Statei	LuaAddQualityItem(lua_State *,int)
0812d3e0	27	_Z17LuaAddPlatinaItemP9lua_State	LuaAddPlatinaItem(lua_State *)
0812d400	27	_Z14LuaAddGoldItemP9lua_State	LuaAddGoldItem(lua_State *)
0812d420	552	_Z15LuaAddEventItemP9lua_State	LuaAddEventItem(lua_State *)
0812d650	1740	_Z12_lua_NewItemP9lua_Statei	_lua_NewItem(lua_State *,int)
0812dd20	255	_Z12LuaAddItemExP9lua_State	LuaAddItemEx(lua_State *)
0812de20	163	_Z12LuaNewItemExP9lua_State	LuaNewItemEx(lua_State *)
0812ded0	299	_Z13LuaAddVerItemP9lua_State	LuaAddVerItem(lua_State *)
0812e000	370	_Z8_AddItemP9lua_Stateiii	_AddItem(lua_State *,int,int,int)
0812e180	26	_Z17LuaAddItemNoStackP9lua_State	LuaAddItemNoStack(lua_State *)
0812e1a0	26	_Z26LuaAddItemIntoEquipmentBoxP9lua_State	LuaAddItemIntoEquipmentBox(lua_State *)
0812e1c0	29	_Z10LuaAddItemP9lua_State	LuaAddItem(lua_State *)
0812e1e0	161	_Z18LuaGetNpcPowerTypeP9lua_State	LuaGetNpcPowerType(lua_State *)
0812e290	294	_Z9LuaSetPosP9lua_State	LuaSetPos(lua_State *)
0812e3c0	408	_Z16LuaEnterNewWorldP9lua_State	LuaEnterNewWorld(lua_State *)
0812e560	106	_Z11LuaMsg2TongP9lua_State	LuaMsg2Tong(lua_State *)
0812e5d0	76	_Z16LuaDoRelayScriptP9lua_State	LuaDoRelayScript(lua_State *)
0812e620	229	_Z14LuaMsg2FactionP9lua_State	LuaMsg2Faction(lua_State *)
0812e710	146	_Z22LuaSetCreateTeamOptionP9lua_State	LuaSetCreateTeamOption(lua_State *)
0812e7b0	88	_Z12LuaLeaveTeamP9lua_State	LuaLeaveTeam(lua_State *)
0812e810	122	_Z16LuaGetExpPercentP9lua_State	LuaGetExpPercent(lua_State *)
0812e890	115	_Z18LuaGetJoinTongTimeP9lua_State	LuaGetJoinTongTime(lua_State *)
0812e910	134	_Z18LuaSetJoinTongTimeP9lua_State	LuaSetJoinTongTime(lua_State *)
0812e9a0	410	_Z15LuaClearSomeObjP9lua_State	LuaClearSomeObj(lua_State *)
0812eb40	413	_Z19LuaClearObstacleObjP9lua_State	LuaClearObstacleObj(lua_State *)
0812ece0	150	_Z18LuaSetAForbitSkillP9lua_State	LuaSetAForbitSkill(lua_State *)
0812ed80	165	_Z14LuaForbitSkillP9lua_State	LuaForbitSkill(lua_State *)
0812ee30	240	_Z19LuaSetMangonelParamP9lua_State	LuaSetMangonelParam(lua_State *)
0812ef20	179	_Z23LuaSetSiegeVoitureParamP9lua_State	LuaSetSiegeVoitureParam(lua_State *)
0812efe0	167	_Z18LuaGetTaxCollectedP9lua_State	LuaGetTaxCollected(lua_State *)
0812f090	206	_Z10LuaTaskTipP9lua_State	LuaTaskTip(lua_State *)
0812f160	754	_Z17LuaGetCitySummaryP9lua_State	LuaGetCitySummary(lua_State *)
0812f460	167	_Z20LuaNotifyArenaResultP9lua_State	LuaNotifyArenaResult(lua_State *)
0812f510	122	_Z21LuaGetCityWarTongCampP9lua_State	LuaGetCityWarTongCamp(lua_State *)
0812f590	175	_Z18LuaNotifyWarResultP9lua_State	LuaNotifyWarResult(lua_State *)
0812f640	45	_Z12LuaStopTimerP9lua_State	LuaStopTimer(lua_State *)
0812f670	150	_Z11LuaSetTimerP9lua_State	LuaSetTimer(lua_State *)
0812f710	41	_Z13LuaOpenStoresP9lua_State	LuaOpenStores(lua_State *)
0812f740	424	_Z17LuaAddShop2StoresP9lua_State	LuaAddShop2Stores(lua_State *)
0812f8f0	41	_Z15LuaCreateStoresP9lua_State	LuaCreateStores(lua_State *)
0812f920	482	_Z7LuaSaleP9lua_State	LuaSale(lua_State *)
0812fb10	296	_Z10LuaTRepairP9lua_State	LuaTRepair(lua_State *)
0812fc40	167	_Z19LuaWriteCompoundLogP9lua_State	LuaWriteCompoundLog(lua_State *)
0812fcf0	108	_Z15LuaWriteSaleLogP9lua_State	LuaWriteSaleLog(lua_State *)
0812fd60	393	_Z15LuaWriteStatLogP9lua_State	LuaWriteStatLog(lua_State *)
0812fef0	385	_Z15LuaWriteGoldLogP9lua_State	LuaWriteGoldLog(lua_State *)
08130080	371	_Z14LuaCreateATeamP9lua_State	LuaCreateATeam(lua_State *)
08130200	86	_Z11LuaWriteLogP9lua_State	LuaWriteLog(lua_State *)
08130260	189	_Z17LuaUpdateBulletinP9lua_State	LuaUpdateBulletin(lua_State *)
08130320	197	_Z19LuaSetTempTaskValueP9lua_State	LuaSetTempTaskValue(lua_State *)
081303f0	159	_Z19LuaGetTempTaskValueP9lua_State	LuaGetTempTaskValue(lua_State *)
08130490	138	_Z14LuaGetRootPathP9lua_State	LuaGetRootPath(lua_State *)
08130520	303	_Z14LuaIncludeFileP9lua_State	LuaIncludeFile(lua_State *)
08130650	238	_Z15GetHoleFunctionPcS_	GetHoleFunction(char *,char *)
08130740	1309	_Z10LuaPriseUIP9lua_State	LuaPriseUI(lua_State *)
08130c60	1225	_Z11LuaSelectUIP9lua_State	LuaSelectUI(lua_State *)
08131130	302	_Z14ScriptDescribeP7KPlayerP27tagPLAYER_SCRIPTACTION_SYNCPKcjS4_j	ScriptDescribe(KPlayer *,tagPLAYER_SCRIPTACTION_SYNC *,char const*,unsigned int,char const*,unsigned int)
08131260	1514	_Z13LuaDescribeUIP9lua_State	LuaDescribeUI(lua_State *)
08131850	541	_Z10LuaAddNoteP9lua_State	LuaAddNote(lua_State *)
08131a70	800	_Z19LuaAddLocalTimeNewsP9lua_State	LuaAddLocalTimeNews(lua_State *)
08131d90	458	_Z20LuaAddLocalCountNewsP9lua_State	LuaAddLocalCountNews(lua_State *)
08131f60	346	_Z15LuaAddLocalNewsP9lua_State	LuaAddLocalNews(lua_State *)
081320c0	800	_Z20LuaAddGlobalTimeNewsP9lua_State	LuaAddGlobalTimeNews(lua_State *)
081323e0	472	_Z21LuaAddGlobalCountNewsP9lua_State	LuaAddGlobalCountNews(lua_State *)
081325c0	346	_Z16LuaAddGlobalNewsP9lua_State	LuaAddGlobalNews(lua_State *)
08132720	214	_Z18g_ReturnSkillStateP9lua_Stateii	g_ReturnSkillState(lua_State *,int,int)
08132800	155	_Z16LuaGetSkillStateP9lua_State	LuaGetSkillState(lua_State *)
081328a0	234	_Z27LuaAddRandomItemForAutoHangP9lua_State	LuaAddRandomItemForAutoHang(lua_State *)
08132990	131	_Z21LuaIsDisabledUseTownPP9lua_State	LuaIsDisabledUseTownP(lua_State *)
08132a20	115	_Z22LuaGetDisabledFuncFlagP9lua_State	LuaGetDisabledFuncFlag(lua_State *)
08132aa0	219	_Z15LuaDisabledTeamP9lua_State	LuaDisabledTeam(lua_State *)
08132b80	217	_Z21LuaSetAutoHangMapFlagP9lua_State	LuaSetAutoHangMapFlag(lua_State *)
08132c60	166	_Z22LuaSetDisabledFuncFlagP9lua_State	LuaSetDisabledFuncFlag(lua_State *)
08132d10	104	_Z15LuaNW_CheckTextP9lua_State	LuaNW_CheckText(lua_State *)
08132d80	202	_Z20LuaReturnDungenonMapP9lua_State	LuaReturnDungenonMap(lua_State *)
08132e50	135	_Z21LuaApplyDelDungeonMapP9lua_State	LuaApplyDelDungeonMap(lua_State *)
08132ee0	154	_Z18LuaApplyDungeonMapP9lua_State	LuaApplyDungeonMap(lua_State *)
08132f80	216	_Z21LuaPreApplyDungeonMapP9lua_State	LuaPreApplyDungeonMap(lua_State *)
08133060	47	_Z18LuaIsGSHaveFreeMapP9lua_State	LuaIsGSHaveFreeMap(lua_State *)
08133090	119	_Z25LuaNW_EmperorHistoryCountP9lua_State	LuaNW_EmperorHistoryCount(lua_State *)
08133110	154	_Z15LuaTongClaimWarP9lua_State	LuaTongClaimWar(lua_State *)
081331b0	198	_Z11LuaBindItemP9lua_State	LuaBindItem(lua_State *)
08133280	167	_Z15LuaGetItemPriceP9lua_State	LuaGetItemPrice(lua_State *)
08133330	162	_Z20LuaGetRepairDurPriceP9lua_State	LuaGetRepairDurPrice(lua_State *)
081333e0	162	_Z21LuaGetTotalMagicLevelP9lua_State	LuaGetTotalMagicLevel(lua_State *)
08133490	123	_Z23LuaMagicAttribID2StringP9lua_State	LuaMagicAttribID2String(lua_State *)
08133510	66	_Z13LuaNW_OwnSealP9lua_State	LuaNW_OwnSeal(lua_State *)
08133560	126	_Z13LuaNW_SetTaskP9lua_State	LuaNW_SetTask(lua_State *)
081335e0	116	_Z13LuaNW_GetTaskP9lua_State	LuaNW_GetTask(lua_State *)
08133660	941	_Z20LuaNW_EmperorHistoryP9lua_State	LuaNW_EmperorHistory(lua_State *)
08133a10	516	_Z15LuaAddStackItemP9lua_State	LuaAddStackItem(lua_State *)
08133c20	866	_Z11LuaDropItemP9lua_State	LuaDropItem(lua_State *)
08133f90	333	_Z17LuaAddQualityItemP9lua_State	LuaAddQualityItem(lua_State *)
081340e0	379	_Z14LuaAddTempItemP9lua_State	LuaAddTempItem(lua_State *)
08134260	196	_Z21LuaCheckStoreBoxStateP9lua_State	LuaCheckStoreBoxState(lua_State *)
08134330	201	_Z21LuaSetGlobalTradeFlagP9lua_State	LuaSetGlobalTradeFlag(lua_State *)
08134400	266	_Z16LuaKickOutPlayerP9lua_State	LuaKickOutPlayer(lua_State *)
08134510	230	_Z18LuaAskKillerStatusP9lua_State	LuaAskKillerStatus(lua_State *)
08134600	230	_Z19LuaForceTransferTaxP9lua_State	LuaForceTransferTax(lua_State *)
081346f0	231	_Z14LuaIsSigningUpP9lua_State	LuaIsSigningUp(lua_State *)
081347e0	224	_Z22LuaGetCityWarBothSidesP9lua_State	LuaGetCityWarBothSides(lua_State *)
081348c0	358	_Z18LuaSyncCitySummaryP9lua_State	LuaSyncCitySummary(lua_State *)
08134a30	203	_Z20LuaGetAllCitySummaryP9lua_State	LuaGetAllCitySummary(lua_State *)
08134b00	207	_Z15LuaGetCityOwnerP9lua_State	LuaGetCityOwner(lua_State *)
08134bd0	237	_Z23LuaSetPlatinaMagicIndexP9lua_State	LuaSetPlatinaMagicIndex(lua_State *)
08134cc0	160	_Z18LuaGetPlatinaLevelP9lua_State	LuaGetPlatinaLevel(lua_State *)
08134d60	282	_Z21LuaUpgradePlatinaItemP9lua_State	LuaUpgradePlatinaItem(lua_State *)
08134e80	282	_Z29LuaUpgradePlatinaFromGoldItemP9lua_State	LuaUpgradePlatinaFromGoldItem(lua_State *)
08134fa0	437	_Z25LuaPreviewPlatinaFromGoldP9lua_State	LuaPreviewPlatinaFromGold(lua_State *)
08135160	201	_Z17LuaNW_GetSealInfoP9lua_State	LuaNW_GetSealInfo(lua_State *)
08135230	103	_Z15LuaNW_GetRemarkP9lua_State	LuaNW_GetRemark(lua_State *)
081352a0	105	_Z15LuaNW_IsEmperorP9lua_State	LuaNW_IsEmperor(lua_State *)
08135310	32	_Z20LuaNW_GetEmperorNameP9lua_State	LuaNW_GetEmperorName(lua_State *)
08135330	312	_Z19LuaGetPlayerStationP9lua_State	LuaGetPlayerStation(lua_State *)
08135470	105	_Z16LuaGetTongMasterP9lua_State	LuaGetTongMaster(lua_State *)
081354e0	385	_Z16LuaSignUpCityWarP9lua_State	LuaSignUpCityWar(lua_State *)
08135670	244	_Z13LuaNW_InstateP9lua_State	LuaNW_Instate(lua_State *)
08135770	120	_Z19LuaNW_InEmperorTongP9lua_State	LuaNW_InEmperorTong(lua_State *)
081357f0	80	_Z21LuaGetArenaTargetCityP9lua_State	LuaGetArenaTargetCity(lua_State *)
08135840	80	_Z16LuaGetArenaLevelP9lua_State	LuaGetArenaLevel(lua_State *)
08135890	147	_Z19LuaGetArenaCityAreaP9lua_State	LuaGetArenaCityArea(lua_State *)
08135930	205	_Z20LuaGetPlayerWayPointP9lua_State	LuaGetPlayerWayPoint(lua_State *)
08135a00	485	_Z13LuaGetDockPosP9lua_State	LuaGetDockPos(lua_State *)
08135bf0	189	_Z14LuaGetDockNameP9lua_State	LuaGetDockName(lua_State *)
08135cb0	201	_Z10LuaGetDockP9lua_State	LuaGetDock(lua_State *)
08135d80	167	_Z15LuaGetDockCountP9lua_State	LuaGetDockCount(lua_State *)
08135e30	294	_Z13LuaKillPlayerP9lua_State	LuaKillPlayer(lua_State *)
08135f60	580	_Z12LuaAttackNpcP9lua_State	LuaAttackNpc(lua_State *)
081361b0	303	_Z19LuaGetItemMagicDescP9lua_State	LuaGetItemMagicDesc(lua_State *)
081362e0	342	_Z11LuaStackExpP9lua_State	LuaStackExp(lua_State *)
08136440	117	_Z14LuaOfflineLiveP9lua_State	LuaOfflineLive(lua_State *)
081364c0	175	_Z14LuaKickOutSelfP9lua_State	LuaKickOutSelf(lua_State *)
08136570	266	_Z17LuaKickOutAccountP9lua_State	LuaKickOutAccount(lua_State *)
08136680	138	_Z12LuaActorQuitP9lua_State	LuaActorQuit(lua_State *)
08136710	120	_Z14LuaIsSpectatorP9lua_State	LuaIsSpectator(lua_State *)
08136790	131	_Z14LuaDetachActorP9lua_State	LuaDetachActor(lua_State *)
08136820	205	_Z14LuaAttachActorP9lua_State	LuaAttachActor(lua_State *)
081368f0	159	_Z19LuaGetPkReduceStateP9lua_State	LuaGetPkReduceState(lua_State *)
08136990	43	_Z20LuaGetPayTicketCountP9lua_State	LuaGetPayTicketCount(lua_State *)
081369c0	79	_Z13LuaTripC_KickP9lua_State	LuaTripC_Kick(lua_State *)
08136a10	461	_Z14LuaTripC_ApplyP9lua_State	LuaTripC_Apply(lua_State *)
08136be0	163	_Z22LuaTripC_GetServerNameP9lua_State	LuaTripC_GetServerName(lua_State *)
08136c90	379	_Z16LuaGetPlayerInfoP9lua_State	LuaGetPlayerInfo(lua_State *)
08136e10	99	_Z14LuaGetBoxMoneyP9lua_State	LuaGetBoxMoney(lua_State *)
08136e80	440	_Z20LuaQueryWiseManForSBP9lua_State	LuaQueryWiseManForSB(lua_State *)
08137040	377	_Z15LuaQueryWiseManP9lua_State	LuaQueryWiseMan(lua_State *)
081371c0	178	_Z16LuaGetSaleTicketP9lua_State	LuaGetSaleTicket(lua_State *)
08137280	253	_Z19LuaSetItemBindStateP9lua_State	LuaSetItemBindState(lua_State *)
08137380	312	_Z13LuaUnBindItemP9lua_State	LuaUnBindItem(lua_State *)
081374c0	90	_Z21LuaGetTotalTimeInGameP9lua_State	LuaGetTotalTimeInGame(lua_State *)
08137520	420	_Z16LuaSetFightStateP9lua_State	LuaSetFightState(lua_State *)
081376d0	116	_Z24LuaGetRoleCreateTimeDataP9lua_State	LuaGetRoleCreateTimeData(lua_State *)
08137750	222	_Z20LuaGetRoleCreateTimeP9lua_State	LuaGetRoleCreateTime(lua_State *)
08137830	262	_Z19LuaSetSpecItemParamP9lua_State	LuaSetSpecItemParam(lua_State *)
08137940	67	_Z16LuaGetTongFigureP9lua_State	LuaGetTongFigure(lua_State *)
08137990	258	_Z13LuaNW_DismissP9lua_State	LuaNW_Dismiss(lua_State *)
08137aa0	221	_Z22LuaSetItemFortuneValueP9lua_State	LuaSetItemFortuneValue(lua_State *)
08137b80	221	_Z23LuaSetItemExchangeValueP9lua_State	LuaSetItemExchangeValue(lua_State *)
08137c60	34	_Z14LuaGetGameLoopP9lua_State	LuaGetGameLoop(lua_State *)
08137c90	318	_Z22LuaSetPlayerFireResistP9lua_State	LuaSetPlayerFireResist(lua_State *)
08137dd0	318	_Z22LuaSetPlayerColdResistP9lua_State	LuaSetPlayerColdResist(lua_State *)
08137f10	318	_Z24LuaSetPlayerPoisonResistP9lua_State	LuaSetPlayerPoisonResist(lua_State *)
08138050	350	_Z23LuaSetPlayerLightResistP9lua_State	LuaSetPlayerLightResist(lua_State *)
081381b0	318	_Z25LuaSetPlayerPhysicsResistP9lua_State	LuaSetPlayerPhysicsResist(lua_State *)
081382f0	395	_Z15LuaThrowAllItemP9lua_State	LuaThrowAllItem(lua_State *)
08138480	741	_Z13LuaDropItemExP9lua_State	LuaDropItemEx(lua_State *)
08138770	277	_Z21LuaGetItemMagicAttribP9lua_State	LuaGetItemMagicAttrib(lua_State *)
08138890	361	_Z18LuaSaveMaskFeatureP9lua_State	LuaSaveMaskFeature(lua_State *)
08138a00	131	_Z17LuaGetMaskFeatureP9lua_State	LuaGetMaskFeature(lua_State *)
08138a90	447	_Z19LuaOpenCityManageUIP9lua_State	LuaOpenCityManageUI(lua_State *)
08138c50	470	_Z21LuaAskClientForNumberP9lua_State	LuaAskClientForNumber(lua_State *)
08138e30	374	_Z11LuaSetNpcAIP9lua_State	LuaSetNpcAI(lua_State *)
08138fb0	152	_Z24LuaNpcIndexToPlayerIndexP9lua_State	LuaNpcIndexToPlayerIndex(lua_State *)
08139050	184	_Z19LuaGetGoldCoinCountP9lua_State	LuaGetGoldCoinCount(lua_State *)
08139110	227	_Z14LuaSetNpcTimerP9lua_State	LuaSetNpcTimer(lua_State *)
08139200	304	_Z15LuaSetMoveSpeedP9lua_State	LuaSetMoveSpeed(lua_State *)
08139330	218	_Z21LuaEHSetCurDurabilityP9lua_State	LuaEHSetCurDurability(lua_State *)
08139410	147	_Z22Lua_GetAccountLeftTimeP9lua_State	Lua_GetAccountLeftTime(lua_State *)
081394b0	86	_Z19LuaGetPlayerRevivalP9lua_State	LuaGetPlayerRevival(lua_State *)
08139510	402	_Z22LuaGetAroundPlayerListP9lua_State	LuaGetAroundPlayerList(lua_State *)
081396b0	75	_Z18Lua_GetPotionCountP9lua_State	Lua_GetPotionCount(lua_State *)
08139700	77	_Z18LuaGetTongMemberIDP9lua_State	LuaGetTongMemberID(lua_State *)
08139750	108	_Z19LuaGetMaxDurabilityP9lua_State	LuaGetMaxDurability(lua_State *)
081397c0	32	_Z20LuaNW_GetNationTitleP9lua_State	LuaNW_GetNationTitle(lua_State *)
081397e0	88	_Z24LuaGetPlayerStationCountP9lua_State	LuaGetPlayerStationCount(lua_State *)
08139840	342	_Z15LuaOpenStoreBoxP9lua_State	LuaOpenStoreBox(lua_State *)
081399a0	276	_Z14LuaGetItemPropP9lua_State	LuaGetItemProp(lua_State *)
08139ac0	150	_Z15LuaGetItemLevelP9lua_State	LuaGetItemLevel(lua_State *)
08139b60	342	_Z16LuaGetEquipValueP9lua_State	LuaGetEquipValue(lua_State *)
08139cc0	453	_Z24LuaPreviewPlatinaUpgradeP9lua_State	LuaPreviewPlatinaUpgrade(lua_State *)
08139e90	284	_Z13LuaSetNpcKindP9lua_State	LuaSetNpcKind(lua_State *)
08139fb0	1085	_Z19LuaChangeNpcFeatureP9lua_State	LuaChangeNpcFeature(lua_State *)
0813a3f0	128	_Z29LuaSetPlayerChatForbiddenFlagP9lua_State	LuaSetPlayerChatForbiddenFlag(lua_State *)
0813a470	742	_Z17LuaAddVerGoldItemP9lua_State	LuaAddVerGoldItem(lua_State *)
0813a760	412	_Z15Lua_AddExpInMapP9lua_State	Lua_AddExpInMap(lua_State *)
0813a900	226	_Z19LuaAddPlayerStationP9lua_State	LuaAddPlayerStation(lua_State *)
0813a9f0	89	_Z12LuaGetReputeP9lua_State	LuaGetRepute(lua_State *)
0813aa50	155	_Z16LuaGetFightStateP9lua_State	LuaGetFightState(lua_State *)
0813aaf0	148	_Z15LuaGetTaskValueP9lua_State	LuaGetTaskValue(lua_State *)
0813ab90	337	_Z17LuaSendScriptDataP9lua_State	LuaSendScriptData(lua_State *)
0813acf0	201	_Z15LuaGetPayTicketP9lua_State	LuaGetPayTicket(lua_State *)
0813adc0	272	_Z21LuaReduceArenaCreditsP9lua_State	LuaReduceArenaCredits(lua_State *)
0813aed0	202	_Z12LuaSetEnergyP9lua_State	LuaSetEnergy(lua_State *)
0813afa0	227	_Z15LuaReduceEnergyP9lua_State	LuaReduceEnergy(lua_State *)
0813b090	216	_Z15LuaGetSaleMoneyP9lua_State	LuaGetSaleMoney(lua_State *)
0813b170	182	_Z16LuaQueryItemInfoP9lua_State	LuaQueryItemInfo(lua_State *)
0813b230	102	__tcf_4_4	__tcf_4_4
0813b2a0	276	_Z19LuaAskAuctionStatusP9lua_State	LuaAskAuctionStatus(lua_State *)
0813b3c0	281	_Z18LuaIsOpeningModuleP9lua_State	LuaIsOpeningModule(lua_State *)
0813b4e0	342	_Z20LuaGetMapNpcWithNameP9lua_State	LuaGetMapNpcWithName(lua_State *)
0813b640	666	_Z21LuaGetArenaInfoByCityP9lua_State	LuaGetArenaInfoByCity(lua_State *)
0813b8e0	293	_Z20LuaFormatTime2NumberP9lua_State	LuaFormatTime2Number(lua_State *)
0813ba10	234	_Z20LuaGetRoleCreateDateP9lua_State	LuaGetRoleCreateDate(lua_State *)
0813bb00	109	_Z17LuaDelStationListP9lua_State	LuaDelStationList(lua_State *)
0813bb70	402	_Z13LuaRenameTongP9lua_State	LuaRenameTong(lua_State *)
0813bd10	292	_Z16LuaQueryTongNameP9lua_State	LuaQueryTongName(lua_State *)
0813be40	312	_Z18LuaUpdateSDBRecordP9lua_State	LuaUpdateSDBRecord(lua_State *)
0813bf80	66	_Z15LuaGetLocalTimeP9lua_State	LuaGetLocalTime(lua_State *)
0813bfd0	204	_Z19LuaNumOfSignUpTongsP9lua_State	LuaNumOfSignUpTongs(lua_State *)
0813c0a0	890	_Z19LuaGetArenaScheduleP9lua_State	LuaGetArenaSchedule(lua_State *)
0813c420	504	_Z21LuaCallPlayerFunctionP9lua_State	LuaCallPlayerFunction(lua_State *)
0813c620	275	_Z20LuaGetQuestionStringP9lua_State	LuaGetQuestionString(lua_State *)
0813c740	415	_Z18LuaGMTongAddMemberP9lua_State	LuaGMTongAddMember(lua_State *)
0813c8e0	258	_Z20LuaNW_SetNationTitleP9lua_State	LuaNW_SetNationTitle(lua_State *)
0813c9f0	90	_Z14LuaNW_AbdicateP9lua_State	LuaNW_Abdicate(lua_State *)
0813ca50	458	_Z14LuaNW_EnthroneP9lua_State	LuaNW_Enthrone(lua_State *)
0813cc20	220	_Z16LuaNW_ForbidChatP9lua_State	LuaNW_ForbidChat(lua_State *)
0813cd00	215	_Z10LuaNW_LevyP9lua_State	LuaNW_Levy(lua_State *)
0813cde0	160	_Z19LuaNW_RemarkEmperorP9lua_State	LuaNW_RemarkEmperor(lua_State *)
0813ce80	150	_Z18LuaNW_AwardEmperorP9lua_State	LuaNW_AwardEmperor(lua_State *)
0813cf20	75	_Z25LuaNW_CloseCongratulationP9lua_State	LuaNW_CloseCongratulation(lua_State *)
0813cf70	1021	_Z9LuaAddNpcP9lua_State	LuaAddNpc(lua_State *)
0813d370	501	_Z13LuaOB_ReleaseP9lua_State	LuaOB_Release(lua_State *)
0813d570	443	_Z12LuaOB_CreateP9lua_State	LuaOB_Create(lua_State *)
0813d730	617	_Z10LuaNpcChatP9lua_State	LuaNpcChat(lua_State *)
0813d9a0	124	_Z17LuaLeftTrimStringP9lua_State	LuaLeftTrimString(lua_State *)
0813da20	379	_Z13LuaNW_GetDutyP9lua_State	LuaNW_GetDuty(lua_State *)
0813dba0	172	_Z27LuaGetArenaTotalLevelByCityP9lua_State	LuaGetArenaTotalLevelByCity(lua_State *)
0813dc50	111	_Z21LuaGetArenaTotalLevelP9lua_State	LuaGetArenaTotalLevel(lua_State *)
0813dcc0	317	_Z15LuaGetLocalDateP9lua_State	LuaGetLocalDate(lua_State *)
0813de00	352	_Z17LuaDynamicExecuteP9lua_State	LuaDynamicExecute(lua_State *)
0813df60	545	_Z25LuaDynamicExecuteByPlayerP9lua_State	LuaDynamicExecuteByPlayer(lua_State *)
0813e190	291	_Z13LuaAddRespectP9lua_State	LuaAddRespect(lua_State *)
0813e2c0	118	_Z13LuaGetRespectP9lua_State	LuaGetRespect(lua_State *)
0813e340	474	_Z15LuaSetTongMTaskP9lua_State	LuaSetTongMTask(lua_State *)
0813e520	283	_Z18LuaAddArenaCreditsP9lua_State	LuaAddArenaCredits(lua_State *)
0813e640	261	_Z18LuaSetArenaCreditsP9lua_State	LuaSetArenaCredits(lua_State *)
0813e750	378	_Z20LuaAddPlayerWayPointP9lua_State	LuaAddPlayerWayPoint(lua_State *)
0813e8d0	351	_Z9LuaDelNpcP9lua_State	LuaDelNpc(lua_State *)
0813ea30	187	_Z15LuaSetWorldNameP9lua_State	LuaSetWorldName(lua_State *)
0813eaf0	364	_Z17LuaGetNewWorldPosP9lua_State	LuaGetNewWorldPos(lua_State *)
0813ec60	268	_Z12LuaGetNpcPosP9lua_State	LuaGetNpcPos(lua_State *)
0813ed70	243	_Z9LuaGetPosP9lua_State	LuaGetPos(lua_State *)
0813ee70	423	_Z10LuaOpenBoxP9lua_State	LuaOpenBox(lua_State *)
0813f020	345	_Z19LuaGetDynamicShopIDP9lua_State	LuaGetDynamicShopID(lua_State *)
0813f180	753	_Z19LuaOutputMonsterPosP9lua_State	LuaOutputMonsterPos(lua_State *)
0813f480	111	__tcf_3_7	__tcf_3_7
0813f4f0	732	_Z41__static_initialization_and_destruction_0ii_32	_Z41__static_initialization_and_destruction_0ii_32
0813f7d0	19	_GLOBAL__I_g_cObjBufferList	`global constructor keyed to'g_cObjBufferList
0813f7f0	353	_Z20LuaGetArenaBothSidesP9lua_State	LuaGetArenaBothSides(lua_State *)
0813f960	513	_Z14LuaAddSkillExpP9lua_State	LuaAddSkillExp(lua_State *)
0813fb70	285	_Z18LuaGetSkillNextExpP9lua_State	LuaGetSkillNextExp(lua_State *)
0813fc90	270	_Z14LuaGetSkillExpP9lua_State	LuaGetSkillExp(lua_State *)
0813fda0	672	_Z11LuaAddMagicP9lua_State	LuaAddMagic(lua_State *)
08140040	696	_Z15LuaAddTempMagicP9lua_State	LuaAddTempMagic(lua_State *)
08140300	168	_Z15LuaGetSkillNameP9lua_State	LuaGetSkillName(lua_State *)
081403b0	378	_Z15LuaGetTongMTaskP9lua_State	LuaGetTongMTask(lua_State *)
08140530	554	_Z15LuaAddTongMTaskP9lua_State	LuaAddTongMTask(lua_State *)
08140760	215	_Z13LuaOB_PopByteP9lua_State	LuaOB_PopByte(lua_State *)
08140840	228	_Z15LuaOB_PopStringP9lua_State	LuaOB_PopString(lua_State *)
08140930	194	_Z13LuaOB_IsEmptyP9lua_State	LuaOB_IsEmpty(lua_State *)
08140a00	137	_Z11LuaOB_ClearP9lua_State	LuaOB_Clear(lua_State *)
08140a90	491	_Z12LuaOB_AppendP9lua_State	LuaOB_Append(lua_State *)
08140c80	1030	_Z16LuaRemoteExecuteP9lua_State	LuaRemoteExecute(lua_State *)
08141090	225	_Z15LuaOB_PopDoubleP9lua_State	LuaOB_PopDouble(lua_State *)
08141180	208	_Z12LuaOB_PopIntP9lua_State	LuaOB_PopInt(lua_State *)
08141250	364	_Z14LuaOB_PushByteP9lua_State	LuaOB_PushByte(lua_State *)
081413c0	458	_Z10LuaOB_CopyP9lua_State	LuaOB_Copy(lua_State *)
08141590	562	_Z16LuaOB_PushStringP9lua_State	LuaOB_PushString(lua_State *)
081417d0	342	_Z16LuaOB_PushDoubleP9lua_State	LuaOB_PushDouble(lua_State *)
08141930	363	_Z13LuaOB_PushIntP9lua_State	LuaOB_PushInt(lua_State *)
08141aa0	450	_Z17LuaAppointViceroyP9lua_State	LuaAppointViceroy(lua_State *)
08141c70	572	_Z28LuaLotteryGetLatestPrizeInfoP9lua_State	LuaLotteryGetLatestPrizeInfo(lua_State *)
08141eb0	504	_Z20LuaGetSignUpTongNameP9lua_State	LuaGetSignUpTongName(lua_State *)
081420b0	78	__tcf_0_21	__tcf_0_21
08142100	1421	_Z14Lua_GiveItemUIP9lua_State	Lua_GiveItemUI(lua_State *)
08142690	990	_Z15LuaSwearBrotherP9lua_State	LuaSwearBrother(lua_State *)
08142a70	851	_Z14Lua_IncludeLibP9lua_State	Lua_IncludeLib(lua_State *)
08142dd0	420	__tcf_1_17	__tcf_1_17
08142f80	652	_Z19LuaAroundFillStringP9lua_State	LuaAroundFillString(lua_State *)
08143210	279	_Z18LuaRightFillStringP9lua_State	LuaRightFillString(lua_State *)
08143330	504	_Z17LuaLeftFillStringP9lua_State	LuaLeftFillString(lua_State *)
08143530	640	_Z16LuaReplaceStringP9lua_State	LuaReplaceString(lua_State *)
081437b0	184	_Z15LuaAppendStringP9lua_State	LuaAppendString(lua_State *)
08143870	204	_Z13LuaPushStringP9lua_State	LuaPushString(lua_State *)
08143940	288	_Z17LuaGetChooseCountP9lua_State	LuaGetChooseCount(lua_State *)
08143a60	277	_Z17LuaGetQuestionTipP9lua_State	LuaGetQuestionTip(lua_State *)
08143b80	883	_Z14LuaCheckTicketP9lua_State	LuaCheckTicket(lua_State *)
08143f00	294	_Z20LuaGetQuestionAnswerP9lua_State	LuaGetQuestionAnswer(lua_State *)
08144030	288	_Z19LuaGetQuestionPriceP9lua_State	LuaGetQuestionPrice(lua_State *)
08144150	288	_Z26LuaGetQuestionBeginPayTimeP9lua_State	LuaGetQuestionBeginPayTime(lua_State *)
08144270	288	_Z24LuaGetQuestionEndPayTimeP9lua_State	LuaGetQuestionEndPayTime(lua_State *)
08144390	363	_Z12LuaGetChooseP9lua_State	LuaGetChoose(lua_State *)
08144500	1152	_Z19LuaChangeOwnFeatureP9lua_State	LuaChangeOwnFeature(lua_State *)
08144980	1065	_Z15g_AddSkillStateiiiiii	g_AddSkillState(int,int,int,int,int,int)
08144db0	322	_Z19LuaAddNpcSkillStateP9lua_State	LuaAddNpcSkillState(lua_State *)
08144f00	386	_Z16LuaAddSkillStateP9lua_State	LuaAddSkillState(lua_State *)
08145090	1558	_Z23LuaTimerFuncForAutoHangP9lua_State	LuaTimerFuncForAutoHang(lua_State *)
081456b0	131	_Z18LuaIsDisabledStallP9lua_State	LuaIsDisabledStall(lua_State *)
08145740	131	_Z17LuaIsDisabledTeamP9lua_State	LuaIsDisabledTeam(lua_State *)
081457d0	131	_Z21LuaIsDisabledChatCityP9lua_State	LuaIsDisabledChatCity(lua_State *)
08145860	131	_Z21LuaIsDisabledUseHeartP9lua_State	LuaIsDisabledUseHeart(lua_State *)
081458f0	131	_Z22LuaIsDisabledChatWorldP9lua_State	LuaIsDisabledChatWorld(lua_State *)
08145980	290	_Z20LuaAppointChallengerP9lua_State	LuaAppointChallenger(lua_State *)
08145ab0	223	_Z19LuaDisabledUseHeartP9lua_State	LuaDisabledUseHeart(lua_State *)
08145b90	223	_Z19LuaDisabledUseTownPP9lua_State	LuaDisabledUseTownP(lua_State *)
08145c70	219	_Z19LuaDisabledChatCityP9lua_State	LuaDisabledChatCity(lua_State *)
08145d50	219	_Z16LuaDisabledStallP9lua_State	LuaDisabledStall(lua_State *)
08145e30	219	_Z20LuaDisabledChatWorldP9lua_State	LuaDisabledChatWorld(lua_State *)
08145f10	636	_Z24LuaGetPlayerMissionGroupP9lua_State	LuaGetPlayerMissionGroup(lua_State *)
08146190	757	_Z20LuaPlayerJoinMissionP9lua_State	LuaPlayerJoinMission(lua_State *)
08146490	844	_Z14LuaInitMissionP9lua_State	LuaInitMission(lua_State *)
081467e0	727	_Z21LuaGetMissionRestTimeP9lua_State	LuaGetMissionRestTime(lua_State *)
08146ac0	764	_Z20LuaMissionMsg2PlayerP9lua_State	LuaMissionMsg2Player(lua_State *)
08146dc0	625	_Z17LuaMissionMsg2AllP9lua_State	LuaMissionMsg2All(lua_State *)
08147040	914	_Z19LuaMissionMsg2GroupP9lua_State	LuaMissionMsg2Group(lua_State *)
081473e0	941	_Z16LuaGetNextPlayerP9lua_State	LuaGetNextPlayer(lua_State *)
08147790	1079	_Z22LuaRemoveMissionPlayerP9lua_State	LuaRemoveMissionPlayer(lua_State *)
08147bd0	1159	_Z19LuaAddMissionPlayerP9lua_State	LuaAddMissionPlayer(lua_State *)
08148060	795	_Z26LuaStartGlobalMissionTimerP9lua_State	LuaStartGlobalMissionTimer(lua_State *)
08148380	802	_Z24LuaGetMissionPlayerParamP9lua_State	LuaGetMissionPlayerParam(lua_State *)
081486b0	791	_Z24LuaSetMissionPlayerParamP9lua_State	LuaSetMissionPlayerParam(lua_State *)
081489d0	695	_Z29LuaGetMissionPlayer_DataIndexP9lua_State	LuaGetMissionPlayer_DataIndex(lua_State *)
08148c90	639	_Z31LuaGetMissionPlayer_PlayerIndexP9lua_State	LuaGetMissionPlayer_PlayerIndex(lua_State *)
08148f10	837	_Z21LuaMissionPlayerCountP9lua_State	LuaMissionPlayerCount(lua_State *)
08149260	713	_Z25LuaStopGlobalMissionTimerP9lua_State	LuaStopGlobalMissionTimer(lua_State *)
08149530	916	_Z21LuaCloseGlobalMissionP9lua_State	LuaCloseGlobalMission(lua_State *)
081498d0	586	_Z19LuaRunGlobalMissionP9lua_State	LuaRunGlobalMission(lua_State *)
08149b20	771	_Z20LuaInitGlobalMissionP9lua_State	LuaInitGlobalMission(lua_State *)
08149e30	831	_Z20LuaStartMissionTimerP9lua_State	LuaStartMissionTimer(lua_State *)
0814a170	743	_Z19LuaStopMissionTimerP9lua_State	LuaStopMissionTimer(lua_State *)
0814a460	981	_Z15LuaCloseMissionP9lua_State	LuaCloseMission(lua_State *)
0814a840	629	_Z13LuaRunMissionP9lua_State	LuaRunMission(lua_State *)
0814aac0	25	_ZN11KVersionCfg18_GetSymbolByRegionEi	KVersionCfg::_GetSymbolByRegion(int)
0814aae0	5	_ZN13KNpcChatTimer7OnStartEmm	KNpcChatTimer::OnStart(unsigned long,unsigned long)
0814aaf0	5	_ZN13KNpcChatTimer7OnCloseEv	KNpcChatTimer::OnClose(void)
0814ab00	91	_ZNSt8_Rb_treeItSt4pairIKtN15KTmpTaskValueEx4TINTEESt10_Select1stIS4_ESt4lessItESaIS4_EE4findERS1_	std::_Rb_tree<unsigned short,std::pair<unsigned short const,KTmpTaskValueEx::TINT>,std::_Select1st<std::pair<unsigned short const,KTmpTaskValueEx::TINT>>,std::less<unsigned short>,std::allocator<std::pair<unsigned short const,KTmpTaskValueEx::TINT>>>::find(unsigned short const&)
0814ab60	87	_ZNSt8_Rb_treeIjSt4pairIKjP16KLotteryQuestionESt10_Select1stIS4_ESt4lessIjESaIS4_EE4findERS1_	std::_Rb_tree<unsigned int,std::pair<unsigned int const,KLotteryQuestion *>,std::_Select1st<std::pair<unsigned int const,KLotteryQuestion *>>,std::less<unsigned int>,std::allocator<std::pair<unsigned int const,KLotteryQuestion *>>>::find(unsigned int const&)
0814abc0	87	_ZNSt8_Rb_treeIjSt4pairIKjP11KTicketInfoESt10_Select1stIS4_ESt4lessIjESaIS4_EE4findERS1_	std::_Rb_tree<unsigned int,std::pair<unsigned int const,KTicketInfo *>,std::_Select1st<std::pair<unsigned int const,KTicketInfo *>>,std::less<unsigned int>,std::allocator<std::pair<unsigned int const,KTicketInfo *>>>::find(unsigned int const&)
0814ac20	87	_ZNSt8_Rb_treeImSt4pairIKmN13KModuleConfigI10KTimerToolE11tagKCFGITEMEESt10_Select1stIS6_ESt4lessImESaIS6_EE4findERS1_	std::_Rb_tree<unsigned long,std::pair<unsigned long const,KModuleConfig<KTimerTool>::tagKCFGITEM>,std::_Select1st<std::pair<unsigned long const,KModuleConfig<KTimerTool>::tagKCFGITEM>>,std::less<unsigned long>,std::allocator<std::pair<unsigned long const,KModuleConfig<KTimerTool>::tagKCFGITEM>>>::find(unsigned long const&)
0814ac80	62	_ZNSt8_Rb_treeIjSt4pairIKjP16KLotteryQuestionESt10_Select1stIS4_ESt4lessIjESaIS4_EE11lower_boundERS1_	std::_Rb_tree<unsigned int,std::pair<unsigned int const,KLotteryQuestion *>,std::_Select1st<std::pair<unsigned int const,KLotteryQuestion *>>,std::less<unsigned int>,std::allocator<std::pair<unsigned int const,KLotteryQuestion *>>>::lower_bound(unsigned int const&)
0814acc0	62	_ZNSt8_Rb_treeIjSt4pairIKjP11KTicketInfoESt10_Select1stIS4_ESt4lessIjESaIS4_EE11lower_boundERS1_	std::_Rb_tree<unsigned int,std::pair<unsigned int const,KTicketInfo *>,std::_Select1st<std::pair<unsigned int const,KTicketInfo *>>,std::less<unsigned int>,std::allocator<std::pair<unsigned int const,KTicketInfo *>>>::lower_bound(unsigned int const&)
0814ad00	152	_ZNSt8_Rb_treeIjSt4pairIKjP11KTicketInfoESt10_Select1stIS4_ESt4lessIjESaIS4_EE9_M_insertEPSt18_Rb_tree_node_baseSC_RKS4_	std::_Rb_tree<unsigned int,std::pair<unsigned int const,KTicketInfo *>,std::_Select1st<std::pair<unsigned int const,KTicketInfo *>>,std::less<unsigned int>,std::allocator<std::pair<unsigned int const,KTicketInfo *>>>::_M_insert(std::_Rb_tree_node_base *,std::_Rb_tree_node_base *,std::pair<unsigned int const,KTicketInfo *> const&)
0814ada0	152	_ZNSt8_Rb_treeIjSt4pairIKjP16KLotteryQuestionESt10_Select1stIS4_ESt4lessIjESaIS4_EE9_M_insertEPSt18_Rb_tree_node_baseSC_RKS4_	std::_Rb_tree<unsigned int,std::pair<unsigned int const,KLotteryQuestion *>,std::_Select1st<std::pair<unsigned int const,KLotteryQuestion *>>,std::less<unsigned int>,std::allocator<std::pair<unsigned int const,KLotteryQuestion *>>>::_M_insert(std::_Rb_tree_node_base *,std::_Rb_tree_node_base *,std::pair<unsigned int const,KLotteryQuestion *> const&)
0814ae40	42	_ZNSt10_List_baseIiSaIiEE8_M_clearEv	std::_List_base<int,std::allocator<int>>::_M_clear(void)
0814ae70	59	_ZNSt8_Rb_treeIiSt4pairIKiP10KObjBufferESt10_Select1stIS4_ESt4lessIiESaIS4_EE8_M_eraseEPSt13_Rb_tree_nodeIS4_E	std::_Rb_tree<int,std::pair<int const,KObjBuffer *>,std::_Select1st<std::pair<int const,KObjBuffer *>>,std::less<int>,std::allocator<std::pair<int const,KObjBuffer *>>>::_M_erase(std::_Rb_tree_node<std::pair<int const,KObjBuffer *>> *)
0814aeb0	18	_ZN13KNpcChatTimerD0Ev	KNpcChatTimer::~KNpcChatTimer()
0814aed0	14	_ZN13KNpcChatTimerD1Ev	KNpcChatTimer::~KNpcChatTimer()
0814aee0	81	_ZN13KNpcChatTimer6OnTimeERm	KNpcChatTimer::OnTime(unsigned long &)
0814af40	230	_ZN16KCityWarDataCore21GetChallengerTongNameEii	KCityWarDataCore::GetChallengerTongName(int,int)
0814b030	236	_ZNSt8_Rb_treeIjSt4pairIKjP16KLotteryQuestionESt10_Select1stIS4_ESt4lessIjESaIS4_EE13insert_uniqueERKS4_	std::_Rb_tree<unsigned int,std::pair<unsigned int const,KLotteryQuestion *>,std::_Select1st<std::pair<unsigned int const,KLotteryQuestion *>>,std::less<unsigned int>,std::allocator<std::pair<unsigned int const,KLotteryQuestion *>>>::insert_unique(std::pair<unsigned int const,KLotteryQuestion *> const&)
0814b120	593	_ZNSt8_Rb_treeIjSt4pairIKjP16KLotteryQuestionESt10_Select1stIS4_ESt4lessIjESaIS4_EE13insert_uniqueESt17_Rb_tree_iteratorIS4_ERKS4_	std::_Rb_tree<unsigned int,std::pair<unsigned int const,KLotteryQuestion *>,std::_Select1st<std::pair<unsigned int const,KLotteryQuestion *>>,std::less<unsigned int>,std::allocator<std::pair<unsigned int const,KLotteryQuestion *>>>::insert_unique(std::_Rb_tree_iterator<std::pair<unsigned int const,KLotteryQuestion *>>,std::pair<unsigned int const,KLotteryQuestion *> const&)
0814b380	236	_ZNSt8_Rb_treeIjSt4pairIKjP11KTicketInfoESt10_Select1stIS4_ESt4lessIjESaIS4_EE13insert_uniqueERKS4_	std::_Rb_tree<unsigned int,std::pair<unsigned int const,KTicketInfo *>,std::_Select1st<std::pair<unsigned int const,KTicketInfo *>>,std::less<unsigned int>,std::allocator<std::pair<unsigned int const,KTicketInfo *>>>::insert_unique(std::pair<unsigned int const,KTicketInfo *> const&)
0814b470	593	_ZNSt8_Rb_treeIjSt4pairIKjP11KTicketInfoESt10_Select1stIS4_ESt4lessIjESaIS4_EE13insert_uniqueESt17_Rb_tree_iteratorIS4_ERKS4_	std::_Rb_tree<unsigned int,std::pair<unsigned int const,KTicketInfo *>,std::_Select1st<std::pair<unsigned int const,KTicketInfo *>>,std::less<unsigned int>,std::allocator<std::pair<unsigned int const,KTicketInfo *>>>::insert_unique(std::_Rb_tree_iterator<std::pair<unsigned int const,KTicketInfo *>>,std::pair<unsigned int const,KTicketInfo *> const&)
0814b6d0	291	_ZNSt6vectorIP13KNpcChatTimerSaIS1_EE13_M_insert_auxEN9__gnu_cxx17__normal_iteratorIPS1_S3_EERKS1_	std::vector<KNpcChatTimer *,std::allocator<KNpcChatTimer *>>::_M_insert_aux(__gnu_cxx::__normal_iterator<KNpcChatTimer **,std::vector<KNpcChatTimer *,std::allocator<KNpcChatTimer *>>>,KNpcChatTimer * const&)
0814b800	245	_ZN13KNpcChatTimer7ReleaseEv	KNpcChatTimer::Release(void)
0814b900	155	_ZNSt8_Rb_treeISsSt4pairIKSsN16KLibFuncsManager9KLibFuncsEESt10_Select1stIS4_ESt4lessISsESaIS4_EE11lower_boundERS1_	std::_Rb_tree<std::string,std::pair<std::string const,KLibFuncsManager::KLibFuncs>,std::_Select1st<std::pair<std::string const,KLibFuncsManager::KLibFuncs>>,std::less<std::string>,std::allocator<std::pair<std::string const,KLibFuncsManager::KLibFuncs>>>::lower_bound(std::string const&)
0814b9a0	275	_ZNSt8_Rb_treeISsSt4pairIKSsN16KLibFuncsManager9KLibFuncsEESt10_Select1stIS4_ESt4lessISsESaIS4_EE9_M_insertEPSt18_Rb_tree_node_baseSC_RKS4_	std::_Rb_tree<std::string,std::pair<std::string const,KLibFuncsManager::KLibFuncs>,std::_Select1st<std::pair<std::string const,KLibFuncsManager::KLibFuncs>>,std::less<std::string>,std::allocator<std::pair<std::string const,KLibFuncsManager::KLibFuncs>>>::_M_insert(std::_Rb_tree_node_base *,std::_Rb_tree_node_base *,std::pair<std::string const,KLibFuncsManager::KLibFuncs> const&)
0814bac0	435	_ZNSt8_Rb_treeISsSt4pairIKSsN16KLibFuncsManager9KLibFuncsEESt10_Select1stIS4_ESt4lessISsESaIS4_EE13insert_uniqueERKS4_	std::_Rb_tree<std::string,std::pair<std::string const,KLibFuncsManager::KLibFuncs>,std::_Select1st<std::pair<std::string const,KLibFuncsManager::KLibFuncs>>,std::less<std::string>,std::allocator<std::pair<std::string const,KLibFuncsManager::KLibFuncs>>>::insert_unique(std::pair<std::string const,KLibFuncsManager::KLibFuncs> const&)
0814bc80	1140	_ZNSt8_Rb_treeISsSt4pairIKSsN16KLibFuncsManager9KLibFuncsEESt10_Select1stIS4_ESt4lessISsESaIS4_EE13insert_uniqueESt17_Rb_tree_iteratorIS4_ERKS4_	std::_Rb_tree<std::string,std::pair<std::string const,KLibFuncsManager::KLibFuncs>,std::_Select1st<std::pair<std::string const,KLibFuncsManager::KLibFuncs>>,std::less<std::string>,std::allocator<std::pair<std::string const,KLibFuncsManager::KLibFuncs>>>::insert_unique(std::_Rb_tree_iterator<std::pair<std::string const,KLibFuncsManager::KLibFuncs>>,std::pair<std::string const,KLibFuncsManager::KLibFuncs> const&)
0814c100	275	_ZNSt8_Rb_treeISsSt4pairIKSsN16KLibFuncsManager9KLibFuncsEESt10_Select1stIS4_ESt4lessISsESaIS4_EE4findERS1_	std::_Rb_tree<std::string,std::pair<std::string const,KLibFuncsManager::KLibFuncs>,std::_Select1st<std::pair<std::string const,KLibFuncsManager::KLibFuncs>>,std::less<std::string>,std::allocator<std::pair<std::string const,KLibFuncsManager::KLibFuncs>>>::find(std::string const&)
0814c220	108	_ZNSt10_List_baseISsSaISsEE8_M_clearEv	std::_List_base<std::string,std::allocator<std::string>>::_M_clear(void)
0814c290	5	_Z13SDB_PutResultP15tagRelaySDBOperi	SDB_PutResult(tagRelaySDBOper *,int)
0814c2a0	5	_Z15SDB_ClearResultP15tagRelaySDBOperi	SDB_ClearResult(tagRelaySDBOper *,int)
0814c2b0	44	_Z21SDB_GoldLotteryResultiii	SDB_GoldLotteryResult(int,int,int)
0814c2e0	20	_Z14SDB_LotteryLogv	SDB_LotteryLog(void)
0814c300	728	_Z15SDB_LotteryDataiiiii	SDB_LotteryData(int,int,int,int,int)
0814c5e0	2455	_Z11SDB_Lotteryiiii	SDB_Lottery(int,int,int,int)
0814cf80	2062	_Z21SDB_RecordDataArrivalPKcjjjPKhjh	SDB_RecordDataArrival(char const*,unsigned int,unsigned int,unsigned int,unsigned char const*,unsigned int,unsigned char)
0814d790	102	_Z21SDB_RecordDataArrivalP15tagRelaySDBOperi	SDB_RecordDataArrival(tagRelaySDBOper *,int)
0814d800	44	_Z11SDB_ChangedP15tagRelaySDBOperi	SDB_Changed(tagRelaySDBOper *,int)
0814d830	22	_Z13SDB_GetResultP15tagRelaySDBOperi	SDB_GetResult(tagRelaySDBOper *,int)
0814d850	10	GetCRCTable	GetCRCTable
0814d860	252	CRC32_C	CRC32_C
0814d960	9	CRC32	CRC32
0814d970	313	_ZN14KPlayerPartner9CreateNpcEiiiiiiiPKci	KPlayerPartner::CreateNpc(int,int,int,int,int,int,int,char const*,int)
0814dab0	202	_ZN14KPlayerPartner6CreateEiiiPNS_5TPropEiiiPKc	KPlayerPartner::Create(int,int,int,KPlayerPartner::TProp *,int,int,int,char const*)
0814db80	84	_ZN14KPlayerPartner14GetOwnerPlayerEv	KPlayerPartner::GetOwnerPlayer(void)
0814dbe0	69	_ZN14KPlayerPartner8ActivateEv	KPlayerPartner::Activate(void)
0814dc30	207	_ZN14KPlayerPartner6VanishEv	KPlayerPartner::Vanish(void)
0814dd00	13	_ZN16KChannelProtocolC2Em	KChannelProtocol::KChannelProtocol(unsigned long)
0814dd10	13	_ZN16KChannelProtocolC1Em	KChannelProtocol::KChannelProtocol(unsigned long)
0814dd20	5	_ZN16KChannelProtocolD2Ev	KChannelProtocol::~KChannelProtocol()
0814dd30	5	_ZN16KChannelProtocolD1Ev	KChannelProtocol::~KChannelProtocol()
0814dd40	49	_ZN16KChannelProtocol12IsValidIndexEm	KChannelProtocol::IsValidIndex(unsigned long)
0814dd80	131	_ZN16KChannelProtocol11RecvMessageEPKvm	KChannelProtocol::RecvMessage(void const*,unsigned long)
0814de10	5	_ZN16KChannelProtocol13OnSyncMessageEPKvm	KChannelProtocol::OnSyncMessage(void const*,unsigned long)
0814de20	5	_ZN16KChannelProtocol13OnFiniMessageEPKvm	KChannelProtocol::OnFiniMessage(void const*,unsigned long)
0814de30	5	_ZN16KChannelProtocol13OnSendMessageEPKvm	KChannelProtocol::OnSendMessage(void const*,unsigned long)
0814de40	80	_ZN16KChannelProtocol13NotifyFiniMsgEt	KChannelProtocol::NotifyFiniMsg(unsigned short)
0814de90	127	_ZN16KChannelProtocol13NotifySyncMsgEPKctt	KChannelProtocol::NotifySyncMsg(char const*,unsigned short,unsigned short)
0814df10	142	_ZN16KChannelProtocol16ChannelBroadcastEP12KChatChannelPKvj	KChannelProtocol::ChannelBroadcast(KChatChannel *,void const*,unsigned int)
0814dfa0	113	_ZN16KChannelProtocol16FillinChannelMsgEmP23CHAT_DYNCHANNEL_RECVMSGP23CHAT_DYNCHANNEL_SENDMSG	KChannelProtocol::FillinChannelMsg(unsigned long,CHAT_DYNCHANNEL_RECVMSG *,CHAT_DYNCHANNEL_SENDMSG *)
0814e020	276	_ZN16KChannelProtocol13OnRecvMessageEPKvm	KChannelProtocol::OnRecvMessage(void const*,unsigned long)
0814e140	551	_ZN16KChannelProtocol5LoginEPKc	KChannelProtocol::Login(char const*)
0814e370	645	_ZN16KChannelProtocol13DeleteChannelEPKc	KChannelProtocol::DeleteChannel(char const*)
0814e600	469	_ZN16KChannelProtocol13CreateChannelEPKct	KChannelProtocol::CreateChannel(char const*,unsigned short)
0814e7e0	517	_ZN16KChannelProtocol6LogoutEPKc	KChannelProtocol::Logout(char const*)
0814e9f0	42	_ZNSt10_List_baseI11TChatClientSaIS0_EE8_M_clearEv	std::_List_base<TChatClient,std::allocator<TChatClient>>::_M_clear(void)
0814ea20	18	_ZN12KChatChannel14GetChannelInfoEP15TChatChannelInf	KChatChannel::GetChannelInfo(TChatChannelInf *)
0814ea40	18	_ZN12KChatChannel14SetChannelInfoEPK15TChatChannelInf	KChatChannel::SetChannelInfo(TChatChannelInf const*)
0814ea60	19	_ZN12KChatChannel7IsEmptyEv	KChatChannel::IsEmpty(void)
0814ea80	122	_ZN12KChatChannel10LogoutImplERK11TChatClienti	KChatChannel::LogoutImpl(TChatClient const&,int)
0814eb00	34	_ZN12KChatChannel6LogoutERK11TChatClient	KChatChannel::Logout(TChatClient const&)
0814eb30	51	_ZN12KChatChannelC1Et	KChatChannel::KChatChannel(unsigned short)
0814eb70	111	_ZN12KChatChannelD2Ev	KChatChannel::~KChatChannel()
0814ebe0	51	_ZN12KChatChannel8IsOnlineERK11TChatClient	KChatChannel::IsOnline(TChatClient const&)
0814ec20	190	_ZN12KChatChannel5LoginERK11TChatClient	KChatChannel::Login(TChatClient const&)
0814ece0	51	_ZN12KChatChannelC2Et	KChatChannel::KChatChannel(unsigned short)
0814ed20	110	_ZN12KChatChannel13GetAllClientsEPP8KEnumObjI11TChatClientE	KChatChannel::GetAllClients(KEnumObj<TChatClient> **)
0814ed90	111	_ZN12KChatChannelD1Ev	KChatChannel::~KChatChannel()
0814ee00	171	_ZN12KChatChannel13SetClientInfoERK11TChatClientP14TChatClientInf	KChatChannel::SetClientInfo(TChatClient const&,TChatClientInf *)
0814eeb0	171	_ZN12KChatChannel13GetClientInfoERK11TChatClientP14TChatClientInf	KChatChannel::GetClientInfo(TChatClient const&,TChatClientInf *)
0814ef60	87	_ZNSt8_Rb_treeI11TChatClientSt4pairIKS0_14TChatClientInfESt10_Select1stIS4_ESt4lessIS0_ESaIS4_EE4findERS2_	std::_Rb_tree<TChatClient,std::pair<TChatClient const,TChatClientInf>,std::_Select1st<std::pair<TChatClient const,TChatClientInf>>,std::less<TChatClient>,std::allocator<std::pair<TChatClient const,TChatClientInf>>>::find(TChatClient const&)
0814efc0	62	_ZNSt8_Rb_treeI11TChatClientSt4pairIKS0_14TChatClientInfESt10_Select1stIS4_ESt4lessIS0_ESaIS4_EE11lower_boundERS2_	std::_Rb_tree<TChatClient,std::pair<TChatClient const,TChatClientInf>,std::_Select1st<std::pair<TChatClient const,TChatClientInf>>,std::less<TChatClient>,std::allocator<std::pair<TChatClient const,TChatClientInf>>>::lower_bound(TChatClient const&)
0814f000	152	_ZNSt8_Rb_treeI11TChatClientSt4pairIKS0_14TChatClientInfESt10_Select1stIS4_ESt4lessIS0_ESaIS4_EE9_M_insertEPSt18_Rb_tree_node_baseSC_RKS4_	std::_Rb_tree<TChatClient,std::pair<TChatClient const,TChatClientInf>,std::_Select1st<std::pair<TChatClient const,TChatClientInf>>,std::less<TChatClient>,std::allocator<std::pair<TChatClient const,TChatClientInf>>>::_M_insert(std::_Rb_tree_node_base *,std::_Rb_tree_node_base *,std::pair<TChatClient const,TChatClientInf> const&)
0814f0a0	236	_ZNSt8_Rb_treeI11TChatClientSt4pairIKS0_14TChatClientInfESt10_Select1stIS4_ESt4lessIS0_ESaIS4_EE13insert_uniqueERKS4_	std::_Rb_tree<TChatClient,std::pair<TChatClient const,TChatClientInf>,std::_Select1st<std::pair<TChatClient const,TChatClientInf>>,std::less<TChatClient>,std::allocator<std::pair<TChatClient const,TChatClientInf>>>::insert_unique(std::pair<TChatClient const,TChatClientInf> const&)
0814f190	59	_ZNSt8_Rb_treeI11TChatClientSt4pairIKS0_14TChatClientInfESt10_Select1stIS4_ESt4lessIS0_ESaIS4_EE8_M_eraseEPSt13_Rb_tree_nodeIS4_E	std::_Rb_tree<TChatClient,std::pair<TChatClient const,TChatClientInf>,std::_Select1st<std::pair<TChatClient const,TChatClientInf>>,std::less<TChatClient>,std::allocator<std::pair<TChatClient const,TChatClientInf>>>::_M_erase(std::_Rb_tree_node<std::pair<TChatClient const,TChatClientInf>> *)
0814f1d0	593	_ZNSt8_Rb_treeI11TChatClientSt4pairIKS0_14TChatClientInfESt10_Select1stIS4_ESt4lessIS0_ESaIS4_EE13insert_uniqueESt17_Rb_tree_iteratorIS4_ERKS4_	std::_Rb_tree<TChatClient,std::pair<TChatClient const,TChatClientInf>,std::_Select1st<std::pair<TChatClient const,TChatClientInf>>,std::less<TChatClient>,std::allocator<std::pair<TChatClient const,TChatClientInf>>>::insert_unique(std::_Rb_tree_iterator<std::pair<TChatClient const,TChatClientInf>>,std::pair<TChatClient const,TChatClientInf> const&)
0814f430	10	_ZN13KChatChannels8InstanceEv	KChatChannels::Instance(void)
0814f440	44	_ZN13KChatChannelsC2Ev	KChatChannels::KChatChannels(void)
0814f470	133	_ZN13KChatChannels13RemoveChannelEt	KChatChannels::RemoveChannel(unsigned short)
0814f500	62	_ZN13KChatChannels10GetChannelEt	KChatChannels::GetChannel(unsigned short)
0814f540	162	_ZN13KChatChannels4QuitEP7KPlayer	KChatChannels::Quit(KPlayer *)
0814f5f0	58	_ZN13KChatChannels10HasChannelEt	KChatChannels::HasChannel(unsigned short)
0814f630	232	_ZN13KChatChannels13CreateChannelERt	KChatChannels::CreateChannel(unsigned short &)
0814f720	110	_ZN13KChatChannels14GetAllChannelsEPP8KEnumObjIP12KChatChannelE	KChatChannels::GetAllChannels(KEnumObj<KChatChannel *> **)
0814f790	44	_ZN13KChatChannelsC1Ev	KChatChannels::KChatChannels(void)
0814f7c0	66	_Z41__static_initialization_and_destruction_0ii_33	_Z41__static_initialization_and_destruction_0ii_33
0814f810	16	_GLOBAL__I__ZN13KChatChannels13m_objChannelsE	`global constructor keyed to'KChatChannels::m_objChannels
0814f820	158	_ZN13KChatChannelsD2Ev	KChatChannels::~KChatChannels()
0814f8c0	158	_ZN13KChatChannelsD1Ev	KChatChannels::~KChatChannels()
0814f960	16	__tcf_0_22	__tcf_0_22
0814f970	91	_ZNSt8_Rb_treeItSt4pairIKtP12KChatChannelESt10_Select1stIS4_ESt4lessItESaIS4_EE4findERS1_	std::_Rb_tree<unsigned short,std::pair<unsigned short const,KChatChannel *>,std::_Select1st<std::pair<unsigned short const,KChatChannel *>>,std::less<unsigned short>,std::allocator<std::pair<unsigned short const,KChatChannel *>>>::find(unsigned short const&)
0814f9d0	63	_ZNSt8_Rb_treeItSt4pairIKtP12KChatChannelESt10_Select1stIS4_ESt4lessItESaIS4_EE11lower_boundERS1_	std::_Rb_tree<unsigned short,std::pair<unsigned short const,KChatChannel *>,std::_Select1st<std::pair<unsigned short const,KChatChannel *>>,std::less<unsigned short>,std::allocator<std::pair<unsigned short const,KChatChannel *>>>::lower_bound(unsigned short const&)
0814fa10	42	_ZNSt10_List_baseItSaItEE8_M_clearEv	std::_List_base<unsigned short,std::allocator<unsigned short>>::_M_clear(void)
0814fa40	59	_ZNSt8_Rb_treeItSt4pairIKtP12KChatChannelESt10_Select1stIS4_ESt4lessItESaIS4_EE8_M_eraseEPSt13_Rb_tree_nodeIS4_E	std::_Rb_tree<unsigned short,std::pair<unsigned short const,KChatChannel *>,std::_Select1st<std::pair<unsigned short const,KChatChannel *>>,std::less<unsigned short>,std::allocator<std::pair<unsigned short const,KChatChannel *>>>::_M_erase(std::_Rb_tree_node<std::pair<unsigned short const,KChatChannel *>> *)
0814fa80	154	_ZNSt8_Rb_treeItSt4pairIKtP12KChatChannelESt10_Select1stIS4_ESt4lessItESaIS4_EE9_M_insertEPSt18_Rb_tree_node_baseSC_RKS4_	std::_Rb_tree<unsigned short,std::pair<unsigned short const,KChatChannel *>,std::_Select1st<std::pair<unsigned short const,KChatChannel *>>,std::less<unsigned short>,std::allocator<std::pair<unsigned short const,KChatChannel *>>>::_M_insert(std::_Rb_tree_node_base *,std::_Rb_tree_node_base *,std::pair<unsigned short const,KChatChannel *> const&)
0814fb20	241	_ZNSt8_Rb_treeItSt4pairIKtP12KChatChannelESt10_Select1stIS4_ESt4lessItESaIS4_EE13insert_uniqueERKS4_	std::_Rb_tree<unsigned short,std::pair<unsigned short const,KChatChannel *>,std::_Select1st<std::pair<unsigned short const,KChatChannel *>>,std::less<unsigned short>,std::allocator<std::pair<unsigned short const,KChatChannel *>>>::insert_unique(std::pair<unsigned short const,KChatChannel *> const&)
0814fc20	595	_ZNSt8_Rb_treeItSt4pairIKtP12KChatChannelESt10_Select1stIS4_ESt4lessItESaIS4_EE13insert_uniqueESt17_Rb_tree_iteratorIS4_ERKS4_	std::_Rb_tree<unsigned short,std::pair<unsigned short const,KChatChannel *>,std::_Select1st<std::pair<unsigned short const,KChatChannel *>>,std::less<unsigned short>,std::allocator<std::pair<unsigned short const,KChatChannel *>>>::insert_unique(std::_Rb_tree_iterator<std::pair<unsigned short const,KChatChannel *>>,std::pair<unsigned short const,KChatChannel *> const&)
0814fe80	38	_ZN13KChannelAliasC2Ev	KChannelAlias::KChannelAlias(void)
0814feb0	38	_ZN13KChannelAliasC1Ev	KChannelAlias::KChannelAlias(void)
0814fee0	66	_Z41__static_initialization_and_destruction_0ii_34	_Z41__static_initialization_and_destruction_0ii_34
0814ff30	16	_GLOBAL__I__ZN13KChannelAlias17m_objChannelAliasE	`global constructor keyed to'KChannelAlias::m_objChannelAlias
0814ff40	51	_ZN13KChannelAlias8HasAliasERKSs	KChannelAlias::HasAlias(std::string const&)
0814ff80	163	_ZN13KChannelAlias8DelAliasERKSs	KChannelAlias::DelAlias(std::string const&)
08150030	67	_ZN13KChannelAlias10GetAliasIDERKSsRt	KChannelAlias::GetAliasID(std::string const&,unsigned short &)
08150080	34	_ZN13KChannelAliasD2Ev	KChannelAlias::~KChannelAlias()
081500b0	34	_ZN13KChannelAliasD1Ev	KChannelAlias::~KChannelAlias()
081500e0	16	__tcf_0_23	__tcf_0_23
081500f0	430	_ZN13KChannelAlias8AddAliasERKSst	KChannelAlias::AddAlias(std::string const&,unsigned short)
081502a0	275	_ZNSt8_Rb_treeISsSt4pairIKSstESt10_Select1stIS2_ESt4lessISsESaIS2_EE4findERS1_	std::_Rb_tree<std::string,std::pair<std::string const,unsigned short>,std::_Select1st<std::pair<std::string const,unsigned short>>,std::less<std::string>,std::allocator<std::pair<std::string const,unsigned short>>>::find(std::string const&)
081503c0	122	_ZNSt8_Rb_treeISsSt4pairIKSstESt10_Select1stIS2_ESt4lessISsESaIS2_EE8_M_eraseEPSt13_Rb_tree_nodeIS2_E	std::_Rb_tree<std::string,std::pair<std::string const,unsigned short>,std::_Select1st<std::pair<std::string const,unsigned short>>,std::less<std::string>,std::allocator<std::pair<std::string const,unsigned short>>>::_M_erase(std::_Rb_tree_node<std::pair<std::string const,unsigned short>> *)
08150440	273	_ZNSt8_Rb_treeISsSt4pairIKSstESt10_Select1stIS2_ESt4lessISsESaIS2_EE9_M_insertEPSt18_Rb_tree_node_baseSA_RKS2_	std::_Rb_tree<std::string,std::pair<std::string const,unsigned short>,std::_Select1st<std::pair<std::string const,unsigned short>>,std::less<std::string>,std::allocator<std::pair<std::string const,unsigned short>>>::_M_insert(std::_Rb_tree_node_base *,std::_Rb_tree_node_base *,std::pair<std::string const,unsigned short> const&)
08150560	455	_ZNSt8_Rb_treeISsSt4pairIKSstESt10_Select1stIS2_ESt4lessISsESaIS2_EE13insert_uniqueERKS2_	std::_Rb_tree<std::string,std::pair<std::string const,unsigned short>,std::_Select1st<std::pair<std::string const,unsigned short>>,std::less<std::string>,std::allocator<std::pair<std::string const,unsigned short>>>::insert_unique(std::pair<std::string const,unsigned short> const&)
08150730	1140	_ZNSt8_Rb_treeISsSt4pairIKSstESt10_Select1stIS2_ESt4lessISsESaIS2_EE13insert_uniqueESt17_Rb_tree_iteratorIS2_ERKS2_	std::_Rb_tree<std::string,std::pair<std::string const,unsigned short>,std::_Select1st<std::pair<std::string const,unsigned short>>,std::less<std::string>,std::allocator<std::pair<std::string const,unsigned short>>>::insert_unique(std::_Rb_tree_iterator<std::pair<std::string const,unsigned short>>,std::pair<std::string const,unsigned short> const&)
08150bb0	155	_ZNSt8_Rb_treeISsSt4pairIKSstESt10_Select1stIS2_ESt4lessISsESaIS2_EE11lower_boundERS1_	std::_Rb_tree<std::string,std::pair<std::string const,unsigned short>,std::_Select1st<std::pair<std::string const,unsigned short>>,std::less<std::string>,std::allocator<std::pair<std::string const,unsigned short>>>::lower_bound(std::string const&)
08150c50	21	_ZN13KItemEnchaserC2Ev	KItemEnchaser::KItemEnchaser(void)
08150c70	21	_ZN13KItemEnchaserC1Ev	KItemEnchaser::KItemEnchaser(void)
08150c90	10	_ZN13KItemEnchaser4InitEv	KItemEnchaser::Init(void)
08150ca0	20	_ZN12KWeaponAtlas13GetWeaponTypeEP5KItem	KWeaponAtlas::GetWeaponType(KItem *)
08150cc0	66	_Z41__static_initialization_and_destruction_0ii_35	_Z41__static_initialization_and_destruction_0ii_35
08150d10	16	_GLOBAL__I_g_ItemEnchaser	`global constructor keyed to'g_ItemEnchaser
08150d20	37	__tcf_1_18	__tcf_1_18
08150d50	37	__tcf_0_24	__tcf_0_24
08150d80	14	_ZN13KItemEnchaserD1Ev	KItemEnchaser::~KItemEnchaser()
08150d90	16	__tcf_2_10	__tcf_2_10
08150da0	78	_ZN12KWeaponAtlas14LoadAtlasTypesEPNS_10WeaponDataEiRSt3setIiSt4lessIiESaIiEE	KWeaponAtlas::LoadAtlasTypes(KWeaponAtlas::WeaponData *,int,std::set<int,std::less<int>,std::allocator<int>> &)
08150df0	82	_ZN13KItemEnchaser15GetItemEnchaserEP15TCompoundParams	KItemEnchaser::GetItemEnchaser(TCompoundParams *)
08150e50	112	_ZN13KItemEnchaser14Log_RemoveItemEiP5KItem	KItemEnchaser::Log_RemoveItem(int,KItem *)
08150ec0	152	_ZN13KItemEnchaser10RemoveItemEiP5KItem	KItemEnchaser::RemoveItem(int,KItem *)
08150f60	20	_ZN13KItemEnchaser16RemoveItemSafelyEiP5KItem	KItemEnchaser::RemoveItemSafely(int,KItem *)
08150f80	111	_ZN13KItemEnchaser8CopyItemEP5KItemS1_	KItemEnchaser::CopyItem(KItem *,KItem *)
08150ff0	408	_ZN13KItemEnchaser7CompundEP15TCompoundParamsP15TCompoundResult	KItemEnchaser::Compund(TCompoundParams *,TCompoundResult *)
08151190	215	_ZN12KWeaponAtlas7IsAtlasEP5KItem	KWeaponAtlas::IsAtlas(KItem *)
08151270	69	_ZN13KItemEnchaser13GetStoneCountEP13KCompoundPart	KItemEnchaser::GetStoneCount(KCompoundPart *)
081512c0	434	_ZN12KWeaponAtlas5MatchEP5KItemS1_Pi	KWeaponAtlas::Match(KItem *,KItem *,int *)
08151480	14	_ZN13KItemEnchaserD2Ev	KItemEnchaser::~KItemEnchaser()
08151490	18	_ZN13KItemEnchaserD0Ev	KItemEnchaser::~KItemEnchaser()
081514b0	10	_ZN15KItemCompounder4InitEv	KItemCompounder::Init(void)
081514c0	18	_ZN15KItemCompounderD0Ev	KItemCompounder::~KItemCompounder()
081514e0	14	_ZN15KItemCompounderD1Ev	KItemCompounder::~KItemCompounder()
081514f0	10	_ZN12KEnchaserSet17GetEnchasersCountEv	KEnchaserSet::GetEnchasersCount(void)
08151500	15	_ZN12KEnchaserSet11GetEnchaserEi	KEnchaserSet::GetEnchaser(int)
08151510	50	_ZN12KEnchaserSet4InitEv	KEnchaserSet::Init(void)
08151550	246	_Z41__static_initialization_and_destruction_0ii_36	_Z41__static_initialization_and_destruction_0ii_36
08151650	19	_GLOBAL__I__ZN12KEnchaserSet18m_objStoneEnchaserE	`global constructor keyed to'KEnchaserSet::m_objStoneEnchaser
08151670	77	__tcf_3_8	__tcf_3_8
081516c0	16	__tcf_2_11	__tcf_2_11
081516d0	16	__tcf_1_19	__tcf_1_19
081516e0	16	__tcf_0_25	__tcf_0_25
081516f0	10	_ZN9IEnchaser4InitEv	IEnchaser::Init(void)
08151700	122	_ZNSt8_Rb_treeIiSt4pairIKiSsESt10_Select1stIS2_ESt4lessIiESaIS2_EE8_M_eraseEPSt13_Rb_tree_nodeIS2_E	std::_Rb_tree<int,std::pair<int const,std::string>,std::_Select1st<std::pair<int const,std::string>>,std::less<int>,std::allocator<std::pair<int const,std::string>>>::_M_erase(std::_Rb_tree_node<std::pair<int const,std::string>> *)
08151780	10	_ZN15KFineryEnchaser17IsDirectEnchasingEP13KCompoundPart	KFineryEnchaser::IsDirectEnchasing(KCompoundPart *)
08151790	10	_ZN15KFineryEnchaser9WinStakesEP15TCompoundParams	KFineryEnchaser::WinStakes(TCompoundParams *)
081517a0	49	_ZN15KFineryEnchaser15UpdateItemLevelEP13KCompoundPartP5KItem	KFineryEnchaser::UpdateItemLevel(KCompoundPart *,KItem *)
081517e0	37	_ZN15KFineryEnchaserD0Ev	KFineryEnchaser::~KFineryEnchaser()
08151810	18	_ZN15KFineryEnchaserD1Ev	KFineryEnchaser::~KFineryEnchaser()
08151830	18	_ZN15KFineryEnchaserD2Ev	KFineryEnchaser::~KFineryEnchaser()
08151850	30	_ZN15KFineryEnchaserC1Ev	KFineryEnchaser::KFineryEnchaser(void)
08151870	30	_ZN15KFineryEnchaserC2Ev	KFineryEnchaser::KFineryEnchaser(void)
08151890	27	_ZN15KFineryEnchaser11RemoveItemsEP15TCompoundParams	KFineryEnchaser::RemoveItems(TCompoundParams *)
081518b0	68	_ZN15KFineryEnchaser20CheckStonesPlacementEP15TCompoundParams	KFineryEnchaser::CheckStonesPlacement(TCompoundParams *)
08151900	36	_ZN15KFineryEnchaser20CheckSourcePlacementEP5KItem	KFineryEnchaser::CheckSourcePlacement(KItem *)
08151930	92	_ZN15KFineryEnchaser16CheckSourceLevelEP15TCompoundParamsPi	KFineryEnchaser::CheckSourceLevel(TCompoundParams *,int *)
08151990	10	_ZN14KLotteryCenter4LoadEv	KLotteryCenter::Load(void)
081519a0	167	_ZN11KTicketInfo13WriteRelayLogEv	KTicketInfo::WriteRelayLog(void)
08151a50	198	_ZN11KTicketInfo10SaveRecordEv	KTicketInfo::SaveRecord(void)
08151b20	69	_ZN14KLotteryCenter4SaveEv	KLotteryCenter::Save(void)
08151b70	83	_ZN14KLotteryCenter12PayforTicketEj	KLotteryCenter::PayforTicket(unsigned int)
08151bd0	355	_ZN11KTicketInfo10LoadRecordEv	KTicketInfo::LoadRecord(void)
08151d40	173	_ZN14KLotteryCenter9SetAnswerEjj	KLotteryCenter::SetAnswer(unsigned int,unsigned int)
08151df0	204	_Z41__static_initialization_and_destruction_0ii_37	_Z41__static_initialization_and_destruction_0ii_37
08151ec0	19	_GLOBAL__I_g_LotteryCenter	`global constructor keyed to'g_LotteryCenter
08151ee0	370	__tcf_0_26	__tcf_0_26
08152060	209	_ZN14KLotteryCenter9BuyTicketEjj	KLotteryCenter::BuyTicket(unsigned int,unsigned int)
08152140	1244	_ZN14KLotteryCenter15InitQuestionSetEP8KTabFile	KLotteryCenter::InitQuestionSet(KTabFile *)
08152620	59	_ZNSt8_Rb_treeIjSt4pairIKjP16KLotteryQuestionESt10_Select1stIS4_ESt4lessIjESaIS4_EE8_M_eraseEPSt13_Rb_tree_nodeIS4_E	std::_Rb_tree<unsigned int,std::pair<unsigned int const,KLotteryQuestion *>,std::_Select1st<std::pair<unsigned int const,KLotteryQuestion *>>,std::less<unsigned int>,std::allocator<std::pair<unsigned int const,KLotteryQuestion *>>>::_M_erase(std::_Rb_tree_node<std::pair<unsigned int const,KLotteryQuestion *>> *)
08152660	59	_ZNSt8_Rb_treeIjSt4pairIKjP11KTicketInfoESt10_Select1stIS4_ESt4lessIjESaIS4_EE8_M_eraseEPSt13_Rb_tree_nodeIS4_E	std::_Rb_tree<unsigned int,std::pair<unsigned int const,KTicketInfo *>,std::_Select1st<std::pair<unsigned int const,KTicketInfo *>>,std::less<unsigned int>,std::allocator<std::pair<unsigned int const,KTicketInfo *>>>::_M_erase(std::_Rb_tree_node<std::pair<unsigned int const,KTicketInfo *>> *)
081526a0	10	_ZN14KAtlasEnchaser17IsDirectEnchasingEP13KCompoundPart	KAtlasEnchaser::IsDirectEnchasing(KCompoundPart *)
081526b0	10	_ZN14KAtlasEnchaser9WinStakesEP15TCompoundParams	KAtlasEnchaser::WinStakes(TCompoundParams *)
081526c0	37	_ZN14KAtlasEnchaserD0Ev	KAtlasEnchaser::~KAtlasEnchaser()
081526f0	18	_ZN14KAtlasEnchaserD1Ev	KAtlasEnchaser::~KAtlasEnchaser()
08152710	18	_ZN14KAtlasEnchaserD2Ev	KAtlasEnchaser::~KAtlasEnchaser()
08152730	30	_ZN14KAtlasEnchaserC1Ev	KAtlasEnchaser::KAtlasEnchaser(void)
08152750	30	_ZN14KAtlasEnchaserC2Ev	KAtlasEnchaser::KAtlasEnchaser(void)
08152770	112	_ZN14KAtlasEnchaser11EnchaseItemEP15TCompoundParamsP5KItemPi	KAtlasEnchaser::EnchaseItem(TCompoundParams *,KItem *,int *)
081527e0	48	_ZN14KAtlasEnchaser20CheckStonesPlacementEP15TCompoundParams	KAtlasEnchaser::CheckStonesPlacement(TCompoundParams *)
08152810	25	_ZN14KAtlasEnchaser20CheckSourcePlacementEP5KItem	KAtlasEnchaser::CheckSourcePlacement(KItem *)
08152830	14	_ZN14KStoneEnchaserC2Ev	KStoneEnchaser::KStoneEnchaser(void)
08152840	69	_ZN14KStoneEnchaser13GetStoneCountEP13KCompoundPart	KStoneEnchaser::GetStoneCount(KCompoundPart *)
08152890	103	_ZN14KStoneEnchaser13EnchaseStonesEP13KCompoundPartP5KItemPi	KStoneEnchaser::EnchaseStones(KCompoundPart *,KItem *,int *)
08152900	12	_ZN14KStoneEnchaser15UpdateItemLevelEP13KCompoundPartP5KItem	KStoneEnchaser::UpdateItemLevel(KCompoundPart *,KItem *)
08152910	35	_ZN14KStoneEnchaser11IsWhiteItemEP5KItem	KStoneEnchaser::IsWhiteItem(KItem *)
08152940	64	_ZN14KStoneEnchaser16UpdateDurabilityEP5KItemS1_	KStoneEnchaser::UpdateDurability(KItem *,KItem *)
08152980	18	_ZN14KStoneEnchaserD0Ev	KStoneEnchaser::~KStoneEnchaser()
081529a0	14	_ZN14KStoneEnchaserD1Ev	KStoneEnchaser::~KStoneEnchaser()
081529b0	14	_ZN14KStoneEnchaserD2Ev	KStoneEnchaser::~KStoneEnchaser()
081529c0	96	_ZN14KStoneEnchaser11CheckParamsEP15TCompoundParams	KStoneEnchaser::CheckParams(TCompoundParams *)
08152a20	37	_ZN14KStoneEnchaser17IsDirectEnchasingEP13KCompoundPart	KStoneEnchaser::IsDirectEnchasing(KCompoundPart *)
08152a50	122	_ZN14KStoneEnchaser19EnchaseStone_SeriesEP13KCompoundPartP5KItemPi	KStoneEnchaser::EnchaseStone_Series(KCompoundPart *,KItem *,int *)
08152ad0	89	_ZN14KStoneEnchaser18EnchaseStone_LevelEP13KCompoundPartP5KItemPi	KStoneEnchaser::EnchaseStone_Level(KCompoundPart *,KItem *,int *)
08152b30	37	_ZN14KStoneEnchaser16CheckSourceLevelEP15TCompoundParamsPi	KStoneEnchaser::CheckSourceLevel(TCompoundParams *,int *)
08152b60	77	_ZN14KStoneEnchaser11RemoveItemsEP15TCompoundParams	KStoneEnchaser::RemoveItems(TCompoundParams *)
08152bb0	18	_ZN14KStoneEnchaser20CheckSourcePlacementEP5KItem	KStoneEnchaser::CheckSourcePlacement(KItem *)
08152bd0	114	_ZN14KStoneEnchaser18EnchaseStone_MagicEP13KCompoundPartP5KItemPi	KStoneEnchaser::EnchaseStone_Magic(KCompoundPart *,KItem *,int *)
08152c50	140	_ZN14KStoneEnchaser20CheckStonesPlacementEP15TCompoundParams	KStoneEnchaser::CheckStonesPlacement(TCompoundParams *)
08152ce0	51	_ZN14KStoneEnchaser9WinStakesEP15TCompoundParams	KStoneEnchaser::WinStakes(TCompoundParams *)
08152d20	14	_ZN14KStoneEnchaserC1Ev	KStoneEnchaser::KStoneEnchaser(void)
08152d30	1288	_ZN14KStoneEnchaser12UpdateWeaponEP15TCompoundParamsP5KItemPi	KStoneEnchaser::UpdateWeapon(TCompoundParams *,KItem *,int *)
08153240	130	_ZN14KStoneEnchaser11EnchaseItemEP15TCompoundParamsP5KItemPi	KStoneEnchaser::EnchaseItem(TCompoundParams *,KItem *,int *)
081532d0	10	_Z18gUnInitAntiBotDealv	gUnInitAntiBotDeal(void)
081532e0	114	_Z41__static_initialization_and_destruction_0ii_38	_Z41__static_initialization_and_destruction_0ii_38
08153360	19	_GLOBAL__I_g_AntiBotLogFile	`global constructor keyed to'g_AntiBotLogFile
08153380	16	__tcf_1_20	__tcf_1_20
08153390	16	__tcf_0_27	__tcf_0_27
081533a0	580	_ZN11KAntiBotMan8WriteLogEv	KAntiBotMan::WriteLog(void)
081535f0	129	_ZN11KAntiBotMan18StartAntiBotActionEv	KAntiBotMan::StartAntiBotAction(void)
08153680	87	_ZN11KAntiBotMan11RefuseLoginEi	KAntiBotMan::RefuseLogin(int)
081536e0	625	_ZN11KAntiBotMan10StartTimerEv	KAntiBotMan::StartTimer(void)
08153960	70	_ZN11KAntiBotMan18MakeAntiBotItemKeyEi	KAntiBotMan::MakeAntiBotItemKey(int)
081539b0	68	_ZN11KAntiBotMan17SetDelayCatchTimeEi	KAntiBotMan::SetDelayCatchTime(int)
08153a00	68	_ZN11KAntiBotMan20SetDeleteAccountFlagEi	KAntiBotMan::SetDeleteAccountFlag(int)
08153a50	68	_ZN11KAntiBotMan16SetPunishBotFlagEi	KAntiBotMan::SetPunishBotFlag(int)
08153aa0	559	_Z16gInitAntiBotDealv	gInitAntiBotDeal(void)
08153cd0	554	_ZN11KAntiBotMan8ActivateEv	KAntiBotMan::Activate(void)
08153f00	50	_ZN11KAntiBotMan20MakeAntiBotClientKeyEi	KAntiBotMan::MakeAntiBotClientKey(int)
08153f40	180	_Z21gMakeAntiBotClientKeyii	gMakeAntiBotClientKey(int,int)
08154000	191	_Z19gMakeAntiBotItemKeyii	gMakeAntiBotItemKey(int,int)
081540c0	72	_ZN19KAntiBotSignCodeMan19SetSignCodeSyncTimeEi	KAntiBotSignCodeMan::SetSignCodeSyncTime(int)
08154110	103	_ZN19KAntiBotSignCodeMan20_SendDataToAllPlayerEPvi	KAntiBotSignCodeMan::_SendDataToAllPlayer(void *,int)
08154180	136	_ZN19KAntiBotSignCodeMan16_SendCode2ClientEPKc	KAntiBotSignCodeMan::_SendCode2Client(char const*)
08154210	91	_ZN19KAntiBotSignCodeMan19SyncSignCode2ClientEv	KAntiBotSignCodeMan::SyncSignCode2Client(void)
08154270	355	_ZN19KAntiBotSignCodeMan14AddBotSignCodeEPKc	KAntiBotSignCodeMan::AddBotSignCode(char const*)
081543e0	70	_ZN19KAntiBotSignCodeMan14GetCVCodeCountEm	KAntiBotSignCodeMan::GetCVCodeCount(unsigned long)
08154430	102	_ZN19KAntiBotSignCodeMan9GetCVCodeEim	KAntiBotSignCodeMan::GetCVCode(int,unsigned long)
081544a0	75	_ZN19KAntiBotSignCodeMan17GetAllVCCodeCountEv	KAntiBotSignCodeMan::GetAllVCCodeCount(void)
081544f0	211	_Z41__static_initialization_and_destruction_0ii_39	_Z41__static_initialization_and_destruction_0ii_39
081545d0	19	_GLOBAL__I_AntiBotSignCodeMan	`global constructor keyed to'AntiBotSignCodeMan
081545f0	280	_ZN19KAntiBotSignCodeMan16ClearBotSignCodeEv	KAntiBotSignCodeMan::ClearBotSignCode(void)
08154710	164	_ZN19KAntiBotSignCodeMan11ClearCVCodeEm	KAntiBotSignCodeMan::ClearCVCode(unsigned long)
081547c0	190	__tcf_0_28	__tcf_0_28
08154880	353	_ZN19KAntiBotSignCodeMan20CheckClientValidCodeEP7KPlayer	KAntiBotSignCodeMan::CheckClientValidCode(KPlayer *)
081549f0	330	_ZN19KAntiBotSignCodeMan9AddCVCodeEmmmm	KAntiBotSignCodeMan::AddCVCode(unsigned long,unsigned long,unsigned long,unsigned long)
08154b40	876	_ZN19KAntiBotSignCodeMan4ReadEP8KIniFile	KAntiBotSignCodeMan::Read(KIniFile *)
08154eb0	87	_ZNSt8_Rb_treeImSt4pairIKmSt6vectorIN19KAntiBotSignCodeMan15ClientValidCodeESaIS4_EEESt10_Select1stIS7_ESt4lessImESaIS7_EE4findERS1_	std::_Rb_tree<unsigned long,std::pair<unsigned long const,std::vector<KAntiBotSignCodeMan::ClientValidCode,std::allocator<KAntiBotSignCodeMan::ClientValidCode>>>,std::_Select1st<std::pair<unsigned long const,std::vector<KAntiBotSignCodeMan::ClientValidCode,std::allocator<KAntiBotSignCodeMan::ClientValidCode>>>>,std::less<unsigned long>,std::allocator<std::pair<unsigned long const,std::vector<KAntiBotSignCodeMan::ClientValidCode,std::allocator<KAntiBotSignCodeMan::ClientValidCode>>>>>::find(unsigned long const&)
08154f10	62	_ZNSt8_Rb_treeImSt4pairIKmSt6vectorIN19KAntiBotSignCodeMan15ClientValidCodeESaIS4_EEESt10_Select1stIS7_ESt4lessImESaIS7_EE11lower_boundERS1_	std::_Rb_tree<unsigned long,std::pair<unsigned long const,std::vector<KAntiBotSignCodeMan::ClientValidCode,std::allocator<KAntiBotSignCodeMan::ClientValidCode>>>,std::_Select1st<std::pair<unsigned long const,std::vector<KAntiBotSignCodeMan::ClientValidCode,std::allocator<KAntiBotSignCodeMan::ClientValidCode>>>>,std::less<unsigned long>,std::allocator<std::pair<unsigned long const,std::vector<KAntiBotSignCodeMan::ClientValidCode,std::allocator<KAntiBotSignCodeMan::ClientValidCode>>>>>::lower_bound(unsigned long const&)
08154f50	415	_ZNSt6vectorIN19KAntiBotSignCodeMan15ClientValidCodeESaIS1_EE13_M_insert_auxEN9__gnu_cxx17__normal_iteratorIPS1_S3_EERKS1_	std::vector<KAntiBotSignCodeMan::ClientValidCode,std::allocator<KAntiBotSignCodeMan::ClientValidCode>>::_M_insert_aux(__gnu_cxx::__normal_iterator<KAntiBotSignCodeMan::ClientValidCode*,std::vector<KAntiBotSignCodeMan::ClientValidCode,std::allocator<KAntiBotSignCodeMan::ClientValidCode>>>,KAntiBotSignCodeMan::ClientValidCode const&)
081550f0	324	_ZNSt8_Rb_treeImSt4pairIKmSt6vectorIN19KAntiBotSignCodeMan15ClientValidCodeESaIS4_EEESt10_Select1stIS7_ESt4lessImESaIS7_EE9_M_insertEPSt18_Rb_tree_node_baseSF_RKS7_	std::_Rb_tree<unsigned long,std::pair<unsigned long const,std::vector<KAntiBotSignCodeMan::ClientValidCode,std::allocator<KAntiBotSignCodeMan::ClientValidCode>>>,std::_Select1st<std::pair<unsigned long const,std::vector<KAntiBotSignCodeMan::ClientValidCode,std::allocator<KAntiBotSignCodeMan::ClientValidCode>>>>,std::less<unsigned long>,std::allocator<std::pair<unsigned long const,std::vector<KAntiBotSignCodeMan::ClientValidCode,std::allocator<KAntiBotSignCodeMan::ClientValidCode>>>>>::_M_insert(std::_Rb_tree_node_base *,std::_Rb_tree_node_base *,std::pair<unsigned long const,std::vector<KAntiBotSignCodeMan::ClientValidCode,std::allocator<KAntiBotSignCodeMan::ClientValidCode>>> const&)
08155240	236	_ZNSt8_Rb_treeImSt4pairIKmSt6vectorIN19KAntiBotSignCodeMan15ClientValidCodeESaIS4_EEESt10_Select1stIS7_ESt4lessImESaIS7_EE13insert_uniqueERKS7_	std::_Rb_tree<unsigned long,std::pair<unsigned long const,std::vector<KAntiBotSignCodeMan::ClientValidCode,std::allocator<KAntiBotSignCodeMan::ClientValidCode>>>,std::_Select1st<std::pair<unsigned long const,std::vector<KAntiBotSignCodeMan::ClientValidCode,std::allocator<KAntiBotSignCodeMan::ClientValidCode>>>>,std::less<unsigned long>,std::allocator<std::pair<unsigned long const,std::vector<KAntiBotSignCodeMan::ClientValidCode,std::allocator<KAntiBotSignCodeMan::ClientValidCode>>>>>::insert_unique(std::pair<unsigned long const,std::vector<KAntiBotSignCodeMan::ClientValidCode,std::allocator<KAntiBotSignCodeMan::ClientValidCode>>> const&)
08155330	593	_ZNSt8_Rb_treeImSt4pairIKmSt6vectorIN19KAntiBotSignCodeMan15ClientValidCodeESaIS4_EEESt10_Select1stIS7_ESt4lessImESaIS7_EE13insert_uniqueESt17_Rb_tree_iteratorIS7_ERKS7_	std::_Rb_tree<unsigned long,std::pair<unsigned long const,std::vector<KAntiBotSignCodeMan::ClientValidCode,std::allocator<KAntiBotSignCodeMan::ClientValidCode>>>,std::_Select1st<std::pair<unsigned long const,std::vector<KAntiBotSignCodeMan::ClientValidCode,std::allocator<KAntiBotSignCodeMan::ClientValidCode>>>>,std::less<unsigned long>,std::allocator<std::pair<unsigned long const,std::vector<KAntiBotSignCodeMan::ClientValidCode,std::allocator<KAntiBotSignCodeMan::ClientValidCode>>>>>::insert_unique(std::_Rb_tree_iterator<std::pair<unsigned long const,std::vector<KAntiBotSignCodeMan::ClientValidCode,std::allocator<KAntiBotSignCodeMan::ClientValidCode>>>>,std::pair<unsigned long const,std::vector<KAntiBotSignCodeMan::ClientValidCode,std::allocator<KAntiBotSignCodeMan::ClientValidCode>>> const&)
08155590	407	_ZNSt6vectorIN19KAntiBotSignCodeMan15ClientValidCodeESaIS1_EEaSERKS3_	std::vector<KAntiBotSignCodeMan::ClientValidCode,std::allocator<KAntiBotSignCodeMan::ClientValidCode>>::operator=(std::vector<KAntiBotSignCodeMan::ClientValidCode,std::allocator<KAntiBotSignCodeMan::ClientValidCode>> const&)
08155730	74	_ZNSt8_Rb_treeImSt4pairIKmSt6vectorIN19KAntiBotSignCodeMan15ClientValidCodeESaIS4_EEESt10_Select1stIS7_ESt4lessImESaIS7_EE8_M_eraseEPSt13_Rb_tree_nodeIS7_E	std::_Rb_tree<unsigned long,std::pair<unsigned long const,std::vector<KAntiBotSignCodeMan::ClientValidCode,std::allocator<KAntiBotSignCodeMan::ClientValidCode>>>,std::_Select1st<std::pair<unsigned long const,std::vector<KAntiBotSignCodeMan::ClientValidCode,std::allocator<KAntiBotSignCodeMan::ClientValidCode>>>>,std::less<unsigned long>,std::allocator<std::pair<unsigned long const,std::vector<KAntiBotSignCodeMan::ClientValidCode,std::allocator<KAntiBotSignCodeMan::ClientValidCode>>>>>::_M_erase(std::_Rb_tree_node<std::pair<unsigned long const,std::vector<KAntiBotSignCodeMan::ClientValidCode,std::allocator<KAntiBotSignCodeMan::ClientValidCode>>>> *)
08155780	322	_ZNSt3mapImSt6vectorIN19KAntiBotSignCodeMan15ClientValidCodeESaIS2_EESt4lessImESaISt4pairIKmS4_EEEixERS8_	std::map<unsigned long,std::vector<KAntiBotSignCodeMan::ClientValidCode,std::allocator<KAntiBotSignCodeMan::ClientValidCode>>,std::less<unsigned long>,std::allocator<std::pair<unsigned long const,std::vector<KAntiBotSignCodeMan::ClientValidCode,std::allocator<KAntiBotSignCodeMan::ClientValidCode>>>>>::operator[](unsigned long const&)
081558d0	70	_ZN9KBulletin12ReduceOneDayERiS0_S0_	KBulletin::ReduceOneDay(int &,int &,int &)
08155920	14	_ZN9KBulletin14GetUpdateCountEv	KBulletin::GetUpdateCount(void)
08155930	414	_ZN9KBulletin18GetBulletinContentEPcP16KBulletinContent	KBulletin::GetBulletinContent(char *,KBulletinContent *)
08155ad0	69	_ZN9KBulletin18LastTwentyBulletinEP16KBulletinSummary	KBulletin::LastTwentyBulletin(KBulletinSummary *)
08155b20	289	_ZN9KBulletin14FindLastTwentyEiii	KBulletin::FindLastTwenty(int,int,int)
08155c50	198	_ZN9KBulletin4InitEPKc	KBulletin::Init(char const*)
08155d20	16	_ZN9KBulletinD1Ev	KBulletin::~KBulletin()
08155d30	16	__tcf_0_29	__tcf_0_29
08155d40	16	_ZN9KBulletinD2Ev	KBulletin::~KBulletin()
08155d50	40	_ZN9KBulletinC1Ev	KBulletin::KBulletin(void)
08155d80	66	_Z41__static_initialization_and_destruction_0ii_40	_Z41__static_initialization_and_destruction_0ii_40
08155dd0	16	_GLOBAL__I_g_Bulletin	`global constructor keyed to'g_Bulletin
08155de0	40	_ZN9KBulletinC2Ev	KBulletin::KBulletin(void)
08155e10	86	__tcf_3_9	__tcf_3_9
08155e70	35	_ZN16KCurrencyManager21ClearStatisticsValuesEv	KCurrencyManager::ClearStatisticsValues(void)
08155ea0	309	_ZN16KCurrencyManager29GenerateCurrencyChangeKeywordERNS_7TParamsEPci	KCurrencyManager::GenerateCurrencyChangeKeyword(KCurrencyManager::TParams &,char *,int)
08155fe0	130	_ZN16KCurrencyManager26NotifyRoleStatSaved_LeagueEPKc	KCurrencyManager::NotifyRoleStatSaved_League(char const*)
08156070	267	_ZN16KCurrencyManager11InitColumnsE12CurrencyTypePKcS2_	KCurrencyManager::InitColumns(CurrencyType,char const*,char const*)
08156180	567	_ZN16KCurrencyManagerC2Ev	KCurrencyManager::KCurrencyManager(void)
081563c0	567	_ZN16KCurrencyManagerC1Ev	KCurrencyManager::KCurrencyManager(void)
08156600	161	_Z41__static_initialization_and_destruction_0ii_41	_Z41__static_initialization_and_destruction_0ii_41
081566b0	19	_GLOBAL__I__ZN16KCurrencyManager17CURRENCY_LOG_FILEE	`global constructor keyed to'KCurrencyManager::CURRENCY_LOG_FILE
081566d0	95	__tcf_2_12	__tcf_2_12
08156730	95	__tcf_1_21	__tcf_1_21
08156790	113	__tcf_0_30	__tcf_0_30
08156810	813	_ZN16KCurrencyManager18InitStatisticsFileEv	KCurrencyManager::InitStatisticsFile(void)
08156b40	662	_ZN16KCurrencyManager20UpdateStatisticsDataERNS_7TParamsE	KCurrencyManager::UpdateStatisticsData(KCurrencyManager::TParams &)
08156de0	192	_ZN16KCurrencyManager8WriteLogEPKcRNS_7TParamsE	KCurrencyManager::WriteLog(char const*,KCurrencyManager::TParams &)
08156ea0	136	_ZN16KCurrencyManager4InitEv	KCurrencyManager::Init(void)
08156f30	167	_ZN16KCurrencyManager31ReportRecentRoleStatInfo_LeagueEPKcPiRl	KCurrencyManager::ReportRecentRoleStatInfo_League(char const*,int *,long &)
08156fe0	43	_ZN16KCurrencyManager30IsRoleStatChangedUnSave_LeagueEPKc	KCurrencyManager::IsRoleStatChangedUnSave_League(char const*)
08157010	352	_ZN16KCurrencyManager23CheckRoleRecentCurrencyEPKc	KCurrencyManager::CheckRoleRecentCurrency(char const*)
08157170	2331	_ZN16KCurrencyManager28NotifyRoleStatChanged_LeagueEPKc12CurrencyTypei	KCurrencyManager::NotifyRoleStatChanged_League(char const*,CurrencyType,int)
08157a90	595	_ZN16KCurrencyManager25ReportCurrencyStatChangedEPKcS1_S1_S1_12CurrencyTypeiiiii	KCurrencyManager::ReportCurrencyStatChanged(char const*,char const*,char const*,char const*,CurrencyType,int,int,int,int,int)
08157cf0	3013	_ZN14KLeagueManager9GetLeagueEmPKc	KLeagueManager::GetLeague(unsigned long,char const*)
081588c0	64	_ZN15KLotteryManager21Create_Lottery_RandIDEv	KLotteryManager::Create_Lottery_RandID(void)
08158900	169	_ZN15KLotteryManager11FindLotteryEPKc	KLotteryManager::FindLottery(char const*)
081589b0	95	__tcf_1_22	__tcf_1_22
08158a10	226	_ZN15KLotteryManagerD1Ev	KLotteryManager::~KLotteryManager()
08158b00	16	__tcf_0_31	__tcf_0_31
08158b10	237	_ZN15KLotteryManagerD0Ev	KLotteryManager::~KLotteryManager()
08158c00	226	_ZN15KLotteryManagerD2Ev	KLotteryManager::~KLotteryManager()
08158cf0	716	_ZN15KLotteryManagerC2Ev	KLotteryManager::KLotteryManager(void)
08158fc0	3254	_ZN15KLotteryManager4InitEPKc	KLotteryManager::Init(char const*)
08159c80	716	_ZN15KLotteryManagerC1Ev	KLotteryManager::KLotteryManager(void)
08159f50	1676	_Z41__static_initialization_and_destruction_0ii_42	_Z41__static_initialization_and_destruction_0ii_42
0815a5e0	19	_GLOBAL__I_g_LotteryManager	`global constructor keyed to'g_LotteryManager
0815a600	275	_ZNSt8_Rb_treeISsSt4pairIKSsP8KLotteryESt10_Select1stIS4_ESt4lessISsESaIS4_EE4findERS1_	std::_Rb_tree<std::string,std::pair<std::string const,KLottery *>,std::_Select1st<std::pair<std::string const,KLottery *>>,std::less<std::string>,std::allocator<std::pair<std::string const,KLottery *>>>::find(std::string const&)
0815a720	155	_ZNSt8_Rb_treeISsSt4pairIKSsP8KLotteryESt10_Select1stIS4_ESt4lessISsESaIS4_EE11lower_boundERS1_	std::_Rb_tree<std::string,std::pair<std::string const,KLottery *>,std::_Select1st<std::pair<std::string const,KLottery *>>,std::less<std::string>,std::allocator<std::pair<std::string const,KLottery *>>>::lower_bound(std::string const&)
0815a7c0	275	_ZNSt8_Rb_treeISsSt4pairIKSsM15KLotteryManagerFP8KLotteryvEESt10_Select1stIS7_ESt4lessISsESaIS7_EE9_M_insertEPSt18_Rb_tree_node_baseSF_RKS7_	std::_Rb_tree<std::string,std::pair<std::string const,KLottery * (KLotteryManager::*)(void)>,std::_Select1st<std::pair<std::string const,KLottery * (KLotteryManager::*)(void)>>,std::less<std::string>,std::allocator<std::pair<std::string const,KLottery * (KLotteryManager::*)(void)>>>::_M_insert(std::_Rb_tree_node_base *,std::_Rb_tree_node_base *,std::pair<std::string const,KLottery * (KLotteryManager::*)(void)> const&)
0815a8e0	455	_ZNSt8_Rb_treeISsSt4pairIKSsM15KLotteryManagerFP8KLotteryvEESt10_Select1stIS7_ESt4lessISsESaIS7_EE13insert_uniqueERKS7_	std::_Rb_tree<std::string,std::pair<std::string const,KLottery * (KLotteryManager::*)(void)>,std::_Select1st<std::pair<std::string const,KLottery * (KLotteryManager::*)(void)>>,std::less<std::string>,std::allocator<std::pair<std::string const,KLottery * (KLotteryManager::*)(void)>>>::insert_unique(std::pair<std::string const,KLottery * (KLotteryManager::*)(void)> const&)
0815aab0	1140	_ZNSt8_Rb_treeISsSt4pairIKSsM15KLotteryManagerFP8KLotteryvEESt10_Select1stIS7_ESt4lessISsESaIS7_EE13insert_uniqueESt17_Rb_tree_iteratorIS7_ERKS7_	std::_Rb_tree<std::string,std::pair<std::string const,KLottery * (KLotteryManager::*)(void)>,std::_Select1st<std::pair<std::string const,KLottery * (KLotteryManager::*)(void)>>,std::less<std::string>,std::allocator<std::pair<std::string const,KLottery * (KLotteryManager::*)(void)>>>::insert_unique(std::_Rb_tree_iterator<std::pair<std::string const,KLottery * (KLotteryManager::*)(void)>>,std::pair<std::string const,KLottery * (KLotteryManager::*)(void)> const&)
0815af30	155	_ZNSt8_Rb_treeISsSt4pairIKSsM15KLotteryManagerFP8KLotteryvEESt10_Select1stIS7_ESt4lessISsESaIS7_EE11lower_boundERS1_	std::_Rb_tree<std::string,std::pair<std::string const,KLottery * (KLotteryManager::*)(void)>,std::_Select1st<std::pair<std::string const,KLottery * (KLotteryManager::*)(void)>>,std::less<std::string>,std::allocator<std::pair<std::string const,KLottery * (KLotteryManager::*)(void)>>>::lower_bound(std::string const&)
0815afd0	273	_ZNSt8_Rb_treeISsSt4pairIKSsP8KLotteryESt10_Select1stIS4_ESt4lessISsESaIS4_EE9_M_insertEPSt18_Rb_tree_node_baseSC_RKS4_	std::_Rb_tree<std::string,std::pair<std::string const,KLottery *>,std::_Select1st<std::pair<std::string const,KLottery *>>,std::less<std::string>,std::allocator<std::pair<std::string const,KLottery *>>>::_M_insert(std::_Rb_tree_node_base *,std::_Rb_tree_node_base *,std::pair<std::string const,KLottery *> const&)
0815b0f0	455	_ZNSt8_Rb_treeISsSt4pairIKSsP8KLotteryESt10_Select1stIS4_ESt4lessISsESaIS4_EE13insert_uniqueERKS4_	std::_Rb_tree<std::string,std::pair<std::string const,KLottery *>,std::_Select1st<std::pair<std::string const,KLottery *>>,std::less<std::string>,std::allocator<std::pair<std::string const,KLottery *>>>::insert_unique(std::pair<std::string const,KLottery *> const&)
0815b2c0	275	_ZNSt8_Rb_treeISsSt4pairIKSsM15KLotteryManagerFP8KLotteryvEESt10_Select1stIS7_ESt4lessISsESaIS7_EE4findERS1_	std::_Rb_tree<std::string,std::pair<std::string const,KLottery * (KLotteryManager::*)(void)>,std::_Select1st<std::pair<std::string const,KLottery * (KLotteryManager::*)(void)>>,std::less<std::string>,std::allocator<std::pair<std::string const,KLottery * (KLotteryManager::*)(void)>>>::find(std::string const&)
0815b3e0	1131	_ZNSt8_Rb_treeISsSt4pairIKSsP8KLotteryESt10_Select1stIS4_ESt4lessISsESaIS4_EE13insert_uniqueESt17_Rb_tree_iteratorIS4_ERKS4_	std::_Rb_tree<std::string,std::pair<std::string const,KLottery *>,std::_Select1st<std::pair<std::string const,KLottery *>>,std::less<std::string>,std::allocator<std::pair<std::string const,KLottery *>>>::insert_unique(std::_Rb_tree_iterator<std::pair<std::string const,KLottery *>>,std::pair<std::string const,KLottery *> const&)
0815b850	122	_ZNSt8_Rb_treeISsSt4pairIKSsP8KLotteryESt10_Select1stIS4_ESt4lessISsESaIS4_EE8_M_eraseEPSt13_Rb_tree_nodeIS4_E	std::_Rb_tree<std::string,std::pair<std::string const,KLottery *>,std::_Select1st<std::pair<std::string const,KLottery *>>,std::less<std::string>,std::allocator<std::pair<std::string const,KLottery *>>>::_M_erase(std::_Rb_tree_node<std::pair<std::string const,KLottery *>> *)
0815b8d0	121	_ZNSt8_Rb_treeISsSt4pairIKSsM15KLotteryManagerFP8KLotteryvEESt10_Select1stIS7_ESt4lessISsESaIS7_EE8_M_eraseEPSt13_Rb_tree_nodeIS7_E	std::_Rb_tree<std::string,std::pair<std::string const,KLottery * (KLotteryManager::*)(void)>,std::_Select1st<std::pair<std::string const,KLottery * (KLotteryManager::*)(void)>>,std::less<std::string>,std::allocator<std::pair<std::string const,KLottery * (KLotteryManager::*)(void)>>>::_M_erase(std::_Rb_tree_node<std::pair<std::string const,KLottery * (KLotteryManager::*)(void)>> *)
0815b950	27	_ZN15KOfflineActionsC1Ev	KOfflineActions::KOfflineActions(void)
0815b970	10	_ZN15KOfflineActions8InstanceEv	KOfflineActions::Instance(void)
0815b980	66	_Z41__static_initialization_and_destruction_0ii_43	_Z41__static_initialization_and_destruction_0ii_43
0815b9d0	16	_GLOBAL__I__ZN15KOfflineActions20ms_theOfflineActionsE	`global constructor keyed to'KOfflineActions::ms_theOfflineActions
0815b9e0	130	_ZN15KOfflineActions11OfflineLiveEP7KPlayerRi	KOfflineActions::OfflineLive(KPlayer *,int &)
0815ba70	9	_ZN15KOfflineActionsD2Ev	KOfflineActions::~KOfflineActions()
0815ba80	148	_ZN15KOfflineActions14GetActionCountEP10KLuaScript	KOfflineActions::GetActionCount(KLuaScript *)
0815bb20	416	_ZN15KOfflineActions9GetActionEiP10KLuaScriptPNS_6ActionE	KOfflineActions::GetAction(int,KLuaScript *,KOfflineActions::Action *)
0815bcc0	62	_ZN15KOfflineActions16GetLeftTickCountEP7KPlayer	KOfflineActions::GetLeftTickCount(KPlayer *)
0815bd00	27	_ZN15KOfflineActionsC2Ev	KOfflineActions::KOfflineActions(void)
0815bd20	58	_ZN15KOfflineActions12UninitializeEv	KOfflineActions::Uninitialize(void)
0815bd60	9	_ZN15KOfflineActionsD1Ev	KOfflineActions::~KOfflineActions()
0815bd70	16	__tcf_0_32	__tcf_0_32
0815bd80	263	_ZN15KOfflineActions7ExecuteEP7KPlayerm	KOfflineActions::Execute(KPlayer *,unsigned long)
0815be90	404	_ZN15KOfflineActions10InitializeEv	KOfflineActions::Initialize(void)
0815c030	127	_ZN15KOfflineActions5ResetEP7KPlayer	KOfflineActions::Reset(KPlayer *)
0815c0b0	42	_ZNSt10_List_baseIN15KOfflineActions6ActionESaIS1_EE8_M_clearEv	std::_List_base<KOfflineActions::Action,std::allocator<KOfflineActions::Action>>::_M_clear(void)
0815c0e0	10	_ZN19KOfflineConnections8InstanceEv	KOfflineConnections::Instance(void)
0815c0f0	11	_ZN19KOfflineConnections18GetConnectionCountEv	KOfflineConnections::GetConnectionCount(void)
0815c100	178	_ZN19KOfflineConnections13PutConnectionEPKcPKNS_10ConnectionES4_	KOfflineConnections::PutConnection(char const*,KOfflineConnections::Connection const*,KOfflineConnections::Connection const*)
0815c1c0	178	_ZN19KOfflineConnections13GetConnectionEPKcPNS_10ConnectionE	KOfflineConnections::GetConnection(char const*,KOfflineConnections::Connection *)
0815c280	81	_ZN19KOfflineConnections13GetConnectionEmPNS_10ConnectionE	KOfflineConnections::GetConnection(unsigned long,KOfflineConnections::Connection *)
0815c2e0	104	_ZN19KOfflineConnections19ClearAllConnectionsEv	KOfflineConnections::ClearAllConnections(void)
0815c350	71	_ZN19KOfflineConnectionsC1Ev	KOfflineConnections::KOfflineConnections(void)
0815c3a0	66	_Z41__static_initialization_and_destruction_0ii_44	_Z41__static_initialization_and_destruction_0ii_44
0815c3f0	16	_GLOBAL__I__ZN19KOfflineConnections23m_theOfflineConnectionsE	`global constructor keyed to'KOfflineConnections::m_theOfflineConnections
0815c400	71	_ZN19KOfflineConnectionsC2Ev	KOfflineConnections::KOfflineConnections(void)
0815c450	87	_ZN19KOfflineConnectionsD1Ev	KOfflineConnections::~KOfflineConnections()
0815c4b0	16	__tcf_0_33	__tcf_0_33
0815c4c0	87	_ZN19KOfflineConnectionsD2Ev	KOfflineConnections::~KOfflineConnections()
0815c520	1205	_ZN19KOfflineConnections13AddConnectionEPKcPKNS_10ConnectionE	KOfflineConnections::AddConnection(char const*,KOfflineConnections::Connection const*)
0815c9e0	404	_ZN19KOfflineConnections13DelConnectionEPKc	KOfflineConnections::DelConnection(char const*)
0815cb80	87	_ZNSt8_Rb_treeImSt4pairIKmSsESt10_Select1stIS2_ESt4lessImESaIS2_EE4findERS1_	std::_Rb_tree<unsigned long,std::pair<unsigned long const,std::string>,std::_Select1st<std::pair<unsigned long const,std::string>>,std::less<unsigned long>,std::allocator<std::pair<unsigned long const,std::string>>>::find(unsigned long const&)
0815cbe0	62	_ZNSt8_Rb_treeImSt4pairIKmSsESt10_Select1stIS2_ESt4lessImESaIS2_EE11lower_boundERS1_	std::_Rb_tree<unsigned long,std::pair<unsigned long const,std::string>,std::_Select1st<std::pair<unsigned long const,std::string>>,std::less<unsigned long>,std::allocator<std::pair<unsigned long const,std::string>>>::lower_bound(unsigned long const&)
0815cc20	186	_ZNSt8_Rb_treeImSt4pairIKmSsESt10_Select1stIS2_ESt4lessImESaIS2_EE9_M_insertEPSt18_Rb_tree_node_baseSA_RKS2_	std::_Rb_tree<unsigned long,std::pair<unsigned long const,std::string>,std::_Select1st<std::pair<unsigned long const,std::string>>,std::less<unsigned long>,std::allocator<std::pair<unsigned long const,std::string>>>::_M_insert(std::_Rb_tree_node_base *,std::_Rb_tree_node_base *,std::pair<unsigned long const,std::string> const&)
0815cce0	236	_ZNSt8_Rb_treeImSt4pairIKmSsESt10_Select1stIS2_ESt4lessImESaIS2_EE13insert_uniqueERKS2_	std::_Rb_tree<unsigned long,std::pair<unsigned long const,std::string>,std::_Select1st<std::pair<unsigned long const,std::string>>,std::less<unsigned long>,std::allocator<std::pair<unsigned long const,std::string>>>::insert_unique(std::pair<unsigned long const,std::string> const&)
0815cdd0	593	_ZNSt8_Rb_treeImSt4pairIKmSsESt10_Select1stIS2_ESt4lessImESaIS2_EE13insert_uniqueESt17_Rb_tree_iteratorIS2_ERKS2_	std::_Rb_tree<unsigned long,std::pair<unsigned long const,std::string>,std::_Select1st<std::pair<unsigned long const,std::string>>,std::less<unsigned long>,std::allocator<std::pair<unsigned long const,std::string>>>::insert_unique(std::_Rb_tree_iterator<std::pair<unsigned long const,std::string>>,std::pair<unsigned long const,std::string> const&)
0815d030	275	_ZNSt8_Rb_treeISsSt4pairIKSsN19KOfflineConnections10ConnectionEESt10_Select1stIS4_ESt4lessISsESaIS4_EE9_M_insertEPSt18_Rb_tree_node_baseSC_RKS4_	std::_Rb_tree<std::string,std::pair<std::string const,KOfflineConnections::Connection>,std::_Select1st<std::pair<std::string const,KOfflineConnections::Connection>>,std::less<std::string>,std::allocator<std::pair<std::string const,KOfflineConnections::Connection>>>::_M_insert(std::_Rb_tree_node_base *,std::_Rb_tree_node_base *,std::pair<std::string const,KOfflineConnections::Connection> const&)
0815d150	455	_ZNSt8_Rb_treeISsSt4pairIKSsN19KOfflineConnections10ConnectionEESt10_Select1stIS4_ESt4lessISsESaIS4_EE13insert_uniqueERKS4_	std::_Rb_tree<std::string,std::pair<std::string const,KOfflineConnections::Connection>,std::_Select1st<std::pair<std::string const,KOfflineConnections::Connection>>,std::less<std::string>,std::allocator<std::pair<std::string const,KOfflineConnections::Connection>>>::insert_unique(std::pair<std::string const,KOfflineConnections::Connection> const&)
0815d320	1140	_ZNSt8_Rb_treeISsSt4pairIKSsN19KOfflineConnections10ConnectionEESt10_Select1stIS4_ESt4lessISsESaIS4_EE13insert_uniqueESt17_Rb_tree_iteratorIS4_ERKS4_	std::_Rb_tree<std::string,std::pair<std::string const,KOfflineConnections::Connection>,std::_Select1st<std::pair<std::string const,KOfflineConnections::Connection>>,std::less<std::string>,std::allocator<std::pair<std::string const,KOfflineConnections::Connection>>>::insert_unique(std::_Rb_tree_iterator<std::pair<std::string const,KOfflineConnections::Connection>>,std::pair<std::string const,KOfflineConnections::Connection> const&)
0815d7a0	155	_ZNSt8_Rb_treeISsSt4pairIKSsN19KOfflineConnections10ConnectionEESt10_Select1stIS4_ESt4lessISsESaIS4_EE11lower_boundERS1_	std::_Rb_tree<std::string,std::pair<std::string const,KOfflineConnections::Connection>,std::_Select1st<std::pair<std::string const,KOfflineConnections::Connection>>,std::less<std::string>,std::allocator<std::pair<std::string const,KOfflineConnections::Connection>>>::lower_bound(std::string const&)
0815d840	275	_ZNSt8_Rb_treeISsSt4pairIKSsN19KOfflineConnections10ConnectionEESt10_Select1stIS4_ESt4lessISsESaIS4_EE4findERS1_	std::_Rb_tree<std::string,std::pair<std::string const,KOfflineConnections::Connection>,std::_Select1st<std::pair<std::string const,KOfflineConnections::Connection>>,std::less<std::string>,std::allocator<std::pair<std::string const,KOfflineConnections::Connection>>>::find(std::string const&)
0815d960	121	_ZNSt8_Rb_treeImSt4pairIKmSsESt10_Select1stIS2_ESt4lessImESaIS2_EE8_M_eraseEPSt13_Rb_tree_nodeIS2_E	std::_Rb_tree<unsigned long,std::pair<unsigned long const,std::string>,std::_Select1st<std::pair<unsigned long const,std::string>>,std::less<unsigned long>,std::allocator<std::pair<unsigned long const,std::string>>>::_M_erase(std::_Rb_tree_node<std::pair<unsigned long const,std::string>> *)
0815d9e0	122	_ZNSt8_Rb_treeISsSt4pairIKSsN19KOfflineConnections10ConnectionEESt10_Select1stIS4_ESt4lessISsESaIS4_EE8_M_eraseEPSt13_Rb_tree_nodeIS4_E	std::_Rb_tree<std::string,std::pair<std::string const,KOfflineConnections::Connection>,std::_Select1st<std::pair<std::string const,KOfflineConnections::Connection>>,std::less<std::string>,std::allocator<std::pair<std::string const,KOfflineConnections::Connection>>>::_M_erase(std::_Rb_tree_node<std::pair<std::string const,KOfflineConnections::Connection>> *)
0815da60	10	_ZN7KSwitch8InstanceEv	KSwitch::Instance(void)
0815da70	10	_ZN7KSwitch10InitializeEv	KSwitch::Initialize(void)
0815da80	5	_ZN7KSwitch12UninitializeEv	KSwitch::Uninitialize(void)
0815da90	38	_ZN7KSwitchC2Ev	KSwitch::KSwitch(void)
0815dac0	11	_ZN7KSwitch14GetSwitchCountEv	KSwitch::GetSwitchCount(void)
0815dad0	38	_ZN7KSwitchC1Ev	KSwitch::KSwitch(void)
0815db00	66	_Z41__static_initialization_and_destruction_0ii_45	_Z41__static_initialization_and_destruction_0ii_45
0815db50	16	_GLOBAL__I__ZN7KSwitch7ms_instE	`global constructor keyed to'KSwitch::ms_inst
0815db60	34	_ZN7KSwitchD2Ev	KSwitch::~KSwitch()
0815db90	34	_ZN7KSwitchD1Ev	KSwitch::~KSwitch()
0815dbc0	16	__tcf_0_34	__tcf_0_34
0815dbd0	162	_ZN7KSwitch9HasSwitchEPKc	KSwitch::HasSwitch(char const*)
0815dc80	162	_ZN7KSwitch6SwitchEPKc	KSwitch::Switch(char const*)
0815dd30	508	_ZN7KSwitch6SwitchEPKci	KSwitch::Switch(char const*,int)
0815df30	25	_ZN11BattleSpace17KBattlePlayerData14SetType2TaskIDE16BATTLE_DATA_TYPEj	BattleSpace::KBattlePlayerData::SetType2TaskID(BATTLE_DATA_TYPE,unsigned int)
0815df50	14	_ZN11BattleSpace17KBattlePlayerData17GetTaskIDFromTypeE16BATTLE_DATA_TYPE	BattleSpace::KBattlePlayerData::GetTaskIDFromType(BATTLE_DATA_TYPE)
0815df60	30	_ZN11BattleSpace15KBattleGameData13GetDataOnTypeE16BATTLE_DATA_TYPEj	BattleSpace::KBattleGameData::GetDataOnType(BATTLE_DATA_TYPE,unsigned int)
0815df80	34	_ZN11BattleSpace15KBattleGameData13SetDataOnTypeE16BATTLE_DATA_TYPEji	BattleSpace::KBattleGameData::SetDataOnType(BATTLE_DATA_TYPE,unsigned int,int)
0815dfb0	14	_ZN11BattleSpace7KBattle13IsBattleStartEv	BattleSpace::KBattle::IsBattleStart(void)
0815dfc0	114	_ZN11BattleSpace7KBattle15GetGameDataBuffEPvj	BattleSpace::KBattle::GetGameDataBuff(void *,unsigned int)
0815e040	138	_ZN11BattleSpace7KBattle20BroadCastTopItemInfoEP7KPlayer	BattleSpace::KBattle::BroadCastTopItemInfo(KPlayer *)
0815e0d0	56	_ZN11BattleSpace7KBattle17ClearPlayerBattleEP7KPlayer	BattleSpace::KBattle::ClearPlayerBattle(KPlayer *)
0815e110	78	_ZN11BattleSpace7KBattle17BroadCastGameDataEP7KPlayer	BattleSpace::KBattle::BroadCastGameData(KPlayer *)
0815e160	119	_ZN11BattleSpace7KBattle18BroadCastViewBoardEP7KPlayer	BattleSpace::KBattle::BroadCastViewBoard(KPlayer *)
0815e1e0	65	_ZN11BattleSpace7KBattle15ViewBattleStartEP7KPlayer	BattleSpace::KBattle::ViewBattleStart(KPlayer *)
0815e230	151	_ZN11BattleSpace7KBattle17SortTopPlayerDataE16BATTLE_DATA_TYPEP7KPlayeri	BattleSpace::KBattle::SortTopPlayerData(BATTLE_DATA_TYPE,KPlayer *,int)
0815e2d0	227	_ZN11BattleSpace7KBattle21GetLadderProtocolDataEPvij	BattleSpace::KBattle::GetLadderProtocolData(void *,int,unsigned int)
0815e3c0	111	_ZN11BattleSpace7KBattle15BroadCastLadderEP7KPlayerj	BattleSpace::KBattle::BroadCastLadder(KPlayer *,unsigned int)
0815e430	60	_ZN11BattleSpace7KBattle18BroadCastAllLadderEP7KPlayer	BattleSpace::KBattle::BroadCastAllLadder(KPlayer *)
0815e470	163	_ZN11BattleSpace7KBattle21BroadCastMiniMapTitleEP7KPlayeriPKc	BattleSpace::KBattle::BroadCastMiniMapTitle(KPlayer *,int,char const*)
0815e520	77	_ZN11BattleSpace7KBattle10IsInLadderEPc	BattleSpace::KBattle::IsInLadder(char *)
0815e570	378	_ZN11BattleSpace7KBattle12ChangeLadderEP11TLadderInfo	BattleSpace::KBattle::ChangeLadder(TLadderInfo *)
0815e6f0	110	_ZN11BattleSpace17KBattlePlayerData13SetDataOnTypeE16BATTLE_DATA_TYPEji	BattleSpace::KBattlePlayerData::SetDataOnType(BATTLE_DATA_TYPE,unsigned int,int)
0815e760	149	_ZN11BattleSpace7KBattle16ChangeDataOnTypeE16BATTLE_DATA_TYPEiji	BattleSpace::KBattle::ChangeDataOnType(BATTLE_DATA_TYPE,int,unsigned int,int)
0815e800	97	_ZN11BattleSpace17KBattlePlayerData13GetDataOnTypeE16BATTLE_DATA_TYPEj	BattleSpace::KBattlePlayerData::GetDataOnType(BATTLE_DATA_TYPE,unsigned int)
0815e870	54	_ZN11BattleSpace7KBattle13GetDataOnTypeE16BATTLE_DATA_TYPEj	BattleSpace::KBattle::GetDataOnType(BATTLE_DATA_TYPE,unsigned int)
0815e8b0	169	_ZN11BattleSpace7KBattle26SendBattleResultToTransferEi	BattleSpace::KBattle::SendBattleResultToTransfer(int)
0815e960	344	_ZN11BattleSpace7KBattle19BroadCastBattleNameEP7KPlayer	BattleSpace::KBattle::BroadCastBattleName(KPlayer *)
0815eac0	286	_ZN11BattleSpace7KBattle10SortLadderEP7KPlayer	BattleSpace::KBattle::SortLadder(KPlayer *)
0815ebe0	279	_ZN11BattleSpace7KBattle15BroadCastMySelfEP7KPlayer	BattleSpace::KBattle::BroadCastMySelf(KPlayer *)
0815ed00	1517	_ZN11BattleSpace7KBattle26ProcessRelayBattleProtocolEPhj	BattleSpace::KBattle::ProcessRelayBattleProtocol(unsigned char *,unsigned int)
0815f2f0	10	_Z20GetFileSysFuncsCountv	GetFileSysFuncsCount(void)
0815f300	338	_Z41__static_initialization_and_destruction_0ii_46	_Z41__static_initialization_and_destruction_0ii_46
0815f460	19	_GLOBAL__I__g_TabFileLib	`global constructor keyed to'_g_TabFileLib
0815f480	316	_Z18LuaFile_CreateFileP9lua_State	LuaFile_CreateFile(lua_State *)
0815f5c0	37	__tcf_3_10	__tcf_3_10
0815f5f0	119	_Z17LuaIniFile_UnLoadP9lua_State	LuaIniFile_UnLoad(lua_State *)
0815f670	131	_Z19LuaTabFile_SaveFileP9lua_State	LuaTabFile_SaveFile(lua_State *)
0815f700	417	_Z18LuaTabFile_SetCellP9lua_State	LuaTabFile_SetCell(lua_State *)
0815f8b0	360	_Z17LuaTabFile_SearchP9lua_State	LuaTabFile_Search(lua_State *)
0815fa20	518	_Z18LuaTabFile_GetCellP9lua_State	LuaTabFile_GetCell(lua_State *)
0815fc30	156	_Z22LuaTabFile_GetRowCountP9lua_State	LuaTabFile_GetRowCount(lua_State *)
0815fcd0	81	__tcf_1_23	__tcf_1_23
0815fd30	81	__tcf_0_35	__tcf_0_35
0815fd90	215	_Z18LuaIniFile_SetDataP9lua_State	LuaIniFile_SetData(lua_State *)
0815fe70	226	_Z18LuaIniFile_GetDataP9lua_State	LuaIniFile_GetData(lua_State *)
0815ff60	161	_Z17LuaTabFile_UnLoadP9lua_State	LuaTabFile_UnLoad(lua_State *)
08160010	243	_Z19LuaIniFile_SaveFileP9lua_State	LuaIniFile_SaveFile(lua_State *)
08160110	133	_Z15LuaIniFile_LoadP9lua_State	LuaIniFile_Load(lua_State *)
081601a0	185	_Z15LuaTabFile_LoadP9lua_State	LuaTabFile_Load(lua_State *)
08160260	559	_ZN16KLibFuncsManager10InitializeEv	KLibFuncsManager::Initialize(void)
08160490	81	__tcf_2_13	__tcf_2_13
081604f0	155	_ZNSt8_Rb_treeISsSt4pairIKSsN9_KFileLibI8KIniFileE12KPrivateDataEESt10_Select1stIS6_ESt4lessISsESaIS6_EE11lower_boundERS1_	std::_Rb_tree<std::string,std::pair<std::string const,_KFileLib<KIniFile>::KPrivateData>,std::_Select1st<std::pair<std::string const,_KFileLib<KIniFile>::KPrivateData>>,std::less<std::string>,std::allocator<std::pair<std::string const,_KFileLib<KIniFile>::KPrivateData>>>::lower_bound(std::string const&)
08160590	155	_ZNSt8_Rb_treeISsSt4pairIKSsN9_KFileLibI12KTabFileCtrlE12KPrivateDataEESt10_Select1stIS6_ESt4lessISsESaIS6_EE11lower_boundERS1_	std::_Rb_tree<std::string,std::pair<std::string const,_KFileLib<KTabFileCtrl>::KPrivateData>,std::_Select1st<std::pair<std::string const,_KFileLib<KTabFileCtrl>::KPrivateData>>,std::less<std::string>,std::allocator<std::pair<std::string const,_KFileLib<KTabFileCtrl>::KPrivateData>>>::lower_bound(std::string const&)
08160630	155	_ZNSt8_Rb_treeISsSt4pairIKSsN9_KFileLibI8KTabFileE12KPrivateDataEESt10_Select1stIS6_ESt4lessISsESaIS6_EE11lower_boundERS1_	std::_Rb_tree<std::string,std::pair<std::string const,_KFileLib<KTabFile>::KPrivateData>,std::_Select1st<std::pair<std::string const,_KFileLib<KTabFile>::KPrivateData>>,std::less<std::string>,std::allocator<std::pair<std::string const,_KFileLib<KTabFile>::KPrivateData>>>::lower_bound(std::string const&)
081606d0	275	_ZNSt8_Rb_treeISsSt4pairIKSsN9_KFileLibI8KIniFileE12KPrivateDataEESt10_Select1stIS6_ESt4lessISsESaIS6_EE4findERS1_	std::_Rb_tree<std::string,std::pair<std::string const,_KFileLib<KIniFile>::KPrivateData>,std::_Select1st<std::pair<std::string const,_KFileLib<KIniFile>::KPrivateData>>,std::less<std::string>,std::allocator<std::pair<std::string const,_KFileLib<KIniFile>::KPrivateData>>>::find(std::string const&)
081607f0	275	_ZNSt8_Rb_treeISsSt4pairIKSsN9_KFileLibI12KTabFileCtrlE12KPrivateDataEESt10_Select1stIS6_ESt4lessISsESaIS6_EE4findERS1_	std::_Rb_tree<std::string,std::pair<std::string const,_KFileLib<KTabFileCtrl>::KPrivateData>,std::_Select1st<std::pair<std::string const,_KFileLib<KTabFileCtrl>::KPrivateData>>,std::less<std::string>,std::allocator<std::pair<std::string const,_KFileLib<KTabFileCtrl>::KPrivateData>>>::find(std::string const&)
08160910	275	_ZNSt8_Rb_treeISsSt4pairIKSsN9_KFileLibI8KTabFileE12KPrivateDataEESt10_Select1stIS6_ESt4lessISsESaIS6_EE4findERS1_	std::_Rb_tree<std::string,std::pair<std::string const,_KFileLib<KTabFile>::KPrivateData>,std::_Select1st<std::pair<std::string const,_KFileLib<KTabFile>::KPrivateData>>,std::less<std::string>,std::allocator<std::pair<std::string const,_KFileLib<KTabFile>::KPrivateData>>>::find(std::string const&)
08160a30	362	_ZNSt8_Rb_treeISsSt4pairIKSsN9_KFileLibI8KIniFileE12KPrivateDataEESt10_Select1stIS6_ESt4lessISsESaIS6_EE9_M_insertEPSt18_Rb_tree_node_baseSE_RKS6_	std::_Rb_tree<std::string,std::pair<std::string const,_KFileLib<KIniFile>::KPrivateData>,std::_Select1st<std::pair<std::string const,_KFileLib<KIniFile>::KPrivateData>>,std::less<std::string>,std::allocator<std::pair<std::string const,_KFileLib<KIniFile>::KPrivateData>>>::_M_insert(std::_Rb_tree_node_base *,std::_Rb_tree_node_base *,std::pair<std::string const,_KFileLib<KIniFile>::KPrivateData> const&)
08160ba0	455	_ZNSt8_Rb_treeISsSt4pairIKSsN9_KFileLibI8KIniFileE12KPrivateDataEESt10_Select1stIS6_ESt4lessISsESaIS6_EE13insert_uniqueERKS6_	std::_Rb_tree<std::string,std::pair<std::string const,_KFileLib<KIniFile>::KPrivateData>,std::_Select1st<std::pair<std::string const,_KFileLib<KIniFile>::KPrivateData>>,std::less<std::string>,std::allocator<std::pair<std::string const,_KFileLib<KIniFile>::KPrivateData>>>::insert_unique(std::pair<std::string const,_KFileLib<KIniFile>::KPrivateData> const&)
08160d70	1131	_ZNSt8_Rb_treeISsSt4pairIKSsN9_KFileLibI8KIniFileE12KPrivateDataEESt10_Select1stIS6_ESt4lessISsESaIS6_EE13insert_uniqueESt17_Rb_tree_iteratorIS6_ERKS6_	std::_Rb_tree<std::string,std::pair<std::string const,_KFileLib<KIniFile>::KPrivateData>,std::_Select1st<std::pair<std::string const,_KFileLib<KIniFile>::KPrivateData>>,std::less<std::string>,std::allocator<std::pair<std::string const,_KFileLib<KIniFile>::KPrivateData>>>::insert_unique(std::_Rb_tree_iterator<std::pair<std::string const,_KFileLib<KIniFile>::KPrivateData>>,std::pair<std::string const,_KFileLib<KIniFile>::KPrivateData> const&)
081611e0	121	_ZNSt8_Rb_treeISsSt4pairIKSsN16KLibFuncsManager9KLibFuncsEESt10_Select1stIS4_ESt4lessISsESaIS4_EE8_M_eraseEPSt13_Rb_tree_nodeIS4_E	std::_Rb_tree<std::string,std::pair<std::string const,KLibFuncsManager::KLibFuncs>,std::_Select1st<std::pair<std::string const,KLibFuncsManager::KLibFuncs>>,std::less<std::string>,std::allocator<std::pair<std::string const,KLibFuncsManager::KLibFuncs>>>::_M_erase(std::_Rb_tree_node<std::pair<std::string const,KLibFuncsManager::KLibFuncs>> *)
08161260	436	_ZN9_KFileLibI8KIniFileE6UnLoadEPc	_KFileLib<KIniFile>::UnLoad(char *)
08161420	168	_ZN9_KFileLibI12KTabFileCtrlE13GetFileHandleEPc	_KFileLib<KTabFileCtrl>::GetFileHandle(char *)
081614d0	168	_ZN9_KFileLibI8KTabFileE13GetFileHandleEPc	_KFileLib<KTabFile>::GetFileHandle(char *)
08161580	362	_ZNSt8_Rb_treeISsSt4pairIKSsN9_KFileLibI12KTabFileCtrlE12KPrivateDataEESt10_Select1stIS6_ESt4lessISsESaIS6_EE9_M_insertEPSt18_Rb_tree_node_baseSE_RKS6_	std::_Rb_tree<std::string,std::pair<std::string const,_KFileLib<KTabFileCtrl>::KPrivateData>,std::_Select1st<std::pair<std::string const,_KFileLib<KTabFileCtrl>::KPrivateData>>,std::less<std::string>,std::allocator<std::pair<std::string const,_KFileLib<KTabFileCtrl>::KPrivateData>>>::_M_insert(std::_Rb_tree_node_base *,std::_Rb_tree_node_base *,std::pair<std::string const,_KFileLib<KTabFileCtrl>::KPrivateData> const&)
081616f0	455	_ZNSt8_Rb_treeISsSt4pairIKSsN9_KFileLibI12KTabFileCtrlE12KPrivateDataEESt10_Select1stIS6_ESt4lessISsESaIS6_EE13insert_uniqueERKS6_	std::_Rb_tree<std::string,std::pair<std::string const,_KFileLib<KTabFileCtrl>::KPrivateData>,std::_Select1st<std::pair<std::string const,_KFileLib<KTabFileCtrl>::KPrivateData>>,std::less<std::string>,std::allocator<std::pair<std::string const,_KFileLib<KTabFileCtrl>::KPrivateData>>>::insert_unique(std::pair<std::string const,_KFileLib<KTabFileCtrl>::KPrivateData> const&)
081618c0	1140	_ZNSt8_Rb_treeISsSt4pairIKSsN9_KFileLibI12KTabFileCtrlE12KPrivateDataEESt10_Select1stIS6_ESt4lessISsESaIS6_EE13insert_uniqueESt17_Rb_tree_iteratorIS6_ERKS6_	std::_Rb_tree<std::string,std::pair<std::string const,_KFileLib<KTabFileCtrl>::KPrivateData>,std::_Select1st<std::pair<std::string const,_KFileLib<KTabFileCtrl>::KPrivateData>>,std::less<std::string>,std::allocator<std::pair<std::string const,_KFileLib<KTabFileCtrl>::KPrivateData>>>::insert_unique(std::_Rb_tree_iterator<std::pair<std::string const,_KFileLib<KTabFileCtrl>::KPrivateData>>,std::pair<std::string const,_KFileLib<KTabFileCtrl>::KPrivateData> const&)
08161d40	242	_ZNSt8_Rb_treeISsSt4pairIKSsN9_KFileLibI12KTabFileCtrlE12KPrivateDataEESt10_Select1stIS6_ESt4lessISsESaIS6_EE8_M_eraseEPSt13_Rb_tree_nodeIS6_E	std::_Rb_tree<std::string,std::pair<std::string const,_KFileLib<KTabFileCtrl>::KPrivateData>,std::_Select1st<std::pair<std::string const,_KFileLib<KTabFileCtrl>::KPrivateData>>,std::less<std::string>,std::allocator<std::pair<std::string const,_KFileLib<KTabFileCtrl>::KPrivateData>>>::_M_erase(std::_Rb_tree_node<std::pair<std::string const,_KFileLib<KTabFileCtrl>::KPrivateData>> *)
08161e40	106	_ZN9_KFileLibI12KTabFileCtrlE9UnLoadAllEv	_KFileLib<KTabFileCtrl>::UnLoadAll(void)
08161eb0	362	_ZNSt8_Rb_treeISsSt4pairIKSsN9_KFileLibI8KTabFileE12KPrivateDataEESt10_Select1stIS6_ESt4lessISsESaIS6_EE9_M_insertEPSt18_Rb_tree_node_baseSE_RKS6_	std::_Rb_tree<std::string,std::pair<std::string const,_KFileLib<KTabFile>::KPrivateData>,std::_Select1st<std::pair<std::string const,_KFileLib<KTabFile>::KPrivateData>>,std::less<std::string>,std::allocator<std::pair<std::string const,_KFileLib<KTabFile>::KPrivateData>>>::_M_insert(std::_Rb_tree_node_base *,std::_Rb_tree_node_base *,std::pair<std::string const,_KFileLib<KTabFile>::KPrivateData> const&)
08162020	455	_ZNSt8_Rb_treeISsSt4pairIKSsN9_KFileLibI8KTabFileE12KPrivateDataEESt10_Select1stIS6_ESt4lessISsESaIS6_EE13insert_uniqueERKS6_	std::_Rb_tree<std::string,std::pair<std::string const,_KFileLib<KTabFile>::KPrivateData>,std::_Select1st<std::pair<std::string const,_KFileLib<KTabFile>::KPrivateData>>,std::less<std::string>,std::allocator<std::pair<std::string const,_KFileLib<KTabFile>::KPrivateData>>>::insert_unique(std::pair<std::string const,_KFileLib<KTabFile>::KPrivateData> const&)
081621f0	1140	_ZNSt8_Rb_treeISsSt4pairIKSsN9_KFileLibI8KTabFileE12KPrivateDataEESt10_Select1stIS6_ESt4lessISsESaIS6_EE13insert_uniqueESt17_Rb_tree_iteratorIS6_ERKS6_	std::_Rb_tree<std::string,std::pair<std::string const,_KFileLib<KTabFile>::KPrivateData>,std::_Select1st<std::pair<std::string const,_KFileLib<KTabFile>::KPrivateData>>,std::less<std::string>,std::allocator<std::pair<std::string const,_KFileLib<KTabFile>::KPrivateData>>>::insert_unique(std::_Rb_tree_iterator<std::pair<std::string const,_KFileLib<KTabFile>::KPrivateData>>,std::pair<std::string const,_KFileLib<KTabFile>::KPrivateData> const&)
08162670	242	_ZNSt8_Rb_treeISsSt4pairIKSsN9_KFileLibI8KTabFileE12KPrivateDataEESt10_Select1stIS6_ESt4lessISsESaIS6_EE8_M_eraseEPSt13_Rb_tree_nodeIS6_E	std::_Rb_tree<std::string,std::pair<std::string const,_KFileLib<KTabFile>::KPrivateData>,std::_Select1st<std::pair<std::string const,_KFileLib<KTabFile>::KPrivateData>>,std::less<std::string>,std::allocator<std::pair<std::string const,_KFileLib<KTabFile>::KPrivateData>>>::_M_erase(std::_Rb_tree_node<std::pair<std::string const,_KFileLib<KTabFile>::KPrivateData>> *)
08162770	106	_ZN9_KFileLibI8KTabFileE9UnLoadAllEv	_KFileLib<KTabFile>::UnLoadAll(void)
081627e0	168	_ZN9_KFileLibI8KIniFileE13GetFileHandleEPc	_KFileLib<KIniFile>::GetFileHandle(char *)
08162890	428	_ZN9_KFileLibI8KTabFileE6UnLoadEPc	_KFileLib<KTabFile>::UnLoad(char *)
08162a40	428	_ZN9_KFileLibI12KTabFileCtrlE6UnLoadEPc	_KFileLib<KTabFileCtrl>::UnLoad(char *)
08162bf0	1565	_ZN9_KFileLibI12KTabFileCtrlE4LoadEPcS2_	_KFileLib<KTabFileCtrl>::Load(char *,char *)
08163210	422	_ZN9_KFileLibI8KIniFileE14UnLoadDirectlyEPc	_KFileLib<KIniFile>::UnLoadDirectly(char *)
081633c0	1565	_ZN9_KFileLibI8KIniFileE4LoadEPcS2_	_KFileLib<KIniFile>::Load(char *,char *)
081639e0	1565	_ZN9_KFileLibI8KTabFileE4LoadEPcS2_	_KFileLib<KTabFile>::Load(char *,char *)
08164000	1266	_ZN16KLibFuncsManager11AddLibFuncsEPKcP10TLua_Funcsj	KLibFuncsManager::AddLibFuncs(char const*,TLua_Funcs *,unsigned int)
08164500	242	_ZNSt8_Rb_treeISsSt4pairIKSsN9_KFileLibI8KIniFileE12KPrivateDataEESt10_Select1stIS6_ESt4lessISsESaIS6_EE8_M_eraseEPSt13_Rb_tree_nodeIS6_E	std::_Rb_tree<std::string,std::pair<std::string const,_KFileLib<KIniFile>::KPrivateData>,std::_Select1st<std::pair<std::string const,_KFileLib<KIniFile>::KPrivateData>>,std::less<std::string>,std::allocator<std::pair<std::string const,_KFileLib<KIniFile>::KPrivateData>>>::_M_erase(std::_Rb_tree_node<std::pair<std::string const,_KFileLib<KIniFile>::KPrivateData>> *)
08164600	122	_ZN9_KFileLibI8KIniFileE9UnLoadAllEv	_KFileLib<KIniFile>::UnLoadAll(void)
08164680	10	_Z24g_GetAntiBotScriptFunNumv	g_GetAntiBotScriptFunNum(void)
08164690	55	_Z24LuaBotStopValidateClientP9lua_State	LuaBotStopValidateClient(lua_State *)
081646d0	34	_Z20LuaGetDelayCatchTimeP9lua_State	LuaGetDelayCatchTime(lua_State *)
08164700	58	_Z22LuaGetSignCodeSyncTimeP9lua_State	LuaGetSignCodeSyncTime(lua_State *)
08164740	34	_Z26LuaGetBotDeleteAccountFlagP9lua_State	LuaGetBotDeleteAccountFlag(lua_State *)
08164770	34	_Z19LuaGetBotPunishFlagP9lua_State	LuaGetBotPunishFlag(lua_State *)
081647a0	235	_Z20LuaBotValidateClientP9lua_State	LuaBotValidateClient(lua_State *)
08164890	147	_Z20LuaSetDelayCatchTimeP9lua_State	LuaSetDelayCatchTime(lua_State *)
08164930	149	_Z22LuaSetSignCodeSyncTimeP9lua_State	LuaSetSignCodeSyncTime(lua_State *)
081649d0	52	_Z19LuaClearBotSignCodeP9lua_State	LuaClearBotSignCode(lua_State *)
08164a10	148	_Z17LuaAddBotSignCodeP9lua_State	LuaAddBotSignCode(lua_State *)
08164ab0	105	_Z25LuaGetBotRefuseLoginCountP9lua_State	LuaGetBotRefuseLoginCount(lua_State *)
08164b20	105	_Z24LuaGetBotRefuseLoginFlagP9lua_State	LuaGetBotRefuseLoginFlag(lua_State *)
08164b90	214	_Z20LuaSetBotRefuseLoginP9lua_State	LuaSetBotRefuseLogin(lua_State *)
08164c70	86	_Z24LuaStartBotDeleteAccountP9lua_State	LuaStartBotDeleteAccount(lua_State *)
08164cd0	86	_Z17LuaStartBotPunishP9lua_State	LuaStartBotPunish(lua_State *)
08164d30	156	_ZN16KFoundryTollgate8IsAccordEP5KItemRKSt6vectorINS_10KGottaAttrESaIS3_EE	KFoundryTollgate::IsAccord(KItem *,std::vector<KFoundryTollgate::KGottaAttr,std::allocator<KFoundryTollgate::KGottaAttr>> const&)
08164dd0	84	_ZN16KFoundryTollgate22IsHaveMagicInSamePlaceEP5KItemS1_	KFoundryTollgate::IsHaveMagicInSamePlace(KItem *,KItem *)
08164e30	116	_ZN16KFoundryTollgate9MatchRuleERKSt6vectorIP5KItemSaIS2_EE18EQUIP_UPGRADE_TYPEi	KFoundryTollgate::MatchRule(std::vector<KItem *,std::allocator<KItem *>> const&,EQUIP_UPGRADE_TYPE,int)
08164eb0	38	_ZN16KFoundryTollgateC2Ev	KFoundryTollgate::KFoundryTollgate(void)
08164ee0	376	_ZN16KFoundryTollgate10InitVectorEP8KIniFilePKcRSt6vectorINS_10KGottaAttrESaIS5_EE	KFoundryTollgate::InitVector(KIniFile *,char const*,std::vector<KFoundryTollgate::KGottaAttr,std::allocator<KFoundryTollgate::KGottaAttr>> &)
08165060	38	_ZN16KFoundryTollgateC1Ev	KFoundryTollgate::KFoundryTollgate(void)
08165090	66	_Z41__static_initialization_and_destruction_0ii_47	_Z41__static_initialization_and_destruction_0ii_47
081650e0	16	_GLOBAL__I_g_FoundryTollgate	`global constructor keyed to'g_FoundryTollgate
081650f0	34	_ZN16KFoundryTollgateD1Ev	KFoundryTollgate::~KFoundryTollgate()
08165120	16	__tcf_0_36	__tcf_0_36
08165130	34	_ZN16KFoundryTollgateD2Ev	KFoundryTollgate::~KFoundryTollgate()
08165160	703	_ZN16KFoundryTollgate10InitializeEv	KFoundryTollgate::Initialize(void)
08165420	1134	_ZN16KFoundryTollgate7CpdRuleERKSt6vectorIP5KItemSaIS2_EEi	KFoundryTollgate::CpdRule(std::vector<KItem *,std::allocator<KItem *>> const&,int)
08165890	3306	_ZN16KFoundryTollgate9AtlasRuleERKSt6vectorIP5KItemSaIS2_EEi	KFoundryTollgate::AtlasRule(std::vector<KItem *,std::allocator<KItem *>> const&,int)
08166580	1186	_ZN16KFoundryTollgate16EnchaseEquipRuleERKSt6vectorIP5KItemSaIS2_EEi	KFoundryTollgate::EnchaseEquipRule(std::vector<KItem *,std::allocator<KItem *>> const&,int)
08166a30	738	_ZN16KFoundryTollgate14ForgeEquipRuleERKSt6vectorIP5KItemSaIS2_EEi	KFoundryTollgate::ForgeEquipRule(std::vector<KItem *,std::allocator<KItem *>> const&,int)
08166d20	1202	_ZN16KFoundryTollgate15DistillMineRuleERKSt6vectorIP5KItemSaIS2_EEi	KFoundryTollgate::DistillMineRule(std::vector<KItem *,std::allocator<KItem *>> const&,int)
081671e0	458	_ZN16KFoundryTollgate14UpPropMineRuleERKSt6vectorIP5KItemSaIS2_EEi	KFoundryTollgate::UpPropMineRule(std::vector<KItem *,std::allocator<KItem *>> const&,int)
081673b0	458	_ZN16KFoundryTollgate14UpCryoliteRuleERKSt6vectorIP5KItemSaIS2_EEi	KFoundryTollgate::UpCryoliteRule(std::vector<KItem *,std::allocator<KItem *>> const&,int)
08167580	87	_ZNSt8_Rb_treeIiSt4pairIKiSt3mapIiSt6vectorIN16KFoundryTollgate10KGottaAttrESaIS5_EESt4lessIiESaIS0_IS1_S7_EEEESt10_Select1stISD_ES9_SaISD_EE4findERS1_	std::_Rb_tree<int,std::pair<int const,std::map<int,std::vector<KFoundryTollgate::KGottaAttr,std::allocator<KFoundryTollgate::KGottaAttr>>,std::less<int>,std::allocator<std::pair<int const,std::vector<KFoundryTollgate::KGottaAttr,std::allocator<KFoundryTollgate::KGottaAttr>>>>>>,std::_Select1st<std::pair<int const,std::map<int,std::vector<KFoundryTollgate::KGottaAttr,std::allocator<KFoundryTollgate::KGottaAttr>>,std::less<int>,std::allocator<std::pair<int const,std::vector<KFoundryTollgate::KGottaAttr,std::allocator<KFoundryTollgate::KGottaAttr>>>>>>>,std::less<int>,std::allocator<std::pair<int const,std::map<int,std::vector<KFoundryTollgate::KGottaAttr,std::allocator<KFoundryTollgate::KGottaAttr>>,std::less<int>,std::allocator<std::pair<int const,std::vector<KFoundryTollgate::KGottaAttr,std::allocator<KFoundryTollgate::KGottaAttr>>>>>>>>::find(int const&)
081675e0	62	_ZNSt8_Rb_treeIiSt4pairIKiSt3mapIiSt6vectorIN16KFoundryTollgate10KGottaAttrESaIS5_EESt4lessIiESaIS0_IS1_S7_EEEESt10_Select1stISD_ES9_SaISD_EE11lower_boundERS1_	std::_Rb_tree<int,std::pair<int const,std::map<int,std::vector<KFoundryTollgate::KGottaAttr,std::allocator<KFoundryTollgate::KGottaAttr>>,std::less<int>,std::allocator<std::pair<int const,std::vector<KFoundryTollgate::KGottaAttr,std::allocator<KFoundryTollgate::KGottaAttr>>>>>>,std::_Select1st<std::pair<int const,std::map<int,std::vector<KFoundryTollgate::KGottaAttr,std::allocator<KFoundryTollgate::KGottaAttr>>,std::less<int>,std::allocator<std::pair<int const,std::vector<KFoundryTollgate::KGottaAttr,std::allocator<KFoundryTollgate::KGottaAttr>>>>>>>,std::less<int>,std::allocator<std::pair<int const,std::map<int,std::vector<KFoundryTollgate::KGottaAttr,std::allocator<KFoundryTollgate::KGottaAttr>>,std::less<int>,std::allocator<std::pair<int const,std::vector<KFoundryTollgate::KGottaAttr,std::allocator<KFoundryTollgate::KGottaAttr>>>>>>>>::lower_bound(int const&)
08167620	62	_ZNSt8_Rb_treeIiSt4pairIKiSt6vectorIN16KFoundryTollgate10KGottaAttrESaIS4_EEESt10_Select1stIS7_ESt4lessIiESaIS7_EE11lower_boundERS1_	std::_Rb_tree<int,std::pair<int const,std::vector<KFoundryTollgate::KGottaAttr,std::allocator<KFoundryTollgate::KGottaAttr>>>,std::_Select1st<std::pair<int const,std::vector<KFoundryTollgate::KGottaAttr,std::allocator<KFoundryTollgate::KGottaAttr>>>>,std::less<int>,std::allocator<std::pair<int const,std::vector<KFoundryTollgate::KGottaAttr,std::allocator<KFoundryTollgate::KGottaAttr>>>>>::lower_bound(int const&)
08167660	490	_ZNSt6vectorIN16KFoundryTollgate10KGottaAttrESaIS1_EE13_M_insert_auxEN9__gnu_cxx17__normal_iteratorIPS1_S3_EERKS1_	std::vector<KFoundryTollgate::KGottaAttr,std::allocator<KFoundryTollgate::KGottaAttr>>::_M_insert_aux(__gnu_cxx::__normal_iterator<KFoundryTollgate::KGottaAttr*,std::vector<KFoundryTollgate::KGottaAttr,std::allocator<KFoundryTollgate::KGottaAttr>>>,KFoundryTollgate::KGottaAttr const&)
08167850	336	_ZNSt8_Rb_treeIiSt4pairIKiSt6vectorIN16KFoundryTollgate10KGottaAttrESaIS4_EEESt10_Select1stIS7_ESt4lessIiESaIS7_EE9_M_insertEPSt18_Rb_tree_node_baseSF_RKS7_	std::_Rb_tree<int,std::pair<int const,std::vector<KFoundryTollgate::KGottaAttr,std::allocator<KFoundryTollgate::KGottaAttr>>>,std::_Select1st<std::pair<int const,std::vector<KFoundryTollgate::KGottaAttr,std::allocator<KFoundryTollgate::KGottaAttr>>>>,std::less<int>,std::allocator<std::pair<int const,std::vector<KFoundryTollgate::KGottaAttr,std::allocator<KFoundryTollgate::KGottaAttr>>>>>::_M_insert(std::_Rb_tree_node_base *,std::_Rb_tree_node_base *,std::pair<int const,std::vector<KFoundryTollgate::KGottaAttr,std::allocator<KFoundryTollgate::KGottaAttr>>> const&)
081679a0	236	_ZNSt8_Rb_treeIiSt4pairIKiSt6vectorIN16KFoundryTollgate10KGottaAttrESaIS4_EEESt10_Select1stIS7_ESt4lessIiESaIS7_EE13insert_uniqueERKS7_	std::_Rb_tree<int,std::pair<int const,std::vector<KFoundryTollgate::KGottaAttr,std::allocator<KFoundryTollgate::KGottaAttr>>>,std::_Select1st<std::pair<int const,std::vector<KFoundryTollgate::KGottaAttr,std::allocator<KFoundryTollgate::KGottaAttr>>>>,std::less<int>,std::allocator<std::pair<int const,std::vector<KFoundryTollgate::KGottaAttr,std::allocator<KFoundryTollgate::KGottaAttr>>>>>::insert_unique(std::pair<int const,std::vector<KFoundryTollgate::KGottaAttr,std::allocator<KFoundryTollgate::KGottaAttr>>> const&)
08167a90	593	_ZNSt8_Rb_treeIiSt4pairIKiSt6vectorIN16KFoundryTollgate10KGottaAttrESaIS4_EEESt10_Select1stIS7_ESt4lessIiESaIS7_EE13insert_uniqueESt17_Rb_tree_iteratorIS7_ERKS7_	std::_Rb_tree<int,std::pair<int const,std::vector<KFoundryTollgate::KGottaAttr,std::allocator<KFoundryTollgate::KGottaAttr>>>,std::_Select1st<std::pair<int const,std::vector<KFoundryTollgate::KGottaAttr,std::allocator<KFoundryTollgate::KGottaAttr>>>>,std::less<int>,std::allocator<std::pair<int const,std::vector<KFoundryTollgate::KGottaAttr,std::allocator<KFoundryTollgate::KGottaAttr>>>>>::insert_unique(std::_Rb_tree_iterator<std::pair<int const,std::vector<KFoundryTollgate::KGottaAttr,std::allocator<KFoundryTollgate::KGottaAttr>>>>,std::pair<int const,std::vector<KFoundryTollgate::KGottaAttr,std::allocator<KFoundryTollgate::KGottaAttr>>> const&)
08167cf0	74	_ZNSt8_Rb_treeIiSt4pairIKiSt6vectorIN16KFoundryTollgate10KGottaAttrESaIS4_EEESt10_Select1stIS7_ESt4lessIiESaIS7_EE8_M_eraseEPSt13_Rb_tree_nodeIS7_E	std::_Rb_tree<int,std::pair<int const,std::vector<KFoundryTollgate::KGottaAttr,std::allocator<KFoundryTollgate::KGottaAttr>>>,std::_Select1st<std::pair<int const,std::vector<KFoundryTollgate::KGottaAttr,std::allocator<KFoundryTollgate::KGottaAttr>>>>,std::less<int>,std::allocator<std::pair<int const,std::vector<KFoundryTollgate::KGottaAttr,std::allocator<KFoundryTollgate::KGottaAttr>>>>>::_M_erase(std::_Rb_tree_node<std::pair<int const,std::vector<KFoundryTollgate::KGottaAttr,std::allocator<KFoundryTollgate::KGottaAttr>>>> *)
08167d40	654	_ZNSt8_Rb_treeIiSt4pairIKiSt6vectorIN16KFoundryTollgate10KGottaAttrESaIS4_EEESt10_Select1stIS7_ESt4lessIiESaIS7_EE7_M_copyEPKSt13_Rb_tree_nodeIS7_EPSF_	std::_Rb_tree<int,std::pair<int const,std::vector<KFoundryTollgate::KGottaAttr,std::allocator<KFoundryTollgate::KGottaAttr>>>,std::_Select1st<std::pair<int const,std::vector<KFoundryTollgate::KGottaAttr,std::allocator<KFoundryTollgate::KGottaAttr>>>>,std::less<int>,std::allocator<std::pair<int const,std::vector<KFoundryTollgate::KGottaAttr,std::allocator<KFoundryTollgate::KGottaAttr>>>>>::_M_copy(std::_Rb_tree_node<std::pair<int const,std::vector<KFoundryTollgate::KGottaAttr,std::allocator<KFoundryTollgate::KGottaAttr>>>> const*,std::_Rb_tree_node<std::pair<int const,std::vector<KFoundryTollgate::KGottaAttr,std::allocator<KFoundryTollgate::KGottaAttr>>>>*)
08167fd0	270	_ZNSt8_Rb_treeIiSt4pairIKiSt3mapIiSt6vectorIN16KFoundryTollgate10KGottaAttrESaIS5_EESt4lessIiESaIS0_IS1_S7_EEEESt10_Select1stISD_ES9_SaISD_EE9_M_insertEPSt18_Rb_tree_node_baseSJ_RKSD_	std::_Rb_tree<int,std::pair<int const,std::map<int,std::vector<KFoundryTollgate::KGottaAttr,std::allocator<KFoundryTollgate::KGottaAttr>>,std::less<int>,std::allocator<std::pair<int const,std::vector<KFoundryTollgate::KGottaAttr,std::allocator<KFoundryTollgate::KGottaAttr>>>>>>,std::_Select1st<std::pair<int const,std::map<int,std::vector<KFoundryTollgate::KGottaAttr,std::allocator<KFoundryTollgate::KGottaAttr>>,std::less<int>,std::allocator<std::pair<int const,std::vector<KFoundryTollgate::KGottaAttr,std::allocator<KFoundryTollgate::KGottaAttr>>>>>>>,std::less<int>,std::allocator<std::pair<int const,std::map<int,std::vector<KFoundryTollgate::KGottaAttr,std::allocator<KFoundryTollgate::KGottaAttr>>,std::less<int>,std::allocator<std::pair<int const,std::vector<KFoundryTollgate::KGottaAttr,std::allocator<KFoundryTollgate::KGottaAttr>>>>>>>>::_M_insert(std::_Rb_tree_node_base *,std::_Rb_tree_node_base *,std::pair<int const,std::map<int,std::vector<KFoundryTollgate::KGottaAttr,std::allocator<KFoundryTollgate::KGottaAttr>>,std::less<int>,std::allocator<std::pair<int const,std::vector<KFoundryTollgate::KGottaAttr,std::allocator<KFoundryTollgate::KGottaAttr>>>>>> const&)
081680e0	236	_ZNSt8_Rb_treeIiSt4pairIKiSt3mapIiSt6vectorIN16KFoundryTollgate10KGottaAttrESaIS5_EESt4lessIiESaIS0_IS1_S7_EEEESt10_Select1stISD_ES9_SaISD_EE13insert_uniqueERKSD_	std::_Rb_tree<int,std::pair<int const,std::map<int,std::vector<KFoundryTollgate::KGottaAttr,std::allocator<KFoundryTollgate::KGottaAttr>>,std::less<int>,std::allocator<std::pair<int const,std::vector<KFoundryTollgate::KGottaAttr,std::allocator<KFoundryTollgate::KGottaAttr>>>>>>,std::_Select1st<std::pair<int const,std::map<int,std::vector<KFoundryTollgate::KGottaAttr,std::allocator<KFoundryTollgate::KGottaAttr>>,std::less<int>,std::allocator<std::pair<int const,std::vector<KFoundryTollgate::KGottaAttr,std::allocator<KFoundryTollgate::KGottaAttr>>>>>>>,std::less<int>,std::allocator<std::pair<int const,std::map<int,std::vector<KFoundryTollgate::KGottaAttr,std::allocator<KFoundryTollgate::KGottaAttr>>,std::less<int>,std::allocator<std::pair<int const,std::vector<KFoundryTollgate::KGottaAttr,std::allocator<KFoundryTollgate::KGottaAttr>>>>>>>>::insert_unique(std::pair<int const,std::map<int,std::vector<KFoundryTollgate::KGottaAttr,std::allocator<KFoundryTollgate::KGottaAttr>>,std::less<int>,std::allocator<std::pair<int const,std::vector<KFoundryTollgate::KGottaAttr,std::allocator<KFoundryTollgate::KGottaAttr>>>>>> const&)
081681d0	593	_ZNSt8_Rb_treeIiSt4pairIKiSt3mapIiSt6vectorIN16KFoundryTollgate10KGottaAttrESaIS5_EESt4lessIiESaIS0_IS1_S7_EEEESt10_Select1stISD_ES9_SaISD_EE13insert_uniqueESt17_Rb_tree_iteratorISD_ERKSD_	std::_Rb_tree<int,std::pair<int const,std::map<int,std::vector<KFoundryTollgate::KGottaAttr,std::allocator<KFoundryTollgate::KGottaAttr>>,std::less<int>,std::allocator<std::pair<int const,std::vector<KFoundryTollgate::KGottaAttr,std::allocator<KFoundryTollgate::KGottaAttr>>>>>>,std::_Select1st<std::pair<int const,std::map<int,std::vector<KFoundryTollgate::KGottaAttr,std::allocator<KFoundryTollgate::KGottaAttr>>,std::less<int>,std::allocator<std::pair<int const,std::vector<KFoundryTollgate::KGottaAttr,std::allocator<KFoundryTollgate::KGottaAttr>>>>>>>,std::less<int>,std::allocator<std::pair<int const,std::map<int,std::vector<KFoundryTollgate::KGottaAttr,std::allocator<KFoundryTollgate::KGottaAttr>>,std::less<int>,std::allocator<std::pair<int const,std::vector<KFoundryTollgate::KGottaAttr,std::allocator<KFoundryTollgate::KGottaAttr>>>>>>>>::insert_unique(std::_Rb_tree_iterator<std::pair<int const,std::map<int,std::vector<KFoundryTollgate::KGottaAttr,std::allocator<KFoundryTollgate::KGottaAttr>>,std::less<int>,std::allocator<std::pair<int const,std::vector<KFoundryTollgate::KGottaAttr,std::allocator<KFoundryTollgate::KGottaAttr>>>>>>>,std::pair<int const,std::map<int,std::vector<KFoundryTollgate::KGottaAttr,std::allocator<KFoundryTollgate::KGottaAttr>>,std::less<int>,std::allocator<std::pair<int const,std::vector<KFoundryTollgate::KGottaAttr,std::allocator<KFoundryTollgate::KGottaAttr>>>>>> const&)
08168430	85	_ZNSt8_Rb_treeIiSt4pairIKiSt3mapIiSt6vectorIN16KFoundryTollgate10KGottaAttrESaIS5_EESt4lessIiESaIS0_IS1_S7_EEEESt10_Select1stISD_ES9_SaISD_EE8_M_eraseEPSt13_Rb_tree_nodeISD_E	std::_Rb_tree<int,std::pair<int const,std::map<int,std::vector<KFoundryTollgate::KGottaAttr,std::allocator<KFoundryTollgate::KGottaAttr>>,std::less<int>,std::allocator<std::pair<int const,std::vector<KFoundryTollgate::KGottaAttr,std::allocator<KFoundryTollgate::KGottaAttr>>>>>>,std::_Select1st<std::pair<int const,std::map<int,std::vector<KFoundryTollgate::KGottaAttr,std::allocator<KFoundryTollgate::KGottaAttr>>,std::less<int>,std::allocator<std::pair<int const,std::vector<KFoundryTollgate::KGottaAttr,std::allocator<KFoundryTollgate::KGottaAttr>>>>>>>,std::less<int>,std::allocator<std::pair<int const,std::map<int,std::vector<KFoundryTollgate::KGottaAttr,std::allocator<KFoundryTollgate::KGottaAttr>>,std::less<int>,std::allocator<std::pair<int const,std::vector<KFoundryTollgate::KGottaAttr,std::allocator<KFoundryTollgate::KGottaAttr>>>>>>>>::_M_erase(std::_Rb_tree_node<std::pair<int const,std::map<int,std::vector<KFoundryTollgate::KGottaAttr,std::allocator<KFoundryTollgate::KGottaAttr>>,std::less<int>,std::allocator<std::pair<int const,std::vector<KFoundryTollgate::KGottaAttr,std::allocator<KFoundryTollgate::KGottaAttr>>>>>>> *)
08168490	334	_ZNSt3mapIiSt6vectorIN16KFoundryTollgate10KGottaAttrESaIS2_EESt4lessIiESaISt4pairIKiS4_EEEixERS8_	std::map<int,std::vector<KFoundryTollgate::KGottaAttr,std::allocator<KFoundryTollgate::KGottaAttr>>,std::less<int>,std::allocator<std::pair<int const,std::vector<KFoundryTollgate::KGottaAttr,std::allocator<KFoundryTollgate::KGottaAttr>>>>>::operator[](int const&)
081685e0	63	_ZN15KScriptEnchaser11RemoveItemsEP15TCompoundParams	KScriptEnchaser::RemoveItems(TCompoundParams *)
08168620	87	_ZN15KScriptEnchaser11CheckParamsEP15TCompoundParams	KScriptEnchaser::CheckParams(TCompoundParams *)
08168680	348	_ZN15KScriptEnchaser11EnchaseItemEi18EQUIP_UPGRADE_TYPEPSt6vectorIP5KItemSaIS3_EES6_iS3_Pi	KScriptEnchaser::EnchaseItem(int,EQUIP_UPGRADE_TYPE,std::vector<KItem *,std::allocator<KItem *>> *,std::vector<KItem *,std::allocator<KItem *>> *,int,KItem *,int *)
081687e0	837	_ZN15KScriptEnchaser4InitEv	KScriptEnchaser::Init(void)
08168b30	1113	_ZN15KScriptEnchaser11EnchaseItemEP15TCompoundParamsP5KItemPi	KScriptEnchaser::EnchaseItem(TCompoundParams *,KItem *,int *)
08168f90	87	_ZNSt8_Rb_treeIiSt4pairIKiSsESt10_Select1stIS2_ESt4lessIiESaIS2_EE4findERS1_	std::_Rb_tree<int,std::pair<int const,std::string>,std::_Select1st<std::pair<int const,std::string>>,std::less<int>,std::allocator<std::pair<int const,std::string>>>::find(int const&)
08168ff0	62	_ZNSt8_Rb_treeIiSt4pairIKiSsESt10_Select1stIS2_ESt4lessIiESaIS2_EE11lower_boundERS1_	std::_Rb_tree<int,std::pair<int const,std::string>,std::_Select1st<std::pair<int const,std::string>>,std::less<int>,std::allocator<std::pair<int const,std::string>>>::lower_bound(int const&)
08169030	186	_ZNSt8_Rb_treeIiSt4pairIKiSsESt10_Select1stIS2_ESt4lessIiESaIS2_EE9_M_insertEPSt18_Rb_tree_node_baseSA_RKS2_	std::_Rb_tree<int,std::pair<int const,std::string>,std::_Select1st<std::pair<int const,std::string>>,std::less<int>,std::allocator<std::pair<int const,std::string>>>::_M_insert(std::_Rb_tree_node_base *,std::_Rb_tree_node_base *,std::pair<int const,std::string> const&)
081690f0	236	_ZNSt8_Rb_treeIiSt4pairIKiSsESt10_Select1stIS2_ESt4lessIiESaIS2_EE13insert_uniqueERKS2_	std::_Rb_tree<int,std::pair<int const,std::string>,std::_Select1st<std::pair<int const,std::string>>,std::less<int>,std::allocator<std::pair<int const,std::string>>>::insert_unique(std::pair<int const,std::string> const&)
081691e0	593	_ZNSt8_Rb_treeIiSt4pairIKiSsESt10_Select1stIS2_ESt4lessIiESaIS2_EE13insert_uniqueESt17_Rb_tree_iteratorIS2_ERKS2_	std::_Rb_tree<int,std::pair<int const,std::string>,std::_Select1st<std::pair<int const,std::string>>,std::less<int>,std::allocator<std::pair<int const,std::string>>>::insert_unique(std::_Rb_tree_iterator<std::pair<int const,std::string>>,std::pair<int const,std::string> const&)
08169440	96	_Z41__static_initialization_and_destruction_0ii_48	_Z41__static_initialization_and_destruction_0ii_48
081694a0	16	_GLOBAL__I_g_ItemValuator	`global constructor keyed to'g_ItemValuator
081694b0	36	__tcf_0_37	__tcf_0_37
081694e0	264	_ZN13KItemValuator17TransferItemValueEdPSt6vectorIdSaIdEE	KItemValuator::TransferItemValue(double,std::vector<double,std::allocator<double>> *)
081695f0	778	_ZN13KItemValuator4InitEPc	KItemValuator::Init(char *)
08169900	1071	_ZN13KItemValuator13CalcItemValueEP9KItemInfoSs	KItemValuator::CalcItemValue(KItemInfo *,std::string)
08169d30	675	_ZN13KItemValuator13CalcItemValueEiSs	KItemValuator::CalcItemValue(int,std::string)
08169fe0	531	_ZNSt6vectorIN13KItemValuator14KItemValueInfoESaIS1_EE13_M_insert_auxEN9__gnu_cxx17__normal_iteratorIPS1_S3_EERKS1_	std::vector<KItemValuator::KItemValueInfo,std::allocator<KItemValuator::KItemValueInfo>>::_M_insert_aux(__gnu_cxx::__normal_iterator<KItemValuator::KItemValueInfo*,std::vector<KItemValuator::KItemValueInfo,std::allocator<KItemValuator::KItemValueInfo>>>,KItemValuator::KItemValueInfo const&)
0816a200	10	_Z17GetItemFuncsCountv	GetItemFuncsCount(void)
0816a210	34	_Z25ITEM_GetLatestItemVersionP9lua_State	ITEM_GetLatestItemVersion(lua_State *)
0816a240	267	_Z17Lua_ITEM_FindNextP9lua_State	Lua_ITEM_FindNext(lua_State *)
0816a350	22	_Z23Lua_ITEM_ExportShopInfoP9lua_State	Lua_ITEM_ExportShopInfo(lua_State *)
0816a370	159	_Z19ITEM_GetExpiredTimeP9lua_State	ITEM_GetExpiredTime(lua_State *)
0816a410	159	_Z21ITEM_GetLeftUsageTimeP9lua_State	ITEM_GetLeftUsageTime(lua_State *)
0816a4b0	325	_Z19ITEM_SetItemExParamP9lua_State	ITEM_SetItemExParam(lua_State *)
0816a600	261	_Z19ITEM_GetItemExParamP9lua_State	ITEM_GetItemExParam(lua_State *)
0816a710	303	_Z19ITEM_SetExpiredTimeP9lua_State	ITEM_SetExpiredTime(lua_State *)
0816a840	289	_Z23ITEM_BrokenEquip2NormalP9lua_State	ITEM_BrokenEquip2Normal(lua_State *)
0816a970	289	_Z23ITEM_Abrade2BrokenEquipP9lua_State	ITEM_Abrade2BrokenEquip(lua_State *)
0816aaa0	463	_Z25Lua_ITEM_DropItemFromRateP9lua_State	Lua_ITEM_DropItemFromRate(lua_State *)
0816ac70	544	_Z16ITEM_GetItemInfoP9lua_State	ITEM_GetItemInfo(lua_State *)
0816ae90	192	_Z23ITEM_GetImmediatelyItemP9lua_State	ITEM_GetImmediatelyItem(lua_State *)
0816af50	224	_Z20ITEM_SetExpiredTime2P9lua_State	ITEM_SetExpiredTime2(lua_State *)
0816b030	149	_Z19ITEM_GetItemVersionP9lua_State	ITEM_GetItemVersion(lua_State *)
0816b0d0	159	_Z20ITEM_GetItemRandSeedP9lua_State	ITEM_GetItemRandSeed(lua_State *)
0816b170	290	_Z21ITEM_SetLeftUsageTimeP9lua_State	ITEM_SetLeftUsageTime(lua_State *)
0816b2a0	462	_Z22ITEM_TransferItemValueP9lua_State	ITEM_TransferItemValue(lua_State *)
0816b470	2053	_Z18ITEM_CalcItemValueP9lua_State	ITEM_CalcItemValue(lua_State *)
0816bc80	301	_ZNSt6vectorIdSaIdEE13_M_insert_auxEN9__gnu_cxx17__normal_iteratorIPdS1_EERKd	std::vector<double,std::allocator<double>>::_M_insert_aux(__gnu_cxx::__normal_iterator<double *,std::vector<double,std::allocator<double>>>,double const&)
0816bdb0	18	_ZN12KPlayerEvent4InitEP7KPlayer	KPlayerEvent::Init(KPlayer *)
0816bdd0	25	_ZN12KPlayerEvent7ReleaseEv	KPlayerEvent::Release(void)
0816bdf0	83	_ZN12KPlayerEvent11RemoveEventEt	KPlayerEvent::RemoveEvent(unsigned short)
0816be50	38	_ZN12KPlayerEventC2Ev	KPlayerEvent::KPlayerEvent(void)
0816be80	38	_ZN12KPlayerEventC1Ev	KPlayerEvent::KPlayerEvent(void)
0816beb0	19	_ZN12KPlayerEvent14RemoveAllEventEv	KPlayerEvent::RemoveAllEvent(void)
0816bed0	188	_ZN12KPlayerEvent10OnNpcDeathEiiii	KPlayerEvent::OnNpcDeath(int,int,int,int)
0816bf90	168	_ZN12KPlayerEvent8AddEventEtt	KPlayerEvent::AddEvent(unsigned short,unsigned short)
0816c040	87	_ZNSt8_Rb_treeIiSt4pairIKiN15KPlayerEventMan20tagKILLNPCEVENT_DATAEESt10_Select1stIS4_ESt4lessIiESaIS4_EE4findERS1_	std::_Rb_tree<int,std::pair<int const,KPlayerEventMan::tagKILLNPCEVENT_DATA>,std::_Select1st<std::pair<int const,KPlayerEventMan::tagKILLNPCEVENT_DATA>>,std::less<int>,std::allocator<std::pair<int const,KPlayerEventMan::tagKILLNPCEVENT_DATA>>>::find(int const&)
0816c0a0	81	_ZNSt6vectorIN12KPlayerEvent10_EventDataESaIS1_EE5eraseEN9__gnu_cxx17__normal_iteratorIPS1_S3_EE	std::vector<KPlayerEvent::_EventData,std::allocator<KPlayerEvent::_EventData>>::erase(__gnu_cxx::__normal_iterator<KPlayerEvent::_EventData*,std::vector<KPlayerEvent::_EventData,std::allocator<KPlayerEvent::_EventData>>>)
0816c100	404	_ZNSt6vectorIN12KPlayerEvent10_EventDataESaIS1_EE13_M_insert_auxEN9__gnu_cxx17__normal_iteratorIPS1_S3_EERKS1_	std::vector<KPlayerEvent::_EventData,std::allocator<KPlayerEvent::_EventData>>::_M_insert_aux(__gnu_cxx::__normal_iterator<KPlayerEvent::_EventData*,std::vector<KPlayerEvent::_EventData,std::allocator<KPlayerEvent::_EventData>>>,KPlayerEvent::_EventData const&)
0816c2a0	929	_ZN15KPlayerEventMan10OnNpcDeathEiiiiii	KPlayerEventMan::OnNpcDeath(int,int,int,int,int,int)
0816c650	71	_ZN15KPlayerEventManC2Ev	KPlayerEventMan::KPlayerEventMan(void)
0816c6a0	71	_ZN15KPlayerEventManC1Ev	KPlayerEventMan::KPlayerEventMan(void)
0816c6f0	102	_ZN15KPlayerEventMan7ReleaseEv	KPlayerEventMan::Release(void)
0816c760	3452	_ZN15KPlayerEventMan19InitForKillNpcEventEv	KPlayerEventMan::InitForKillNpcEvent(void)
0816d4e0	9	_ZN15KPlayerEventMan4InitEv	KPlayerEventMan::Init(void)
0816d4f0	62	_ZNSt8_Rb_treeIiSt4pairIKiN15KPlayerEventMan20tagKILLNPCEVENT_DATAEESt10_Select1stIS4_ESt4lessIiESaIS4_EE11lower_boundERS1_	std::_Rb_tree<int,std::pair<int const,KPlayerEventMan::tagKILLNPCEVENT_DATA>,std::_Select1st<std::pair<int const,KPlayerEventMan::tagKILLNPCEVENT_DATA>>,std::less<int>,std::allocator<std::pair<int const,KPlayerEventMan::tagKILLNPCEVENT_DATA>>>::lower_bound(int const&)
0816d530	357	_ZNSt8_Rb_treeIiSt4pairIKiN15KPlayerEventMan20tagKILLNPCEVENT_DATAEESt10_Select1stIS4_ESt4lessIiESaIS4_EE9_M_insertEPSt18_Rb_tree_node_baseSC_RKS4_	std::_Rb_tree<int,std::pair<int const,KPlayerEventMan::tagKILLNPCEVENT_DATA>,std::_Select1st<std::pair<int const,KPlayerEventMan::tagKILLNPCEVENT_DATA>>,std::less<int>,std::allocator<std::pair<int const,KPlayerEventMan::tagKILLNPCEVENT_DATA>>>::_M_insert(std::_Rb_tree_node_base *,std::_Rb_tree_node_base *,std::pair<int const,KPlayerEventMan::tagKILLNPCEVENT_DATA> const&)
0816d6a0	236	_ZNSt8_Rb_treeIiSt4pairIKiN15KPlayerEventMan20tagKILLNPCEVENT_DATAEESt10_Select1stIS4_ESt4lessIiESaIS4_EE13insert_uniqueERKS4_	std::_Rb_tree<int,std::pair<int const,KPlayerEventMan::tagKILLNPCEVENT_DATA>,std::_Select1st<std::pair<int const,KPlayerEventMan::tagKILLNPCEVENT_DATA>>,std::less<int>,std::allocator<std::pair<int const,KPlayerEventMan::tagKILLNPCEVENT_DATA>>>::insert_unique(std::pair<int const,KPlayerEventMan::tagKILLNPCEVENT_DATA> const&)
0816d790	593	_ZNSt8_Rb_treeIiSt4pairIKiN15KPlayerEventMan20tagKILLNPCEVENT_DATAEESt10_Select1stIS4_ESt4lessIiESaIS4_EE13insert_uniqueESt17_Rb_tree_iteratorIS4_ERKS4_	std::_Rb_tree<int,std::pair<int const,KPlayerEventMan::tagKILLNPCEVENT_DATA>,std::_Select1st<std::pair<int const,KPlayerEventMan::tagKILLNPCEVENT_DATA>>,std::less<int>,std::allocator<std::pair<int const,KPlayerEventMan::tagKILLNPCEVENT_DATA>>>::insert_unique(std::_Rb_tree_iterator<std::pair<int const,KPlayerEventMan::tagKILLNPCEVENT_DATA>>,std::pair<int const,KPlayerEventMan::tagKILLNPCEVENT_DATA> const&)
0816d9f0	473	_ZNK15KPlayerEventMan19tagKILLNPCEVENT_KEY5_lessEPKiS2_ii	KPlayerEventMan::tagKILLNPCEVENT_KEY::_less(int const*,int const*,int,int)const
0816dbd0	759	_ZNSt8_Rb_treeIN15KPlayerEventMan19tagKILLNPCEVENT_KEYESt4pairIKS1_NS0_21tagKILLNPCEVENT_VALUEEESt10_Select1stIS5_ESt4lessIS1_ESaIS5_EE9_M_insertEPSt18_Rb_tree_node_baseSD_RKS5_	std::_Rb_tree<KPlayerEventMan::tagKILLNPCEVENT_KEY,std::pair<KPlayerEventMan::tagKILLNPCEVENT_KEY const,KPlayerEventMan::tagKILLNPCEVENT_VALUE>,std::_Select1st<std::pair<KPlayerEventMan::tagKILLNPCEVENT_KEY const,KPlayerEventMan::tagKILLNPCEVENT_VALUE>>,std::less<KPlayerEventMan::tagKILLNPCEVENT_KEY>,std::allocator<std::pair<KPlayerEventMan::tagKILLNPCEVENT_KEY const,KPlayerEventMan::tagKILLNPCEVENT_VALUE>>>::_M_insert(std::_Rb_tree_node_base *,std::_Rb_tree_node_base *,std::pair<KPlayerEventMan::tagKILLNPCEVENT_KEY const,KPlayerEventMan::tagKILLNPCEVENT_VALUE> const&)
0816ded0	636	_ZNSt8_Rb_treeIN15KPlayerEventMan19tagKILLNPCEVENT_KEYESt4pairIKS1_NS0_21tagKILLNPCEVENT_VALUEEESt10_Select1stIS5_ESt4lessIS1_ESaIS5_EE13insert_uniqueERKS5_	std::_Rb_tree<KPlayerEventMan::tagKILLNPCEVENT_KEY,std::pair<KPlayerEventMan::tagKILLNPCEVENT_KEY const,KPlayerEventMan::tagKILLNPCEVENT_VALUE>,std::_Select1st<std::pair<KPlayerEventMan::tagKILLNPCEVENT_KEY const,KPlayerEventMan::tagKILLNPCEVENT_VALUE>>,std::less<KPlayerEventMan::tagKILLNPCEVENT_KEY>,std::allocator<std::pair<KPlayerEventMan::tagKILLNPCEVENT_KEY const,KPlayerEventMan::tagKILLNPCEVENT_VALUE>>>::insert_unique(std::pair<KPlayerEventMan::tagKILLNPCEVENT_KEY const,KPlayerEventMan::tagKILLNPCEVENT_VALUE> const&)
0816e150	240	_Z41__static_initialization_and_destruction_0ii_49	_Z41__static_initialization_and_destruction_0ii_49
0816e240	19	_GLOBAL__I_g_PlayerTitle	`global constructor keyed to'g_PlayerTitle
0816e260	37	__tcf_1_24	__tcf_1_24
0816e290	37	__tcf_0_38	__tcf_0_38
0816e2c0	223	_ZN12KPlayerTitle13ChangeFeatureEi	KPlayerTitle::ChangeFeature(int)
0816e3a0	201	_ZN12KPlayerTitle13SyncTitleInfoEv	KPlayerTitle::SyncTitleInfo(void)
0816e470	252	_ZN12KPlayerTitle13SyncTempSkillEmi	KPlayerTitle::SyncTempSkill(unsigned long,int)
0816e570	1446	_ZN12KPlayerTitle4InitEv	KPlayerTitle::Init(void)
0816eb20	564	_ZN12KPlayerTitle13UnActiveTitleEv	KPlayerTitle::UnActiveTitle(void)
0816ed60	490	_ZN12KPlayerTitle11ActiveTitleEji	KPlayerTitle::ActiveTitle(unsigned int,int)
0816ef50	219	_ZN12KPlayerTitle10SaveTitlesEP12TDBStateData	KPlayerTitle::SaveTitles(TDBStateData *)
0816f030	377	_ZN12KPlayerTitle8AddTitleEjRNS_10TTitleTimeE	KPlayerTitle::AddTitle(unsigned int,KPlayerTitle::TTitleTime &)
0816f1b0	126	_ZN12KPlayerTitle10LoadTitlesEP12TDBStateData	KPlayerTitle::LoadTitles(TDBStateData *)
0816f230	102	_ZN12KPlayerTitle13ClearAllTitleEv	KPlayerTitle::ClearAllTitle(void)
0816f2a0	132	_ZN12KPlayerTitle13ClearOneTitleEj	KPlayerTitle::ClearOneTitle(unsigned int)
0816f330	159	_ZN12KPlayerTitle8ActivateEv	KPlayerTitle::Activate(void)
0816f3d0	87	_ZNSt8_Rb_treeIjSt4pairIKjN12KPlayerTitle12TPlayerTitleEESt10_Select1stIS4_ESt4lessIjESaIS4_EE4findERS1_	std::_Rb_tree<unsigned int,std::pair<unsigned int const,KPlayerTitle::TPlayerTitle>,std::_Select1st<std::pair<unsigned int const,KPlayerTitle::TPlayerTitle>>,std::less<unsigned int>,std::allocator<std::pair<unsigned int const,KPlayerTitle::TPlayerTitle>>>::find(unsigned int const&)
0816f430	87	_ZNSt8_Rb_treeIjSt4pairIKjN12KPlayerTitle17_TPlayerTitleDataEESt10_Select1stIS4_ESt4lessIjESaIS4_EE4findERS1_	std::_Rb_tree<unsigned int,std::pair<unsigned int const,KPlayerTitle::_TPlayerTitleData>,std::_Select1st<std::pair<unsigned int const,KPlayerTitle::_TPlayerTitleData>>,std::less<unsigned int>,std::allocator<std::pair<unsigned int const,KPlayerTitle::_TPlayerTitleData>>>::find(unsigned int const&)
0816f490	62	_ZNSt8_Rb_treeIjSt4pairIKjN12KPlayerTitle12TPlayerTitleEESt10_Select1stIS4_ESt4lessIjESaIS4_EE11lower_boundERS1_	std::_Rb_tree<unsigned int,std::pair<unsigned int const,KPlayerTitle::TPlayerTitle>,std::_Select1st<std::pair<unsigned int const,KPlayerTitle::TPlayerTitle>>,std::less<unsigned int>,std::allocator<std::pair<unsigned int const,KPlayerTitle::TPlayerTitle>>>::lower_bound(unsigned int const&)
0816f4d0	62	_ZNSt8_Rb_treeIjSt4pairIKjN12KPlayerTitle17_TPlayerTitleDataEESt10_Select1stIS4_ESt4lessIjESaIS4_EE11lower_boundERS1_	std::_Rb_tree<unsigned int,std::pair<unsigned int const,KPlayerTitle::_TPlayerTitleData>,std::_Select1st<std::pair<unsigned int const,KPlayerTitle::_TPlayerTitleData>>,std::less<unsigned int>,std::allocator<std::pair<unsigned int const,KPlayerTitle::_TPlayerTitleData>>>::lower_bound(unsigned int const&)
0816f510	59	_ZNSt8_Rb_treeIjSt4pairIKjN12KPlayerTitle12TPlayerTitleEESt10_Select1stIS4_ESt4lessIjESaIS4_EE8_M_eraseEPSt13_Rb_tree_nodeIS4_E	std::_Rb_tree<unsigned int,std::pair<unsigned int const,KPlayerTitle::TPlayerTitle>,std::_Select1st<std::pair<unsigned int const,KPlayerTitle::TPlayerTitle>>,std::less<unsigned int>,std::allocator<std::pair<unsigned int const,KPlayerTitle::TPlayerTitle>>>::_M_erase(std::_Rb_tree_node<std::pair<unsigned int const,KPlayerTitle::TPlayerTitle>> *)
0816f550	171	_ZNSt8_Rb_treeIjSt4pairIKjN12KPlayerTitle17_TPlayerTitleDataEESt10_Select1stIS4_ESt4lessIjESaIS4_EE9_M_insertEPSt18_Rb_tree_node_baseSC_RKS4_	std::_Rb_tree<unsigned int,std::pair<unsigned int const,KPlayerTitle::_TPlayerTitleData>,std::_Select1st<std::pair<unsigned int const,KPlayerTitle::_TPlayerTitleData>>,std::less<unsigned int>,std::allocator<std::pair<unsigned int const,KPlayerTitle::_TPlayerTitleData>>>::_M_insert(std::_Rb_tree_node_base *,std::_Rb_tree_node_base *,std::pair<unsigned int const,KPlayerTitle::_TPlayerTitleData> const&)
0816f600	236	_ZNSt8_Rb_treeIjSt4pairIKjN12KPlayerTitle17_TPlayerTitleDataEESt10_Select1stIS4_ESt4lessIjESaIS4_EE13insert_uniqueERKS4_	std::_Rb_tree<unsigned int,std::pair<unsigned int const,KPlayerTitle::_TPlayerTitleData>,std::_Select1st<std::pair<unsigned int const,KPlayerTitle::_TPlayerTitleData>>,std::less<unsigned int>,std::allocator<std::pair<unsigned int const,KPlayerTitle::_TPlayerTitleData>>>::insert_unique(std::pair<unsigned int const,KPlayerTitle::_TPlayerTitleData> const&)
0816f6f0	155	_ZNSt8_Rb_treeIjSt4pairIKjN12KPlayerTitle12TPlayerTitleEESt10_Select1stIS4_ESt4lessIjESaIS4_EE9_M_insertEPSt18_Rb_tree_node_baseSC_RKS4_	std::_Rb_tree<unsigned int,std::pair<unsigned int const,KPlayerTitle::TPlayerTitle>,std::_Select1st<std::pair<unsigned int const,KPlayerTitle::TPlayerTitle>>,std::less<unsigned int>,std::allocator<std::pair<unsigned int const,KPlayerTitle::TPlayerTitle>>>::_M_insert(std::_Rb_tree_node_base *,std::_Rb_tree_node_base *,std::pair<unsigned int const,KPlayerTitle::TPlayerTitle> const&)
0816f790	593	_ZNSt8_Rb_treeIjSt4pairIKjN12KPlayerTitle17_TPlayerTitleDataEESt10_Select1stIS4_ESt4lessIjESaIS4_EE13insert_uniqueESt17_Rb_tree_iteratorIS4_ERKS4_	std::_Rb_tree<unsigned int,std::pair<unsigned int const,KPlayerTitle::_TPlayerTitleData>,std::_Select1st<std::pair<unsigned int const,KPlayerTitle::_TPlayerTitleData>>,std::less<unsigned int>,std::allocator<std::pair<unsigned int const,KPlayerTitle::_TPlayerTitleData>>>::insert_unique(std::_Rb_tree_iterator<std::pair<unsigned int const,KPlayerTitle::_TPlayerTitleData>>,std::pair<unsigned int const,KPlayerTitle::_TPlayerTitleData> const&)
0816f9f0	236	_ZNSt8_Rb_treeIjSt4pairIKjN12KPlayerTitle12TPlayerTitleEESt10_Select1stIS4_ESt4lessIjESaIS4_EE13insert_uniqueERKS4_	std::_Rb_tree<unsigned int,std::pair<unsigned int const,KPlayerTitle::TPlayerTitle>,std::_Select1st<std::pair<unsigned int const,KPlayerTitle::TPlayerTitle>>,std::less<unsigned int>,std::allocator<std::pair<unsigned int const,KPlayerTitle::TPlayerTitle>>>::insert_unique(std::pair<unsigned int const,KPlayerTitle::TPlayerTitle> const&)
0816fae0	593	_ZNSt8_Rb_treeIjSt4pairIKjN12KPlayerTitle12TPlayerTitleEESt10_Select1stIS4_ESt4lessIjESaIS4_EE13insert_uniqueESt17_Rb_tree_iteratorIS4_ERKS4_	std::_Rb_tree<unsigned int,std::pair<unsigned int const,KPlayerTitle::TPlayerTitle>,std::_Select1st<std::pair<unsigned int const,KPlayerTitle::TPlayerTitle>>,std::less<unsigned int>,std::allocator<std::pair<unsigned int const,KPlayerTitle::TPlayerTitle>>>::insert_unique(std::_Rb_tree_iterator<std::pair<unsigned int const,KPlayerTitle::TPlayerTitle>>,std::pair<unsigned int const,KPlayerTitle::TPlayerTitle> const&)
0816fd40	10	_Z24GetLadderScriptFunsCountv	GetLadderScriptFunsCount(void)
0816fd50	10	_Z23GetTitleScriptFunsCountv	GetTitleScriptFunsCount(void)
0816fd60	67	_Z18Lua_GetActiveTitleP9lua_State	Lua_GetActiveTitle(lua_State *)
0816fdb0	154	_Z16Lua_GetTitleNameP9lua_State	Lua_GetTitleName(lua_State *)
0816fe50	108	_Z15Lua_RemoveTitleP9lua_State	Lua_RemoveTitle(lua_State *)
0816fec0	179	_Z15Lua_ActiveTitleP9lua_State	Lua_ActiveTitle(lua_State *)
0816ff80	688	_Z12Lua_AddTitleP9lua_State	Lua_AddTitle(lua_State *)
08170230	160	_Z15Lua_ClearLadderP9lua_State	Lua_ClearLadder(lua_State *)
081702d0	151	_Z21g_MsgNewLadderToRelayiPcxiii	g_MsgNewLadderToRelay(int,char *,long long,int,int,int)
08170370	370	_Z17Lua_GetLadderInfoP9lua_State	Lua_GetLadderInfo(lua_State *)
081704f0	410	_Z27Lua_SDBLadder_NewLadderDataP9lua_State	Lua_SDBLadder_NewLadderData(lua_State *)
08170690	295	_Z16Lua_GetTitleInfoP9lua_State	Lua_GetTitleInfo(lua_State *)
081707c0	194	_Z16Lua_GetTitleListP9lua_State	Lua_GetTitleList(lua_State *)
08170890	26	_ZN14KItemEnvPlayer10GetAccountEv	KItemEnvPlayer::GetAccount(void)
081708b0	26	_ZN14KItemEnvPlayer7GetRoleEv	KItemEnvPlayer::GetRole(void)
081708d0	93	_ZN14KItemEnvPlayer9GetEnvMsgEv	KItemEnvPlayer::GetEnvMsg(void)
08170930	92	_Z41__static_initialization_and_destruction_0ii_50	_Z41__static_initialization_and_destruction_0ii_50
08170990	16	_GLOBAL__I_g_ForbitItem	`global constructor keyed to'g_ForbitItem
081709a0	47	__tcf_0_39	__tcf_0_39
081709d0	267	_Z19gGetItemFromItemPosP7ItemPosP7KPlayer	gGetItemFromItemPos(ItemPos *,KPlayer *)
08170ae0	10	_ZN8DupedDef15GetDupedLogFileEv	DupedDef::GetDupedLogFile(void)
08170af0	38	_ZN8DupedDef18GetItemFromItemSetEi	DupedDef::GetItemFromItemSet(int)
08170b20	40	_ZN8DupedDef16GetPlayerAccountEi	DupedDef::GetPlayerAccount(int)
08170b50	40	_ZN8DupedDef13GetPlayerNameEi	DupedDef::GetPlayerName(int)
08170b80	7	_ZN8DupedDef14SendMsgForMarkEiPKc	DupedDef::SendMsgForMark(int,char const*)
08170b90	7	_ZN8DupedDef13SendMsgForDelEiPKc	DupedDef::SendMsgForDel(int,char const*)
08170ba0	232	_Z41__static_initialization_and_destruction_0ii_51	_Z41__static_initialization_and_destruction_0ii_51
08170c90	19	_GLOBAL__I_g_LoginOutLogFile	`global constructor keyed to'g_LoginOutLogFile
08170cb0	16	__tcf_2_14	__tcf_2_14
08170cc0	16	__tcf_3_11	__tcf_3_11
08170cd0	16	__tcf_1_25	__tcf_1_25
08170ce0	16	__tcf_0_40	__tcf_0_40
08170cf0	41	_ZN8DupedDef18CheckPlayerTradingEi	DupedDef::CheckPlayerTrading(int)
08170d20	61	_ZN8DupedDef20RemoveItemFromPlayerEii	DupedDef::RemoveItemFromPlayer(int,int)
08170d60	78	_ZN8DupedDef21RemoveItemFromItemSetEii	DupedDef::RemoveItemFromItemSet(int,int)
08170db0	845	_Z17gInitSysAlarmDealv	gInitSysAlarmDeal(void)
08171100	275	_ZN19KLeagueScriptRunner4ExecEmPKcS1_R21TLeagueCallBackScriptR13League_RESULT	KLeagueScriptRunner::Exec(unsigned long,char const*,char const*,TLeagueCallBackScript &,League_RESULT &)
08171220	794	_Z41__static_initialization_and_destruction_0ii_52	_Z41__static_initialization_and_destruction_0ii_52
08171540	19	_GLOBAL__I_g_LeagueManAgent	`global constructor keyed to'g_LeagueManAgent
08171560	1983	__tcf_0_41	__tcf_0_41
08171d20	5	_ZN14KLeagueManager5FlushEmPKc	KLeagueManager::Flush(unsigned long,char const*)
08171d30	480	_ZN13KBufAllocatorD1Ev	KBufAllocator::~KBufAllocator()
08171f10	124	_ZNSt8_Rb_treeImSt4pairIKm18SameLeagueTypeListESt10_Select1stIS3_ESt4lessImESaIS3_EE8_M_eraseEPSt13_Rb_tree_nodeIS3_E	std::_Rb_tree<unsigned long,std::pair<unsigned long const,SameLeagueTypeList>,std::_Select1st<std::pair<unsigned long const,SameLeagueTypeList>>,std::less<unsigned long>,std::allocator<std::pair<unsigned long const,SameLeagueTypeList>>>::_M_erase(std::_Rb_tree_node<std::pair<unsigned long const,SameLeagueTypeList>> *)
08171f90	10	_Z25GetPlayerLeagueFuncsCountv	GetPlayerLeagueFuncsCount(void)
08171fa0	19	_Z24League_GetScriptFunsListRP10TLua_Funcs	League_GetScriptFunsList(TLua_Funcs *&)
08171fc0	520	_Z23LuaLG_ApplyRemoveLeagueP9lua_State	LuaLG_ApplyRemoveLeague(lua_State *)
081721d0	301	_Z19LuaLG_GetMemberInfoP9lua_State	LuaLG_GetMemberInfo(lua_State *)
08172300	195	_Z19LuaLG_GetLeagueInfoP9lua_State	LuaLG_GetLeagueInfo(lua_State *)
081723d0	181	_Z20LuaLGM_FreeMemberObjP9lua_State	LuaLGM_FreeMemberObj(lua_State *)
08172490	182	_Z19LuaLG_FreeLeagueObjP9lua_State	LuaLG_FreeLeagueObj(lua_State *)
08172550	702	_Z24LuaLGM_ApplyRemoveMemberP9lua_State	LuaLGM_ApplyRemoveMember(lua_State *)
08172810	128	_Z20LuaLG_GetMemberCountP9lua_State	LuaLG_GetMemberCount(lua_State *)
08172890	194	_Z20LuaLG_GetFirstLeagueP9lua_State	LuaLG_GetFirstLeague(lua_State *)
08172960	1402	_Z21LuaLGM_ApplyAddMemberP9lua_State	LuaLGM_ApplyAddMember(lua_State *)
08172ee0	947	_Z19LuaLG_ApplyDoScriptP9lua_State	LuaLG_ApplyDoScript(lua_State *)
081732a0	779	_Z25_LuaLG_ApplySetMemberTaskP9lua_Statei	_LuaLG_ApplySetMemberTask(lua_State *,int)
081735b0	27	_Z27LuaLG_ApplyAppendMemberTaskP9lua_State	LuaLG_ApplyAppendMemberTask(lua_State *)
081735d0	27	_Z24LuaLG_ApplySetMemberTaskP9lua_State	LuaLG_ApplySetMemberTask(lua_State *)
081735f0	1643	_Z20LuaLG_ApplyAddLeagueP9lua_State	LuaLG_ApplyAddLeague(lua_State *)
08173c60	724	_Z25_LuaLG_ApplySetLeagueTaskP9lua_Statei	_LuaLG_ApplySetLeagueTask(lua_State *,int)
08173f40	27	_Z27LuaLG_ApplyAppendLeagueTaskP9lua_State	LuaLG_ApplyAppendLeagueTask(lua_State *)
08173f60	27	_Z24LuaLG_ApplySetLeagueTaskP9lua_State	LuaLG_ApplySetLeagueTask(lua_State *)
08173f80	296	_Z19LuaLG_SetLeagueInfoP9lua_State	LuaLG_SetLeagueInfo(lua_State *)
081740b0	603	_Z20LuaLGM_SetMemberInfoP9lua_State	LuaLGM_SetMemberInfo(lua_State *)
08174310	268	_Z22LuaLGM_CreateMemberObjP9lua_State	LuaLGM_CreateMemberObj(lua_State *)
08174420	370	_Z19LuaLG_GetNextLeagueP9lua_State	LuaLG_GetNextLeague(lua_State *)
081745a0	306	_Z18LuaLG_GetMemberObjP9lua_State	LuaLG_GetMemberObj(lua_State *)
081746e0	3240	_Z20LuaLG_AddMemberToObjP9lua_State	LuaLG_AddMemberToObj(lua_State *)
08175390	282	_Z21LuaLG_CreateLeagueObjP9lua_State	LuaLG_CreateLeagueObj(lua_State *)
081754b0	408	_Z19LuaLG_GetLeagueTaskP9lua_State	LuaLG_GetLeagueTask(lua_State *)
08175650	77	_Z20GetLeagueObjByPlayermP9lua_State	GetLeagueObjByPlayer(unsigned long,lua_State *)
081756a0	179	_Z24LuaLG_GetLeagueObjByRoleP9lua_State	LuaLG_GetLeagueObjByRole(lua_State *)
08175760	277	_Z18LuaLG_GetLeagueObjP9lua_State	LuaLG_GetLeagueObj(lua_State *)
08175880	536	_Z23LuaLG_GetMemberJoinTimeP9lua_State	LuaLG_GetMemberJoinTime(lua_State *)
08175aa0	302	_Z25LuaLG_GetLeagueCreateTimeP9lua_State	LuaLG_GetLeagueCreateTime(lua_State *)
08175bd0	610	_Z19LuaLG_GetMemberTaskP9lua_State	LuaLG_GetMemberTask(lua_State *)
08175e40	1239	_ZN14KLeagueManager21GetLeagueByMemberNameEmPKc	KLeagueManager::GetLeagueByMemberName(unsigned long,char const*)
08176320	29	_ZN13CSpectatorMap11IsSpectatorEi	CSpectatorMap::IsSpectator(int)
08176340	62	_ZN13CSpectatorMap15NotifyLeaveModeEi	CSpectatorMap::NotifyLeaveMode(int)
08176380	62	_ZN13CSpectatorMap15NotifyEnterModeEi	CSpectatorMap::NotifyEnterMode(int)
081763c0	124	_ZN13CSpectatorMapC1Ev	CSpectatorMap::CSpectatorMap(void)
08176440	66	_Z41__static_initialization_and_destruction_0ii_53	_Z41__static_initialization_and_destruction_0ii_53
08176490	16	_GLOBAL__I__ZN13CSpectatorMap7ms_instE	`global constructor keyed to'CSpectatorMap::ms_inst
081764a0	81	_ZN13CSpectatorMap5ClearEv	CSpectatorMap::Clear(void)
08176500	34	_ZN13CSpectatorMapD2Ev	CSpectatorMap::~CSpectatorMap()
08176530	64	_ZN13CSpectatorMap16GetSpectatorListEi	CSpectatorMap::GetSpectatorList(int)
08176570	34	_ZN13CSpectatorMap7IsActorEi	CSpectatorMap::IsActor(int)
081765a0	124	_ZN13CSpectatorMapC2Ev	CSpectatorMap::CSpectatorMap(void)
08176620	100	_ZN13CSpectatorMap11ChangeWorldEi	CSpectatorMap::ChangeWorld(int)
08176690	123	_ZN13CSpectatorMap9BroadCastEiP7IServerPvj	CSpectatorMap::BroadCast(int,IServer *,void *,unsigned int)
08176710	49	_ZN13CSpectatorMap9BroadCastEiPvj	CSpectatorMap::BroadCast(int,void *,unsigned int)
08176750	34	_ZN13CSpectatorMapD1Ev	CSpectatorMap::~CSpectatorMap()
08176780	16	__tcf_0_42	__tcf_0_42
08176790	219	_ZN13CSpectatorMap9ActorQuitEi	CSpectatorMap::ActorQuit(int)
08176870	663	_ZN13CSpectatorMap8SpectateEii	CSpectatorMap::Spectate(int,int)
08176b10	370	_ZN13CSpectatorMap13SpectatorQuitEii	CSpectatorMap::SpectatorQuit(int,int)
08176c90	87	_ZNSt8_Rb_treeIiSt4pairIKiSt3setIiSt4lessIiESaIiEEESt10_Select1stIS7_ES4_SaIS7_EE4findERS1_	std::_Rb_tree<int,std::pair<int const,std::set<int,std::less<int>,std::allocator<int>>>,std::_Select1st<std::pair<int const,std::set<int,std::less<int>,std::allocator<int>>>>,std::less<int>,std::allocator<std::pair<int const,std::set<int,std::less<int>,std::allocator<int>>>>>::find(int const&)
08176cf0	62	_ZNSt8_Rb_treeIiSt4pairIKiSt3setIiSt4lessIiESaIiEEESt10_Select1stIS7_ES4_SaIS7_EE11lower_boundERS1_	std::_Rb_tree<int,std::pair<int const,std::set<int,std::less<int>,std::allocator<int>>>,std::_Select1st<std::pair<int const,std::set<int,std::less<int>,std::allocator<int>>>>,std::less<int>,std::allocator<std::pair<int const,std::set<int,std::less<int>,std::allocator<int>>>>>::lower_bound(int const&)
08176d30	62	_ZNSt8_Rb_treeIiiSt9_IdentityIiESt4lessIiESaIiEE11lower_boundERKi	std::_Rb_tree<int,int,std::_Identity<int>,std::less<int>,std::allocator<int>>::lower_bound(int const&)
08176d70	62	_ZNSt8_Rb_treeIiiSt9_IdentityIiESt4lessIiESaIiEE11upper_boundERKi	std::_Rb_tree<int,int,std::_Identity<int>,std::less<int>,std::allocator<int>>::upper_bound(int const&)
08176db0	85	_ZNSt8_Rb_treeIiSt4pairIKiSt3setIiSt4lessIiESaIiEEESt10_Select1stIS7_ES4_SaIS7_EE8_M_eraseEPSt13_Rb_tree_nodeIS7_E	std::_Rb_tree<int,std::pair<int const,std::set<int,std::less<int>,std::allocator<int>>>,std::_Select1st<std::pair<int const,std::set<int,std::less<int>,std::allocator<int>>>>,std::less<int>,std::allocator<std::pair<int const,std::set<int,std::less<int>,std::allocator<int>>>>>::_M_erase(std::_Rb_tree_node<std::pair<int const,std::set<int,std::less<int>,std::allocator<int>>>> *)
08176e10	146	_ZNSt8_Rb_treeIiiSt9_IdentityIiESt4lessIiESaIiEE5eraseESt17_Rb_tree_iteratorIiES7_	std::_Rb_tree<int,int,std::_Identity<int>,std::less<int>,std::allocator<int>>::erase(std::_Rb_tree_iterator<int>,std::_Rb_tree_iterator<int>)
08176eb0	146	_ZNSt8_Rb_treeIiiSt9_IdentityIiESt4lessIiESaIiEE5eraseERKi	std::_Rb_tree<int,int,std::_Identity<int>,std::less<int>,std::allocator<int>>::erase(int const&)
08176f50	256	_ZNSt8_Rb_treeIiiSt9_IdentityIiESt4lessIiESaIiEE7_M_copyEPKSt13_Rb_tree_nodeIiEPS7_	std::_Rb_tree<int,int,std::_Identity<int>,std::less<int>,std::allocator<int>>::_M_copy(std::_Rb_tree_node<int> const*,std::_Rb_tree_node<int>*)
08177050	270	_ZNSt8_Rb_treeIiSt4pairIKiSt3setIiSt4lessIiESaIiEEESt10_Select1stIS7_ES4_SaIS7_EE9_M_insertEPSt18_Rb_tree_node_baseSD_RKS7_	std::_Rb_tree<int,std::pair<int const,std::set<int,std::less<int>,std::allocator<int>>>,std::_Select1st<std::pair<int const,std::set<int,std::less<int>,std::allocator<int>>>>,std::less<int>,std::allocator<std::pair<int const,std::set<int,std::less<int>,std::allocator<int>>>>>::_M_insert(std::_Rb_tree_node_base *,std::_Rb_tree_node_base *,std::pair<int const,std::set<int,std::less<int>,std::allocator<int>>> const&)
08177160	236	_ZNSt8_Rb_treeIiSt4pairIKiSt3setIiSt4lessIiESaIiEEESt10_Select1stIS7_ES4_SaIS7_EE13insert_uniqueERKS7_	std::_Rb_tree<int,std::pair<int const,std::set<int,std::less<int>,std::allocator<int>>>,std::_Select1st<std::pair<int const,std::set<int,std::less<int>,std::allocator<int>>>>,std::less<int>,std::allocator<std::pair<int const,std::set<int,std::less<int>,std::allocator<int>>>>>::insert_unique(std::pair<int const,std::set<int,std::less<int>,std::allocator<int>>> const&)
08177250	593	_ZNSt8_Rb_treeIiSt4pairIKiSt3setIiSt4lessIiESaIiEEESt10_Select1stIS7_ES4_SaIS7_EE13insert_uniqueESt17_Rb_tree_iteratorIS7_ERKS7_	std::_Rb_tree<int,std::pair<int const,std::set<int,std::less<int>,std::allocator<int>>>,std::_Select1st<std::pair<int const,std::set<int,std::less<int>,std::allocator<int>>>>,std::less<int>,std::allocator<std::pair<int const,std::set<int,std::less<int>,std::allocator<int>>>>>::insert_unique(std::_Rb_tree_iterator<std::pair<int const,std::set<int,std::less<int>,std::allocator<int>>>>,std::pair<int const,std::set<int,std::less<int>,std::allocator<int>>> const&)
081774b0	5	_ZN20KSpectatorMsgProcessC2Ev	KSpectatorMsgProcess::KSpectatorMsgProcess(void)
081774c0	5	_ZN20KSpectatorMsgProcessC1Ev	KSpectatorMsgProcess::KSpectatorMsgProcess(void)
081774d0	5	_ZN20KSpectatorMsgProcessD2Ev	KSpectatorMsgProcess::~KSpectatorMsgProcess()
081774e0	5	_ZN20KSpectatorMsgProcessD1Ev	KSpectatorMsgProcess::~KSpectatorMsgProcess()
081774f0	106	_ZN20KSpectatorMsgProcess18LeaveSpectatorModeEi	KSpectatorMsgProcess::LeaveSpectatorMode(int)
08177560	15	_ZN20KSpectatorMsgProcess18LeaveSpectatorModeEiP13SPECTATOR_MSG	KSpectatorMsgProcess::LeaveSpectatorMode(int,SPECTATOR_MSG *)
08177570	22	_ZN20KSpectatorMsgProcess10ProcessMsgEiPh	KSpectatorMsgProcess::ProcessMsg(int,unsigned char *)
08177590	24	_ZN18KPlayerPartnerCtrl4InitEP7KPlayer	KPlayerPartnerCtrl::Init(KPlayer *)
081775b0	74	_Z41__static_initialization_and_destruction_0ii_54	_Z41__static_initialization_and_destruction_0ii_54
08177600	16	_GLOBAL__I_g_PartnerLogFile	`global constructor keyed to'g_PartnerLogFile
08177610	16	__tcf_0_43	__tcf_0_43
08177620	68	_ZN18KPlayerPartnerCtrl14c2sPartnerTalkEiPh	KPlayerPartnerCtrl::c2sPartnerTalk(int,unsigned char *)
08177670	71	_ZN18KPlayerPartnerCtrl15SendSimpleInfo2E26enumPartnerSubProtocolTypet	KPlayerPartnerCtrl::SendSimpleInfo2(enumPartnerSubProtocolType,unsigned short)
081776c0	70	_ZN18KPlayerPartnerCtrl15SendSimpleInfo1E26enumPartnerSubProtocolTypeh	KPlayerPartnerCtrl::SendSimpleInfo1(enumPartnerSubProtocolType,unsigned char)
08177710	172	_Z17g_InitPartnerCtrlv	g_InitPartnerCtrl(void)
081777c0	71	_ZN18KPlayerPartnerCtrl15SendSimpleInfo4E26enumPartnerSubProtocolTypem	KPlayerPartnerCtrl::SendSimpleInfo4(enumPartnerSubProtocolType,unsigned long)
08177810	277	_ZN18KPlayerPartnerCtrl9DoCallOutEiii	KPlayerPartnerCtrl::DoCallOut(int,int,int)
08177930	104	_ZN18KPlayerPartnerCtrl23SetCurPartnerFollowOnlyEi	KPlayerPartnerCtrl::SetCurPartnerFollowOnly(int)
081779a0	40	_ZN18KPlayerPartnerCtrl30c2sCtrlSetCurPartnerFollowOnlyEiPh	KPlayerPartnerCtrl::c2sCtrlSetCurPartnerFollowOnly(int,unsigned char *)
081779d0	175	_ZN18KPlayerPartnerCtrl17CallOutCurPartnerEi	KPlayerPartnerCtrl::CallOutCurPartner(int)
08177a80	46	_ZN18KPlayerPartnerCtrl24c2sCtrlCallOutCurPartnerEiPh	KPlayerPartnerCtrl::c2sCtrlCallOutCurPartner(int,unsigned char *)
08177ab0	216	_ZN18KPlayerPartnerCtrl13SetCurPartnerEi	KPlayerPartnerCtrl::SetCurPartner(int)
08177b90	40	_ZN18KPlayerPartnerCtrl20c2sCtrlSetCurPartnerEiPh	KPlayerPartnerCtrl::c2sCtrlSetCurPartner(int,unsigned char *)
08177bc0	51	_ZN18KPlayerPartnerCtrl11FindPartnerEP8KPartner	KPlayerPartnerCtrl::FindPartner(KPartner *)
08177c00	223	_ZN18KPlayerPartnerCtrl24c2sFightPartnerSetTargetEiPh	KPlayerPartnerCtrl::c2sFightPartnerSetTarget(int,unsigned char *)
08177ce0	208	_ZN18KPlayerPartnerCtrl26c2sFightPartnerRemoveSkillEiPh	KPlayerPartnerCtrl::c2sFightPartnerRemoveSkill(int,unsigned char *)
08177db0	208	_ZN18KPlayerPartnerCtrl30c2sFightPartnerSetStandbySkillEiPh	KPlayerPartnerCtrl::c2sFightPartnerSetStandbySkill(int,unsigned char *)
08177e80	199	_ZN18KPlayerPartnerCtrl17c2sPartnerSetNameEiPh	KPlayerPartnerCtrl::c2sPartnerSetName(int,unsigned char *)
08177f50	213	_ZN18KPlayerPartnerCtrl13RemovePartnerEi	KPlayerPartnerCtrl::RemovePartner(int)
08178030	52	_ZN18KPlayerPartnerCtrl16RemoveAllPartnerEv	KPlayerPartnerCtrl::RemoveAllPartner(void)
08178070	65	_ZN18KPlayerPartnerCtrl7ReleaseEv	KPlayerPartnerCtrl::Release(void)
081780c0	81	_ZN18KPlayerPartnerCtrlC1Ev	KPlayerPartnerCtrl::KPlayerPartnerCtrl(void)
08178120	177	_ZN18KPlayerPartnerCtrl10AddPartnerEP8KPartner	KPlayerPartnerCtrl::AddPartner(KPartner *)
081781e0	203	_ZN18KPlayerPartnerCtrl4LoadEP18TPlayerPartnerData	KPlayerPartnerCtrl::Load(TPlayerPartnerData *)
081782b0	490	_ZN18KPlayerPartnerCtrl20c2sCtrlRemovePartnerEiPh	KPlayerPartnerCtrl::c2sCtrlRemovePartner(int,unsigned char *)
081784a0	142	_ZN18KPlayerPartnerCtrl15ProtocolProcessEiPh	KPlayerPartnerCtrl::ProtocolProcess(int,unsigned char *)
08178530	148	_ZN18KPlayerPartnerCtrl18OnOwnerCampChangedEji	KPlayerPartnerCtrl::OnOwnerCampChanged(unsigned int,int)
081785d0	223	_ZN18KPlayerPartnerCtrl4SaveEP18TPlayerPartnerData	KPlayerPartnerCtrl::Save(TPlayerPartnerData *)
081786b0	137	_ZN18KPlayerPartnerCtrl23OnOwnerFightModeChangedEji	KPlayerPartnerCtrl::OnOwnerFightModeChanged(unsigned int,int)
08178740	81	_ZN18KPlayerPartnerCtrlC2Ev	KPlayerPartnerCtrl::KPlayerPartnerCtrl(void)
081787a0	83	_ZN18KPlayerPartnerCtrlD1Ev	KPlayerPartnerCtrl::~KPlayerPartnerCtrl()
08178800	83	_ZN18KPlayerPartnerCtrlD2Ev	KPlayerPartnerCtrl::~KPlayerPartnerCtrl()
08178860	75	_ZNSt6vectorIP8KPartnerSaIS1_EE5eraseEN9__gnu_cxx17__normal_iteratorIPS1_S3_EE	std::vector<KPartner *,std::allocator<KPartner *>>::erase(__gnu_cxx::__normal_iterator<KPartner **,std::vector<KPartner *,std::allocator<KPartner *>>>)
081788b0	291	_ZNSt6vectorIP8KPartnerSaIS1_EE13_M_insert_auxEN9__gnu_cxx17__normal_iteratorIPS1_S3_EERKS1_	std::vector<KPartner *,std::allocator<KPartner *>>::_M_insert_aux(__gnu_cxx::__normal_iterator<KPartner **,std::vector<KPartner *,std::allocator<KPartner *>>>,KPartner * const&)
081789e0	14	_ZN13KFightPartner12SetCurVigourEi	KFightPartner::SetCurVigour(int)
081789f0	137	_ZN13KFightPartner9FindSkillENS_18PARTNER_SKILL_TYPEEi	KFightPartner::FindSkill(KFightPartner::PARTNER_SKILL_TYPE,int)
08178a80	105	_ZN13KFightPartner9FindSkillEiPNS_18PARTNER_SKILL_TYPEE	KFightPartner::FindSkill(int,KFightPartner::PARTNER_SKILL_TYPE *)
08178af0	65	_ZN13KFightPartner18RemoveStandbySkillEi	KFightPartner::RemoveStandbySkill(int)
08178b40	5	_ZN13KFightPartner5OnSeeEP6KActorijj	KFightPartner::OnSee(KActor *,int,unsigned int,unsigned int)
08178b50	5	_ZN13KFightPartner17PartnerEventWatchEv	KFightPartner::PartnerEventWatch(void)
08178b60	5	_ZN13KFightPartner19PartnerEventUnWatchEv	KFightPartner::PartnerEventUnWatch(void)
08178b70	5	_ZN13KFightPartner11PartnerChatEPKc	KFightPartner::PartnerChat(char const*)
08178b80	164	_ZN13KFightPartner12GetSkillListENS_18PARTNER_SKILL_TYPEEPii	KFightPartner::GetSkillList(KFightPartner::PARTNER_SKILL_TYPE,int *,int)
08178c30	134	_Z41__static_initialization_and_destruction_0ii_55	_Z41__static_initialization_and_destruction_0ii_55
08178cc0	19	_GLOBAL__I__ZN13KFightPartner23PARTNER_SKILL_MAX_COUNTE	`global constructor keyed to'KFightPartner::PARTNER_SKILL_MAX_COUNT
08178ce0	134	__tcf_0_44	__tcf_0_44
08178d70	118	_ZN13KFightPartner23ReGenAllAttribIncrementEv	KFightPartner::ReGenAllAttribIncrement(void)
08178df0	87	_ZN13KFightPartner15SendSimpleInfo4E26enumPartnerSubProtocolTypem	KFightPartner::SendSimpleInfo4(enumPartnerSubProtocolType,unsigned long)
08178e50	88	_ZN13KFightPartner15SendSimpleInfo2E26enumPartnerSubProtocolTypet	KFightPartner::SendSimpleInfo2(enumPartnerSubProtocolType,unsigned short)
08178eb0	90	_ZN13KFightPartner17IsOwnerOutOfRangeEv	KFightPartner::IsOwnerOutOfRange(void)
08178f10	141	_ZN13KFightPartner16BroadcastLevelUpEv	KFightPartner::BroadcastLevelUp(void)
08178fa0	99	_ZN13KFightPartner17UpdateActiveSkillEv	KFightPartner::UpdateActiveSkill(void)
08179010	414	_ZN13KFightPartner8AddSkillENS_18PARTNER_SKILL_TYPEEiimiii	KFightPartner::AddSkill(KFightPartner::PARTNER_SKILL_TYPE,int,int,unsigned long,int,int,int)
081791b0	246	_ZN13KFightPartner12SetCharacterEi	KFightPartner::SetCharacter(int)
081792b0	314	_ZN13KFightPartner7SetNameEPKc	KFightPartner::SetName(char const*)
081793f0	168	_ZN13KFightPartner19UpdateWithOwnerInfoEv	KFightPartner::UpdateWithOwnerInfo(void)
081794a0	239	_ZN13KFightPartner12TargetCircle6IsDoItEi	KFightPartner::TargetCircle::IsDoIt(int)
08179590	123	_ZN13KFightPartner9SetTargetEi	KFightPartner::SetTarget(int)
08179610	87	_ZN13KFightPartner15SendSimpleInfo1E26enumPartnerSubProtocolTypeh	KFightPartner::SendSimpleInfo1(enumPartnerSubProtocolType,unsigned char)
08179670	228	_ZN13KFightPartner11RemoveSkillENS_18PARTNER_SKILL_TYPEEi	KFightPartner::RemoveSkill(KFightPartner::PARTNER_SKILL_TYPE,int)
08179760	259	_ZN13KFightPartner7SyncMinEP7KPlayer	KFightPartner::SyncMin(KPlayer *)
08179870	942	_ZN13KFightPartner4SaveEP16TPartnerDataBase	KFightPartner::Save(TPartnerDataBase *)
08179c20	58	_ZN13KFightPartner12TargetCircle12TryBlackListEi	KFightPartner::TargetCircle::TryBlackList(int)
08179c60	900	_ZN13KFightPartner7CallOutEi	KFightPartner::CallOut(int)
08179ff0	795	_ZN13KFightPartner7SyncAllEP7KPlayer	KFightPartner::SyncAll(KPlayer *)
0817a310	268	_ZN13KFightPartner12SetTaskValueEii	KFightPartner::SetTaskValue(int,int)
0817a420	419	_ZN13KFightPartner10ResetValueEv	KFightPartner::ResetValue(void)
0817a5d0	362	_ZN13KFightPartner10RunToOwnerEv	KFightPartner::RunToOwner(void)
0817a740	279	_ZN13KFightPartner15SetStandbySkillEii	KFightPartner::SetStandbySkill(int,int)
0817a860	184	_ZN13KFightPartnerC2Ev	KFightPartner::KFightPartner(void)
0817a920	110	_ZN13KFightPartner8DoReviveEv	KFightPartner::DoRevive(void)
0817a990	299	_ZN13KFightPartner8ActivateEv	KFightPartner::Activate(void)
0817aac0	186	_ZN13KFightPartner7DoDeathEv	KFightPartner::DoDeath(void)
0817ab80	262	_ZN13KFightPartnerC1Ev	KFightPartner::KFightPartner(void)
0817ac90	1388	_ZN13KFightPartner7LevelUpEv	KFightPartner::LevelUp(void)
0817b200	130	_ZN13KFightPartner9AddCurExpEii	KFightPartner::AddCurExp(int,int)
0817b290	2887	_ZN13KFightPartner6CreateEiiiiiPKciiiiiiiiiiiiffffffffffffP19TDBPartnerSkillDataiPmP11TDBTaskDataimmm	KFightPartner::Create(int,int,int,int,int,char const*,int,int,int,int,int,int,int,int,int,int,int,int,float,float,float,float,float,float,float,float,float,float,float,float,TDBPartnerSkillData *,int,unsigned long *,TDBTaskData *,int,unsigned long,unsigned long,unsigned long)
0817bde0	538	_ZN13KFightPartner4LoadEP16TPartnerDataBase	KFightPartner::Load(TPartnerDataBase *)
0817c000	610	_ZN13KFightPartner6CreateEiiiiiiiii	KFightPartner::Create(int,int,int,int,int,int,int,int,int)
0817c270	138	_ZN13KFightPartner6CreateEiiii	KFightPartner::Create(int,int,int,int)
0817c300	294	_ZN13KFightPartner7ReleaseEv	KFightPartner::Release(void)
0817c430	183	_ZN13KFightPartnerD0Ev	KFightPartner::~KFightPartner()
0817c4f0	183	_ZN13KFightPartnerD1Ev	KFightPartner::~KFightPartner()
0817c5b0	117	_ZN13KFightPartnerD2Ev	KFightPartner::~KFightPartner()
0817c630	42	_ZN8KPartner14QueryInterfaceENS_12PARTNER_TYPEEPPv	KPartner::QueryInterface(KPartner::PARTNER_TYPE,void **)
0817c660	34	_ZN13KFightPartner14QueryInterfaceEN8KPartner12PARTNER_TYPEEPPv	KFightPartner::QueryInterface(KPartner::PARTNER_TYPE,void **)
0817c690	18	_ZTv0_n16_N13KFightPartner5OnSeeEP6KActorijj	`virtual thunk to'KFightPartner::OnSee(KActor *,int,unsigned int,unsigned int)
0817c6b0	87	_ZNSt8_Rb_treeIiSt4pairIKiN15KPartnerSetting15_FeatureSettingEESt10_Select1stIS4_ESt4lessIiESaIS4_EE4findERS1_	std::_Rb_tree<int,std::pair<int const,KPartnerSetting::_FeatureSetting>,std::_Select1st<std::pair<int const,KPartnerSetting::_FeatureSetting>>,std::less<int>,std::allocator<std::pair<int const,KPartnerSetting::_FeatureSetting>>>::find(int const&)
0817c710	62	_ZNSt8_Rb_treeIiSt4pairIKiSt3mapIP9KObserveriSt4lessIS4_ESaIS0_IKS4_iEEEESt10_Select1stISB_ES5_IiESaISB_EE11lower_boundERS1_	std::_Rb_tree<int,std::pair<int const,std::map<KObserver *,int,std::less<KObserver *>,std::allocator<std::pair<KObserver * const,int>>>>,std::_Select1st<std::pair<int const,std::map<KObserver *,int,std::less<KObserver *>,std::allocator<std::pair<KObserver * const,int>>>>>,std::less<int>,std::allocator<std::pair<int const,std::map<KObserver *,int,std::less<KObserver *>,std::allocator<std::pair<KObserver * const,int>>>>>>::lower_bound(int const&)
0817c750	62	_ZNSt8_Rb_treeIiSt4pairIKiN15KPartnerSetting15_FeatureSettingEESt10_Select1stIS4_ESt4lessIiESaIS4_EE11lower_boundERS1_	std::_Rb_tree<int,std::pair<int const,KPartnerSetting::_FeatureSetting>,std::_Select1st<std::pair<int const,KPartnerSetting::_FeatureSetting>>,std::less<int>,std::allocator<std::pair<int const,KPartnerSetting::_FeatureSetting>>>::lower_bound(int const&)
0817c790	176	_ZNSt8_Rb_treeIiSt4pairIKiN15KPartnerSetting15_FeatureSettingEESt10_Select1stIS4_ESt4lessIiESaIS4_EE9_M_insertEPSt18_Rb_tree_node_baseSC_RKS4_	std::_Rb_tree<int,std::pair<int const,KPartnerSetting::_FeatureSetting>,std::_Select1st<std::pair<int const,KPartnerSetting::_FeatureSetting>>,std::less<int>,std::allocator<std::pair<int const,KPartnerSetting::_FeatureSetting>>>::_M_insert(std::_Rb_tree_node_base *,std::_Rb_tree_node_base *,std::pair<int const,KPartnerSetting::_FeatureSetting> const&)
0817c840	18	_ZN9KObserverD0Ev	KObserver::~KObserver()
0817c860	14	_ZN9KObserverD1Ev	KObserver::~KObserver()
0817c870	18	_ZN8KPartnerD0Ev	KPartner::~KPartner()
0817c890	14	_ZN8KPartnerD1Ev	KPartner::~KPartner()
0817c8a0	236	_ZNSt8_Rb_treeIiSt4pairIKiN15KPartnerSetting15_FeatureSettingEESt10_Select1stIS4_ESt4lessIiESaIS4_EE13insert_uniqueERKS4_	std::_Rb_tree<int,std::pair<int const,KPartnerSetting::_FeatureSetting>,std::_Select1st<std::pair<int const,KPartnerSetting::_FeatureSetting>>,std::less<int>,std::allocator<std::pair<int const,KPartnerSetting::_FeatureSetting>>>::insert_unique(std::pair<int const,KPartnerSetting::_FeatureSetting> const&)
0817c990	593	_ZNSt8_Rb_treeIiSt4pairIKiN15KPartnerSetting15_FeatureSettingEESt10_Select1stIS4_ESt4lessIiESaIS4_EE13insert_uniqueESt17_Rb_tree_iteratorIS4_ERKS4_	std::_Rb_tree<int,std::pair<int const,KPartnerSetting::_FeatureSetting>,std::_Select1st<std::pair<int const,KPartnerSetting::_FeatureSetting>>,std::less<int>,std::allocator<std::pair<int const,KPartnerSetting::_FeatureSetting>>>::insert_unique(std::_Rb_tree_iterator<std::pair<int const,KPartnerSetting::_FeatureSetting>>,std::pair<int const,KPartnerSetting::_FeatureSetting> const&)
0817cbf0	270	_ZNSt8_Rb_treeIiSt4pairIKiSt3mapIP9KObserveriSt4lessIS4_ESaIS0_IKS4_iEEEESt10_Select1stISB_ES5_IiESaISB_EE9_M_insertEPSt18_Rb_tree_node_baseSI_RKSB_	std::_Rb_tree<int,std::pair<int const,std::map<KObserver *,int,std::less<KObserver *>,std::allocator<std::pair<KObserver * const,int>>>>,std::_Select1st<std::pair<int const,std::map<KObserver *,int,std::less<KObserver *>,std::allocator<std::pair<KObserver * const,int>>>>>,std::less<int>,std::allocator<std::pair<int const,std::map<KObserver *,int,std::less<KObserver *>,std::allocator<std::pair<KObserver * const,int>>>>>>::_M_insert(std::_Rb_tree_node_base *,std::_Rb_tree_node_base *,std::pair<int const,std::map<KObserver *,int,std::less<KObserver *>,std::allocator<std::pair<KObserver * const,int>>>> const&)
0817cd00	236	_ZNSt8_Rb_treeIiSt4pairIKiSt3mapIP9KObserveriSt4lessIS4_ESaIS0_IKS4_iEEEESt10_Select1stISB_ES5_IiESaISB_EE13insert_uniqueERKSB_	std::_Rb_tree<int,std::pair<int const,std::map<KObserver *,int,std::less<KObserver *>,std::allocator<std::pair<KObserver * const,int>>>>,std::_Select1st<std::pair<int const,std::map<KObserver *,int,std::less<KObserver *>,std::allocator<std::pair<KObserver * const,int>>>>>,std::less<int>,std::allocator<std::pair<int const,std::map<KObserver *,int,std::less<KObserver *>,std::allocator<std::pair<KObserver * const,int>>>>>>::insert_unique(std::pair<int const,std::map<KObserver *,int,std::less<KObserver *>,std::allocator<std::pair<KObserver * const,int>>>> const&)
0817cdf0	593	_ZNSt8_Rb_treeIiSt4pairIKiSt3mapIP9KObserveriSt4lessIS4_ESaIS0_IKS4_iEEEESt10_Select1stISB_ES5_IiESaISB_EE13insert_uniqueESt17_Rb_tree_iteratorISB_ERKSB_	std::_Rb_tree<int,std::pair<int const,std::map<KObserver *,int,std::less<KObserver *>,std::allocator<std::pair<KObserver * const,int>>>>,std::_Select1st<std::pair<int const,std::map<KObserver *,int,std::less<KObserver *>,std::allocator<std::pair<KObserver * const,int>>>>>,std::less<int>,std::allocator<std::pair<int const,std::map<KObserver *,int,std::less<KObserver *>,std::allocator<std::pair<KObserver * const,int>>>>>>::insert_unique(std::_Rb_tree_iterator<std::pair<int const,std::map<KObserver *,int,std::less<KObserver *>,std::allocator<std::pair<KObserver * const,int>>>>>,std::pair<int const,std::map<KObserver *,int,std::less<KObserver *>,std::allocator<std::pair<KObserver * const,int>>>> const&)
0817d050	18	_ZTv0_n12_N13KFightPartnerD0Ev	`virtual thunk to'KFightPartner::~KFightPartner()
0817d070	18	_ZTv0_n12_N13KFightPartnerD1Ev	`virtual thunk to'KFightPartner::~KFightPartner()
0817d090	84	_ZN15KPartnerSetting16GetPhysicsResistEii	KPartnerSetting::GetPhysicsResist(int,int)
0817d0f0	84	_ZN15KPartnerSetting13GetColdResistEii	KPartnerSetting::GetColdResist(int,int)
0817d150	84	_ZN15KPartnerSetting14GetLightResistEii	KPartnerSetting::GetLightResist(int,int)
0817d1b0	84	_ZN15KPartnerSetting13GetFireResistEii	KPartnerSetting::GetFireResist(int,int)
0817d210	84	_ZN15KPartnerSetting15GetPoisonResistEii	KPartnerSetting::GetPoisonResist(int,int)
0817d270	30	_ZN15KPartnerSetting11GetLevelExpEi	KPartnerSetting::GetLevelExp(int)
0817d290	318	_Z41__static_initialization_and_destruction_0ii_56	_Z41__static_initialization_and_destruction_0ii_56
0817d3d0	19	_GLOBAL__I__ZN15KPartnerSetting23s_mpAptitudeModeSettingE	`global constructor keyed to'KPartnerSetting::s_mpAptitudeModeSetting
0817d3f0	23	__tcf_3_12	__tcf_3_12
0817d410	37	__tcf_2_15	__tcf_2_15
0817d440	37	__tcf_1_26	__tcf_1_26
0817d470	37	__tcf_0_45	__tcf_0_45
0817d4a0	90	_ZN15KPartnerSetting17RandomInProbArrayEPii	KPartnerSetting::RandomInProbArray(int *,int)
0817d500	850	_ZN15KPartnerSetting18GenAttribIncrementEiiiiiiiPfS0_S0_S0_S0_S0_	KPartnerSetting::GenAttribIncrement(int,int,int,int,int,int,int,float *,float *,float *,float *,float *,float *)
0817d860	850	_ZN15KPartnerSetting13GenAttribInitEiiiiiiiPfS0_S0_S0_S0_S0_	KPartnerSetting::GenAttribInit(int,int,int,int,int,int,int,float *,float *,float *,float *,float *,float *)
0817dbc0	515	_ZN15KPartnerSetting18LoadGeneralSettingEv	KPartnerSetting::LoadGeneralSetting(void)
0817ddd0	616	_ZN15KPartnerSetting20LoadInitSkillSettingEv	KPartnerSetting::LoadInitSkillSetting(void)
0817e040	405	_ZN15KPartnerSetting19LoadLevelExpSettingEv	KPartnerSetting::LoadLevelExpSetting(void)
0817e1e0	932	_ZN15KPartnerSetting23LoadSeriesResistSettingEv	KPartnerSetting::LoadSeriesResistSetting(void)
0817e590	1635	_ZN15KPartnerSetting24LoadAptitudeRangeSettingEv	KPartnerSetting::LoadAptitudeRangeSetting(void)
0817ec00	1844	_ZN15KPartnerSetting28LoadSeriesAttribRangeSettingEv	KPartnerSetting::LoadSeriesAttribRangeSetting(void)
0817f340	1138	_ZN15KPartnerSetting23LoadAptitudeModeSettingEv	KPartnerSetting::LoadAptitudeModeSetting(void)
0817f7c0	682	_ZN15KPartnerSetting18LoadFeatureSettingEv	KPartnerSetting::LoadFeatureSetting(void)
0817fa70	512	_ZN15KPartnerSetting21LoadPartnerBagSettingEv	KPartnerSetting::LoadPartnerBagSetting(void)
0817fc70	211	_ZN15KPartnerSetting23GetFeatureNpcSettingIdxEii	KPartnerSetting::GetFeatureNpcSettingIdx(int,int)
0817fd50	1223	_ZN14KPartnerDialog17LoadDialogSettingEv	KPartnerDialog::LoadDialogSetting(void)
08180220	1363	_ZN15KPartnerSetting12GenAptitudesEiPiS0_S0_S0_S0_S0_	KPartnerSetting::GenAptitudes(int,int *,int *,int *,int *,int *,int *)
08180780	242	_ZN15KPartnerSetting16GetCharacterDescEi	KPartnerSetting::GetCharacterDesc(int)
08180880	1486	_ZN15KPartnerSetting20LoadCharacterSettingEv	KPartnerSetting::LoadCharacterSetting(void)
08180e50	131	_ZN15KPartnerSetting4InitEv	KPartnerSetting::Init(void)
08180ee0	2675	_ZN15KPartnerSetting12GenCharacterEiRiS0_S0_RhS0_S0_S0_S0_S0_S0_S0_S0_S0_S0_	KPartnerSetting::GenCharacter(int,int &,int &,int &,unsigned char &,int &,int &,int &,int &,int &,int &,int &,int &,int &,int &)
08181960	87	_ZNSt8_Rb_treeIiSt4pairIKiN15KPartnerSetting20_AptitudeModeSettingEESt10_Select1stIS4_ESt4lessIiESaIS4_EE4findERS1_	std::_Rb_tree<int,std::pair<int const,KPartnerSetting::_AptitudeModeSetting>,std::_Select1st<std::pair<int const,KPartnerSetting::_AptitudeModeSetting>>,std::less<int>,std::allocator<std::pair<int const,KPartnerSetting::_AptitudeModeSetting>>>::find(int const&)
081819c0	87	_ZNSt8_Rb_treeIiSt4pairIKiN15KPartnerSetting17_CharacterSettingEESt10_Select1stIS4_ESt4lessIiESaIS4_EE4findERS1_	std::_Rb_tree<int,std::pair<int const,KPartnerSetting::_CharacterSetting>,std::_Select1st<std::pair<int const,KPartnerSetting::_CharacterSetting>>,std::less<int>,std::allocator<std::pair<int const,KPartnerSetting::_CharacterSetting>>>::find(int const&)
08181a20	62	_ZNSt8_Rb_treeIiSt4pairIKiN15KPartnerSetting20_AptitudeModeSettingEESt10_Select1stIS4_ESt4lessIiESaIS4_EE11lower_boundERS1_	std::_Rb_tree<int,std::pair<int const,KPartnerSetting::_AptitudeModeSetting>,std::_Select1st<std::pair<int const,KPartnerSetting::_AptitudeModeSetting>>,std::less<int>,std::allocator<std::pair<int const,KPartnerSetting::_AptitudeModeSetting>>>::lower_bound(int const&)
08181a60	62	_ZNSt8_Rb_treeIiSt4pairIKiN15KPartnerSetting17_CharacterSettingEESt10_Select1stIS4_ESt4lessIiESaIS4_EE11lower_boundERS1_	std::_Rb_tree<int,std::pair<int const,KPartnerSetting::_CharacterSetting>,std::_Select1st<std::pair<int const,KPartnerSetting::_CharacterSetting>>,std::less<int>,std::allocator<std::pair<int const,KPartnerSetting::_CharacterSetting>>>::lower_bound(int const&)
08181aa0	59	_ZNSt8_Rb_treeIiSt4pairIKiN15KPartnerSetting15_FeatureSettingEESt10_Select1stIS4_ESt4lessIiESaIS4_EE8_M_eraseEPSt13_Rb_tree_nodeIS4_E	std::_Rb_tree<int,std::pair<int const,KPartnerSetting::_FeatureSetting>,std::_Select1st<std::pair<int const,KPartnerSetting::_FeatureSetting>>,std::less<int>,std::allocator<std::pair<int const,KPartnerSetting::_FeatureSetting>>>::_M_erase(std::_Rb_tree_node<std::pair<int const,KPartnerSetting::_FeatureSetting>> *)
08181ae0	59	_ZNSt8_Rb_treeIiSt4pairIKiN15KPartnerSetting17_CharacterSettingEESt10_Select1stIS4_ESt4lessIiESaIS4_EE8_M_eraseEPSt13_Rb_tree_nodeIS4_E	std::_Rb_tree<int,std::pair<int const,KPartnerSetting::_CharacterSetting>,std::_Select1st<std::pair<int const,KPartnerSetting::_CharacterSetting>>,std::less<int>,std::allocator<std::pair<int const,KPartnerSetting::_CharacterSetting>>>::_M_erase(std::_Rb_tree_node<std::pair<int const,KPartnerSetting::_CharacterSetting>> *)
08181b20	59	_ZNSt8_Rb_treeIiSt4pairIKiN15KPartnerSetting20_AptitudeModeSettingEESt10_Select1stIS4_ESt4lessIiESaIS4_EE8_M_eraseEPSt13_Rb_tree_nodeIS4_E	std::_Rb_tree<int,std::pair<int const,KPartnerSetting::_AptitudeModeSetting>,std::_Select1st<std::pair<int const,KPartnerSetting::_AptitudeModeSetting>>,std::less<int>,std::allocator<std::pair<int const,KPartnerSetting::_AptitudeModeSetting>>>::_M_erase(std::_Rb_tree_node<std::pair<int const,KPartnerSetting::_AptitudeModeSetting>> *)
08181b60	155	_ZNSt8_Rb_treeIiSt4pairIKiN15KPartnerSetting17_CharacterSettingEESt10_Select1stIS4_ESt4lessIiESaIS4_EE9_M_insertEPSt18_Rb_tree_node_baseSC_RKS4_	std::_Rb_tree<int,std::pair<int const,KPartnerSetting::_CharacterSetting>,std::_Select1st<std::pair<int const,KPartnerSetting::_CharacterSetting>>,std::less<int>,std::allocator<std::pair<int const,KPartnerSetting::_CharacterSetting>>>::_M_insert(std::_Rb_tree_node_base *,std::_Rb_tree_node_base *,std::pair<int const,KPartnerSetting::_CharacterSetting> const&)
08181c00	155	_ZNSt8_Rb_treeIiSt4pairIKiN15KPartnerSetting20_AptitudeModeSettingEESt10_Select1stIS4_ESt4lessIiESaIS4_EE9_M_insertEPSt18_Rb_tree_node_baseSC_RKS4_	std::_Rb_tree<int,std::pair<int const,KPartnerSetting::_AptitudeModeSetting>,std::_Select1st<std::pair<int const,KPartnerSetting::_AptitudeModeSetting>>,std::less<int>,std::allocator<std::pair<int const,KPartnerSetting::_AptitudeModeSetting>>>::_M_insert(std::_Rb_tree_node_base *,std::_Rb_tree_node_base *,std::pair<int const,KPartnerSetting::_AptitudeModeSetting> const&)
08181ca0	368	_ZNSt6vectorISt4pairIiiESaIS1_EE13_M_insert_auxEN9__gnu_cxx17__normal_iteratorIPS1_S3_EERKS1_	std::vector<std::pair<int,int>,std::allocator<std::pair<int,int>>>::_M_insert_aux(__gnu_cxx::__normal_iterator<std::pair<int,int>*,std::vector<std::pair<int,int>,std::allocator<std::pair<int,int>>>>,std::pair<int,int> const&)
08181e10	236	_ZNSt8_Rb_treeIiSt4pairIKiN15KPartnerSetting17_CharacterSettingEESt10_Select1stIS4_ESt4lessIiESaIS4_EE13insert_uniqueERKS4_	std::_Rb_tree<int,std::pair<int const,KPartnerSetting::_CharacterSetting>,std::_Select1st<std::pair<int const,KPartnerSetting::_CharacterSetting>>,std::less<int>,std::allocator<std::pair<int const,KPartnerSetting::_CharacterSetting>>>::insert_unique(std::pair<int const,KPartnerSetting::_CharacterSetting> const&)
08181f00	593	_ZNSt8_Rb_treeIiSt4pairIKiN15KPartnerSetting17_CharacterSettingEESt10_Select1stIS4_ESt4lessIiESaIS4_EE13insert_uniqueESt17_Rb_tree_iteratorIS4_ERKS4_	std::_Rb_tree<int,std::pair<int const,KPartnerSetting::_CharacterSetting>,std::_Select1st<std::pair<int const,KPartnerSetting::_CharacterSetting>>,std::less<int>,std::allocator<std::pair<int const,KPartnerSetting::_CharacterSetting>>>::insert_unique(std::_Rb_tree_iterator<std::pair<int const,KPartnerSetting::_CharacterSetting>>,std::pair<int const,KPartnerSetting::_CharacterSetting> const&)
08182160	236	_ZNSt8_Rb_treeIiSt4pairIKiN15KPartnerSetting20_AptitudeModeSettingEESt10_Select1stIS4_ESt4lessIiESaIS4_EE13insert_uniqueERKS4_	std::_Rb_tree<int,std::pair<int const,KPartnerSetting::_AptitudeModeSetting>,std::_Select1st<std::pair<int const,KPartnerSetting::_AptitudeModeSetting>>,std::less<int>,std::allocator<std::pair<int const,KPartnerSetting::_AptitudeModeSetting>>>::insert_unique(std::pair<int const,KPartnerSetting::_AptitudeModeSetting> const&)
08182250	593	_ZNSt8_Rb_treeIiSt4pairIKiN15KPartnerSetting20_AptitudeModeSettingEESt10_Select1stIS4_ESt4lessIiESaIS4_EE13insert_uniqueESt17_Rb_tree_iteratorIS4_ERKS4_	std::_Rb_tree<int,std::pair<int const,KPartnerSetting::_AptitudeModeSetting>,std::_Select1st<std::pair<int const,KPartnerSetting::_AptitudeModeSetting>>,std::less<int>,std::allocator<std::pair<int const,KPartnerSetting::_AptitudeModeSetting>>>::insert_unique(std::_Rb_tree_iterator<std::pair<int const,KPartnerSetting::_AptitudeModeSetting>>,std::pair<int const,KPartnerSetting::_AptitudeModeSetting> const&)
081824b0	10	_Z20GetPartnerFuncsCountv	GetPartnerFuncsCount(void)
081824c0	122	_Z13PARTNER_CountP9lua_State	PARTNER_Count(lua_State *)
08182540	139	_Z21PARTNER_GetCurPartnerP9lua_State	PARTNER_GetCurPartner(lua_State *)
081825d0	175	_Z25PARTNER_CallOutCurPartnerP9lua_State	PARTNER_CallOutCurPartner(lua_State *)
08182680	227	_Z24PARTNER_SetCallOutSwitchP9lua_State	PARTNER_SetCallOutSwitch(lua_State *)
08182770	173	_Z21PARTNER_SetCurPartnerP9lua_State	PARTNER_SetCurPartner(lua_State *)
08182820	169	_Z21PARTNER_RemovePartnerP9lua_State	PARTNER_RemovePartner(lua_State *)
081828d0	650	_Z23PARTNER_AddFightPartnerP9lua_State	PARTNER_AddFightPartner(lua_State *)
08182b60	380	_Z18PARTNER_GetResistsP9lua_State	PARTNER_GetResists(lua_State *)
08182ce0	209	_Z15PARTNER_GetNameP9lua_State	PARTNER_GetName(lua_State *)
08182dc0	402	_Z15PARTNER_LevelUpP9lua_State	PARTNER_LevelUp(lua_State *)
08182f60	655	_Z22PARTNER_RemoveAllSkillP9lua_State	PARTNER_RemoveAllSkill(lua_State *)
081831f0	388	_Z20PARTNER_SetTaskValueP9lua_State	PARTNER_SetTaskValue(lua_State *)
08183380	601	_Z16PARTNER_AddStateP9lua_State	PARTNER_AddState(lua_State *)
081835e0	229	_Z17PARTNER_GetEndureP9lua_State	PARTNER_GetEndure(lua_State *)
081836d0	219	_Z21PARTNER_GetSettingIdxP9lua_State	PARTNER_GetSettingIdx(lua_State *)
081837b0	358	_Z24PARTNER_AddEmotionDegreeP9lua_State	PARTNER_AddEmotionDegree(lua_State *)
08183920	355	_Z24PARTNER_SetEmotionDegreeP9lua_State	PARTNER_SetEmotionDegree(lua_State *)
08183a90	216	_Z24PARTNER_GetEmotionDegreeP9lua_State	PARTNER_GetEmotionDegree(lua_State *)
08183b70	307	_Z15PARTNER_SetNameP9lua_State	PARTNER_SetName(lua_State *)
08183cb0	468	_Z20PARTNER_GetTaskValueP9lua_State	PARTNER_GetTaskValue(lua_State *)
08183e90	306	_Z20PARTNER_GetAptitudesP9lua_State	PARTNER_GetAptitudes(lua_State *)
08183fd0	234	_Z29PARTNER_GetEssentialFeatureIDP9lua_State	PARTNER_GetEssentialFeatureID(lua_State *)
081840c0	234	_Z17PARTNER_GetSeriesP9lua_State	PARTNER_GetSeries(lua_State *)
081841b0	234	_Z16PARTNER_GetLevelP9lua_State	PARTNER_GetLevel(lua_State *)
081842a0	349	_Z14PARTNER_AddExpP9lua_State	PARTNER_AddExp(lua_State *)
08184400	287	_Z23PARTNER_ChangeCharacterP9lua_State	PARTNER_ChangeCharacter(lua_State *)
08184520	230	_Z20PARTNER_GetCharacterP9lua_State	PARTNER_GetCharacter(lua_State *)
08184610	225	_Z19PARTNER_GetBirthdayP9lua_State	PARTNER_GetBirthday(lua_State *)
08184700	216	_Z18PARTNER_GetGenDataP9lua_State	PARTNER_GetGenData(lua_State *)
081847e0	235	_Z23PARTNER_ReGenAttribsIncP9lua_State	PARTNER_ReGenAttribsInc(lua_State *)
081848d0	316	_Z21PARTNER_GetAttribsIncP9lua_State	PARTNER_GetAttribsInc(lua_State *)
08184a10	979	_Z18PARTNER_SetAttribsP9lua_State	PARTNER_SetAttribs(lua_State *)
08184df0	306	_Z18PARTNER_GetAttribsP9lua_State	PARTNER_GetAttribs(lua_State *)
08184f30	403	_Z29PARTNER_ChangeFeatureOfPeriodP9lua_State	PARTNER_ChangeFeatureOfPeriod(lua_State *)
081850d0	385	_Z21PARTNER_ChangeFeatureP9lua_State	PARTNER_ChangeFeature(lua_State *)
08185260	302	_Z27PARTNER_AddStrengthAptitudeP9lua_State	PARTNER_AddStrengthAptitude(lua_State *)
08185390	302	_Z23PARTNER_AddLifeAptitudeP9lua_State	PARTNER_AddLifeAptitude(lua_State *)
081854c0	302	_Z23PARTNER_AddLuckAptitudeP9lua_State	PARTNER_AddLuckAptitude(lua_State *)
081855f0	302	_Z24PARTNER_AddSpeedAptitudeP9lua_State	PARTNER_AddSpeedAptitude(lua_State *)
08185720	302	_Z26PARTNER_AddDefenceAptitudeP9lua_State	PARTNER_AddDefenceAptitude(lua_State *)
08185850	302	_Z32PARTNER_AddHitTargetRateAptitudeP9lua_State	PARTNER_AddHitTargetRateAptitude(lua_State *)
08185980	223	_Z14PARTNER_GetExpP9lua_State	PARTNER_GetExp(lua_State *)
08185a60	326	_Z23PARTNER_SetStandbySkillP9lua_State	PARTNER_SetStandbySkill(lua_State *)
08185bb0	642	_Z19PARTNER_GetAllSkillP9lua_State	PARTNER_GetAllSkill(lua_State *)
08185e40	332	_Z20PARTNER_GetSkillInfoP9lua_State	PARTNER_GetSkillInfo(lua_State *)
08185f90	323	_Z19PARTNER_RemoveSkillP9lua_State	PARTNER_RemoveSkill(lua_State *)
081860e0	460	_Z16PARTNER_AddSkillP9lua_State	PARTNER_AddSkill(lua_State *)
081862b0	489	_Z18PARTNER_SetResistsP9lua_State	PARTNER_SetResists(lua_State *)
081864a0	35	_ZN12KTaskTypeMap13InitTableListEPNS_10TTableListE	KTaskTypeMap::InitTableList(KTaskTypeMap::TTableList *)
081864d0	24	_ZN13KTaskSettings11GetTaskListEi	KTaskSettings::GetTaskList(int)
081864f0	58	_ZNK11KTaskKeyMap11GetTaskNameEm	KTaskKeyMap::GetTaskName(unsigned long)const
08186530	9	_ZN13KTaskSettings11GetTaskNameEm	KTaskSettings::GetTaskName(unsigned long)
08186540	58	_ZN11KTaskKeyMap12GetIndexNameEi	KTaskKeyMap::GetIndexName(int)
08186580	9	_ZN13KTaskSettings12GetIndexNameEi	KTaskSettings::GetIndexName(int)
08186590	68	_ZNK11KTaskKeyMap17GetEventTaskCountEm	KTaskKeyMap::GetEventTaskCount(unsigned long)const
081865e0	92	_ZNK11KTaskKeyMap12GetEventTaskEmi	KTaskKeyMap::GetEventTask(unsigned long,int)const
08186640	355	_ZN10KTaskTableD2Ev	KTaskTable::~KTaskTable()
081867b0	138	_ZN11KTaskKeyMap5ClearEv	KTaskKeyMap::Clear(void)
08186840	266	_ZN11KTaskKeyMapD1Ev	KTaskKeyMap::~KTaskKeyMap()
08186950	62	_ZN13KTaskSettingsD1Ev	KTaskSettings::~KTaskSettings()
08186990	16	__tcf_0_46	__tcf_0_46
081869a0	62	_ZN13KTaskSettingsD2Ev	KTaskSettings::~KTaskSettings()
081869e0	192	_ZN13KTaskSettingsC2Ev	KTaskSettings::KTaskSettings(void)
08186aa0	266	_ZN11KTaskKeyMapD2Ev	KTaskKeyMap::~KTaskKeyMap()
08186bb0	192	_ZN13KTaskSettingsC1Ev	KTaskSettings::KTaskSettings(void)
08186c70	66	_Z41__static_initialization_and_destruction_0ii_57	_Z41__static_initialization_and_destruction_0ii_57
08186cc0	16	_GLOBAL__I__ZN13KTaskSettings15m_pTaskSettingsE	`global constructor keyed to'KTaskSettings::m_pTaskSettings
08186cd0	178	_ZNK11KTaskKeyMap12GetTaskEventEPKcRm	KTaskKeyMap::GetTaskEvent(char const*,unsigned long &)const
08186d90	930	_ZN10KTaskTableC2EPKci	KTaskTable::KTaskTable(char const*,int)
08187140	163	_ZN12KTaskTypeMap8GetTableEPKcNS_9TableTypeE	KTaskTypeMap::GetTable(char const*,KTaskTypeMap::TableType)
081871f0	34	_ZN12KTaskTypeMap8GetTalksEPKc	KTaskTypeMap::GetTalks(char const*)
08187220	34	_ZN12KTaskTypeMap9GetAwardsEPKc	KTaskTypeMap::GetAwards(char const*)
08187250	34	_ZN12KTaskTypeMap11GetEntitiesEPKc	KTaskTypeMap::GetEntities(char const*)
08187280	34	_ZN12KTaskTypeMap13GetConditionsEPKc	KTaskTypeMap::GetConditions(char const*)
081872b0	169	_ZNK11KTaskKeyMap9GetTaskNoEPKcRm	KTaskKeyMap::GetTaskNo(char const*,unsigned long &)const
08187360	9	_ZN13KTaskSettings9GetTaskNoEPKcPm	KTaskSettings::GetTaskNo(char const*,unsigned long *)
08187370	183	_ZNK13KTaskSettings9GetRowSetEiPKc	KTaskSettings::GetRowSet(int,char const*)const
08187430	34	_ZN13KTaskSettings9GetEventsEPKc	KTaskSettings::GetEvents(char const*)
08187460	34	_ZN13KTaskSettings6GetIdsEPKc	KTaskSettings::GetIds(char const*)
08187490	930	_ZN10KTaskTableC1EPKci	KTaskTable::KTaskTable(char const*,int)
08187840	2769	_ZN11KTaskKeyMap4LoadEPKc	KTaskKeyMap::Load(char const*)
08188320	178	_ZNK11KTaskKeyMap11GetTaskTypeEPKc	KTaskKeyMap::GetTaskType(char const*)const
081883e0	203	_ZN13KTaskSettings8GetTalksEPKc	KTaskSettings::GetTalks(char const*)
081884b0	203	_ZN13KTaskSettings9GetAwardsEPKc	KTaskSettings::GetAwards(char const*)
08188580	203	_ZN13KTaskSettings11GetEntitiesEPKc	KTaskSettings::GetEntities(char const*)
08188650	203	_ZN13KTaskSettings13GetConditionsEPKc	KTaskSettings::GetConditions(char const*)
08188720	178	_ZNK11KTaskKeyMap12GetTaskIndexEPKc	KTaskKeyMap::GetTaskIndex(char const*)const
081887e0	9	_ZN13KTaskSettings12GetTaskIndexEPKc	KTaskSettings::GetTaskIndex(char const*)
081887f0	355	_ZN10KTaskTableD1Ev	KTaskTable::~KTaskTable()
08188960	181	_ZN12KTaskTypeMapD1Ev	KTaskTypeMap::~KTaskTypeMap()
08188a20	181	_ZN12KTaskTypeMapD2Ev	KTaskTypeMap::~KTaskTypeMap()
08188ae0	1173	_ZN12KTaskTypeMapC1EPKc	KTaskTypeMap::KTaskTypeMap(char const*)
08188f80	184	_ZN13KTaskSettings10InitializeEv	KTaskSettings::Initialize(void)
08189040	1173	_ZN12KTaskTypeMapC2EPKc	KTaskTypeMap::KTaskTypeMap(char const*)
081894e0	117	_ZN13KTaskSettings12UnInitializeEv	KTaskSettings::UnInitialize(void)
08189560	87	_ZNSt8_Rb_treeImSt4pairIKmPSt6vectorIPKcSaIS4_EEESt10_Select1stIS8_ESt4lessImESaIS8_EE4findERS1_	std::_Rb_tree<unsigned long,std::pair<unsigned long const,std::vector<char const*,std::allocator<char const*>> *>,std::_Select1st<std::pair<unsigned long const,std::vector<char const*,std::allocator<char const*>> *>>,std::less<unsigned long>,std::allocator<std::pair<unsigned long const,std::vector<char const*,std::allocator<char const*>> *>>>::find(unsigned long const&)
081895c0	87	_ZNKSt8_Rb_treeImSt4pairIKmPKcESt10_Select1stIS4_ESt4lessImESaIS4_EE4findERS1_	std::_Rb_tree<unsigned long,std::pair<unsigned long const,char const*>,std::_Select1st<std::pair<unsigned long const,char const*>>,std::less<unsigned long>,std::allocator<std::pair<unsigned long const,char const*>>>::find(unsigned long const&)const
08189620	87	_ZNSt8_Rb_treeIiSt4pairIKiPKcESt10_Select1stIS4_ESt4lessIiESaIS4_EE4findERS1_	std::_Rb_tree<int,std::pair<int const,char const*>,std::_Select1st<std::pair<int const,char const*>>,std::less<int>,std::allocator<std::pair<int const,char const*>>>::find(int const&)
08189680	87	_ZNKSt8_Rb_treeImSt4pairIKmPSt6vectorIPKcSaIS4_EEESt10_Select1stIS8_ESt4lessImESaIS8_EE4findERS1_	std::_Rb_tree<unsigned long,std::pair<unsigned long const,std::vector<char const*,std::allocator<char const*>> *>,std::_Select1st<std::pair<unsigned long const,std::vector<char const*,std::allocator<char const*>> *>>,std::less<unsigned long>,std::allocator<std::pair<unsigned long const,std::vector<char const*,std::allocator<char const*>> *>>>::find(unsigned long const&)const
081896e0	62	_ZNSt8_Rb_treeImSt4pairIKmPKcESt10_Select1stIS4_ESt4lessImESaIS4_EE11lower_boundERS1_	std::_Rb_tree<unsigned long,std::pair<unsigned long const,char const*>,std::_Select1st<std::pair<unsigned long const,char const*>>,std::less<unsigned long>,std::allocator<std::pair<unsigned long const,char const*>>>::lower_bound(unsigned long const&)
08189720	62	_ZNSt8_Rb_treeImSt4pairIKmPSt6vectorIPKcSaIS4_EEESt10_Select1stIS8_ESt4lessImESaIS8_EE11lower_boundERS1_	std::_Rb_tree<unsigned long,std::pair<unsigned long const,std::vector<char const*,std::allocator<char const*>> *>,std::_Select1st<std::pair<unsigned long const,std::vector<char const*,std::allocator<char const*>> *>>,std::less<unsigned long>,std::allocator<std::pair<unsigned long const,std::vector<char const*,std::allocator<char const*>> *>>>::lower_bound(unsigned long const&)
08189760	59	_ZNSt8_Rb_treeImSt4pairIKmPSt6vectorIPKcSaIS4_EEESt10_Select1stIS8_ESt4lessImESaIS8_EE8_M_eraseEPSt13_Rb_tree_nodeIS8_E	std::_Rb_tree<unsigned long,std::pair<unsigned long const,std::vector<char const*,std::allocator<char const*>> *>,std::_Select1st<std::pair<unsigned long const,std::vector<char const*,std::allocator<char const*>> *>>,std::less<unsigned long>,std::allocator<std::pair<unsigned long const,std::vector<char const*,std::allocator<char const*>> *>>>::_M_erase(std::_Rb_tree_node<std::pair<unsigned long const,std::vector<char const*,std::allocator<char const*>> *>> *)
081897a0	59	_ZNSt8_Rb_treeIiSt4pairIKiPKcESt10_Select1stIS4_ESt4lessIiESaIS4_EE8_M_eraseEPSt13_Rb_tree_nodeIS4_E	std::_Rb_tree<int,std::pair<int const,char const*>,std::_Select1st<std::pair<int const,char const*>>,std::less<int>,std::allocator<std::pair<int const,char const*>>>::_M_erase(std::_Rb_tree_node<std::pair<int const,char const*>> *)
081897e0	59	_ZNSt8_Rb_treeImSt4pairIKmPKcESt10_Select1stIS4_ESt4lessImESaIS4_EE8_M_eraseEPSt13_Rb_tree_nodeIS4_E	std::_Rb_tree<unsigned long,std::pair<unsigned long const,char const*>,std::_Select1st<std::pair<unsigned long const,char const*>>,std::less<unsigned long>,std::allocator<std::pair<unsigned long const,char const*>>>::_M_erase(std::_Rb_tree_node<std::pair<unsigned long const,char const*>> *)
08189820	42	_ZNSt10_List_baseImSaImEE8_M_clearEv	std::_List_base<unsigned long,std::allocator<unsigned long>>::_M_clear(void)
08189850	152	_ZNSt8_Rb_treeImSt4pairIKmPSt6vectorIPKcSaIS4_EEESt10_Select1stIS8_ESt4lessImESaIS8_EE9_M_insertEPSt18_Rb_tree_node_baseSG_RKS8_	std::_Rb_tree<unsigned long,std::pair<unsigned long const,std::vector<char const*,std::allocator<char const*>> *>,std::_Select1st<std::pair<unsigned long const,std::vector<char const*,std::allocator<char const*>> *>>,std::less<unsigned long>,std::allocator<std::pair<unsigned long const,std::vector<char const*,std::allocator<char const*>> *>>>::_M_insert(std::_Rb_tree_node_base *,std::_Rb_tree_node_base *,std::pair<unsigned long const,std::vector<char const*,std::allocator<char const*>> *> const&)
081898f0	152	_ZNSt8_Rb_treeImSt4pairIKmPKcESt10_Select1stIS4_ESt4lessImESaIS4_EE9_M_insertEPSt18_Rb_tree_node_baseSC_RKS4_	std::_Rb_tree<unsigned long,std::pair<unsigned long const,char const*>,std::_Select1st<std::pair<unsigned long const,char const*>>,std::less<unsigned long>,std::allocator<std::pair<unsigned long const,char const*>>>::_M_insert(std::_Rb_tree_node_base *,std::_Rb_tree_node_base *,std::pair<unsigned long const,char const*> const&)
08189990	236	_ZNSt8_Rb_treeImSt4pairIKmPKcESt10_Select1stIS4_ESt4lessImESaIS4_EE13insert_uniqueERKS4_	std::_Rb_tree<unsigned long,std::pair<unsigned long const,char const*>,std::_Select1st<std::pair<unsigned long const,char const*>>,std::less<unsigned long>,std::allocator<std::pair<unsigned long const,char const*>>>::insert_unique(std::pair<unsigned long const,char const*> const&)
08189a80	593	_ZNSt8_Rb_treeImSt4pairIKmPKcESt10_Select1stIS4_ESt4lessImESaIS4_EE13insert_uniqueESt17_Rb_tree_iteratorIS4_ERKS4_	std::_Rb_tree<unsigned long,std::pair<unsigned long const,char const*>,std::_Select1st<std::pair<unsigned long const,char const*>>,std::less<unsigned long>,std::allocator<std::pair<unsigned long const,char const*>>>::insert_unique(std::_Rb_tree_iterator<std::pair<unsigned long const,char const*>>,std::pair<unsigned long const,char const*> const&)
08189ce0	236	_ZNSt8_Rb_treeImSt4pairIKmPSt6vectorIPKcSaIS4_EEESt10_Select1stIS8_ESt4lessImESaIS8_EE13insert_uniqueERKS8_	std::_Rb_tree<unsigned long,std::pair<unsigned long const,std::vector<char const*,std::allocator<char const*>> *>,std::_Select1st<std::pair<unsigned long const,std::vector<char const*,std::allocator<char const*>> *>>,std::less<unsigned long>,std::allocator<std::pair<unsigned long const,std::vector<char const*,std::allocator<char const*>> *>>>::insert_unique(std::pair<unsigned long const,std::vector<char const*,std::allocator<char const*>> *> const&)
08189dd0	593	_ZNSt8_Rb_treeImSt4pairIKmPSt6vectorIPKcSaIS4_EEESt10_Select1stIS8_ESt4lessImESaIS8_EE13insert_uniqueESt17_Rb_tree_iteratorIS8_ERKS8_	std::_Rb_tree<unsigned long,std::pair<unsigned long const,std::vector<char const*,std::allocator<char const*>> *>,std::_Select1st<std::pair<unsigned long const,std::vector<char const*,std::allocator<char const*>> *>>,std::less<unsigned long>,std::allocator<std::pair<unsigned long const,std::vector<char const*,std::allocator<char const*>> *>>>::insert_unique(std::_Rb_tree_iterator<std::pair<unsigned long const,std::vector<char const*,std::allocator<char const*>> *>>,std::pair<unsigned long const,std::vector<char const*,std::allocator<char const*>> *> const&)
0818a030	291	_ZNSt6vectorIPKcSaIS1_EE13_M_insert_auxEN9__gnu_cxx17__normal_iteratorIPS1_S3_EERKS1_	std::vector<char const*,std::allocator<char const*>>::_M_insert_aux(__gnu_cxx::__normal_iterator<char const**,std::vector<char const*,std::allocator<char const*>>>,char const* const&)
0818a160	291	_ZNSt6vectorIPSsSaIS0_EE13_M_insert_auxEN9__gnu_cxx17__normal_iteratorIPS0_S2_EERKS0_	std::vector<std::string *,std::allocator<std::string *>>::_M_insert_aux(__gnu_cxx::__normal_iterator<std::string **,std::vector<std::string *,std::allocator<std::string *>>>,std::string * const&)
0818a290	291	_ZNSt8_Rb_treeISsSt4pairIKSsN12KTaskTypeMap10TTableListEESt10_Select1stIS4_ESt4lessISsESaIS4_EE9_M_insertEPSt18_Rb_tree_node_baseSC_RKS4_	std::_Rb_tree<std::string,std::pair<std::string const,KTaskTypeMap::TTableList>,std::_Select1st<std::pair<std::string const,KTaskTypeMap::TTableList>>,std::less<std::string>,std::allocator<std::pair<std::string const,KTaskTypeMap::TTableList>>>::_M_insert(std::_Rb_tree_node_base *,std::_Rb_tree_node_base *,std::pair<std::string const,KTaskTypeMap::TTableList> const&)
0818a3c0	275	_ZNKSt8_Rb_treeISsSt4pairIKSsN11KTaskKeyMap7TaskKeyEESt10_Select1stIS4_ESt4lessISsESaIS4_EE4findERS1_	std::_Rb_tree<std::string,std::pair<std::string const,KTaskKeyMap::TaskKey>,std::_Select1st<std::pair<std::string const,KTaskKeyMap::TaskKey>>,std::less<std::string>,std::allocator<std::pair<std::string const,KTaskKeyMap::TaskKey>>>::find(std::string const&)const
0818a4e0	275	_ZNSt8_Rb_treeISsSt4pairIKSsP11KTaskRowSetESt10_Select1stIS4_ESt4lessISsESaIS4_EE4findERS1_	std::_Rb_tree<std::string,std::pair<std::string const,KTaskRowSet *>,std::_Select1st<std::pair<std::string const,KTaskRowSet *>>,std::less<std::string>,std::allocator<std::pair<std::string const,KTaskRowSet *>>>::find(std::string const&)
0818a600	275	_ZNKSt8_Rb_treeISsSt4pairIKSsP11KTaskRowSetESt10_Select1stIS4_ESt4lessISsESaIS4_EE4findERS1_	std::_Rb_tree<std::string,std::pair<std::string const,KTaskRowSet *>,std::_Select1st<std::pair<std::string const,KTaskRowSet *>>,std::less<std::string>,std::allocator<std::pair<std::string const,KTaskRowSet *>>>::find(std::string const&)const
0818a720	269	_ZNSt8_Rb_treeISsSt4pairIKSsN12KTaskTypeMap10TTableListEESt10_Select1stIS4_ESt4lessISsESaIS4_EE4findERS1_	std::_Rb_tree<std::string,std::pair<std::string const,KTaskTypeMap::TTableList>,std::_Select1st<std::pair<std::string const,KTaskTypeMap::TTableList>>,std::less<std::string>,std::allocator<std::pair<std::string const,KTaskTypeMap::TTableList>>>::find(std::string const&)
0818a830	455	_ZNSt8_Rb_treeISsSt4pairIKSsN12KTaskTypeMap10TTableListEESt10_Select1stIS4_ESt4lessISsESaIS4_EE13insert_uniqueERKS4_	std::_Rb_tree<std::string,std::pair<std::string const,KTaskTypeMap::TTableList>,std::_Select1st<std::pair<std::string const,KTaskTypeMap::TTableList>>,std::less<std::string>,std::allocator<std::pair<std::string const,KTaskTypeMap::TTableList>>>::insert_unique(std::pair<std::string const,KTaskTypeMap::TTableList> const&)
0818aa00	273	_ZNSt8_Rb_treeISsSt4pairIKSsP11KTaskRowSetESt10_Select1stIS4_ESt4lessISsESaIS4_EE9_M_insertEPSt18_Rb_tree_node_baseSC_RKS4_	std::_Rb_tree<std::string,std::pair<std::string const,KTaskRowSet *>,std::_Select1st<std::pair<std::string const,KTaskRowSet *>>,std::less<std::string>,std::allocator<std::pair<std::string const,KTaskRowSet *>>>::_M_insert(std::_Rb_tree_node_base *,std::_Rb_tree_node_base *,std::pair<std::string const,KTaskRowSet *> const&)
0818ab20	455	_ZNSt8_Rb_treeISsSt4pairIKSsP11KTaskRowSetESt10_Select1stIS4_ESt4lessISsESaIS4_EE13insert_uniqueERKS4_	std::_Rb_tree<std::string,std::pair<std::string const,KTaskRowSet *>,std::_Select1st<std::pair<std::string const,KTaskRowSet *>>,std::less<std::string>,std::allocator<std::pair<std::string const,KTaskRowSet *>>>::insert_unique(std::pair<std::string const,KTaskRowSet *> const&)
0818acf0	369	_ZNSt8_Rb_treeISsSt4pairIKSsN11KTaskKeyMap7TaskKeyEESt10_Select1stIS4_ESt4lessISsESaIS4_EE9_M_insertEPSt18_Rb_tree_node_baseSC_RKS4_	std::_Rb_tree<std::string,std::pair<std::string const,KTaskKeyMap::TaskKey>,std::_Select1st<std::pair<std::string const,KTaskKeyMap::TaskKey>>,std::less<std::string>,std::allocator<std::pair<std::string const,KTaskKeyMap::TaskKey>>>::_M_insert(std::_Rb_tree_node_base *,std::_Rb_tree_node_base *,std::pair<std::string const,KTaskKeyMap::TaskKey> const&)
0818ae70	455	_ZNSt8_Rb_treeISsSt4pairIKSsN11KTaskKeyMap7TaskKeyEESt10_Select1stIS4_ESt4lessISsESaIS4_EE13insert_uniqueERKS4_	std::_Rb_tree<std::string,std::pair<std::string const,KTaskKeyMap::TaskKey>,std::_Select1st<std::pair<std::string const,KTaskKeyMap::TaskKey>>,std::less<std::string>,std::allocator<std::pair<std::string const,KTaskKeyMap::TaskKey>>>::insert_unique(std::pair<std::string const,KTaskKeyMap::TaskKey> const&)
0818b040	122	_ZNSt8_Rb_treeISsSt4pairIKSsN12KTaskTypeMap10TTableListEESt10_Select1stIS4_ESt4lessISsESaIS4_EE8_M_eraseEPSt13_Rb_tree_nodeIS4_E	std::_Rb_tree<std::string,std::pair<std::string const,KTaskTypeMap::TTableList>,std::_Select1st<std::pair<std::string const,KTaskTypeMap::TTableList>>,std::less<std::string>,std::allocator<std::pair<std::string const,KTaskTypeMap::TTableList>>>::_M_erase(std::_Rb_tree_node<std::pair<std::string const,KTaskTypeMap::TTableList>> *)
0818b0c0	122	_ZNSt8_Rb_treeISsSt4pairIKSsP11KTaskRowSetESt10_Select1stIS4_ESt4lessISsESaIS4_EE8_M_eraseEPSt13_Rb_tree_nodeIS4_E	std::_Rb_tree<std::string,std::pair<std::string const,KTaskRowSet *>,std::_Select1st<std::pair<std::string const,KTaskRowSet *>>,std::less<std::string>,std::allocator<std::pair<std::string const,KTaskRowSet *>>>::_M_erase(std::_Rb_tree_node<std::pair<std::string const,KTaskRowSet *>> *)
0818b140	242	_ZNSt8_Rb_treeISsSt4pairIKSsN11KTaskKeyMap7TaskKeyEESt10_Select1stIS4_ESt4lessISsESaIS4_EE8_M_eraseEPSt13_Rb_tree_nodeIS4_E	std::_Rb_tree<std::string,std::pair<std::string const,KTaskKeyMap::TaskKey>,std::_Select1st<std::pair<std::string const,KTaskKeyMap::TaskKey>>,std::less<std::string>,std::allocator<std::pair<std::string const,KTaskKeyMap::TaskKey>>>::_M_erase(std::_Rb_tree_node<std::pair<std::string const,KTaskKeyMap::TaskKey>> *)
0818b240	967	_ZN10KTaskTable9AddRowSetEPKc	KTaskTable::AddRowSet(char const*)
0818b610	10	_Z20GetTaskSysFuncsCountv	GetTaskSysFuncsCount(void)
0818b620	142	_Z15LuaSubWorldNameP9lua_State	LuaSubWorldName(lua_State *)
0818b6b0	124	_Z12LuaNpcDialogP9lua_State	LuaNpcDialog(lua_State *)
0818b730	183	_Z18LuaSelectTaskAwardP9lua_State	LuaSelectTaskAward(lua_State *)
0818b7f0	183	_Z19LuaSelectTaskFinishP9lua_State	LuaSelectTaskFinish(lua_State *)
0818b8b0	183	_Z18LuaSelectTaskStartP9lua_State	LuaSelectTaskStart(lua_State *)
0818b970	279	_Z16LuaGetTaskStatusP9lua_State	LuaGetTaskStatus(lua_State *)
0818ba90	134	_Z14LuaGetTaskNameP9lua_State	LuaGetTaskName(lua_State *)
0818bb20	147	_Z12LuaGetTaskNoP9lua_State	LuaGetTaskNo(lua_State *)
0818bbc0	148	_Z17LuaGetTaskEventIDP9lua_State	LuaGetTaskEventID(lua_State *)
0818bc60	182	_Z15LuaGetEventTaskP9lua_State	LuaGetEventTask(lua_State *)
0818bd20	122	_Z20LuaGetEventTaskCountP9lua_State	LuaGetEventTaskCount(lua_State *)
0818bda0	275	_Z12LuaCloseTaskP9lua_State	LuaCloseTask(lua_State *)
0818bec0	272	_Z12LuaStartTaskP9lua_State	LuaStartTask(lua_State *)
0818bfd0	375	_Z14LuaSetTmpValueP9lua_State	LuaSetTmpValue(lua_State *)
0818c150	336	_Z16LuaSetTaskStatusP9lua_State	LuaSetTaskStatus(lua_State *)
0818c2a0	236	_Z12LuaFirstTaskP9lua_State	LuaFirstTask(lua_State *)
0818c390	322	_Z14LuaGetTmpValueP9lua_State	LuaGetTmpValue(lua_State *)
0818c4e0	140	_Z22LuaGetTaskEntityMatrixP9lua_State	LuaGetTaskEntityMatrix(lua_State *)
0818c570	189	_Z11LuaNextTaskP9lua_State	LuaNextTask(lua_State *)
0818c630	274	_Z15LuaGetTaskEventP9lua_State	LuaGetTaskEvent(lua_State *)
0818c750	140	_Z21LuaGetTaskEventMatrixP9lua_State	LuaGetTaskEventMatrix(lua_State *)
0818c7e0	140	_Z18LuaGetTaskIdMatrixP9lua_State	LuaGetTaskIdMatrix(lua_State *)
0818c870	140	_Z20LuaGetTaskTalkMatrixP9lua_State	LuaGetTaskTalkMatrix(lua_State *)
0818c900	140	_Z21LuaGetTaskAwardMatrixP9lua_State	LuaGetTaskAwardMatrix(lua_State *)
0818c990	140	_Z25LuaGetTaskConditionMatrixP9lua_State	LuaGetTaskConditionMatrix(lua_State *)
0818ca20	274	_Z14LuaGetTaskTalkP9lua_State	LuaGetTaskTalk(lua_State *)
0818cb40	274	_Z12LuaGetTaskIdP9lua_State	LuaGetTaskId(lua_State *)
0818cc60	274	_Z15LuaGetTaskAwardP9lua_State	LuaGetTaskAward(lua_State *)
0818cd80	274	_Z16LuaGetTaskEntityP9lua_State	LuaGetTaskEntity(lua_State *)
0818cea0	274	_Z19LuaGetTaskConditionP9lua_State	LuaGetTaskCondition(lua_State *)
0818cfc0	5	__tcf_0_47	__tcf_0_47
0818cfd0	94	_Z41__static_initialization_and_destruction_0ii_58	_Z41__static_initialization_and_destruction_0ii_58
0818d030	16	_GLOBAL__I_g_ServerTime	`global constructor keyed to'g_ServerTime
0818d040	154	_ZN11KServerTime22SyncServerTimeToClientEP7KPlayer	KServerTime::SyncServerTimeToClient(KPlayer *)
0818d0e0	21	_ZN11KNameFilterC2Ev	KNameFilter::KNameFilter(void)
0818d100	21	_ZN11KNameFilterC1Ev	KNameFilter::KNameFilter(void)
0818d120	43	_ZN11KNameFilter12UninitializeEv	KNameFilter::Uninitialize(void)
0818d150	95	_ZN11KNameFilter15IsValidRoleNameEPKc	KNameFilter::IsValidRoleName(char const*)
0818d1b0	23	_ZN11KNameFilter10IsTextPassEPKc	KNameFilter::IsTextPass(char const*)
0818d1d0	146	_Z41__static_initialization_and_destruction_0ii_59	_Z41__static_initialization_and_destruction_0ii_59
0818d270	19	_GLOBAL__I_g_NameFilter	`global constructor keyed to'g_NameFilter
0818d290	406	_ZN11KNameFilter10InitializeEPKc	KNameFilter::Initialize(char const*)
0818d430	37	_ZN11KNameFilterD0Ev	KNameFilter::~KNameFilter()
0818d460	18	_ZN11KNameFilterD1Ev	KNameFilter::~KNameFilter()
0818d480	16	__tcf_2_16	__tcf_2_16
0818d490	16	__tcf_1_27	__tcf_1_27
0818d4a0	16	__tcf_0_48	__tcf_0_48
0818d4b0	18	_ZN11KNameFilterD2Ev	KNameFilter::~KNameFilter()
0818d4d0	63	_ZN16KPlayerLimitTimeC2Ev	KPlayerLimitTime::KPlayerLimitTime(void)
0818d510	63	_ZN16KPlayerLimitTimeC1Ev	KPlayerLimitTime::KPlayerLimitTime(void)
0818d550	5	_ZN16KPlayerLimitTimeD2Ev	KPlayerLimitTime::~KPlayerLimitTime()
0818d560	5	_ZN16KPlayerLimitTimeD1Ev	KPlayerLimitTime::~KPlayerLimitTime()
0818d570	60	_ZN16KPlayerLimitTime6AttachEP7KPlayer	KPlayerLimitTime::Attach(KPlayer *)
0818d5b0	32	_ZN16KPlayerLimitTime17GetLimitTimeStateEv	KPlayerLimitTime::GetLimitTimeState(void)
0818d5d0	39	_ZN16KPlayerLimitTime17IsInLimitTimeAreaEv	KPlayerLimitTime::IsInLimitTimeArea(void)
0818d600	63	_ZN16KPlayerLimitTime16SyncInfoToClientEv	KPlayerLimitTime::SyncInfoToClient(void)
0818d640	140	_ZN16KPlayerLimitTime13CheckIsNewDayEv	KPlayerLimitTime::CheckIsNewDay(void)
0818d6d0	261	_ZN16KPlayerLimitTime17OnLimitTimeChangeEv	KPlayerLimitTime::OnLimitTimeChange(void)
0818d7e0	685	_ZN16KPlayerLimitTime4InitEv	KPlayerLimitTime::Init(void)
0818da90	241	_ZN16KPlayerLimitTime6ActiveEmi	KPlayerLimitTime::Active(unsigned long,int)
0818db90	71	_ZN16KPlayerLimitTime10UpdateInfoEmmm	KPlayerLimitTime::UpdateInfo(unsigned long,unsigned long,unsigned long)
0818dbe0	290	_ZN16KPlayerLimitTime6OnSaveEv	KPlayerLimitTime::OnSave(void)
0818dd10	53	_ZN16KPlayerLimitTime13OnOfflineLiveEi	KPlayerLimitTime::OnOfflineLive(int)
0818dd50	452	_ZN16KPlayerLimitTime6OnLoadEv	KPlayerLimitTime::OnLoad(void)
0818df20	10	_Z21GetStatInfoFuncsCountv	GetStatInfoFuncsCount(void)
0818df30	34	_Z21LuaSTAT_GetGoodsCountP9lua_State	LuaSTAT_GetGoodsCount(lua_State *)
0818df60	1474	_Z28LuaSTAT_SearchGoodsSaledItemP9lua_State	LuaSTAT_SearchGoodsSaledItem(lua_State *)
0818e530	502	_Z17_Lua_GetGoodsInfoP9lua_StateRP6KGoodsR12CurrencyTypeRNS1_12enumStatTypeE	_Lua_GetGoodsInfo(lua_State *,KGoods *&,CurrencyType &,KGoods::enumStatType &)
0818e730	104	_Z28LuaSTAT_CleanGoodsSaleNumberP9lua_State	LuaSTAT_CleanGoodsSaleNumber(lua_State *)
0818e7a0	95	_Z26LuaSTAT_GetGoodsSaleNumberP9lua_State	LuaSTAT_GetGoodsSaleNumber(lua_State *)
0818e800	1131	_Z20LuaSTAT_GetGoodsNameP9lua_State	LuaSTAT_GetGoodsName(lua_State *)
0818ec70	5	_ZN10CChatRooms4SaveEv	CChatRooms::Save(void)
0818ec80	14	_ZN10CChatRooms15SetMaxRoomCountEi	CChatRooms::SetMaxRoomCount(int)
0818ec90	14	_ZN10CChatRooms17SetMaxClientCountEi	CChatRooms::SetMaxClientCount(int)
0818eca0	13	_ZN10CChatRooms20SetMaxBlackListCountEi	CChatRooms::SetMaxBlackListCount(int)
0818ecb0	77	_ZN10CChatRooms11RoomName2IDEPKc	CChatRooms::RoomName2ID(char const*)
0818ed00	58	_ZN10CChatRooms12FindChatRoomEm	CChatRooms::FindChatRoom(unsigned long)
0818ed40	112	_ZN10CChatRooms17FindLocationRoomsEPKcRSt4listIP9CChatRoomSaIS4_EE	CChatRooms::FindLocationRooms(char const*,std::list<CChatRoom *,std::allocator<CChatRoom *>> &)
0818edb0	61	_ZN10CChatRooms6UnHookEv	CChatRooms::UnHook(void)
0818edf0	69	_ZN10CChatRooms4HookEP14IChatRoomEvent	CChatRooms::Hook(IChatRoomEvent *)
0818ee40	77	_ZN10CChatRooms15GetAllChatRoomsERSt4listIP9CChatRoomSaIS2_EE	CChatRooms::GetAllChatRooms(std::list<CChatRoom *,std::allocator<CChatRoom *>> &)
0818ee90	163	_ZN10CChatRooms5ClearEv	CChatRooms::Clear(void)
0818ef40	108	_ZN10CChatRoomsC1Ev	CChatRooms::CChatRooms(void)
0818efb0	66	_Z41__static_initialization_and_destruction_0ii_60	_Z41__static_initialization_and_destruction_0ii_60
0818f000	16	_GLOBAL__I__ZN10CChatRooms7ms_instE	`global constructor keyed to'CChatRooms::ms_inst
0818f010	108	_ZN10CChatRoomsC2Ev	CChatRooms::CChatRooms(void)
0818f080	93	_ZN10CChatRoomsD1Ev	CChatRooms::~CChatRooms()
0818f0e0	16	__tcf_0_49	__tcf_0_49
0818f0f0	93	_ZN10CChatRoomsD2Ev	CChatRooms::~CChatRooms()
0818f150	288	_ZN10CChatRooms7BreatheEv	CChatRooms::Breathe(void)
0818f270	162	_ZN10CChatRooms12FindChatRoomEPKc	CChatRooms::FindChatRoom(char const*)
0818f320	258	_ZN10CChatRooms13CheckChatRoomEPKcPi	CChatRooms::CheckChatRoom(char const*,int *)
0818f430	322	_ZN10CChatRooms9CloseRoomEPKc	CChatRooms::CloseRoom(char const*)
0818f580	909	_ZN10CChatRooms14CreateChatRoomEPKcPi13CHATROOM_TYPE	CChatRooms::CreateChatRoom(char const*,int *,CHATROOM_TYPE)
0818f910	87	_ZNSt8_Rb_treeImSt4pairIKmP9CChatRoomESt10_Select1stIS4_ESt4lessImESaIS4_EE4findERS1_	std::_Rb_tree<unsigned long,std::pair<unsigned long const,CChatRoom *>,std::_Select1st<std::pair<unsigned long const,CChatRoom *>>,std::less<unsigned long>,std::allocator<std::pair<unsigned long const,CChatRoom *>>>::find(unsigned long const&)
0818f970	62	_ZNSt8_Rb_treeImSt4pairIKmP9CChatRoomESt10_Select1stIS4_ESt4lessImESaIS4_EE11lower_boundERS1_	std::_Rb_tree<unsigned long,std::pair<unsigned long const,CChatRoom *>,std::_Select1st<std::pair<unsigned long const,CChatRoom *>>,std::less<unsigned long>,std::allocator<std::pair<unsigned long const,CChatRoom *>>>::lower_bound(unsigned long const&)
0818f9b0	62	_ZNSt8_Rb_treeImSt4pairIKmP9CChatRoomESt10_Select1stIS4_ESt4lessImESaIS4_EE11upper_boundERS1_	std::_Rb_tree<unsigned long,std::pair<unsigned long const,CChatRoom *>,std::_Select1st<std::pair<unsigned long const,CChatRoom *>>,std::less<unsigned long>,std::allocator<std::pair<unsigned long const,CChatRoom *>>>::upper_bound(unsigned long const&)
0818f9f0	59	_ZNSt8_Rb_treeImSt4pairIKmP9CChatRoomESt10_Select1stIS4_ESt4lessImESaIS4_EE8_M_eraseEPSt13_Rb_tree_nodeIS4_E	std::_Rb_tree<unsigned long,std::pair<unsigned long const,CChatRoom *>,std::_Select1st<std::pair<unsigned long const,CChatRoom *>>,std::less<unsigned long>,std::allocator<std::pair<unsigned long const,CChatRoom *>>>::_M_erase(std::_Rb_tree_node<std::pair<unsigned long const,CChatRoom *>> *)
0818fa30	152	_ZNSt8_Rb_treeImSt4pairIKmP9CChatRoomESt10_Select1stIS4_ESt4lessImESaIS4_EE9_M_insertEPSt18_Rb_tree_node_baseSC_RKS4_	std::_Rb_tree<unsigned long,std::pair<unsigned long const,CChatRoom *>,std::_Select1st<std::pair<unsigned long const,CChatRoom *>>,std::less<unsigned long>,std::allocator<std::pair<unsigned long const,CChatRoom *>>>::_M_insert(std::_Rb_tree_node_base *,std::_Rb_tree_node_base *,std::pair<unsigned long const,CChatRoom *> const&)
0818fad0	236	_ZNSt8_Rb_treeImSt4pairIKmP9CChatRoomESt10_Select1stIS4_ESt4lessImESaIS4_EE13insert_uniqueERKS4_	std::_Rb_tree<unsigned long,std::pair<unsigned long const,CChatRoom *>,std::_Select1st<std::pair<unsigned long const,CChatRoom *>>,std::less<unsigned long>,std::allocator<std::pair<unsigned long const,CChatRoom *>>>::insert_unique(std::pair<unsigned long const,CChatRoom *> const&)
0818fbc0	593	_ZNSt8_Rb_treeImSt4pairIKmP9CChatRoomESt10_Select1stIS4_ESt4lessImESaIS4_EE13insert_uniqueESt17_Rb_tree_iteratorIS4_ERKS4_	std::_Rb_tree<unsigned long,std::pair<unsigned long const,CChatRoom *>,std::_Select1st<std::pair<unsigned long const,CChatRoom *>>,std::less<unsigned long>,std::allocator<std::pair<unsigned long const,CChatRoom *>>>::insert_unique(std::_Rb_tree_iterator<std::pair<unsigned long const,CChatRoom *>>,std::pair<unsigned long const,CChatRoom *> const&)
0818fe20	146	_ZNSt8_Rb_treeImSt4pairIKmP9CChatRoomESt10_Select1stIS4_ESt4lessImESaIS4_EE5eraseESt17_Rb_tree_iteratorIS4_ESC_	std::_Rb_tree<unsigned long,std::pair<unsigned long const,CChatRoom *>,std::_Select1st<std::pair<unsigned long const,CChatRoom *>>,std::less<unsigned long>,std::allocator<std::pair<unsigned long const,CChatRoom *>>>::erase(std::_Rb_tree_iterator<std::pair<unsigned long const,CChatRoom *>>,std::_Rb_tree_iterator<std::pair<unsigned long const,CChatRoom *>>)
0818fec0	146	_ZNSt8_Rb_treeImSt4pairIKmP9CChatRoomESt10_Select1stIS4_ESt4lessImESaIS4_EE5eraseERS1_	std::_Rb_tree<unsigned long,std::pair<unsigned long const,CChatRoom *>,std::_Select1st<std::pair<unsigned long const,CChatRoom *>>,std::less<unsigned long>,std::allocator<std::pair<unsigned long const,CChatRoom *>>>::erase(unsigned long const&)
0818ff60	122	_ZNSt8_Rb_treeISsSt4pairIKSsP9CChatRoomESt10_Select1stIS4_ESt4lessISsESaIS4_EE8_M_eraseEPSt13_Rb_tree_nodeIS4_E	std::_Rb_tree<std::string,std::pair<std::string const,CChatRoom *>,std::_Select1st<std::pair<std::string const,CChatRoom *>>,std::less<std::string>,std::allocator<std::pair<std::string const,CChatRoom *>>>::_M_erase(std::_Rb_tree_node<std::pair<std::string const,CChatRoom *>> *)
0818ffe0	155	_ZNSt8_Rb_treeISsSt4pairIKSsP9CChatRoomESt10_Select1stIS4_ESt4lessISsESaIS4_EE11lower_boundERS1_	std::_Rb_tree<std::string,std::pair<std::string const,CChatRoom *>,std::_Select1st<std::pair<std::string const,CChatRoom *>>,std::less<std::string>,std::allocator<std::pair<std::string const,CChatRoom *>>>::lower_bound(std::string const&)
08190080	275	_ZNSt8_Rb_treeISsSt4pairIKSsP9CChatRoomESt10_Select1stIS4_ESt4lessISsESaIS4_EE4findERS1_	std::_Rb_tree<std::string,std::pair<std::string const,CChatRoom *>,std::_Select1st<std::pair<std::string const,CChatRoom *>>,std::less<std::string>,std::allocator<std::pair<std::string const,CChatRoom *>>>::find(std::string const&)
081901a0	273	_ZNSt8_Rb_treeISsSt4pairIKSsP9CChatRoomESt10_Select1stIS4_ESt4lessISsESaIS4_EE9_M_insertEPSt18_Rb_tree_node_baseSC_RKS4_	std::_Rb_tree<std::string,std::pair<std::string const,CChatRoom *>,std::_Select1st<std::pair<std::string const,CChatRoom *>>,std::less<std::string>,std::allocator<std::pair<std::string const,CChatRoom *>>>::_M_insert(std::_Rb_tree_node_base *,std::_Rb_tree_node_base *,std::pair<std::string const,CChatRoom *> const&)
081902c0	455	_ZNSt8_Rb_treeISsSt4pairIKSsP9CChatRoomESt10_Select1stIS4_ESt4lessISsESaIS4_EE13insert_uniqueERKS4_	std::_Rb_tree<std::string,std::pair<std::string const,CChatRoom *>,std::_Select1st<std::pair<std::string const,CChatRoom *>>,std::less<std::string>,std::allocator<std::pair<std::string const,CChatRoom *>>>::insert_unique(std::pair<std::string const,CChatRoom *> const&)
08190490	1140	_ZNSt8_Rb_treeISsSt4pairIKSsP9CChatRoomESt10_Select1stIS4_ESt4lessISsESaIS4_EE13insert_uniqueESt17_Rb_tree_iteratorIS4_ERKS4_	std::_Rb_tree<std::string,std::pair<std::string const,CChatRoom *>,std::_Select1st<std::pair<std::string const,CChatRoom *>>,std::less<std::string>,std::allocator<std::pair<std::string const,CChatRoom *>>>::insert_unique(std::_Rb_tree_iterator<std::pair<std::string const,CChatRoom *>>,std::pair<std::string const,CChatRoom *> const&)
08190910	5	_ZN24CChatRoomRelayMsgProcessD2Ev	CChatRoomRelayMsgProcess::~CChatRoomRelayMsgProcess()
08190920	5	_ZN24CChatRoomRelayMsgProcessD1Ev	CChatRoomRelayMsgProcess::~CChatRoomRelayMsgProcess()
08190930	183	_ZN24CChatRoomRelayMsgProcess7ProcessEPvi	CChatRoomRelayMsgProcess::Process(void *,int)
081909f0	46	_ZN24CChatRoomRelayMsgProcess15SendDataToRelayEPvi	CChatRoomRelayMsgProcess::SendDataToRelay(void *,int)
08190a20	5	__tcf_0_50	__tcf_0_50
08190a30	39	_ZN24CChatRoomRelayMsgProcess16SendDataToClientEiPvi	CChatRoomRelayMsgProcess::SendDataToClient(int,void *,int)
08190a60	141	_ZN24CChatRoomRelayMsgProcess22Process_ChangePasswordEPvi	CChatRoomRelayMsgProcess::Process_ChangePassword(void *,int)
08190af0	144	_ZN24CChatRoomRelayMsgProcess17Process_UnPreventEPvi	CChatRoomRelayMsgProcess::Process_UnPrevent(void *,int)
08190b80	144	_ZN24CChatRoomRelayMsgProcess15Process_PreventEPvi	CChatRoomRelayMsgProcess::Process_Prevent(void *,int)
08190c10	144	_ZN24CChatRoomRelayMsgProcess17Process_LeaveRoomEPvi	CChatRoomRelayMsgProcess::Process_LeaveRoom(void *,int)
08190ca0	287	_ZN24CChatRoomRelayMsgProcess17Process_EnterRoomEPvi	CChatRoomRelayMsgProcess::Process_EnterRoom(void *,int)
08190dc0	140	_ZN24CChatRoomRelayMsgProcess19BroadCast_EnterRoomEPvi	CChatRoomRelayMsgProcess::BroadCast_EnterRoom(void *,int)
08190e50	86	_ZN24CChatRoomRelayMsgProcess16ConsumeTimeMoneyEi	CChatRoomRelayMsgProcess::ConsumeTimeMoney(int)
08190eb0	314	_ZN24CChatRoomRelayMsgProcess19Process_AddLifeTimeEPvi	CChatRoomRelayMsgProcess::Process_AddLifeTime(void *,int)
08190ff0	86	_ZN24CChatRoomRelayMsgProcess16ConsumeRoomMoneyEi	CChatRoomRelayMsgProcess::ConsumeRoomMoney(int)
08191050	233	_ZN24CChatRoomRelayMsgProcess18Process_CreateRoomEPvi	CChatRoomRelayMsgProcess::Process_CreateRoom(void *,int)
08191140	318	_ZN24CChatRoomRelayMsgProcessC1Ev	CChatRoomRelayMsgProcess::CChatRoomRelayMsgProcess(void)
08191280	66	_Z41__static_initialization_and_destruction_0ii_61	_Z41__static_initialization_and_destruction_0ii_61
081912d0	16	_GLOBAL__I__ZN24CChatRoomRelayMsgProcess7ms_instE	`global constructor keyed to'CChatRoomRelayMsgProcess::ms_inst
081912e0	318	_ZN24CChatRoomRelayMsgProcessC2Ev	CChatRoomRelayMsgProcess::CChatRoomRelayMsgProcess(void)
08191420	74	_ZN24CChatRoomRelayMsgProcess21Process_SyncBlackListEPvi	CChatRoomRelayMsgProcess::Process_SyncBlackList(void *,int)
08191470	74	_ZN24CChatRoomRelayMsgProcess24BroadCast_ChangePasswordEPvi	CChatRoomRelayMsgProcess::BroadCast_ChangePassword(void *,int)
081914c0	70	_ZN24CChatRoomRelayMsgProcess18BroadCast_RoomTimeEPvi	CChatRoomRelayMsgProcess::BroadCast_RoomTime(void *,int)
08191510	39	_ZN24CChatRoomRelayMsgProcess21BroadCast_DestroyRoomEPvi	CChatRoomRelayMsgProcess::BroadCast_DestroyRoom(void *,int)
08191540	163	_ZN24CChatRoomRelayMsgProcess20BroadCast_CreateRoomEPvi	CChatRoomRelayMsgProcess::BroadCast_CreateRoom(void *,int)
081915f0	104	_ZN24CChatRoomRelayMsgProcess14BroadCast_TalkEPvi	CChatRoomRelayMsgProcess::BroadCast_Talk(void *,int)
08191660	169	_ZN24CChatRoomRelayMsgProcess17BroadCast_KickOutEPvi	CChatRoomRelayMsgProcess::BroadCast_KickOut(void *,int)
08191710	74	_ZN24CChatRoomRelayMsgProcess19BroadCast_UnPreventEPvi	CChatRoomRelayMsgProcess::BroadCast_UnPrevent(void *,int)
08191760	81	_ZN24CChatRoomRelayMsgProcess17BroadCast_PreventEPvi	CChatRoomRelayMsgProcess::BroadCast_Prevent(void *,int)
081917c0	74	_ZN24CChatRoomRelayMsgProcess19BroadCast_LeaveRoomEPvi	CChatRoomRelayMsgProcess::BroadCast_LeaveRoom(void *,int)
08191810	275	_ZN24CChatRoomRelayMsgProcess17NotifyChatChannelEi	CChatRoomRelayMsgProcess::NotifyChatChannel(int)
08191930	42	_ZNSt10_List_baseIP9CChatRoomSaIS1_EE8_M_clearEv	std::_List_base<CChatRoom *,std::allocator<CChatRoom *>>::_M_clear(void)
08191960	5	_ZN25CChatRoomPlayerMsgProcessD2Ev	CChatRoomPlayerMsgProcess::~CChatRoomPlayerMsgProcess()
08191970	5	_ZN25CChatRoomPlayerMsgProcessD1Ev	CChatRoomPlayerMsgProcess::~CChatRoomPlayerMsgProcess()
08191980	125	_ZN25CChatRoomPlayerMsgProcess7ProcessEiPvi	CChatRoomPlayerMsgProcess::Process(int,void *,int)
08191a00	46	_ZN25CChatRoomPlayerMsgProcess15SendDataToRelayEPvi	CChatRoomPlayerMsgProcess::SendDataToRelay(void *,int)
08191a30	217	_ZN25CChatRoomPlayerMsgProcessC1Ev	CChatRoomPlayerMsgProcess::CChatRoomPlayerMsgProcess(void)
08191b10	217	_ZN25CChatRoomPlayerMsgProcessC2Ev	CChatRoomPlayerMsgProcess::CChatRoomPlayerMsgProcess(void)
08191bf0	189	_ZN25CChatRoomPlayerMsgProcess22Process_ChangePasswordEiPvi	CChatRoomPlayerMsgProcess::Process_ChangePassword(int,void *,int)
08191cb0	153	_ZN25CChatRoomPlayerMsgProcess14AskForMoreTimeEiPKc	CChatRoomPlayerMsgProcess::AskForMoreTime(int,char const*)
08191d50	191	_ZN25CChatRoomPlayerMsgProcess15Process_KickOutEiPvi	CChatRoomPlayerMsgProcess::Process_KickOut(int,void *,int)
08191e10	191	_ZN25CChatRoomPlayerMsgProcess17Process_UnPreventEiPvi	CChatRoomPlayerMsgProcess::Process_UnPrevent(int,void *,int)
08191ed0	191	_ZN25CChatRoomPlayerMsgProcess15Process_PreventEiPvi	CChatRoomPlayerMsgProcess::Process_Prevent(int,void *,int)
08191f90	167	_ZN25CChatRoomPlayerMsgProcess17Process_LeaveRoomEiPvi	CChatRoomPlayerMsgProcess::Process_LeaveRoom(int,void *,int)
08192040	224	_ZN25CChatRoomPlayerMsgProcess17Process_EnterRoomEiPvi	CChatRoomPlayerMsgProcess::Process_EnterRoom(int,void *,int)
08192120	86	_ZN25CChatRoomPlayerMsgProcess14CheckTimeMoneyEi	CChatRoomPlayerMsgProcess::CheckTimeMoney(int)
08192180	86	_ZN25CChatRoomPlayerMsgProcess14CheckRoomMoneyEi	CChatRoomPlayerMsgProcess::CheckRoomMoney(int)
081921e0	225	_ZN25CChatRoomPlayerMsgProcess12Process_TalkEiPvi	CChatRoomPlayerMsgProcess::Process_Talk(int,void *,int)
081922d0	60	_ZN25CChatRoomPlayerMsgProcess16SendDataToClientEiPvi	CChatRoomPlayerMsgProcess::SendDataToClient(int,void *,int)
08192310	330	_ZN25CChatRoomPlayerMsgProcess13SendBlackListEiPKcRKSt4listISsSaISsEE	CChatRoomPlayerMsgProcess::SendBlackList(int,char const*,std::list<std::string,std::allocator<std::string>> const&)
08192460	394	_ZN25CChatRoomPlayerMsgProcess14SendMemberListEiPKcRKSt4listI18TChatRoomMemberInfSaIS3_EE	CChatRoomPlayerMsgProcess::SendMemberList(int,char const*,std::list<TChatRoomMemberInf,std::allocator<TChatRoomMemberInf>> const&)
081925f0	408	_ZN25CChatRoomPlayerMsgProcess12SendRoomListEiRKSt4listIP9CChatRoomSaIS2_EE	CChatRoomPlayerMsgProcess::SendRoomList(int,std::list<CChatRoom *,std::allocator<CChatRoom *>> const&)
08192790	212	_ZN25CChatRoomPlayerMsgProcess19Process_AddLifeTimeEiPvi	CChatRoomPlayerMsgProcess::Process_AddLifeTime(int,void *,int)
08192870	386	_ZN25CChatRoomPlayerMsgProcess18Process_CreateRoomEiPvi	CChatRoomPlayerMsgProcess::Process_CreateRoom(int,void *,int)
08192a00	456	_ZN25CChatRoomPlayerMsgProcess20Process_GetBlackListEiPvi	CChatRoomPlayerMsgProcess::Process_GetBlackList(int,void *,int)
08192bd0	203	_ZN25CChatRoomPlayerMsgProcess19Process_GetRoomListEiPvi	CChatRoomPlayerMsgProcess::Process_GetRoomList(int,void *,int)
08192ca0	403	_ZN25CChatRoomPlayerMsgProcess21Process_GetMemberListEiPvi	CChatRoomPlayerMsgProcess::Process_GetMemberList(int,void *,int)
08192e40	42	_ZNSt10_List_baseI18TChatRoomMemberInfSaIS0_EE8_M_clearEv	std::_List_base<TChatRoomMemberInf,std::allocator<TChatRoomMemberInf>>::_M_clear(void)
08192e70	14	_ZN14CChatRoomEventC2Ev	CChatRoomEvent::CChatRoomEvent(void)
08192e80	14	_ZN14CChatRoomEventC1Ev	CChatRoomEvent::CChatRoomEvent(void)
08192e90	5	_ZN14CChatRoomEvent14CreateChatRoomEP9CChatRoom	CChatRoomEvent::CreateChatRoom(CChatRoom *)
08192ea0	5	_ZN14CChatRoomEvent14ChangePasswordEP9CChatRoom	CChatRoomEvent::ChangePassword(CChatRoom *)
08192eb0	5	_ZN14CChatRoomEvent4SaveEP9CChatRoom	CChatRoomEvent::Save(CChatRoom *)
08192ec0	66	_Z41__static_initialization_and_destruction_0ii_62	_Z41__static_initialization_and_destruction_0ii_62
08192f10	16	_GLOBAL__I__ZN14CChatRoomEvent7ms_instE	`global constructor keyed to'CChatRoomEvent::ms_inst
08192f20	18	_ZN14CChatRoomEventD0Ev	CChatRoomEvent::~CChatRoomEvent()
08192f40	14	_ZN14CChatRoomEventD1Ev	CChatRoomEvent::~CChatRoomEvent()
08192f50	16	__tcf_1_28	__tcf_1_28
08192f60	14	_ZN14CChatRoomEventD2Ev	CChatRoomEvent::~CChatRoomEvent()
08192f70	142	_ZN14CChatRoomEvent9BroadCastEP9CChatRoomPvi	CChatRoomEvent::BroadCast(CChatRoom *,void *,int)
08193000	105	_ZN14CChatRoomEvent14ChangeLifeTimeEP9CChatRoomi	CChatRoomEvent::ChangeLifeTime(CChatRoom *,int)
08193070	122	_ZN14CChatRoomEvent9UnPreventEP9CChatRoomPKc	CChatRoomEvent::UnPrevent(CChatRoom *,char const*)
081930f0	122	_ZN14CChatRoomEvent7PreventEP9CChatRoomPKc	CChatRoomEvent::Prevent(CChatRoom *,char const*)
08193170	122	_ZN14CChatRoomEvent7KickOutEP9CChatRoomPKc	CChatRoomEvent::KickOut(CChatRoom *,char const*)
081931f0	205	_ZN14CChatRoomEvent4TalkEP9CChatRoomPKcS3_i	CChatRoomEvent::Talk(CChatRoom *,char const*,char const*,int)
081932c0	122	_ZN14CChatRoomEvent13LeaveChatRoomEP9CChatRoomPKc	CChatRoomEvent::LeaveChatRoom(CChatRoom *,char const*)
08193340	150	_ZN14CChatRoomEvent13EnterChatRoomEP9CChatRoomPK18TChatRoomMemberInf	CChatRoomEvent::EnterChatRoom(CChatRoom *,TChatRoomMemberInf const*)
081933e0	99	_ZN14CChatRoomEvent15DestroyChatRoomEP9CChatRoom	CChatRoomEvent::DestroyChatRoom(CChatRoom *)
08193450	10	_ZNK9CChatRoom7GetTypeEv	CChatRoom::GetType(void)const
08193460	14	_ZN9CChatRoom8SetEventEP14IChatRoomEvent	CChatRoom::SetEvent(IChatRoomEvent *)
08193470	29	_ZN9CChatRoom6CreateEv	CChatRoom::Create(void)
08193490	30	_ZN9CChatRoom7DestroyEv	CChatRoom::Destroy(void)
081934b0	14	_ZN9CChatRoom17SetMaxClientCountEi	CChatRoom::SetMaxClientCount(int)
081934c0	14	_ZN9CChatRoom20SetMaxBlackListCountEi	CChatRoom::SetMaxBlackListCount(int)
081934d0	30	_ZN9CChatRoom4SaveEv	CChatRoom::Save(void)
081934f0	14	_ZN9CChatRoom11SetLifeTimeEi	CChatRoom::SetLifeTime(int)
08193500	11	_ZNK9CChatRoom11GetLifeTimeEv	CChatRoom::GetLifeTime(void)const
08193510	45	_ZN9CChatRoom14ChangeLifeTimeEi	CChatRoom::ChangeLifeTime(int)
08193540	48	_ZN9CChatRoom11AddLifeTimeEi	CChatRoom::AddLifeTime(int)
08193570	61	_ZN9CChatRoom11DelLifeTimeEi	CChatRoom::DelLifeTime(int)
081935b0	40	_ZN9CChatRoom7BreatheEv	CChatRoom::Breathe(void)
081935e0	19	_ZN9CChatRoom9IsTimeOutEv	CChatRoom::IsTimeOut(void)
08193600	11	_ZNK9CChatRoom8GetAdminEv	CChatRoom::GetAdmin(void)const
08193610	11	_ZN9CChatRoom14GetMemberCountEv	CChatRoom::GetMemberCount(void)
08193620	22	_ZN9CChatRoom15IsPasswordEmptyEv	CChatRoom::IsPasswordEmpty(void)
08193640	147	_ZNK9CChatRoom10GetMembersERSt4listI18TChatRoomMemberInfSaIS1_EE	CChatRoom::GetMembers(std::list<TChatRoomMemberInf,std::allocator<TChatRoomMemberInf>> &)const
081936e0	37	_ZN9CChatRoom13CheckPasswordEPKc	CChatRoom::CheckPassword(char const*)
08193710	11	_ZNK9CChatRoom11GetPasswordEv	CChatRoom::GetPassword(void)const
08193720	37	_ZN9CChatRoom7IsAdminEPKc	CChatRoom::IsAdmin(char const*)
08193750	131	_ZNK9CChatRoom12GetBlackListERSt4listISsSaISsEE	CChatRoom::GetBlackList(std::list<std::string,std::allocator<std::string>> &)const
081937e0	46	_ZN9CChatRoom11SetPasswordEPKc	CChatRoom::SetPassword(char const*)
08193810	46	_ZN9CChatRoom8SetAdminEPKc	CChatRoom::SetAdmin(char const*)
08193840	90	_ZN9CChatRoom14ChangePasswordEPKc	CChatRoom::ChangePassword(char const*)
081938a0	210	_ZN9CChatRoom13LoadBlackListERKSt4listISsSaISsEE	CChatRoom::LoadBlackList(std::list<std::string,std::allocator<std::string>> const&)
08193980	162	_ZN9CChatRoom8IsInRoomEPKc	CChatRoom::IsInRoom(char const*)
08193a30	199	_ZN9CChatRoom4TalkEPKcS1_i	CChatRoom::Talk(char const*,char const*,int)
08193b00	199	_ZN9CChatRoom13LoadBlackListEPKc	CChatRoom::LoadBlackList(char const*)
08193bd0	234	_ZN9CChatRoom12CanEnterRoomEPKcPi	CChatRoom::CanEnterRoom(char const*,int *)
08193cc0	274	_ZN9CChatRoom9UnPreventEPKc	CChatRoom::UnPrevent(char const*)
08193de0	422	_ZN9CChatRoom7PreventEPKcPi	CChatRoom::Prevent(char const*,int *)
08193f90	309	_ZN9CChatRoom7KickOutEPKc	CChatRoom::KickOut(char const*)
081940d0	771	_ZN9CChatRoom9EnterRoomEPK18TChatRoomMemberInfPi	CChatRoom::EnterRoom(TChatRoomMemberInf const*,int *)
081943e0	274	_ZN9CChatRoom9LeaveRoomEPKc	CChatRoom::LeaveRoom(char const*)
08194500	244	_ZN9CChatRoomC1EPKc13CHATROOM_TYPE	CChatRoom::CChatRoom(char const*,CHATROOM_TYPE)
08194600	244	_ZN9CChatRoomC2EPKc13CHATROOM_TYPE	CChatRoom::CChatRoom(char const*,CHATROOM_TYPE)
08194700	452	_ZN9CChatRoomD1Ev	CChatRoom::~CChatRoom()
081948d0	452	_ZN9CChatRoomD2Ev	CChatRoom::~CChatRoom()
08194aa0	155	_ZNSt8_Rb_treeISsSt4pairIKSs18TChatRoomMemberInfESt10_Select1stIS3_ESt4lessISsESaIS3_EE11lower_boundERS1_	std::_Rb_tree<std::string,std::pair<std::string const,TChatRoomMemberInf>,std::_Select1st<std::pair<std::string const,TChatRoomMemberInf>>,std::less<std::string>,std::allocator<std::pair<std::string const,TChatRoomMemberInf>>>::lower_bound(std::string const&)
08194b40	321	_ZNSt8_Rb_treeISsSt4pairIKSs18TChatRoomMemberInfESt10_Select1stIS3_ESt4lessISsESaIS3_EE9_M_insertEPSt18_Rb_tree_node_baseSB_RKS3_	std::_Rb_tree<std::string,std::pair<std::string const,TChatRoomMemberInf>,std::_Select1st<std::pair<std::string const,TChatRoomMemberInf>>,std::less<std::string>,std::allocator<std::pair<std::string const,TChatRoomMemberInf>>>::_M_insert(std::_Rb_tree_node_base *,std::_Rb_tree_node_base *,std::pair<std::string const,TChatRoomMemberInf> const&)
08194c90	455	_ZNSt8_Rb_treeISsSt4pairIKSs18TChatRoomMemberInfESt10_Select1stIS3_ESt4lessISsESaIS3_EE13insert_uniqueERKS3_	std::_Rb_tree<std::string,std::pair<std::string const,TChatRoomMemberInf>,std::_Select1st<std::pair<std::string const,TChatRoomMemberInf>>,std::less<std::string>,std::allocator<std::pair<std::string const,TChatRoomMemberInf>>>::insert_unique(std::pair<std::string const,TChatRoomMemberInf> const&)
08194e60	275	_ZNSt8_Rb_treeISsSt4pairIKSs18TChatRoomMemberInfESt10_Select1stIS3_ESt4lessISsESaIS3_EE4findERS1_	std::_Rb_tree<std::string,std::pair<std::string const,TChatRoomMemberInf>,std::_Select1st<std::pair<std::string const,TChatRoomMemberInf>>,std::less<std::string>,std::allocator<std::pair<std::string const,TChatRoomMemberInf>>>::find(std::string const&)
08194f80	1140	_ZNSt8_Rb_treeISsSt4pairIKSs18TChatRoomMemberInfESt10_Select1stIS3_ESt4lessISsESaIS3_EE13insert_uniqueESt17_Rb_tree_iteratorIS3_ERKS3_	std::_Rb_tree<std::string,std::pair<std::string const,TChatRoomMemberInf>,std::_Select1st<std::pair<std::string const,TChatRoomMemberInf>>,std::less<std::string>,std::allocator<std::pair<std::string const,TChatRoomMemberInf>>>::insert_unique(std::_Rb_tree_iterator<std::pair<std::string const,TChatRoomMemberInf>>,std::pair<std::string const,TChatRoomMemberInf> const&)
08195400	275	_ZNSt8_Rb_treeISsSsSt9_IdentityISsESt4lessISsESaISsEE4findERKSs	std::_Rb_tree<std::string,std::string,std::_Identity<std::string>,std::less<std::string>,std::allocator<std::string>>::find(std::string const&)
08195520	121	_ZNSt8_Rb_treeISsSt4pairIKSs18TChatRoomMemberInfESt10_Select1stIS3_ESt4lessISsESaIS3_EE8_M_eraseEPSt13_Rb_tree_nodeIS3_E	std::_Rb_tree<std::string,std::pair<std::string const,TChatRoomMemberInf>,std::_Select1st<std::pair<std::string const,TChatRoomMemberInf>>,std::less<std::string>,std::allocator<std::pair<std::string const,TChatRoomMemberInf>>>::_M_erase(std::_Rb_tree_node<std::pair<std::string const,TChatRoomMemberInf>> *)
081955a0	10	_ZN18KModuleCfgCenterGS8InstanceEv	KModuleCfgCenterGS::Instance(void)
081955b0	144	_Z41__static_initialization_and_destruction_0ii_63	_Z41__static_initialization_and_destruction_0ii_63
08195640	19	_GLOBAL__I__ZN18KModuleCfgCenterGS10m_InstanceE	`global constructor keyed to'KModuleCfgCenterGS::m_Instance
08195660	109	_ZN18KModuleCfgCenterGS21ReleaseSyncClientDataEv	KModuleCfgCenterGS::ReleaseSyncClientData(void)
081956d0	420	_ZN18KModuleCfgCenterGS20UpdateSyncClientDataEv	KModuleCfgCenterGS::UpdateSyncClientData(void)
08195880	107	_ZN18KModuleCfgCenterGS15SyncCfgToClientEP7IServeri	KModuleCfgCenterGS::SyncCfgToClient(IServer *,int)
081958f0	711	_ZN18KModuleCfgCenterGS22OnModuleCfgFileChangedEPhm	KModuleCfgCenterGS::OnModuleCfgFileChanged(unsigned char *,unsigned long)
08195bc0	400	_ZN18KModuleCfgCenterGS18OnModuleCfgChangedEPhm	KModuleCfgCenterGS::OnModuleCfgChanged(unsigned char *,unsigned long)
08195d50	276	__tcf_0_51	__tcf_0_51
08195e70	181	_ZN18KModuleCfgCenterGS19SyncCfgFileToClientEP7IServeri	KModuleCfgCenterGS::SyncCfgFileToClient(IServer *,int)
08195f30	62	_ZNSt8_Rb_treeImSt4pairIKmN13KModuleConfigI10KTimerToolE11tagKCFGITEMEESt10_Select1stIS6_ESt4lessImESaIS6_EE11lower_boundERS1_	std::_Rb_tree<unsigned long,std::pair<unsigned long const,KModuleConfig<KTimerTool>::tagKCFGITEM>,std::_Select1st<std::pair<unsigned long const,KModuleConfig<KTimerTool>::tagKCFGITEM>>,std::less<unsigned long>,std::allocator<std::pair<unsigned long const,KModuleConfig<KTimerTool>::tagKCFGITEM>>>::lower_bound(unsigned long const&)
08195f70	59	_ZNSt8_Rb_treeImSt4pairIKmN13KModuleConfigI10KTimerToolE11tagKCFGITEMEESt10_Select1stIS6_ESt4lessImESaIS6_EE8_M_eraseEPSt13_Rb_tree_nodeIS6_E	std::_Rb_tree<unsigned long,std::pair<unsigned long const,KModuleConfig<KTimerTool>::tagKCFGITEM>,std::_Select1st<std::pair<unsigned long const,KModuleConfig<KTimerTool>::tagKCFGITEM>>,std::less<unsigned long>,std::allocator<std::pair<unsigned long const,KModuleConfig<KTimerTool>::tagKCFGITEM>>>::_M_erase(std::_Rb_tree_node<std::pair<unsigned long const,KModuleConfig<KTimerTool>::tagKCFGITEM>> *)
08195fb0	42	_ZNSt10_List_baseIN18KModuleCfgCenterGS16_ClientCacheDataESaIS1_EE8_M_clearEv	std::_List_base<KModuleCfgCenterGS::_ClientCacheData,std::allocator<KModuleCfgCenterGS::_ClientCacheData>>::_M_clear(void)
08195fe0	171	_ZNSt8_Rb_treeImSt4pairIKmN13KModuleConfigI10KTimerToolE11tagKCFGITEMEESt10_Select1stIS6_ESt4lessImESaIS6_EE9_M_insertEPSt18_Rb_tree_node_baseSE_RKS6_	std::_Rb_tree<unsigned long,std::pair<unsigned long const,KModuleConfig<KTimerTool>::tagKCFGITEM>,std::_Select1st<std::pair<unsigned long const,KModuleConfig<KTimerTool>::tagKCFGITEM>>,std::less<unsigned long>,std::allocator<std::pair<unsigned long const,KModuleConfig<KTimerTool>::tagKCFGITEM>>>::_M_insert(std::_Rb_tree_node_base *,std::_Rb_tree_node_base *,std::pair<unsigned long const,KModuleConfig<KTimerTool>::tagKCFGITEM> const&)
08196090	236	_ZNSt8_Rb_treeImSt4pairIKmN13KModuleConfigI10KTimerToolE11tagKCFGITEMEESt10_Select1stIS6_ESt4lessImESaIS6_EE13insert_uniqueERKS6_	std::_Rb_tree<unsigned long,std::pair<unsigned long const,KModuleConfig<KTimerTool>::tagKCFGITEM>,std::_Select1st<std::pair<unsigned long const,KModuleConfig<KTimerTool>::tagKCFGITEM>>,std::less<unsigned long>,std::allocator<std::pair<unsigned long const,KModuleConfig<KTimerTool>::tagKCFGITEM>>>::insert_unique(std::pair<unsigned long const,KModuleConfig<KTimerTool>::tagKCFGITEM> const&)
08196180	593	_ZNSt8_Rb_treeImSt4pairIKmN13KModuleConfigI10KTimerToolE11tagKCFGITEMEESt10_Select1stIS6_ESt4lessImESaIS6_EE13insert_uniqueESt17_Rb_tree_iteratorIS6_ERKS6_	std::_Rb_tree<unsigned long,std::pair<unsigned long const,KModuleConfig<KTimerTool>::tagKCFGITEM>,std::_Select1st<std::pair<unsigned long const,KModuleConfig<KTimerTool>::tagKCFGITEM>>,std::less<unsigned long>,std::allocator<std::pair<unsigned long const,KModuleConfig<KTimerTool>::tagKCFGITEM>>>::insert_unique(std::_Rb_tree_iterator<std::pair<unsigned long const,KModuleConfig<KTimerTool>::tagKCFGITEM>>,std::pair<unsigned long const,KModuleConfig<KTimerTool>::tagKCFGITEM> const&)
081963e0	539	_ZN15KSyncFileHelper22MakeDataFromFileExtendEPKcS1_PhRm	KSyncFileHelper::MakeDataFromFileExtend(char const*,char const*,unsigned char *,unsigned long &)
08196600	10	_ZN17KFileSyncCenterGS8InstanceEv	KFileSyncCenterGS::Instance(void)
08196610	104	_Z41__static_initialization_and_destruction_0ii_64	_Z41__static_initialization_and_destruction_0ii_64
08196680	16	_GLOBAL__I__ZN17KFileSyncCenterGS10m_InstanceE	`global constructor keyed to'KFileSyncCenterGS::m_Instance
08196690	151	_ZN17KFileSyncCenterGS11ReleaseDataEv	KFileSyncCenterGS::ReleaseData(void)
08196730	81	__tcf_0_52	__tcf_0_52
08196790	584	_ZN15KFileSyncToolGS17SyncFilesToClientEP7IServeri	KFileSyncToolGS::SyncFilesToClient(IServer *,int)
081969e0	770	_ZN15KFileSyncToolGS11OnSyncFilesEPhm	KFileSyncToolGS::OnSyncFiles(unsigned char *,unsigned long)
08196cf0	233	_ZN17KFileSyncCenterGS11OnSyncFilesEmiPhm	KFileSyncCenterGS::OnSyncFiles(unsigned long,int,unsigned char *,unsigned long)
08196de0	62	_ZNSt8_Rb_treeImSt4pairIKmP15KFileSyncToolGSESt10_Select1stIS4_ESt4lessImESaIS4_EE11lower_boundERS1_	std::_Rb_tree<unsigned long,std::pair<unsigned long const,KFileSyncToolGS *>,std::_Select1st<std::pair<unsigned long const,KFileSyncToolGS *>>,std::less<unsigned long>,std::allocator<std::pair<unsigned long const,KFileSyncToolGS *>>>::lower_bound(unsigned long const&)
08196e20	59	_ZNSt8_Rb_treeImSt4pairIKmP15KFileSyncToolGSESt10_Select1stIS4_ESt4lessImESaIS4_EE8_M_eraseEPSt13_Rb_tree_nodeIS4_E	std::_Rb_tree<unsigned long,std::pair<unsigned long const,KFileSyncToolGS *>,std::_Select1st<std::pair<unsigned long const,KFileSyncToolGS *>>,std::less<unsigned long>,std::allocator<std::pair<unsigned long const,KFileSyncToolGS *>>>::_M_erase(std::_Rb_tree_node<std::pair<unsigned long const,KFileSyncToolGS *>> *)
08196e60	152	_ZNSt8_Rb_treeImSt4pairIKmP15KFileSyncToolGSESt10_Select1stIS4_ESt4lessImESaIS4_EE9_M_insertEPSt18_Rb_tree_node_baseSC_RKS4_	std::_Rb_tree<unsigned long,std::pair<unsigned long const,KFileSyncToolGS *>,std::_Select1st<std::pair<unsigned long const,KFileSyncToolGS *>>,std::less<unsigned long>,std::allocator<std::pair<unsigned long const,KFileSyncToolGS *>>>::_M_insert(std::_Rb_tree_node_base *,std::_Rb_tree_node_base *,std::pair<unsigned long const,KFileSyncToolGS *> const&)
08196f00	236	_ZNSt8_Rb_treeImSt4pairIKmP15KFileSyncToolGSESt10_Select1stIS4_ESt4lessImESaIS4_EE13insert_uniqueERKS4_	std::_Rb_tree<unsigned long,std::pair<unsigned long const,KFileSyncToolGS *>,std::_Select1st<std::pair<unsigned long const,KFileSyncToolGS *>>,std::less<unsigned long>,std::allocator<std::pair<unsigned long const,KFileSyncToolGS *>>>::insert_unique(std::pair<unsigned long const,KFileSyncToolGS *> const&)
08196ff0	593	_ZNSt8_Rb_treeImSt4pairIKmP15KFileSyncToolGSESt10_Select1stIS4_ESt4lessImESaIS4_EE13insert_uniqueESt17_Rb_tree_iteratorIS4_ERKS4_	std::_Rb_tree<unsigned long,std::pair<unsigned long const,KFileSyncToolGS *>,std::_Select1st<std::pair<unsigned long const,KFileSyncToolGS *>>,std::less<unsigned long>,std::allocator<std::pair<unsigned long const,KFileSyncToolGS *>>>::insert_unique(std::_Rb_tree_iterator<std::pair<unsigned long const,KFileSyncToolGS *>>,std::pair<unsigned long const,KFileSyncToolGS *> const&)
08197250	24434	_Z19g_InitStrTable_corePKc	g_InitStrTable_core(char const*)
0819d1d0	303	__tcf_0_53	__tcf_0_53
0819d300	274	_ZN15KResStringTable9GetStringEPKc	KResStringTable::GetString(char const*)
0819d420	61	_ZN14KSkillAutoCastC2Ev	KSkillAutoCast::KSkillAutoCast(void)
0819d460	61	_ZN14KSkillAutoCastC1Ev	KSkillAutoCast::KSkillAutoCast(void)
0819d4a0	873	_ZN14KSkillAutoCast8AutoCastEi	KSkillAutoCast::AutoCast(int)
0819d810	78	_ZN14KSkillAutoCast4InitEP4KNpcPKc	KSkillAutoCast::Init(KNpc *,char const*)
0819d860	43	_ZN14KSkillAutoCastD2Ev	KSkillAutoCast::~KSkillAutoCast()
0819d890	43	_ZN14KSkillAutoCastD1Ev	KSkillAutoCast::~KSkillAutoCast()
0819d8c0	55	_ZN14KSkillAutoCastD0Ev	KSkillAutoCast::~KSkillAutoCast()
0819d900	834	_ZN14KSkillAutoCast8AddSkillEiii	KSkillAutoCast::AddSkill(int,int,int)
0819dc50	124	_ZN17KOneAutoCastSkill15GetNextCastTimeEi	KOneAutoCastSkill::GetNextCastTime(int)
0819dcd0	73	_ZN14KSkillAutoCast15GetNextCastTimeEii	KSkillAutoCast::GetNextCastTime(int,int)
0819dd20	87	_ZNSt8_Rb_treeIiSt4pairIKi17KOneAutoCastSkillESt10_Select1stIS3_ESt4lessIiESaIS3_EE4findERS1_	std::_Rb_tree<int,std::pair<int const,KOneAutoCastSkill>,std::_Select1st<std::pair<int const,KOneAutoCastSkill>>,std::less<int>,std::allocator<std::pair<int const,KOneAutoCastSkill>>>::find(int const&)
0819dd80	62	_ZNSt8_Rb_treeIiSt4pairIKi17KOneAutoCastSkillESt10_Select1stIS3_ESt4lessIiESaIS3_EE11lower_boundERS1_	std::_Rb_tree<int,std::pair<int const,KOneAutoCastSkill>,std::_Select1st<std::pair<int const,KOneAutoCastSkill>>,std::less<int>,std::allocator<std::pair<int const,KOneAutoCastSkill>>>::lower_bound(int const&)
0819ddc0	285	_ZNSt8_Rb_treeIiSt4pairIKimESt10_Select1stIS2_ESt4lessIiESaIS2_EE7_M_copyEPKSt13_Rb_tree_nodeIS2_EPSA_	std::_Rb_tree<int,std::pair<int const,unsigned long>,std::_Select1st<std::pair<int const,unsigned long>>,std::less<int>,std::allocator<std::pair<int const,unsigned long>>>::_M_copy(std::_Rb_tree_node<std::pair<int const,unsigned long>> const*,std::_Rb_tree_node<std::pair<int const,unsigned long>>*)
0819dee0	130	_ZNSt8_Rb_treeIiSt4pairIKimESt10_Select1stIS2_ESt4lessIiESaIS2_EEaSERKS8_	std::_Rb_tree<int,std::pair<int const,unsigned long>,std::_Select1st<std::pair<int const,unsigned long>>,std::less<int>,std::allocator<std::pair<int const,unsigned long>>>::operator=(std::_Rb_tree<int,std::pair<int const,unsigned long>,std::_Select1st<std::pair<int const,unsigned long>>,std::less<int>,std::allocator<std::pair<int const,unsigned long>>> const&)
0819df70	314	_ZNSt8_Rb_treeIiSt4pairIKi17KOneAutoCastSkillESt10_Select1stIS3_ESt4lessIiESaIS3_EE9_M_insertEPSt18_Rb_tree_node_baseSB_RKS3_	std::_Rb_tree<int,std::pair<int const,KOneAutoCastSkill>,std::_Select1st<std::pair<int const,KOneAutoCastSkill>>,std::less<int>,std::allocator<std::pair<int const,KOneAutoCastSkill>>>::_M_insert(std::_Rb_tree_node_base *,std::_Rb_tree_node_base *,std::pair<int const,KOneAutoCastSkill> const&)
0819e0b0	236	_ZNSt8_Rb_treeIiSt4pairIKi17KOneAutoCastSkillESt10_Select1stIS3_ESt4lessIiESaIS3_EE13insert_uniqueERKS3_	std::_Rb_tree<int,std::pair<int const,KOneAutoCastSkill>,std::_Select1st<std::pair<int const,KOneAutoCastSkill>>,std::less<int>,std::allocator<std::pair<int const,KOneAutoCastSkill>>>::insert_unique(std::pair<int const,KOneAutoCastSkill> const&)
0819e1a0	593	_ZNSt8_Rb_treeIiSt4pairIKi17KOneAutoCastSkillESt10_Select1stIS3_ESt4lessIiESaIS3_EE13insert_uniqueESt17_Rb_tree_iteratorIS3_ERKS3_	std::_Rb_tree<int,std::pair<int const,KOneAutoCastSkill>,std::_Select1st<std::pair<int const,KOneAutoCastSkill>>,std::less<int>,std::allocator<std::pair<int const,KOneAutoCastSkill>>>::insert_unique(std::_Rb_tree_iterator<std::pair<int const,KOneAutoCastSkill>>,std::pair<int const,KOneAutoCastSkill> const&)
0819e400	84	_Z41__static_initialization_and_destruction_0ii_65	_Z41__static_initialization_and_destruction_0ii_65
0819e460	16	_GLOBAL__I_g_IBItemHelper	`global constructor keyed to'g_IBItemHelper
0819e470	16	__tcf_0_54	__tcf_0_54
0819e480	133	_ZN16KSG_IBItemHelper8WriteLogEPKcS1_S1_S1_S1_iix	KSG_IBItemHelper::WriteLog(char const*,char const*,char const*,char const*,char const*,int,int,long long)
0819e510	51	_ZN16KSG_IBItemHelper4InitEv	KSG_IBItemHelper::Init(void)
0819e550	481	_ZN16KSG_IBItemHelper8ApplyBuyEiP6KGoodsi	KSG_IBItemHelper::ApplyBuy(int,KGoods *,int)
0819e740	224	_ZN16KSG_IBItemHelper8OnUseRetEP20tagKIB_ItemUseResult	KSG_IBItemHelper::OnUseRet(tagKIB_ItemUseResult *)
0819e820	940	_ZN16KSG_IBItemHelper8OnBuyRetEP20tagKIB_ItemBuyResult	KSG_IBItemHelper::OnBuyRet(tagKIB_ItemBuyResult *)
0819ebd0	373	_ZN16KSG_IBItemHelper13OnItemConsumeEiP5KItem	KSG_IBItemHelper::OnItemConsume(int,KItem *)
0819ed50	46	_ZN16KSG_IBItemHelper12OnItemRemoveEP5KItemii	KSG_IBItemHelper::OnItemRemove(KItem *,int,int)
0819ed80	10	_Z17GetTongFuncsCountv	GetTongFuncsCount(void)
0819ed90	55	_Z15_gGetExecutorIDP9lua_StateRm	_gGetExecutorID(lua_State *,unsigned long &)
0819edd0	46	_Z20LuaTONG_GetTongCountP9lua_State	LuaTONG_GetTongCount(lua_State *)
0819ee00	273	_Z25LuaTWS_ApplyAddUTaskValueP9lua_State	LuaTWS_ApplyAddUTaskValue(lua_State *)
0819ef20	232	_Z23LuaTWS_ApplySetUseLevelP9lua_State	LuaTWS_ApplySetUseLevel(lua_State *)
0819f010	281	_Z26LuaTWS_ApplySetUseLevelSetP9lua_State	LuaTWS_ApplySetUseLevelSet(lua_State *)
0819f130	250	_Z26LuaTONG_ApplySetTongMapBanP9lua_State	LuaTONG_ApplySetTongMapBan(lua_State *)
0819f230	88	_Z16LuaTONG_WriteLogP9lua_State	LuaTONG_WriteLog(lua_State *)
0819f290	123	_Z15LuaTONG_Name2IDP9lua_State	LuaTONG_Name2ID(lua_State *)
0819f310	326	_Z20_ParseWorkshopParam2P9lua_StateRmS1_S1_S1_R19TTongCallbackScript	_ParseWorkshopParam2(lua_State *,unsigned long &,unsigned long &,unsigned long &,unsigned long &,TTongCallbackScript &)
0819f460	264	_Z19_ParseWorkshopParamP9lua_StateRmS1_S1_R19TTongCallbackScript	_ParseWorkshopParam(lua_State *,unsigned long &,unsigned long &,unsigned long &,TTongCallbackScript &)
0819f570	199	_Z20LuaTWS_ApplyMaintainP9lua_State	LuaTWS_ApplyMaintain(lua_State *)
0819f640	207	_Z15LuaTWS_ApplyAddP9lua_State	LuaTWS_ApplyAdd(lua_State *)
0819f710	199	_Z16LuaTWS_ApplyOpenP9lua_State	LuaTWS_ApplyOpen(lua_State *)
0819f7e0	199	_Z18LuaTWS_ApplyRemoveP9lua_State	LuaTWS_ApplyRemove(lua_State *)
0819f8b0	212	_Z15LuaTWS_ApplyUseP9lua_State	LuaTWS_ApplyUse(lua_State *)
0819f990	199	_Z17LuaTWS_ApplyCloseP9lua_State	LuaTWS_ApplyClose(lua_State *)
0819fa60	196	_Z19LuaTONG_GetNextTongP9lua_State	LuaTONG_GetNextTong(lua_State *)
0819fb30	60	_Z20LuaTONG_GetFirstTongP9lua_State	LuaTONG_GetFirstTong(lua_State *)
0819fb70	273	_Z24LuaTWS_ApplySetTaskValueP9lua_State	LuaTWS_ApplySetTaskValue(lua_State *)
0819fc90	273	_Z24LuaTWS_ApplyAddTaskValueP9lua_State	LuaTWS_ApplyAddTaskValue(lua_State *)
0819fdb0	235	_Z25LuaTONG_ApplySetTaskValueP9lua_State	LuaTONG_ApplySetTaskValue(lua_State *)
0819fea0	235	_Z26LuaTONG_ApplyAddUTaskValueP9lua_State	LuaTONG_ApplyAddUTaskValue(lua_State *)
0819ff90	426	_Z31LuaTONG_DistributeOfferToMemberP9lua_State	LuaTONG_DistributeOfferToMember(lua_State *)
081a0140	438	_Z23LuaTONG_ContributeOfferP9lua_State	LuaTONG_ContributeOffer(lua_State *)
081a0300	235	_Z25LuaTONG_ApplyAddTaskValueP9lua_State	LuaTONG_ApplyAddTaskValue(lua_State *)
081a03f0	540	_Z30LuaTONG_DistributeOfferToGroupP9lua_State	LuaTONG_DistributeOfferToGroup(lua_State *)
081a0610	159	_Z13_gGetTongDataP9lua_Stateii	_gGetTongData(lua_State *,int,int)
081a06b0	465	_Z22LuaTWS_GetNextWorkshopP9lua_State	LuaTWS_GetNextWorkshop(lua_State *)
081a0890	234	_Z23LuaTWS_GetFirstWorkshopP9lua_State	LuaTWS_GetFirstWorkshop(lua_State *)
081a0980	189	_Z23LuaTWS_GetWorkshopCountP9lua_State	LuaTWS_GetWorkshopCount(lua_State *)
081a0a40	234	_Z24LuaTONGM_ApplyAddOfferExP9lua_State	LuaTONGM_ApplyAddOfferEx(lua_State *)
081a0b30	242	_Z21LuaTONG_ApplySetStuntP9lua_State	LuaTONG_ApplySetStunt(lua_State *)
081a0c30	115	_Z15LuaTONG_IsExistP9lua_State	LuaTONG_IsExist(lua_State *)
081a0cb0	189	_Z29LuaTONG_ApplyAddHistoryRecordP9lua_State	LuaTONG_ApplyAddHistoryRecord(lua_State *)
081a0d70	189	_Z27LuaTONG_ApplyAddEventRecordP9lua_State	LuaTONG_ApplyAddEventRecord(lua_State *)
081a0e30	218	_Z28LuaTONG_ApplySetAnnouncementP9lua_State	LuaTONG_ApplySetAnnouncement(lua_State *)
081a0f10	263	_Z27LuaTONG_ChangeMemberFearureP9lua_State	LuaTONG_ChangeMemberFearure(lua_State *)
081a1020	120	_Z22LuaTONG_ApplyDeleteMapP9lua_State	LuaTONG_ApplyDeleteMap(lua_State *)
081a10a0	202	_Z23LuaTONG_ApplySetTongMapP9lua_State	LuaTONG_ApplySetTongMap(lua_State *)
081a1170	202	_Z22LuaTONG_ApplyCreateMapP9lua_State	LuaTONG_ApplyCreateMap(lua_State *)
081a1240	191	_Z25LuaTONG_ApplyDeleteMemberP9lua_State	LuaTONG_ApplyDeleteMember(lua_State *)
081a1300	150	_Z19LuaTONG_GetTaskTempP9lua_State	LuaTONG_GetTaskTemp(lua_State *)
081a13a0	188	_Z19LuaTONG_AddTaskTempP9lua_State	LuaTONG_AddTaskTemp(lua_State *)
081a1460	188	_Z19LuaTONG_SetTaskTempP9lua_State	LuaTONG_SetTaskTemp(lua_State *)
081a1520	202	_Z22LuaTONG_GetOnlineCountP9lua_State	LuaTONG_GetOnlineCount(lua_State *)
081a15f0	202	_Z22LuaTONG_GetMemberCountP9lua_State	LuaTONG_GetMemberCount(lua_State *)
081a16c0	117	_Z27LuaTONG_ApplyWeeklyMaintainP9lua_State	LuaTONG_ApplyWeeklyMaintain(lua_State *)
081a1740	117	_Z21LuaTONG_ApplyMaintainP9lua_State	LuaTONG_ApplyMaintain(lua_State *)
081a17c0	117	_Z17LuaTONG_ApplyInitP9lua_State	LuaTONG_ApplyInit(lua_State *)
081a1840	181	_Z21LuaTONG_ApplyAddMoneyP9lua_State	LuaTONG_ApplyAddMoney(lua_State *)
081a1900	167	_Z21LuaTONG_ApplySetMoneyP9lua_State	LuaTONG_ApplySetMoney(lua_State *)
081a19b0	203	_Z29LuaTONG_ApplyAddUPerStandFundP9lua_State	LuaTONG_ApplyAddUPerStandFund(lua_State *)
081a1a80	203	_Z28LuaTONG_ApplyAddPerStandFundP9lua_State	LuaTONG_ApplyAddPerStandFund(lua_State *)
081a1b50	203	_Z28LuaTONG_ApplySetPerStandFundP9lua_State	LuaTONG_ApplySetPerStandFund(lua_State *)
081a1c20	203	_Z31LuaTONG_ApplyAddUTotalBuildFundP9lua_State	LuaTONG_ApplyAddUTotalBuildFund(lua_State *)
081a1cf0	203	_Z30LuaTONG_ApplyAddTotalBuildFundP9lua_State	LuaTONG_ApplyAddTotalBuildFund(lua_State *)
081a1dc0	203	_Z30LuaTONG_ApplySetTotalBuildFundP9lua_State	LuaTONG_ApplySetTotalBuildFund(lua_State *)
081a1e90	203	_Z31LuaTONG_ApplyAddUWeekBuildUpperP9lua_State	LuaTONG_ApplyAddUWeekBuildUpper(lua_State *)
081a1f60	203	_Z30LuaTONG_ApplyAddWeekBuildUpperP9lua_State	LuaTONG_ApplyAddWeekBuildUpper(lua_State *)
081a2030	203	_Z30LuaTONG_ApplySetWeekBuildUpperP9lua_State	LuaTONG_ApplySetWeekBuildUpper(lua_State *)
081a2100	203	_Z30LuaTONG_ApplyAddUWeekBuildFundP9lua_State	LuaTONG_ApplyAddUWeekBuildFund(lua_State *)
081a21d0	203	_Z29LuaTONG_ApplyAddWeekBuildFundP9lua_State	LuaTONG_ApplyAddWeekBuildFund(lua_State *)
081a22a0	203	_Z29LuaTONG_ApplySetWeekBuildFundP9lua_State	LuaTONG_ApplySetWeekBuildFund(lua_State *)
081a2370	203	_Z33LuaTONG_ApplyAddUCurWeekGoalLevelP9lua_State	LuaTONG_ApplyAddUCurWeekGoalLevel(lua_State *)
081a2440	203	_Z32LuaTONG_ApplyAddCurWeekGoalLevelP9lua_State	LuaTONG_ApplyAddCurWeekGoalLevel(lua_State *)
081a2510	203	_Z32LuaTONG_ApplySetCurWeekGoalLevelP9lua_State	LuaTONG_ApplySetCurWeekGoalLevel(lua_State *)
081a25e0	203	_Z37LuaTONG_ApplyAddULWeekGoalPricePlayerP9lua_State	LuaTONG_ApplyAddULWeekGoalPricePlayer(lua_State *)
081a26b0	203	_Z36LuaTONG_ApplyAddLWeekGoalPricePlayerP9lua_State	LuaTONG_ApplyAddLWeekGoalPricePlayer(lua_State *)
081a2780	203	_Z36LuaTONG_ApplySetLWeekGoalPricePlayerP9lua_State	LuaTONG_ApplySetLWeekGoalPricePlayer(lua_State *)
081a2850	203	_Z35LuaTONG_ApplyAddULWeekGoalPriceTongP9lua_State	LuaTONG_ApplyAddULWeekGoalPriceTong(lua_State *)
081a2920	203	_Z34LuaTONG_ApplyAddLWeekGoalPriceTongP9lua_State	LuaTONG_ApplyAddLWeekGoalPriceTong(lua_State *)
081a29f0	203	_Z34LuaTONG_ApplySetLWeekGoalPriceTongP9lua_State	LuaTONG_ApplySetLWeekGoalPriceTong(lua_State *)
081a2ac0	203	_Z31LuaTONG_ApplyAddULWeekGoalValueP9lua_State	LuaTONG_ApplyAddULWeekGoalValue(lua_State *)
081a2b90	203	_Z30LuaTONG_ApplyAddLWeekGoalValueP9lua_State	LuaTONG_ApplyAddLWeekGoalValue(lua_State *)
081a2c60	203	_Z30LuaTONG_ApplySetLWeekGoalValueP9lua_State	LuaTONG_ApplySetLWeekGoalValue(lua_State *)
081a2d30	203	_Z32LuaTONG_ApplyAddULWeekGoalPlayerP9lua_State	LuaTONG_ApplyAddULWeekGoalPlayer(lua_State *)
081a2e00	203	_Z31LuaTONG_ApplyAddLWeekGoalPlayerP9lua_State	LuaTONG_ApplyAddLWeekGoalPlayer(lua_State *)
081a2ed0	203	_Z31LuaTONG_ApplySetLWeekGoalPlayerP9lua_State	LuaTONG_ApplySetLWeekGoalPlayer(lua_State *)
081a2fa0	203	_Z31LuaTONG_ApplyAddULWeekGoalTotalP9lua_State	LuaTONG_ApplyAddULWeekGoalTotal(lua_State *)
081a3070	203	_Z30LuaTONG_ApplyAddLWeekGoalTotalP9lua_State	LuaTONG_ApplyAddLWeekGoalTotal(lua_State *)
081a3140	203	_Z30LuaTONG_ApplySetLWeekGoalTotalP9lua_State	LuaTONG_ApplySetLWeekGoalTotal(lua_State *)
081a3210	203	_Z31LuaTONG_ApplyAddULWeekGoalLevelP9lua_State	LuaTONG_ApplyAddULWeekGoalLevel(lua_State *)
081a32e0	203	_Z30LuaTONG_ApplyAddLWeekGoalLevelP9lua_State	LuaTONG_ApplyAddLWeekGoalLevel(lua_State *)
081a33b0	203	_Z30LuaTONG_ApplySetLWeekGoalLevelP9lua_State	LuaTONG_ApplySetLWeekGoalLevel(lua_State *)
081a3480	203	_Z31LuaTONG_ApplyAddULWeekGoalEventP9lua_State	LuaTONG_ApplyAddULWeekGoalEvent(lua_State *)
081a3550	203	_Z30LuaTONG_ApplyAddLWeekGoalEventP9lua_State	LuaTONG_ApplyAddLWeekGoalEvent(lua_State *)
081a3620	203	_Z30LuaTONG_ApplySetLWeekGoalEventP9lua_State	LuaTONG_ApplySetLWeekGoalEvent(lua_State *)
081a36f0	203	_Z36LuaTONG_ApplyAddUWeekGoalPricePlayerP9lua_State	LuaTONG_ApplyAddUWeekGoalPricePlayer(lua_State *)
081a37c0	203	_Z35LuaTONG_ApplyAddWeekGoalPricePlayerP9lua_State	LuaTONG_ApplyAddWeekGoalPricePlayer(lua_State *)
081a3890	203	_Z35LuaTONG_ApplySetWeekGoalPricePlayerP9lua_State	LuaTONG_ApplySetWeekGoalPricePlayer(lua_State *)
081a3960	203	_Z34LuaTONG_ApplyAddUWeekGoalPriceTongP9lua_State	LuaTONG_ApplyAddUWeekGoalPriceTong(lua_State *)
081a3a30	203	_Z33LuaTONG_ApplyAddWeekGoalPriceTongP9lua_State	LuaTONG_ApplyAddWeekGoalPriceTong(lua_State *)
081a3b00	203	_Z33LuaTONG_ApplySetWeekGoalPriceTongP9lua_State	LuaTONG_ApplySetWeekGoalPriceTong(lua_State *)
081a3bd0	203	_Z30LuaTONG_ApplyAddUWeekGoalValueP9lua_State	LuaTONG_ApplyAddUWeekGoalValue(lua_State *)
081a3ca0	203	_Z29LuaTONG_ApplyAddWeekGoalValueP9lua_State	LuaTONG_ApplyAddWeekGoalValue(lua_State *)
081a3d70	203	_Z29LuaTONG_ApplySetWeekGoalValueP9lua_State	LuaTONG_ApplySetWeekGoalValue(lua_State *)
081a3e40	203	_Z31LuaTONG_ApplyAddUWeekGoalPlayerP9lua_State	LuaTONG_ApplyAddUWeekGoalPlayer(lua_State *)
081a3f10	203	_Z30LuaTONG_ApplyAddWeekGoalPlayerP9lua_State	LuaTONG_ApplyAddWeekGoalPlayer(lua_State *)
081a3fe0	203	_Z30LuaTONG_ApplySetWeekGoalPlayerP9lua_State	LuaTONG_ApplySetWeekGoalPlayer(lua_State *)
081a40b0	203	_Z30LuaTONG_ApplyAddUWeekGoalTotalP9lua_State	LuaTONG_ApplyAddUWeekGoalTotal(lua_State *)
081a4180	203	_Z29LuaTONG_ApplyAddWeekGoalTotalP9lua_State	LuaTONG_ApplyAddWeekGoalTotal(lua_State *)
081a4250	203	_Z29LuaTONG_ApplySetWeekGoalTotalP9lua_State	LuaTONG_ApplySetWeekGoalTotal(lua_State *)
081a4320	203	_Z30LuaTONG_ApplyAddUWeekGoalLevelP9lua_State	LuaTONG_ApplyAddUWeekGoalLevel(lua_State *)
081a43f0	203	_Z29LuaTONG_ApplyAddWeekGoalLevelP9lua_State	LuaTONG_ApplyAddWeekGoalLevel(lua_State *)
081a44c0	203	_Z29LuaTONG_ApplySetWeekGoalLevelP9lua_State	LuaTONG_ApplySetWeekGoalLevel(lua_State *)
081a4590	203	_Z30LuaTONG_ApplyAddUWeekGoalEventP9lua_State	LuaTONG_ApplyAddUWeekGoalEvent(lua_State *)
081a4660	203	_Z29LuaTONG_ApplyAddWeekGoalEventP9lua_State	LuaTONG_ApplyAddWeekGoalEvent(lua_State *)
081a4730	203	_Z29LuaTONG_ApplySetWeekGoalEventP9lua_State	LuaTONG_ApplySetWeekGoalEvent(lua_State *)
081a4800	203	_Z21LuaTONG_ApplyAddUWeekP9lua_State	LuaTONG_ApplyAddUWeek(lua_State *)
081a48d0	203	_Z20LuaTONG_ApplyAddWeekP9lua_State	LuaTONG_ApplyAddWeek(lua_State *)
081a49a0	203	_Z20LuaTONG_ApplySetWeekP9lua_State	LuaTONG_ApplySetWeek(lua_State *)
081a4a70	203	_Z20LuaTONG_ApplyAddUDayP9lua_State	LuaTONG_ApplyAddUDay(lua_State *)
081a4b40	203	_Z19LuaTONG_ApplyAddDayP9lua_State	LuaTONG_ApplyAddDay(lua_State *)
081a4c10	203	_Z19LuaTONG_ApplySetDayP9lua_State	LuaTONG_ApplySetDay(lua_State *)
081a4ce0	203	_Z32LuaTONG_ApplyAddUStoredBuildFundP9lua_State	LuaTONG_ApplyAddUStoredBuildFund(lua_State *)
081a4db0	203	_Z31LuaTONG_ApplyAddStoredBuildFundP9lua_State	LuaTONG_ApplyAddStoredBuildFund(lua_State *)
081a4e80	203	_Z31LuaTONG_ApplySetStoredBuildFundP9lua_State	LuaTONG_ApplySetStoredBuildFund(lua_State *)
081a4f50	203	_Z29LuaTONG_ApplyAddUMaintainFundP9lua_State	LuaTONG_ApplyAddUMaintainFund(lua_State *)
081a5020	203	_Z28LuaTONG_ApplyAddMaintainFundP9lua_State	LuaTONG_ApplyAddMaintainFund(lua_State *)
081a50f0	203	_Z28LuaTONG_ApplySetMaintainFundP9lua_State	LuaTONG_ApplySetMaintainFund(lua_State *)
081a51c0	203	_Z28LuaTONG_ApplyAddUStoredOfferP9lua_State	LuaTONG_ApplyAddUStoredOffer(lua_State *)
081a5290	203	_Z27LuaTONG_ApplyAddStoredOfferP9lua_State	LuaTONG_ApplyAddStoredOffer(lua_State *)
081a5360	203	_Z27LuaTONG_ApplySetStoredOfferP9lua_State	LuaTONG_ApplySetStoredOffer(lua_State *)
081a5430	203	_Z27LuaTONG_ApplyAddUPauseStateP9lua_State	LuaTONG_ApplyAddUPauseState(lua_State *)
081a5500	203	_Z26LuaTONG_ApplyAddPauseStateP9lua_State	LuaTONG_ApplyAddPauseState(lua_State *)
081a55d0	203	_Z26LuaTONG_ApplySetPauseStateP9lua_State	LuaTONG_ApplySetPauseState(lua_State *)
081a56a0	203	_Z29LuaTONG_ApplyAddUWarBuildFundP9lua_State	LuaTONG_ApplyAddUWarBuildFund(lua_State *)
081a5770	203	_Z28LuaTONG_ApplyAddWarBuildFundP9lua_State	LuaTONG_ApplyAddWarBuildFund(lua_State *)
081a5840	203	_Z28LuaTONG_ApplySetWarBuildFundP9lua_State	LuaTONG_ApplySetWarBuildFund(lua_State *)
081a5910	203	_Z24LuaTONG_ApplyAddUPremiumP9lua_State	LuaTONG_ApplyAddUPremium(lua_State *)
081a59e0	203	_Z23LuaTONG_ApplyAddPremiumP9lua_State	LuaTONG_ApplyAddPremium(lua_State *)
081a5ab0	203	_Z23LuaTONG_ApplySetPremiumP9lua_State	LuaTONG_ApplySetPremium(lua_State *)
081a5b80	203	_Z27LuaTONG_ApplyAddUBuildLevelP9lua_State	LuaTONG_ApplyAddUBuildLevel(lua_State *)
081a5c50	203	_Z26LuaTONG_ApplyAddBuildLevelP9lua_State	LuaTONG_ApplyAddBuildLevel(lua_State *)
081a5d20	203	_Z26LuaTONG_ApplySetBuildLevelP9lua_State	LuaTONG_ApplySetBuildLevel(lua_State *)
081a5df0	203	_Z26LuaTONG_ApplyAddUBuildFundP9lua_State	LuaTONG_ApplyAddUBuildFund(lua_State *)
081a5ec0	203	_Z25LuaTONG_ApplyAddBuildFundP9lua_State	LuaTONG_ApplyAddBuildFund(lua_State *)
081a5f90	203	_Z25LuaTONG_ApplySetBuildFundP9lua_State	LuaTONG_ApplySetBuildFund(lua_State *)
081a6060	203	_Z30LuaTONG_ApplyAddUOccupyCityDayP9lua_State	LuaTONG_ApplyAddUOccupyCityDay(lua_State *)
081a6130	203	_Z29LuaTONG_ApplyAddOccupyCityDayP9lua_State	LuaTONG_ApplyAddOccupyCityDay(lua_State *)
081a6200	203	_Z29LuaTONG_ApplySetOccupyCityDayP9lua_State	LuaTONG_ApplySetOccupyCityDay(lua_State *)
081a62d0	203	_Z20LuaTONG_ApplyAddUExpP9lua_State	LuaTONG_ApplyAddUExp(lua_State *)
081a63a0	203	_Z19LuaTONG_ApplyAddExpP9lua_State	LuaTONG_ApplyAddExp(lua_State *)
081a6470	203	_Z19LuaTONG_ApplySetExpP9lua_State	LuaTONG_ApplySetExp(lua_State *)
081a6540	203	_Z23LuaTONG_ApplyAddUCreditP9lua_State	LuaTONG_ApplyAddUCredit(lua_State *)
081a6610	203	_Z22LuaTONG_ApplyAddCreditP9lua_State	LuaTONG_ApplyAddCredit(lua_State *)
081a66e0	203	_Z22LuaTONG_ApplySetCreditP9lua_State	LuaTONG_ApplySetCredit(lua_State *)
081a67b0	203	_Z24LuaTONG_ApplyAddUCurCampP9lua_State	LuaTONG_ApplyAddUCurCamp(lua_State *)
081a6880	203	_Z23LuaTONG_ApplyAddCurCampP9lua_State	LuaTONG_ApplyAddCurCamp(lua_State *)
081a6950	203	_Z23LuaTONG_ApplySetCurCampP9lua_State	LuaTONG_ApplySetCurCamp(lua_State *)
081a6a20	203	_Z25LuaTONG_ApplyAddUSelfCampP9lua_State	LuaTONG_ApplyAddUSelfCamp(lua_State *)
081a6af0	203	_Z24LuaTONG_ApplyAddSelfCampP9lua_State	LuaTONG_ApplyAddSelfCamp(lua_State *)
081a6bc0	203	_Z24LuaTONG_ApplySetSelfCampP9lua_State	LuaTONG_ApplySetSelfCamp(lua_State *)
081a6c90	142	_ZN86_GLOBAL__N_._swordonline_gameworld_core_src_tong_KTongScriptFuns.cpp_00000000_3A862EB214_GetTongMemberEmm	`anonymous namespace'::_GetTongMember(unsigned long,unsigned long)
081a6d20	105	_Z14TONGM_SetOffermmm	TONGM_SetOffer(unsigned long,unsigned long,unsigned long)
081a6d90	178	_Z15LuaTONG_GetNameP9lua_State	LuaTONG_GetName(lua_State *)
081a6e50	498	_Z22LuaTONG_GetFirstMemberP9lua_State	LuaTONG_GetFirstMember(lua_State *)
081a7050	249	_Z17_gGetTongWorkshopP9lua_Statei	_gGetTongWorkshop(lua_State *,int)
081a7150	100	_Z14LuaTWS_IsExistP9lua_State	LuaTWS_IsExist(lua_State *)
081a71c0	101	_Z21LuaTWS_GetBuildingNpcP9lua_State	LuaTWS_GetBuildingNpc(lua_State *)
081a7230	134	_Z21LuaTWS_SetBuildingNpcP9lua_State	LuaTWS_SetBuildingNpc(lua_State *)
081a72c0	234	_Z25LuaTWS_ApplyAddUDayOutputP9lua_State	LuaTWS_ApplyAddUDayOutput(lua_State *)
081a73b0	234	_Z24LuaTWS_ApplyAddDayOutputP9lua_State	LuaTWS_ApplyAddDayOutput(lua_State *)
081a74a0	234	_Z24LuaTWS_ApplySetDayOutputP9lua_State	LuaTWS_ApplySetDayOutput(lua_State *)
081a7590	899	_Z25LuaTONG_GetTongByRoleNameP9lua_State	LuaTONG_GetTongByRoleName(lua_State *)
081a7920	374	_Z15_gGetTongMemberP9lua_Statei	_gGetTongMember(lua_State *,int)
081a7aa0	100	_Z16LuaTONGM_IsExistP9lua_State	LuaTONGM_IsExist(lua_State *)
081a7b10	285	_Z22LuaTONGM_ApplyDelRightP9lua_State	LuaTONGM_ApplyDelRight(lua_State *)
081a7c30	285	_Z22LuaTONGM_ApplyAddRightP9lua_State	LuaTONGM_ApplyAddRight(lua_State *)
081a7d50	234	_Z22LuaTONGM_ApplyAddOfferP9lua_State	LuaTONGM_ApplyAddOffer(lua_State *)
081a7e40	261	_Z27LuaTONGM_ApplyAddUTaskValueP9lua_State	LuaTONGM_ApplyAddUTaskValue(lua_State *)
081a7f50	261	_Z26LuaTONGM_ApplyAddTaskValueP9lua_State	LuaTONGM_ApplyAddTaskValue(lua_State *)
081a8060	261	_Z26LuaTONGM_ApplySetTaskValueP9lua_State	LuaTONGM_ApplySetTaskValue(lua_State *)
081a8170	83	_Z16LuaTONGM_GetNameP9lua_State	LuaTONGM_GetName(lua_State *)
081a81d0	234	_Z28LuaTONGM_ApplyAddURetireDateP9lua_State	LuaTONGM_ApplyAddURetireDate(lua_State *)
081a82c0	234	_Z27LuaTONGM_ApplyAddRetireDateP9lua_State	LuaTONGM_ApplyAddRetireDate(lua_State *)
081a83b0	234	_Z27LuaTONGM_ApplySetRetireDateP9lua_State	LuaTONGM_ApplySetRetireDate(lua_State *)
081a84a0	234	_Z32LuaTONGM_ApplyAddULastOnlineDateP9lua_State	LuaTONGM_ApplyAddULastOnlineDate(lua_State *)
081a8590	234	_Z31LuaTONGM_ApplyAddLastOnlineDateP9lua_State	LuaTONGM_ApplyAddLastOnlineDate(lua_State *)
081a8680	234	_Z31LuaTONGM_ApplySetLastOnlineDateP9lua_State	LuaTONGM_ApplySetLastOnlineDate(lua_State *)
081a8770	234	_Z32LuaTONGM_ApplyAddULWeekGoalOfferP9lua_State	LuaTONGM_ApplyAddULWeekGoalOffer(lua_State *)
081a8860	234	_Z31LuaTONGM_ApplyAddLWeekGoalOfferP9lua_State	LuaTONGM_ApplyAddLWeekGoalOffer(lua_State *)
081a8950	234	_Z31LuaTONGM_ApplySetLWeekGoalOfferP9lua_State	LuaTONGM_ApplySetLWeekGoalOffer(lua_State *)
081a8a40	234	_Z30LuaTONGM_ApplyAddULWeeklyOfferP9lua_State	LuaTONGM_ApplyAddULWeeklyOffer(lua_State *)
081a8b30	234	_Z29LuaTONGM_ApplyAddLWeeklyOfferP9lua_State	LuaTONGM_ApplyAddLWeeklyOffer(lua_State *)
081a8c20	234	_Z29LuaTONGM_ApplySetLWeeklyOfferP9lua_State	LuaTONGM_ApplySetLWeeklyOffer(lua_State *)
081a8d10	104	_Z19LuaTONGM_GetUOnlineP9lua_State	LuaTONGM_GetUOnline(lua_State *)
081a8d80	104	_Z18LuaTONGM_GetOnlineP9lua_State	LuaTONGM_GetOnline(lua_State *)
081a8df0	234	_Z23LuaTONGM_ApplyAddUMoneyP9lua_State	LuaTONGM_ApplyAddUMoney(lua_State *)
081a8ee0	234	_Z22LuaTONGM_ApplyAddMoneyP9lua_State	LuaTONGM_ApplyAddMoney(lua_State *)
081a8fd0	234	_Z22LuaTONGM_ApplySetMoneyP9lua_State	LuaTONGM_ApplySetMoney(lua_State *)
081a90c0	155	_Z25LuaTONG_GetLWeekGoalValueP9lua_State	LuaTONG_GetLWeekGoalValue(lua_State *)
081a9160	155	_Z26LuaTONG_GetLWeekGoalPlayerP9lua_State	LuaTONG_GetLWeekGoalPlayer(lua_State *)
081a9200	155	_Z25LuaTONG_GetLWeekGoalTotalP9lua_State	LuaTONG_GetLWeekGoalTotal(lua_State *)
081a92a0	155	_Z25LuaTONG_GetLWeekGoalLevelP9lua_State	LuaTONG_GetLWeekGoalLevel(lua_State *)
081a9340	155	_Z25LuaTONG_GetLWeekGoalEventP9lua_State	LuaTONG_GetLWeekGoalEvent(lua_State *)
081a93e0	155	_Z30LuaTONG_GetWeekGoalPricePlayerP9lua_State	LuaTONG_GetWeekGoalPricePlayer(lua_State *)
081a9480	155	_Z28LuaTONG_GetWeekGoalPriceTongP9lua_State	LuaTONG_GetWeekGoalPriceTong(lua_State *)
081a9520	155	_Z24LuaTONG_GetWeekGoalValueP9lua_State	LuaTONG_GetWeekGoalValue(lua_State *)
081a95c0	155	_Z25LuaTONG_GetWeekGoalPlayerP9lua_State	LuaTONG_GetWeekGoalPlayer(lua_State *)
081a9660	155	_Z24LuaTONG_GetWeekGoalTotalP9lua_State	LuaTONG_GetWeekGoalTotal(lua_State *)
081a9700	155	_Z24LuaTONG_GetWeekGoalLevelP9lua_State	LuaTONG_GetWeekGoalLevel(lua_State *)
081a97a0	155	_Z25LuaTONG_GetUWeekGoalEventP9lua_State	LuaTONG_GetUWeekGoalEvent(lua_State *)
081a9840	155	_Z14LuaTONG_GetDayP9lua_State	LuaTONG_GetDay(lua_State *)
081a98e0	155	_Z22LuaTONG_GetUTongMapBanP9lua_State	LuaTONG_GetUTongMapBan(lua_State *)
081a9980	155	_Z26LuaTONG_GetTongMapTemplateP9lua_State	LuaTONG_GetTongMapTemplate(lua_State *)
081a9a20	141	_Z18LuaTWS_GetUseLevelP9lua_State	LuaTWS_GetUseLevel(lua_State *)
081a9ab0	141	_Z19LuaTWS_GetUCurLevelP9lua_State	LuaTWS_GetUCurLevel(lua_State *)
081a9b40	141	_Z16LuaTWS_GetTypeIDP9lua_State	LuaTWS_GetTypeID(lua_State *)
081a9bd0	148	_Z19LuaTWS_GetTaskValueP9lua_State	LuaTWS_GetTaskValue(lua_State *)
081a9c70	258	_Z16LuaTONG_GetMoneyP9lua_State	LuaTONG_GetMoney(lua_State *)
081a9d80	155	_Z25LuaTONG_GetTotalBuildFundP9lua_State	LuaTONG_GetTotalBuildFund(lua_State *)
081a9e20	155	_Z25LuaTONG_GetWeekBuildUpperP9lua_State	LuaTONG_GetWeekBuildUpper(lua_State *)
081a9ec0	155	_Z24LuaTONG_GetWeekBuildFundP9lua_State	LuaTONG_GetWeekBuildFund(lua_State *)
081a9f60	155	_Z27LuaTONG_GetCurWeekGoalLevelP9lua_State	LuaTONG_GetCurWeekGoalLevel(lua_State *)
081aa000	155	_Z31LuaTONG_GetLWeekGoalPricePlayerP9lua_State	LuaTONG_GetLWeekGoalPricePlayer(lua_State *)
081aa0a0	155	_Z29LuaTONG_GetLWeekGoalPriceTongP9lua_State	LuaTONG_GetLWeekGoalPriceTong(lua_State *)
081aa140	155	_Z19LuaTONG_GetUTongMapP9lua_State	LuaTONG_GetUTongMap(lua_State *)
081aa1e0	155	_Z22LuaTONG_GetUPauseStateP9lua_State	LuaTONG_GetUPauseState(lua_State *)
081aa280	155	_Z26LuaTONG_GetStoredBuildFundP9lua_State	LuaTONG_GetStoredBuildFund(lua_State *)
081aa320	155	_Z23LuaTONG_GetUStoredOfferP9lua_State	LuaTONG_GetUStoredOffer(lua_State *)
081aa3c0	170	_Z20LuaTONG_GetStandFundP9lua_State	LuaTONG_GetStandFund(lua_State *)
081aa470	155	_Z23LuaTONG_GetMaintainFundP9lua_State	LuaTONG_GetMaintainFund(lua_State *)
081aa510	155	_Z24LuaTONG_GetUWarBuildFundP9lua_State	LuaTONG_GetUWarBuildFund(lua_State *)
081aa5b0	155	_Z18LuaTONG_GetPremiumP9lua_State	LuaTONG_GetPremium(lua_State *)
081aa650	155	_Z20LuaTONG_GetBuildFundP9lua_State	LuaTONG_GetBuildFund(lua_State *)
081aa6f0	155	_Z24LuaTONG_GetOccupyCityDayP9lua_State	LuaTONG_GetOccupyCityDay(lua_State *)
081aa790	155	_Z19LuaTONG_GetWarStateP9lua_State	LuaTONG_GetWarState(lua_State *)
081aa830	155	_Z18LuaTONG_GetUnionIDP9lua_State	LuaTONG_GetUnionID(lua_State *)
081aa8d0	155	_Z15LuaTONG_GetUExpP9lua_State	LuaTONG_GetUExp(lua_State *)
081aa970	155	_Z18LuaTONG_GetUCreditP9lua_State	LuaTONG_GetUCredit(lua_State *)
081aaa10	155	_Z18LuaTONG_GetCurCampP9lua_State	LuaTONG_GetCurCamp(lua_State *)
081aaab0	155	_Z20LuaTONG_GetUSelfCampP9lua_State	LuaTONG_GetUSelfCamp(lua_State *)
081aab50	188	_Z20LuaTONG_GetTaskValueP9lua_State	LuaTONG_GetTaskValue(lua_State *)
081aac10	150	_Z22LuaTONGM_GetRetireDateP9lua_State	LuaTONGM_GetRetireDate(lua_State *)
081aacb0	150	_Z26LuaTONGM_GetLastOnlineDateP9lua_State	LuaTONGM_GetLastOnlineDate(lua_State *)
081aad50	150	_Z24LuaTONGM_GetLWeeklyOfferP9lua_State	LuaTONGM_GetLWeeklyOffer(lua_State *)
081aadf0	150	_Z26LuaTONGM_GetLWeekGoalOfferP9lua_State	LuaTONGM_GetLWeekGoalOffer(lua_State *)
081aae90	426	_Z23LuaTONG_ApplyKickMemberP9lua_State	LuaTONG_ApplyKickMember(lua_State *)
081ab040	162	_Z17LuaTONG_GetMasterP9lua_State	LuaTONG_GetMaster(lua_State *)
081ab0f0	150	_Z15LuaTONGM_GetSexP9lua_State	LuaTONGM_GetSex(lua_State *)
081ab190	150	_Z17LuaTONGM_GetMoneyP9lua_State	LuaTONGM_GetMoney(lua_State *)
081ab230	150	_Z19LuaTONGM_GetJoinDayP9lua_State	LuaTONGM_GetJoinDay(lua_State *)
081ab2d0	150	_Z20LuaTONGM_GetJoinTimeP9lua_State	LuaTONGM_GetJoinTime(lua_State *)
081ab370	181	_Z21LuaTONGM_GetTaskValueP9lua_State	LuaTONGM_GetTaskValue(lua_State *)
081ab430	141	_Z19LuaTWS_GetDayOutputP9lua_State	LuaTWS_GetDayOutput(lua_State *)
081ab4c0	141	_Z18LuaTWS_GetCurStateP9lua_State	LuaTWS_GetCurState(lua_State *)
081ab550	141	_Z22LuaTWS_GetUUseLevelSetP9lua_State	LuaTWS_GetUUseLevelSet(lua_State *)
081ab5e0	197	_Z22LuaTONGM_GetUTaskValueP9lua_State	LuaTONGM_GetUTaskValue(lua_State *)
081ab6b0	164	_Z20LuaTWS_GetUTaskValueP9lua_State	LuaTWS_GetUTaskValue(lua_State *)
081ab760	198	_Z21LuaTONG_GetUTaskValueP9lua_State	LuaTONG_GetUTaskValue(lua_State *)
081ab830	155	_Z30LuaTONG_GetULWeekGoalPriceTongP9lua_State	LuaTONG_GetULWeekGoalPriceTong(lua_State *)
081ab8d0	155	_Z32LuaTONG_GetULWeekGoalPricePlayerP9lua_State	LuaTONG_GetULWeekGoalPricePlayer(lua_State *)
081ab970	155	_Z28LuaTONG_GetUCurWeekGoalLevelP9lua_State	LuaTONG_GetUCurWeekGoalLevel(lua_State *)
081aba10	155	_Z25LuaTONG_GetUWeekBuildFundP9lua_State	LuaTONG_GetUWeekBuildFund(lua_State *)
081abab0	141	_Z20LuaTWS_GetUDayOutputP9lua_State	LuaTWS_GetUDayOutput(lua_State *)
081abb40	141	_Z21LuaTWS_GetUseLevelSetP9lua_State	LuaTWS_GetUseLevelSet(lua_State *)
081abbd0	155	_Z19LuaTONG_GetSelfCampP9lua_State	LuaTONG_GetSelfCamp(lua_State *)
081abc70	155	_Z19LuaTONG_GetUCurCampP9lua_State	LuaTONG_GetUCurCamp(lua_State *)
081abd10	150	_Z27LuaTONGM_GetULWeekGoalOfferP9lua_State	LuaTONGM_GetULWeekGoalOffer(lua_State *)
081abdb0	155	_Z25LuaTONG_GetUOccupyCityDayP9lua_State	LuaTONG_GetUOccupyCityDay(lua_State *)
081abe50	155	_Z19LuaTONG_GetUPremiumP9lua_State	LuaTONG_GetUPremium(lua_State *)
081abef0	155	_Z24LuaTONG_GetUMaintainFundP9lua_State	LuaTONG_GetUMaintainFund(lua_State *)
081abf90	155	_Z17LuaTONG_GetCreditP9lua_State	LuaTONG_GetCredit(lua_State *)
081ac030	155	_Z19LuaTONG_GetUUnionIDP9lua_State	LuaTONG_GetUUnionID(lua_State *)
081ac0d0	155	_Z20LuaTONG_GetUWarStateP9lua_State	LuaTONG_GetUWarState(lua_State *)
081ac170	141	_Z19LuaTWS_GetUUseLevelP9lua_State	LuaTWS_GetUUseLevel(lua_State *)
081ac200	150	_Z21LuaTONGM_GetUJoinTimeP9lua_State	LuaTONGM_GetUJoinTime(lua_State *)
081ac2a0	150	_Z20LuaTONGM_GetUJoinDayP9lua_State	LuaTONGM_GetUJoinDay(lua_State *)
081ac340	141	_Z17LuaTWS_GetUTypeIDP9lua_State	LuaTWS_GetUTypeID(lua_State *)
081ac3d0	150	_Z27LuaTONGM_GetULastOnlineDateP9lua_State	LuaTONGM_GetULastOnlineDate(lua_State *)
081ac470	150	_Z23LuaTONGM_GetURetireDateP9lua_State	LuaTONGM_GetURetireDate(lua_State *)
081ac510	150	_Z25LuaTONGM_GetULWeeklyOfferP9lua_State	LuaTONGM_GetULWeeklyOffer(lua_State *)
081ac5b0	150	_Z18LuaTONGM_GetUMoneyP9lua_State	LuaTONGM_GetUMoney(lua_State *)
081ac650	150	_Z16LuaTONGM_GetUSexP9lua_State	LuaTONGM_GetUSex(lua_State *)
081ac6f0	155	_Z26LuaTONG_GetUWeekBuildUpperP9lua_State	LuaTONG_GetUWeekBuildUpper(lua_State *)
081ac790	155	_Z26LuaTONG_GetUTotalBuildFundP9lua_State	LuaTONG_GetUTotalBuildFund(lua_State *)
081ac830	155	_Z25LuaTONG_GetUWeekGoalValueP9lua_State	LuaTONG_GetUWeekGoalValue(lua_State *)
081ac8d0	155	_Z29LuaTONG_GetUWeekGoalPriceTongP9lua_State	LuaTONG_GetUWeekGoalPriceTong(lua_State *)
081ac970	155	_Z31LuaTONG_GetUWeekGoalPricePlayerP9lua_State	LuaTONG_GetUWeekGoalPricePlayer(lua_State *)
081aca10	155	_Z26LuaTONG_GetULWeekGoalEventP9lua_State	LuaTONG_GetULWeekGoalEvent(lua_State *)
081acab0	155	_Z26LuaTONG_GetULWeekGoalLevelP9lua_State	LuaTONG_GetULWeekGoalLevel(lua_State *)
081acb50	155	_Z26LuaTONG_GetULWeekGoalTotalP9lua_State	LuaTONG_GetULWeekGoalTotal(lua_State *)
081acbf0	155	_Z27LuaTONG_GetULWeekGoalPlayerP9lua_State	LuaTONG_GetULWeekGoalPlayer(lua_State *)
081acc90	155	_Z26LuaTONG_GetULWeekGoalValueP9lua_State	LuaTONG_GetULWeekGoalValue(lua_State *)
081acd30	155	_Z27LuaTONG_GetUStoredBuildFundP9lua_State	LuaTONG_GetUStoredBuildFund(lua_State *)
081acdd0	155	_Z21LuaTONG_GetTongMapBanP9lua_State	LuaTONG_GetTongMapBan(lua_State *)
081ace70	155	_Z15LuaTONG_GetUDayP9lua_State	LuaTONG_GetUDay(lua_State *)
081acf10	155	_Z18LuaTONG_GetTongMapP9lua_State	LuaTONG_GetTongMap(lua_State *)
081acfb0	155	_Z27LuaTONG_GetUTongMapTemplateP9lua_State	LuaTONG_GetUTongMapTemplate(lua_State *)
081ad050	155	_Z25LuaTONG_GetUWeekGoalTotalP9lua_State	LuaTONG_GetUWeekGoalTotal(lua_State *)
081ad0f0	155	_Z21LuaTONG_GetPauseStateP9lua_State	LuaTONG_GetPauseState(lua_State *)
081ad190	155	_Z26LuaTONG_GetUWeekGoalPlayerP9lua_State	LuaTONG_GetUWeekGoalPlayer(lua_State *)
081ad230	155	_Z23LuaTONG_GetWarBuildFundP9lua_State	LuaTONG_GetWarBuildFund(lua_State *)
081ad2d0	95	_Z14TONGM_GetOffermm	TONGM_GetOffer(unsigned long,unsigned long)
081ad330	155	_Z21LuaTONG_GetUBuildFundP9lua_State	LuaTONG_GetUBuildFund(lua_State *)
081ad3d0	155	_Z14LuaTONG_GetExpP9lua_State	LuaTONG_GetExp(lua_State *)
081ad470	215	_Z19LuaTONG_GetExpLevelP9lua_State	LuaTONG_GetExpLevel(lua_State *)
081ad550	150	_Z17LuaTONGM_GetOfferP9lua_State	LuaTONGM_GetOffer(lua_State *)
081ad5f0	149	_Z13LuaTWS_IsOpenP9lua_State	LuaTWS_IsOpen(lua_State *)
081ad690	141	_Z19LuaTWS_GetUCurStateP9lua_State	LuaTWS_GetUCurState(lua_State *)
081ad720	155	_Z24LuaTONG_GetWeekGoalEventP9lua_State	LuaTONG_GetWeekGoalEvent(lua_State *)
081ad7c0	155	_Z25LuaTONG_GetUWeekGoalLevelP9lua_State	LuaTONG_GetUWeekGoalLevel(lua_State *)
081ad860	155	_Z24LuaTONG_GetUPerStandFundP9lua_State	LuaTONG_GetUPerStandFund(lua_State *)
081ad900	155	_Z23LuaTONG_GetPerStandFundP9lua_State	LuaTONG_GetPerStandFund(lua_State *)
081ad9a0	155	_Z22LuaTONG_GetStoredOfferP9lua_State	LuaTONG_GetStoredOffer(lua_State *)
081ada40	155	_Z16LuaTONG_GetUWeekP9lua_State	LuaTONG_GetUWeek(lua_State *)
081adae0	155	_Z15LuaTONG_GetWeekP9lua_State	LuaTONG_GetWeek(lua_State *)
081adb80	352	_Z20LuaTONG_ApplyDegradeP9lua_State	LuaTONG_ApplyDegrade(lua_State *)
081adce0	155	_Z22LuaTONG_GetUBuildLevelP9lua_State	LuaTONG_GetUBuildLevel(lua_State *)
081add80	352	_Z20LuaTONG_ApplyUpgradeP9lua_State	LuaTONG_ApplyUpgrade(lua_State *)
081adee0	141	_Z18LuaTWS_GetCurLevelP9lua_State	LuaTWS_GetCurLevel(lua_State *)
081adf70	150	_Z19LuaTONGM_GetUFigureP9lua_State	LuaTONGM_GetUFigure(lua_State *)
081ae010	155	_Z21LuaTONG_GetBuildLevelP9lua_State	LuaTONG_GetBuildLevel(lua_State *)
081ae0b0	249	_Z19LuaTONGM_CheckRightP9lua_State	LuaTONGM_CheckRight(lua_State *)
081ae1b0	400	_Z19LuaTWS_ApplyDegradeP9lua_State	LuaTWS_ApplyDegrade(lua_State *)
081ae340	610	_Z21LuaTONG_GetNextMemberP9lua_State	LuaTONG_GetNextMember(lua_State *)
081ae5b0	2704	_Z18LuaTong_GetLogDataP9lua_State	LuaTong_GetLogData(lua_State *)
081af040	400	_Z19LuaTWS_ApplyUpgradeP9lua_State	LuaTWS_ApplyUpgrade(lua_State *)
081af1d0	150	_Z18LuaTONGM_GetFigureP9lua_State	LuaTONGM_GetFigure(lua_State *)
081af270	215	_Z20LuaTONG_GetUExpLevelP9lua_State	LuaTONG_GetUExpLevel(lua_State *)
081af350	170	_Z21LuaTONG_GetUStandFundP9lua_State	LuaTONG_GetUStandFund(lua_State *)
081af400	87	_ZNKSt8_Rb_treeImSt4pairIKmmESt10_Select1stIS2_ESt4lessImESaIS2_EE4findERS1_	std::_Rb_tree<unsigned long,std::pair<unsigned long const,unsigned long>,std::_Select1st<std::pair<unsigned long const,unsigned long>>,std::less<unsigned long>,std::allocator<std::pair<unsigned long const,unsigned long>>>::find(unsigned long const&)const
081af460	87	_ZNKSt8_Rb_treeImSt4pairIKmP13KTongWorkshopESt10_Select1stIS4_ESt4lessImESaIS4_EE4findERS1_	std::_Rb_tree<unsigned long,std::pair<unsigned long const,KTongWorkshop *>,std::_Select1st<std::pair<unsigned long const,KTongWorkshop *>>,std::less<unsigned long>,std::allocator<std::pair<unsigned long const,KTongWorkshop *>>>::find(unsigned long const&)const
081af4c0	87	_ZNSt8_Rb_treeImSt4pairIKmP13KTongWorkshopESt10_Select1stIS4_ESt4lessImESaIS4_EE4findERS1_	std::_Rb_tree<unsigned long,std::pair<unsigned long const,KTongWorkshop *>,std::_Select1st<std::pair<unsigned long const,KTongWorkshop *>>,std::less<unsigned long>,std::allocator<std::pair<unsigned long const,KTongWorkshop *>>>::find(unsigned long const&)
081af520	62	_ZNKSt8_Rb_treeImSt4pairIKmmESt10_Select1stIS2_ESt4lessImESaIS2_EE11lower_boundERS1_	std::_Rb_tree<unsigned long,std::pair<unsigned long const,unsigned long>,std::_Select1st<std::pair<unsigned long const,unsigned long>>,std::less<unsigned long>,std::allocator<std::pair<unsigned long const,unsigned long>>>::lower_bound(unsigned long const&)const
081af560	62	_ZNKSt8_Rb_treeImSt4pairIKmmESt10_Select1stIS2_ESt4lessImESaIS2_EE11upper_boundERS1_	std::_Rb_tree<unsigned long,std::pair<unsigned long const,unsigned long>,std::_Select1st<std::pair<unsigned long const,unsigned long>>,std::less<unsigned long>,std::allocator<std::pair<unsigned long const,unsigned long>>>::upper_bound(unsigned long const&)const
081af5a0	107	_ZNKSt8_Rb_treeImSt4pairIKmmESt10_Select1stIS2_ESt4lessImESaIS2_EE5countERS1_	std::_Rb_tree<unsigned long,std::pair<unsigned long const,unsigned long>,std::_Select1st<std::pair<unsigned long const,unsigned long>>,std::less<unsigned long>,std::allocator<std::pair<unsigned long const,unsigned long>>>::count(unsigned long const&)const
081af610	73	_ZN24KTongLogic_GameSvr_Apply12Workshop_UseEmmmmPK19TTongCallbackScript	KTongLogic_GameSvr_Apply::Workshop_Use(unsigned long,unsigned long,unsigned long,unsigned long,TTongCallbackScript const*)
081af660	7	_ZN24KTongLogic_GameSvr_Apply15Member_SetOfferEmmm	KTongLogic_GameSvr_Apply::Member_SetOffer(unsigned long,unsigned long,unsigned long)
081af670	71	_ZN24KTongLogic_GameSvr_Apply15Member_AddOfferEmmi	KTongLogic_GameSvr_Apply::Member_AddOffer(unsigned long,unsigned long,int)
081af6c0	7	_ZN25KTongLogic_GameSvr_Result15Member_AddOfferEmmi	KTongLogic_GameSvr_Result::Member_AddOffer(unsigned long,unsigned long,int)
081af6d0	7	_ZN25KTongLogic_GameSvr_Result17Member_AddOfferExEmmm	KTongLogic_GameSvr_Result::Member_AddOfferEx(unsigned long,unsigned long,unsigned long)
081af6e0	71	_ZN24KTongLogic_GameSvr_Apply20Member_ChangeFeatureEmmm	KTongLogic_GameSvr_Apply::Member_ChangeFeature(unsigned long,unsigned long,unsigned long)
081af730	100	_ZN24KTongLogic_GameSvr_Apply16Do_Tong_ClaimWarEim	KTongLogic_GameSvr_Apply::Do_Tong_ClaimWar(int,unsigned long)
081af7a0	141	_ZN24KTongLogic_GameSvr_Apply22Member_Money2BuildFundEmmmPK19TTongCallbackScript	KTongLogic_GameSvr_Apply::Member_Money2BuildFund(unsigned long,unsigned long,unsigned long,TTongCallbackScript const*)
081af830	145	_ZN24KTongLogic_GameSvr_Apply30Member_Contribution2StoreOfferEmmmPK19TTongCallbackScript	KTongLogic_GameSvr_Apply::Member_Contribution2StoreOffer(unsigned long,unsigned long,unsigned long,TTongCallbackScript const*)
081af8d0	158	_ZN24KTongLogic_GameSvr_Apply13Tong_MaintainEm	KTongLogic_GameSvr_Apply::Tong_Maintain(unsigned long)
081af970	135	_ZN24KTongLogic_GameSvr_Apply14Tong_DeleteMapEm	KTongLogic_GameSvr_Apply::Tong_DeleteMap(unsigned long)
081afa00	158	_ZN24KTongLogic_GameSvr_Apply19Tong_WeeklyMaintainEm	KTongLogic_GameSvr_Apply::Tong_WeeklyMaintain(unsigned long)
081afaa0	197	_ZN24KTongLogic_GameSvr_Apply12Tong_DegradeEmmmPK19TTongCallbackScript	KTongLogic_GameSvr_Apply::Tong_Degrade(unsigned long,unsigned long,unsigned long,TTongCallbackScript const*)
081afb70	259	_ZN25KTongLogic_GameSvr_Result12Tong_DegradeEmmmPK19TTongCallbackScript	KTongLogic_GameSvr_Result::Tong_Degrade(unsigned long,unsigned long,unsigned long,TTongCallbackScript const*)
081afc80	414	_ZN24KTongLogic_GameSvr_Apply18Member_Right_AwardEmmmmPK19TTongCallbackScript	KTongLogic_GameSvr_Apply::Member_Right_Award(unsigned long,unsigned long,unsigned long,unsigned long,TTongCallbackScript const*)
081afe20	714	_ZN25KTongLogic_GameSvr_Result20Tong_SetAnnouncementEmmPKcPK19TTongCallbackScript	KTongLogic_GameSvr_Result::Tong_SetAnnouncement(unsigned long,unsigned long,char const*,TTongCallbackScript const*)
081b00f0	563	_ZN24KTongLogic_GameSvr_Apply19Member_Right_AssignEmmmPKmmPv	KTongLogic_GameSvr_Apply::Member_Right_Assign(unsigned long,unsigned long,unsigned long,unsigned long const*,unsigned long,void *)
081b0330	693	_ZN25KTongLogic_GameSvr_Result22Member_AppendTaskValueEmmti	KTongLogic_GameSvr_Result::Member_AppendTaskValue(unsigned long,unsigned long,unsigned short,int)
081b05f0	214	_ZN24KTongLogic_GameSvr_Apply10CheckRightEmmm	KTongLogic_GameSvr_Apply::CheckRight(unsigned long,unsigned long,unsigned long)
081b06d0	337	_ZN24KTongLogic_GameSvr_Apply11Member_KickEmmmmmPK19TTongCallbackScript	KTongLogic_GameSvr_Apply::Member_Kick(unsigned long,unsigned long,unsigned long,unsigned long,unsigned long,TTongCallbackScript const*)
081b0830	196	_ZN24KTongLogic_GameSvr_Apply30Member_StoreOffer2ContributionEmm18TONG_MEMBER_FIGUREmPK19TTongCallbackScript	KTongLogic_GameSvr_Apply::Member_StoreOffer2Contribution(unsigned long,unsigned long,TONG_MEMBER_FIGURE,unsigned long,TTongCallbackScript const*)
081b0900	196	_ZN24KTongLogic_GameSvr_Apply30Member_StoreOffer2ContributionEmmmmPK19TTongCallbackScript	KTongLogic_GameSvr_Apply::Member_StoreOffer2Contribution(unsigned long,unsigned long,unsigned long,unsigned long,TTongCallbackScript const*)
081b09d0	179	_ZN24KTongLogic_GameSvr_Apply24Tong_MoneyFund2BuildFundEmmmPK19TTongCallbackScript	KTongLogic_GameSvr_Apply::Tong_MoneyFund2BuildFund(unsigned long,unsigned long,unsigned long,TTongCallbackScript const*)
081b0a90	179	_ZN24KTongLogic_GameSvr_Apply22Tong_BuildFund2WarFundEmmmPK19TTongCallbackScript	KTongLogic_GameSvr_Apply::Tong_BuildFund2WarFund(unsigned long,unsigned long,unsigned long,TTongCallbackScript const*)
081b0b50	213	_ZN24KTongLogic_GameSvr_Apply14Workshop_LearnEmmmmPK19TTongCallbackScript	KTongLogic_GameSvr_Apply::Workshop_Learn(unsigned long,unsigned long,unsigned long,unsigned long,TTongCallbackScript const*)
081b0c30	193	_ZN24KTongLogic_GameSvr_Apply15Tong_ChangeCampEmmhPK19TTongCallbackScript	KTongLogic_GameSvr_Apply::Tong_ChangeCamp(unsigned long,unsigned long,unsigned char,TTongCallbackScript const*)
081b0d00	122	_ZN24KTongLogic_GameSvr_Apply13Tong_ClaimWarEmmmPK19TTongCallbackScript	KTongLogic_GameSvr_Apply::Tong_ClaimWar(unsigned long,unsigned long,unsigned long,TTongCallbackScript const*)
081b0d80	207	_ZN24KTongLogic_GameSvr_Apply13Tong_CreatMapEmmm	KTongLogic_GameSvr_Apply::Tong_CreatMap(unsigned long,unsigned long,unsigned long)
081b0e50	217	_ZN24KTongLogic_GameSvr_Apply12Tong_UpgradeEmmmPK19TTongCallbackScript	KTongLogic_GameSvr_Apply::Tong_Upgrade(unsigned long,unsigned long,unsigned long,TTongCallbackScript const*)
081b0f30	525	_ZN25KTongLogic_GameSvr_Result12Tong_UpgradeEmmmPK19TTongCallbackScript	KTongLogic_GameSvr_Result::Tong_Upgrade(unsigned long,unsigned long,unsigned long,TTongCallbackScript const*)
081b1140	252	_ZN24KTongLogic_GameSvr_Apply13Workshop_OpenEmmmPK19TTongCallbackScript	KTongLogic_GameSvr_Apply::Workshop_Open(unsigned long,unsigned long,unsigned long,TTongCallbackScript const*)
081b1240	511	_ZN25KTongLogic_GameSvr_Result14Workshop_CloseEmmmPK19TTongCallbackScript	KTongLogic_GameSvr_Result::Workshop_Close(unsigned long,unsigned long,unsigned long,TTongCallbackScript const*)
081b1440	256	_ZN24KTongLogic_GameSvr_Apply14Workshop_CloseEmmmPK19TTongCallbackScript	KTongLogic_GameSvr_Apply::Workshop_Close(unsigned long,unsigned long,unsigned long,TTongCallbackScript const*)
081b1540	290	_ZN24KTongLogic_GameSvr_Apply16Workshop_UpgradeEmmmmPK19TTongCallbackScript	KTongLogic_GameSvr_Apply::Workshop_Upgrade(unsigned long,unsigned long,unsigned long,unsigned long,TTongCallbackScript const*)
081b1670	290	_ZN24KTongLogic_GameSvr_Apply16Workshop_DegradeEmmmmPK19TTongCallbackScript	KTongLogic_GameSvr_Apply::Workshop_Degrade(unsigned long,unsigned long,unsigned long,unsigned long,TTongCallbackScript const*)
081b17a0	595	_ZN25KTongLogic_GameSvr_Result16Workshop_DegradeEmmmmPK19TTongCallbackScript	KTongLogic_GameSvr_Result::Workshop_Degrade(unsigned long,unsigned long,unsigned long,unsigned long,TTongCallbackScript const*)
081b1a00	763	_ZN25KTongLogic_GameSvr_Result17Tong_AddMoneyFundEmmx	KTongLogic_GameSvr_Result::Tong_AddMoneyFund(unsigned long,unsigned long,long long)
081b1d00	385	_ZN24KTongLogic_GameSvr_Apply17Union_Join_RefuseEmmmm	KTongLogic_GameSvr_Apply::Union_Join_Refuse(unsigned long,unsigned long,unsigned long,unsigned long)
081b1e90	1028	_ZN25KTongLogic_GameSvr_Result13Member_RemoveEmm	KTongLogic_GameSvr_Result::Member_Remove(unsigned long,unsigned long)
081b22a0	297	_ZN25KTongLogic_GameSvr_Result20Member_ChangeFeatureEmmm	KTongLogic_GameSvr_Result::Member_ChangeFeature(unsigned long,unsigned long,unsigned long)
081b23d0	221	_ZN25KTongLogic_GameSvr_Result9BroadCastEm14TongExProtocolPKvj	KTongLogic_GameSvr_Result::BroadCast(unsigned long,TongExProtocol,void const*,unsigned int)
081b24b0	168	_ZN25KTongLogic_GameSvr_Result20Tong_Finish_ClaimWarEmm	KTongLogic_GameSvr_Result::Tong_Finish_ClaimWar(unsigned long,unsigned long)
081b2560	493	_ZN25KTongLogic_GameSvr_Result22Tong_ChangeCurrentCampEmh	KTongLogic_GameSvr_Result::Tong_ChangeCurrentCamp(unsigned long,unsigned char)
081b2750	1037	_ZN25KTongLogic_GameSvr_Result15Tong_ChangeCampEmmhPK19TTongCallbackScript	KTongLogic_GameSvr_Result::Tong_ChangeCamp(unsigned long,unsigned long,unsigned char,TTongCallbackScript const*)
081b2b60	387	_ZN25KTongLogic_GameSvr_Result13Tong_CreatMapEmmm	KTongLogic_GameSvr_Result::Tong_CreatMap(unsigned long,unsigned long,unsigned long)
081b2cf0	644	_ZN25KTongLogic_GameSvr_Result15Workshop_RemoveEmmmPK19TTongCallbackScript	KTongLogic_GameSvr_Result::Workshop_Remove(unsigned long,unsigned long,unsigned long,TTongCallbackScript const*)
081b2f80	2198	_ZN25KTongLogic_GameSvr_Result19Tong_WeeklyMaintainEm	KTongLogic_GameSvr_Result::Tong_WeeklyMaintain(unsigned long)
081b3820	581	_ZN25KTongLogic_GameSvr_Result19Member_SetTaskValueEmmti	KTongLogic_GameSvr_Result::Member_SetTaskValue(unsigned long,unsigned long,unsigned short,int)
081b3a70	270	_ZN25KTongLogic_GameSvr_Result22Member_Money2BuildFundEmmmPK19TTongCallbackScript	KTongLogic_GameSvr_Result::Member_Money2BuildFund(unsigned long,unsigned long,unsigned long,TTongCallbackScript const*)
081b3b80	472	_ZN25KTongLogic_GameSvr_Result13Member_FigureEmmmm	KTongLogic_GameSvr_Result::Member_Figure(unsigned long,unsigned long,unsigned long,unsigned long)
081b3d60	212	_ZN25KTongLogic_GameSvr_Result18Member_Right_AwardEmmmmPK19TTongCallbackScript	KTongLogic_GameSvr_Result::Member_Right_Award(unsigned long,unsigned long,unsigned long,unsigned long,TTongCallbackScript const*)
081b3e40	281	_ZN25KTongLogic_GameSvr_Result30Member_Contribution2StoreOfferEmmmPK19TTongCallbackScript	KTongLogic_GameSvr_Result::Member_Contribution2StoreOffer(unsigned long,unsigned long,unsigned long,TTongCallbackScript const*)
081b3f60	348	_ZN25KTongLogic_GameSvr_Result14Tong_DeleteMapEm	KTongLogic_GameSvr_Result::Tong_DeleteMap(unsigned long)
081b40c0	194	_ZN25KTongLogic_GameSvr_Result20Member_Right_RetractEmmmmPK19TTongCallbackScript	KTongLogic_GameSvr_Result::Member_Right_Retract(unsigned long,unsigned long,unsigned long,unsigned long,TTongCallbackScript const*)
081b4190	671	_ZN25KTongLogic_GameSvr_Result17Union_Join_RefuseEmmmm	KTongLogic_GameSvr_Result::Union_Join_Refuse(unsigned long,unsigned long,unsigned long,unsigned long)
081b4430	1106	_ZN25KTongLogic_GameSvr_Result13Member_RetireEmmmiPK19TTongCallbackScript	KTongLogic_GameSvr_Result::Member_Retire(unsigned long,unsigned long,unsigned long,int,TTongCallbackScript const*)
081b4890	574	_ZN25KTongLogic_GameSvr_Result19Member_Right_AssignEmmmPKmmPv	KTongLogic_GameSvr_Result::Member_Right_Assign(unsigned long,unsigned long,unsigned long,unsigned long const*,unsigned long,void *)
081b4ad0	246	_ZN25KTongLogic_GameSvr_Result15Member_SetOfferEmmm	KTongLogic_GameSvr_Result::Member_SetOffer(unsigned long,unsigned long,unsigned long)
081b4bd0	660	_ZN25KTongLogic_GameSvr_Result10Member_AddEmmPKcmmmmm	KTongLogic_GameSvr_Result::Member_Add(unsigned long,unsigned long,char const*,unsigned long,unsigned long,unsigned long,unsigned long,unsigned long)
081b4e70	1255	_ZN25KTongLogic_GameSvr_Result11Member_KickEmmmmmPK19TTongCallbackScript	KTongLogic_GameSvr_Result::Member_Kick(unsigned long,unsigned long,unsigned long,unsigned long,unsigned long,TTongCallbackScript const*)
081b5360	700	_ZN25KTongLogic_GameSvr_Result16Workshop_UpgradeEmmmmPK19TTongCallbackScript	KTongLogic_GameSvr_Result::Workshop_Upgrade(unsigned long,unsigned long,unsigned long,unsigned long,TTongCallbackScript const*)
081b5620	283	_ZN25KTongLogic_GameSvr_Result12Workshop_UseEmmmmPK19TTongCallbackScript	KTongLogic_GameSvr_Result::Workshop_Use(unsigned long,unsigned long,unsigned long,unsigned long,TTongCallbackScript const*)
081b5740	449	_ZN24KTongLogic_GameSvr_Apply20Member_Right_RetractEmmmmPK19TTongCallbackScript	KTongLogic_GameSvr_Apply::Member_Right_Retract(unsigned long,unsigned long,unsigned long,unsigned long,TTongCallbackScript const*)
081b5910	314	_ZN24KTongLogic_GameSvr_Apply17Workshop_MaintainEmmmPK19TTongCallbackScript	KTongLogic_GameSvr_Apply::Workshop_Maintain(unsigned long,unsigned long,unsigned long,TTongCallbackScript const*)
081b5a50	540	_ZN25KTongLogic_GameSvr_Result8Tong_AddEPKcmS1_mmmm	KTongLogic_GameSvr_Result::Tong_Add(char const*,unsigned long,char const*,unsigned long,unsigned long,unsigned long,unsigned long)
081b5c70	566	_ZN25KTongLogic_GameSvr_Result11Tong_RemoveEm	KTongLogic_GameSvr_Result::Tong_Remove(unsigned long)
081b5eb0	610	_ZN25KTongLogic_GameSvr_Result13Tong_ClaimWarEmmmPK19TTongCallbackScript	KTongLogic_GameSvr_Result::Tong_ClaimWar(unsigned long,unsigned long,unsigned long,TTongCallbackScript const*)
081b6120	847	_ZN25KTongLogic_GameSvr_Result16Union_Join_ApplyEmmm	KTongLogic_GameSvr_Result::Union_Join_Apply(unsigned long,unsigned long,unsigned long)
081b6470	808	_ZN25KTongLogic_GameSvr_Result23Workshop_SetUseLevelSetEmmmmPK19TTongCallbackScript	KTongLogic_GameSvr_Result::Workshop_SetUseLevelSet(unsigned long,unsigned long,unsigned long,unsigned long,TTongCallbackScript const*)
081b67a0	1837	_ZN25KTongLogic_GameSvr_Result14Workshop_LearnEmmmmPK19TTongCallbackScript	KTongLogic_GameSvr_Result::Workshop_Learn(unsigned long,unsigned long,unsigned long,unsigned long,TTongCallbackScript const*)
081b6ed0	1150	_ZN24KTongLogic_GameSvr_Apply16Union_Join_ApplyEmmm	KTongLogic_GameSvr_Apply::Union_Join_Apply(unsigned long,unsigned long,unsigned long)
081b7350	649	_ZN25KTongLogic_GameSvr_Result13Workshop_OpenEmmmPK19TTongCallbackScript	KTongLogic_GameSvr_Result::Workshop_Open(unsigned long,unsigned long,unsigned long,TTongCallbackScript const*)
081b75e0	354	_ZN24KTongLogic_GameSvr_Apply15Workshop_RemoveEmmmPK19TTongCallbackScript	KTongLogic_GameSvr_Apply::Workshop_Remove(unsigned long,unsigned long,unsigned long,TTongCallbackScript const*)
081b7750	7	_ZN14KDataBaseClass14LoadOldVersionEmPKhmPm	KDataBaseClass::LoadOldVersion(unsigned long,unsigned char const*,unsigned long,unsigned long *)
081b7760	23	_ZN14KDataBaseClass8LoadMoreEPKhmPm	KDataBaseClass::LoadMore(unsigned char const*,unsigned long,unsigned long *)
081b7780	7	_ZNK14KDataBaseClass14GetSaveLenMoreEv	KDataBaseClass::GetSaveLenMore(void)const
081b7790	19	_ZNK14KDataBaseClass8SaveMoreEPhmRm	KDataBaseClass::SaveMore(unsigned char *,unsigned long,unsigned long &)const
081b77b0	5	_ZN14KDataBaseClass9AfterLoadEv	KDataBaseClass::AfterLoad(void)
081b77c0	5	_ZN14KDataBaseClass8InitMoreEv	KDataBaseClass::InitMore(void)
081b77d0	7	_ZNK10KTongLogic12FindReceiverEmm	KTongLogic::FindReceiver(unsigned long,unsigned long)const
081b77e0	10	_ZN10KTongLogic15GetScriptSuffixEv	KTongLogic::GetScriptSuffix(void)
081b77f0	71	_ZN10KTongLogic16Tong_SetExpLevelEmm	KTongLogic::Tong_SetExpLevel(unsigned long,unsigned long)
081b7840	10	_ZN10KTongLogic8Tong_MsgEmPKc	KTongLogic::Tong_Msg(unsigned long,char const*)
081b7850	7	_ZN10KTongLogic19Member_Right_AssignEmmmPKmmPv	KTongLogic::Member_Right_Assign(unsigned long,unsigned long,unsigned long,unsigned long const*,unsigned long,void *)
081b7860	7	_ZN10KTongLogic18Member_Right_AwardEmmmmPK19TTongCallbackScript	KTongLogic::Member_Right_Award(unsigned long,unsigned long,unsigned long,unsigned long,TTongCallbackScript const*)
081b7870	7	_ZN10KTongLogic20Member_Right_RetractEmmmmPK19TTongCallbackScript	KTongLogic::Member_Right_Retract(unsigned long,unsigned long,unsigned long,unsigned long,TTongCallbackScript const*)
081b7880	61	_ZN10KTongLogic10Union_ListEPhm	KTongLogic::Union_List(unsigned char *,unsigned long)
081b78c0	10	_ZN10KTongLogic15Member_SetOfferEmmm	KTongLogic::Member_SetOffer(unsigned long,unsigned long,unsigned long)
081b78d0	10	_ZN10KTongLogic20Member_ChangeFeatureEmmm	KTongLogic::Member_ChangeFeature(unsigned long,unsigned long,unsigned long)
081b78e0	10	_ZN24KTongLogic_GameSvr_Apply15GetScriptSuffixEv	KTongLogic_GameSvr_Apply::GetScriptSuffix(void)
081b78f0	10	_ZN25KTongLogic_GameSvr_Result15GetScriptSuffixEv	KTongLogic_GameSvr_Result::GetScriptSuffix(void)
081b7900	18	_ZNK18KDWordSetDataClass14GetSaveLenMoreEv	KDWordSetDataClass::GetSaveLenMore(void)const
081b7920	18	_ZNK20KCommonPartTaskValue14GetSaveLenMoreEv	KCommonPartTaskValue::GetSaveLenMore(void)const
081b7940	87	_ZNSt8_Rb_treeImmSt9_IdentityImESt4lessImESaImEE4findERKm	std::_Rb_tree<unsigned long,unsigned long,std::_Identity<unsigned long>,std::less<unsigned long>,std::allocator<unsigned long>>::find(unsigned long const&)
081b79a0	65	_ZNK20KCommonPartTaskValue12GetTaskValueEt	KCommonPartTaskValue::GetTaskValue(unsigned short)const
081b79f0	10	_ZN17KDataMapDataClassI13KTongWorkshopE15AfterInsertAtomEmPS0_	KDataMapDataClass<KTongWorkshop>::AfterInsertAtom(unsigned long,KTongWorkshop*)
081b7a00	10	_ZN17KDataMapDataClassI11KTongMemberE15AfterInsertAtomEmPS0_	KDataMapDataClass<KTongMember>::AfterInsertAtom(unsigned long,KTongMember*)
081b7a10	10	_ZN17KDataMapDataClassI11KTongMemberE15BeforeEraseAtomEmPS0_	KDataMapDataClass<KTongMember>::BeforeEraseAtom(unsigned long,KTongMember*)
081b7a20	10	_ZN17KDataMapDataClassI13KTongWorkshopE15BeforeEraseAtomEmPS0_	KDataMapDataClass<KTongWorkshop>::BeforeEraseAtom(unsigned long,KTongWorkshop*)
081b7a30	58	_ZN17KDataMapDataClassI9KTongDataE7GetAtomEm	KDataMapDataClass<KTongData>::GetAtom(unsigned long)
081b7a70	62	_ZNSt8_Rb_treeImmSt9_IdentityImESt4lessImESaImEE11lower_boundERKm	std::_Rb_tree<unsigned long,unsigned long,std::_Identity<unsigned long>,std::less<unsigned long>,std::allocator<unsigned long>>::lower_bound(unsigned long const&)
081b7ab0	62	_ZNSt8_Rb_treeImmSt9_IdentityImESt4lessImESaImEE11upper_boundERKm	std::_Rb_tree<unsigned long,unsigned long,std::_Identity<unsigned long>,std::less<unsigned long>,std::allocator<unsigned long>>::upper_bound(unsigned long const&)
081b7af0	77	_ZNSt8_Rb_treeIN8KTongWar8KTONGWARES1_St9_IdentityIS1_ENS0_12less_tongwarESaIS1_EE11lower_boundERKS1_	std::_Rb_tree<KTongWar::KTONGWAR,KTongWar::KTONGWAR,std::_Identity<KTongWar::KTONGWAR>,KTongWar::less_tongwar,std::allocator<KTongWar::KTONGWAR>>::lower_bound(KTongWar::KTONGWAR const&)
081b7b40	79	_ZNSt8_Rb_treeIN8KTongWar8KTONGWARES1_St9_IdentityIS1_ENS0_12less_tongwarESaIS1_EE11upper_boundERKS1_	std::_Rb_tree<KTongWar::KTONGWAR,KTongWar::KTONGWAR,std::_Identity<KTongWar::KTONGWAR>,KTongWar::less_tongwar,std::allocator<KTongWar::KTONGWAR>>::upper_bound(KTongWar::KTONGWAR const&)
081b7b90	10	_ZNK16KStructDataClassIN10KTongUnion15tagKPrivateDataEE14GetSaveLenMoreEv	KStructDataClass<KTongUnion::tagKPrivateData>::GetSaveLenMore(void)const
081b7ba0	73	_ZNK15KTongMemberListILi1EE10GetSaveLenEv	KTongMemberList<1>::GetSaveLen(void)const
081b7bf0	10	_ZNK16KStructDataClassIN15KTongMemberListILi1EE15tagKPrivateDataEE14GetSaveLenMoreEv	KStructDataClass<KTongMemberList<1>::tagKPrivateData>::GetSaveLenMore(void)const
081b7c00	272	_ZNK15KTongMemberListILi0EE4SaveEPhmRm	KTongMemberList<0>::Save(unsigned char *,unsigned long,unsigned long &)const
081b7d10	10	_ZNK16KStructDataClassIN15KTongMemberListILi0EE15tagKPrivateDataEE14GetSaveLenMoreEv	KStructDataClass<KTongMemberList<0>::tagKPrivateData>::GetSaveLenMore(void)const
081b7d20	10	_ZNK16KStructDataClassIN9KTongData15tagKPrivateDataEE14GetSaveLenMoreEv	KStructDataClass<KTongData::tagKPrivateData>::GetSaveLenMore(void)const
081b7d30	10	_ZNK16KStructDataClassIN11KTongMember15tagKPrivateDataEE14GetSaveLenMoreEv	KStructDataClass<KTongMember::tagKPrivateData>::GetSaveLenMore(void)const
081b7d40	10	_ZNK16KStructDataClassIN17KTongWorkshopList15tagKPrivateDataEE14GetSaveLenMoreEv	KStructDataClass<KTongWorkshopList::tagKPrivateData>::GetSaveLenMore(void)const
081b7d50	59	_ZNSt8_Rb_treeImSt4pairIKmP11KTongMemberESt10_Select1stIS4_ESt4lessImESaIS4_EE8_M_eraseEPSt13_Rb_tree_nodeIS4_E	std::_Rb_tree<unsigned long,std::pair<unsigned long const,KTongMember *>,std::_Select1st<std::pair<unsigned long const,KTongMember *>>,std::less<unsigned long>,std::allocator<std::pair<unsigned long const,KTongMember *>>>::_M_erase(std::_Rb_tree_node<std::pair<unsigned long const,KTongMember *>> *)
081b7d90	59	_ZNSt8_Rb_treeImSt4pairIKmP13KTongWorkshopESt10_Select1stIS4_ESt4lessImESaIS4_EE8_M_eraseEPSt13_Rb_tree_nodeIS4_E	std::_Rb_tree<unsigned long,std::pair<unsigned long const,KTongWorkshop *>,std::_Select1st<std::pair<unsigned long const,KTongWorkshop *>>,std::less<unsigned long>,std::allocator<std::pair<unsigned long const,KTongWorkshop *>>>::_M_erase(std::_Rb_tree_node<std::pair<unsigned long const,KTongWorkshop *>> *)
081b7dd0	59	_ZNSt8_Rb_treeImmSt9_IdentityImESt4lessImESaImEE8_M_eraseEPSt13_Rb_tree_nodeImE	std::_Rb_tree<unsigned long,unsigned long,std::_Identity<unsigned long>,std::less<unsigned long>,std::allocator<unsigned long>>::_M_erase(std::_Rb_tree_node<unsigned long> *)
081b7e10	14	_ZN24KTongLogic_GameSvr_ApplyD1Ev	KTongLogic_GameSvr_Apply::~KTongLogic_GameSvr_Apply()
081b7e20	223	_ZN10KTongLogic15RunSuffixScriptEmmPKcS1_S1_z	KTongLogic::RunSuffixScript(unsigned long,unsigned long,char const*,char const*,char const*,...)
081b7f00	72	_ZN10KTongLogic30Member_Contribution2StoreOfferEmmmPK19TTongCallbackScript	KTongLogic::Member_Contribution2StoreOffer(unsigned long,unsigned long,unsigned long,TTongCallbackScript const*)
081b7f50	68	_ZN10KTongLogic22Member_Money2BuildFundEmmmPK19TTongCallbackScript	KTongLogic::Member_Money2BuildFund(unsigned long,unsigned long,unsigned long,TTongCallbackScript const*)
081b7fa0	152	_ZNSt8_Rb_treeImSt4pairIKmP9KTongDataESt10_Select1stIS4_ESt4lessImESaIS4_EE9_M_insertEPSt18_Rb_tree_node_baseSC_RKS4_	std::_Rb_tree<unsigned long,std::pair<unsigned long const,KTongData *>,std::_Select1st<std::pair<unsigned long const,KTongData *>>,std::less<unsigned long>,std::allocator<std::pair<unsigned long const,KTongData *>>>::_M_insert(std::_Rb_tree_node_base *,std::_Rb_tree_node_base *,std::pair<unsigned long const,KTongData *> const&)
081b8040	236	_ZNSt8_Rb_treeImSt4pairIKmP9KTongDataESt10_Select1stIS4_ESt4lessImESaIS4_EE13insert_uniqueERKS4_	std::_Rb_tree<unsigned long,std::pair<unsigned long const,KTongData *>,std::_Select1st<std::pair<unsigned long const,KTongData *>>,std::less<unsigned long>,std::allocator<std::pair<unsigned long const,KTongData *>>>::insert_unique(std::pair<unsigned long const,KTongData *> const&)
081b8130	152	_ZNSt8_Rb_treeImSt4pairIKmP10KTongUnionESt10_Select1stIS4_ESt4lessImESaIS4_EE9_M_insertEPSt18_Rb_tree_node_baseSC_RKS4_	std::_Rb_tree<unsigned long,std::pair<unsigned long const,KTongUnion *>,std::_Select1st<std::pair<unsigned long const,KTongUnion *>>,std::less<unsigned long>,std::allocator<std::pair<unsigned long const,KTongUnion *>>>::_M_insert(std::_Rb_tree_node_base *,std::_Rb_tree_node_base *,std::pair<unsigned long const,KTongUnion *> const&)
081b81d0	236	_ZNSt8_Rb_treeImSt4pairIKmP10KTongUnionESt10_Select1stIS4_ESt4lessImESaIS4_EE13insert_uniqueERKS4_	std::_Rb_tree<unsigned long,std::pair<unsigned long const,KTongUnion *>,std::_Select1st<std::pair<unsigned long const,KTongUnion *>>,std::less<unsigned long>,std::allocator<std::pair<unsigned long const,KTongUnion *>>>::insert_unique(std::pair<unsigned long const,KTongUnion *> const&)
081b82c0	152	_ZNSt8_Rb_treeImSt4pairIKmP11KTongMemberESt10_Select1stIS4_ESt4lessImESaIS4_EE9_M_insertEPSt18_Rb_tree_node_baseSC_RKS4_	std::_Rb_tree<unsigned long,std::pair<unsigned long const,KTongMember *>,std::_Select1st<std::pair<unsigned long const,KTongMember *>>,std::less<unsigned long>,std::allocator<std::pair<unsigned long const,KTongMember *>>>::_M_insert(std::_Rb_tree_node_base *,std::_Rb_tree_node_base *,std::pair<unsigned long const,KTongMember *> const&)
081b8360	236	_ZNSt8_Rb_treeImSt4pairIKmP11KTongMemberESt10_Select1stIS4_ESt4lessImESaIS4_EE13insert_uniqueERKS4_	std::_Rb_tree<unsigned long,std::pair<unsigned long const,KTongMember *>,std::_Select1st<std::pair<unsigned long const,KTongMember *>>,std::less<unsigned long>,std::allocator<std::pair<unsigned long const,KTongMember *>>>::insert_unique(std::pair<unsigned long const,KTongMember *> const&)
081b8450	152	_ZNSt8_Rb_treeImSt4pairIKmP13KTongWorkshopESt10_Select1stIS4_ESt4lessImESaIS4_EE9_M_insertEPSt18_Rb_tree_node_baseSC_RKS4_	std::_Rb_tree<unsigned long,std::pair<unsigned long const,KTongWorkshop *>,std::_Select1st<std::pair<unsigned long const,KTongWorkshop *>>,std::less<unsigned long>,std::allocator<std::pair<unsigned long const,KTongWorkshop *>>>::_M_insert(std::_Rb_tree_node_base *,std::_Rb_tree_node_base *,std::pair<unsigned long const,KTongWorkshop *> const&)
081b84f0	236	_ZNSt8_Rb_treeImSt4pairIKmP13KTongWorkshopESt10_Select1stIS4_ESt4lessImESaIS4_EE13insert_uniqueERKS4_	std::_Rb_tree<unsigned long,std::pair<unsigned long const,KTongWorkshop *>,std::_Select1st<std::pair<unsigned long const,KTongWorkshop *>>,std::less<unsigned long>,std::allocator<std::pair<unsigned long const,KTongWorkshop *>>>::insert_unique(std::pair<unsigned long const,KTongWorkshop *> const&)
081b85e0	189	_ZNSt8_Rb_treeIN8KTongWar8KTONGWARES1_St9_IdentityIS1_ENS0_12less_tongwarESaIS1_EE9_M_insertEPSt18_Rb_tree_node_baseS8_RKS1_	std::_Rb_tree<KTongWar::KTONGWAR,KTongWar::KTONGWAR,std::_Identity<KTongWar::KTONGWAR>,KTongWar::less_tongwar,std::allocator<KTongWar::KTONGWAR>>::_M_insert(std::_Rb_tree_node_base *,std::_Rb_tree_node_base *,KTongWar::KTONGWAR const&)
081b86a0	306	_ZNSt8_Rb_treeIN8KTongWar8KTONGWARES1_St9_IdentityIS1_ENS0_12less_tongwarESaIS1_EE13insert_uniqueERKS1_	std::_Rb_tree<KTongWar::KTONGWAR,KTongWar::KTONGWAR,std::_Identity<KTongWar::KTONGWAR>,KTongWar::less_tongwar,std::allocator<KTongWar::KTONGWAR>>::insert_unique(KTongWar::KTONGWAR const&)
081b87e0	106	_ZNSt8_Rb_treeImSt4pairIKmmESt10_Select1stIS2_ESt4lessImESaIS2_EE12insert_equalERKS2_	std::_Rb_tree<unsigned long,std::pair<unsigned long const,unsigned long>,std::_Select1st<std::pair<unsigned long const,unsigned long>>,std::less<unsigned long>,std::allocator<std::pair<unsigned long const,unsigned long>>>::insert_equal(std::pair<unsigned long const,unsigned long> const&)
081b8850	136	_ZNSt8_Rb_treeImmSt9_IdentityImESt4lessImESaImEE9_M_insertEPSt18_Rb_tree_node_baseS7_RKm	std::_Rb_tree<unsigned long,unsigned long,std::_Identity<unsigned long>,std::less<unsigned long>,std::allocator<unsigned long>>::_M_insert(std::_Rb_tree_node_base *,std::_Rb_tree_node_base *,unsigned long const&)
081b88e0	236	_ZNSt8_Rb_treeImmSt9_IdentityImESt4lessImESaImEE13insert_uniqueERKm	std::_Rb_tree<unsigned long,unsigned long,std::_Identity<unsigned long>,std::less<unsigned long>,std::allocator<unsigned long>>::insert_unique(unsigned long const&)
081b89d0	146	_ZNSt8_Rb_treeIN8KTongWar8KTONGWARES1_St9_IdentityIS1_ENS0_12less_tongwarESaIS1_EE5eraseESt17_Rb_tree_iteratorIS1_ES8_	std::_Rb_tree<KTongWar::KTONGWAR,KTongWar::KTONGWAR,std::_Identity<KTongWar::KTONGWAR>,KTongWar::less_tongwar,std::allocator<KTongWar::KTONGWAR>>::erase(std::_Rb_tree_iterator<KTongWar::KTONGWAR>,std::_Rb_tree_iterator<KTongWar::KTONGWAR>)
081b8a70	146	_ZNSt8_Rb_treeIN8KTongWar8KTONGWARES1_St9_IdentityIS1_ENS0_12less_tongwarESaIS1_EE5eraseERKS1_	std::_Rb_tree<KTongWar::KTONGWAR,KTongWar::KTONGWAR,std::_Identity<KTongWar::KTONGWAR>,KTongWar::less_tongwar,std::allocator<KTongWar::KTONGWAR>>::erase(KTongWar::KTONGWAR const&)
081b8b10	46	_ZNK16KStructDataClassIN17KTongWorkshopList15tagKPrivateDataEE8SaveMoreEPhmRm	KStructDataClass<KTongWorkshopList::tagKPrivateData>::SaveMore(unsigned char *,unsigned long,unsigned long &)const
081b8b40	60	_ZN16KStructDataClassIN17KTongWorkshopList15tagKPrivateDataEE8LoadMoreEPKhmPm	KStructDataClass<KTongWorkshopList::tagKPrivateData>::LoadMore(unsigned char const*,unsigned long,unsigned long *)
081b8b80	139	_ZNK16KStructDataClassIN11KTongMember15tagKPrivateDataEE8SaveMoreEPhmRm	KStructDataClass<KTongMember::tagKPrivateData>::SaveMore(unsigned char *,unsigned long,unsigned long &)const
081b8c10	153	_ZN16KStructDataClassIN11KTongMember15tagKPrivateDataEE8LoadMoreEPKhmPm	KStructDataClass<KTongMember::tagKPrivateData>::LoadMore(unsigned char const*,unsigned long,unsigned long *)
081b8cb0	73	_ZNK16KStructDataClassIN9KTongData15tagKPrivateDataEE8SaveMoreEPhmRm	KStructDataClass<KTongData::tagKPrivateData>::SaveMore(unsigned char *,unsigned long,unsigned long &)const
081b8d00	87	_ZN16KStructDataClassIN9KTongData15tagKPrivateDataEE8LoadMoreEPKhmPm	KStructDataClass<KTongData::tagKPrivateData>::LoadMore(unsigned char const*,unsigned long,unsigned long *)
081b8d60	46	_ZNK16KStructDataClassIN15KTongMemberListILi0EE15tagKPrivateDataEE8SaveMoreEPhmRm	KStructDataClass<KTongMemberList<0>::tagKPrivateData>::SaveMore(unsigned char *,unsigned long,unsigned long &)const
081b8d90	60	_ZN16KStructDataClassIN15KTongMemberListILi0EE15tagKPrivateDataEE8LoadMoreEPKhmPm	KStructDataClass<KTongMemberList<0>::tagKPrivateData>::LoadMore(unsigned char const*,unsigned long,unsigned long *)
081b8dd0	46	_ZNK16KStructDataClassIN15KTongMemberListILi1EE15tagKPrivateDataEE8SaveMoreEPhmRm	KStructDataClass<KTongMemberList<1>::tagKPrivateData>::SaveMore(unsigned char *,unsigned long,unsigned long &)const
081b8e00	60	_ZN16KStructDataClassIN15KTongMemberListILi1EE15tagKPrivateDataEE8LoadMoreEPKhmPm	KStructDataClass<KTongMemberList<1>::tagKPrivateData>::LoadMore(unsigned char const*,unsigned long,unsigned long *)
081b8e40	108	_ZNK16KStructDataClassIN10KTongUnion15tagKPrivateDataEE8SaveMoreEPhmRm	KStructDataClass<KTongUnion::tagKPrivateData>::SaveMore(unsigned char *,unsigned long,unsigned long &)const
081b8eb0	105	_ZN16KStructDataClassIN10KTongUnion15tagKPrivateDataEE8LoadMoreEPKhmPm	KStructDataClass<KTongUnion::tagKPrivateData>::LoadMore(unsigned char const*,unsigned long,unsigned long *)
081b8f20	57	_ZNK15KTongMemberListILi0EE11DBSaveChildEm	KTongMemberList<0>::DBSaveChild(unsigned long)const
081b8f60	57	_ZNK15KTongMemberListILi1EE11DBSaveChildEm	KTongMemberList<1>::DBSaveChild(unsigned long)const
081b8fa0	18	_ZNK14KTongRightList14GetSaveLenMoreEv	KTongRightList::GetSaveLenMore(void)const
081b8fc0	185	_ZNK20KCommonPartTaskValue8SaveMoreEPhmRm	KCommonPartTaskValue::SaveMore(unsigned char *,unsigned long,unsigned long &)const
081b9080	169	_ZNK17KDataMapDataClassI13KTongWorkshopE8SaveMoreEPhmRm	KDataMapDataClass<KTongWorkshop>::SaveMore(unsigned char *,unsigned long,unsigned long &)const
081b9130	278	_ZN12KTongSetting17GetWorkshopScriptEmPc	KTongSetting::GetWorkshopScript(unsigned long,char *)
081b9250	123	_ZNSt3mapItiSt4lessItESaISt4pairIKtiEEEixERS3_	std::map<unsigned short,int,std::less<unsigned short>,std::allocator<std::pair<unsigned short const,int>>>::operator[](unsigned short const&)
081b92d0	218	_ZN20KCommonPartTaskValue8LoadMoreEPKhmPm	KCommonPartTaskValue::LoadMore(unsigned char const*,unsigned long,unsigned long *)
081b93b0	593	_ZNSt8_Rb_treeImmSt9_IdentityImESt4lessImESaImEE13insert_uniqueESt17_Rb_tree_iteratorImERKm	std::_Rb_tree<unsigned long,unsigned long,std::_Identity<unsigned long>,std::less<unsigned long>,std::allocator<unsigned long>>::insert_unique(std::_Rb_tree_iterator<unsigned long>,unsigned long const&)
081b9610	74	_ZNSt8_Rb_treeImmSt9_IdentityImESt4lessImESaImEE13insert_uniqueIPKmEEvT_S9_	void std::_Rb_tree<unsigned long,unsigned long,std::_Identity<unsigned long>,std::less<unsigned long>,std::allocator<unsigned long>>::insert_unique<unsigned long const*>(unsigned long const*,unsigned long const*)
081b9660	71	_ZNK17KDataMapDataClassI13KTongWorkshopE14GetSaveLenMoreEv	KDataMapDataClass<KTongWorkshop>::GetSaveLenMore(void)const
081b96b0	169	_ZNK17KDataMapDataClassI11KTongMemberE8SaveMoreEPhmRm	KDataMapDataClass<KTongMember>::SaveMore(unsigned char *,unsigned long,unsigned long &)const
081b9760	71	_ZNK17KDataMapDataClassI11KTongMemberE14GetSaveLenMoreEv	KDataMapDataClass<KTongMember>::GetSaveLenMore(void)const
081b97b0	115	_ZNK14KTongRightList8SaveMoreEPhmRm	KTongRightList::SaveMore(unsigned char *,unsigned long,unsigned long &)const
081b9830	126	_ZNK18KDWordSetDataClass8SaveMoreEPhmRm	KDWordSetDataClass::SaveMore(unsigned char *,unsigned long,unsigned long &)const
081b98b0	18	_ZN25KTongLogic_GameSvr_ResultD0Ev	KTongLogic_GameSvr_Result::~KTongLogic_GameSvr_Result()
081b98d0	14	_ZN25KTongLogic_GameSvr_ResultD1Ev	KTongLogic_GameSvr_Result::~KTongLogic_GameSvr_Result()
081b98e0	18	_ZN24KTongLogic_GameSvr_ApplyD0Ev	KTongLogic_GameSvr_Apply::~KTongLogic_GameSvr_Apply()
081b9900	195	_ZN17KTongWorkshopList15BeforeEraseAtomEmP13KTongWorkshop	KTongWorkshopList::BeforeEraseAtom(unsigned long,KTongWorkshop *)
081b99d0	114	_ZN17KTongWorkshopList15AfterInsertAtomEmP13KTongWorkshop	KTongWorkshopList::AfterInsertAtom(unsigned long,KTongWorkshop *)
081b9a50	121	_ZNSt8_Rb_treeISsSt4pairIKSsP11KTongMemberESt10_Select1stIS4_ESt4lessISsESaIS4_EE8_M_eraseEPSt13_Rb_tree_nodeIS4_E	std::_Rb_tree<std::string,std::pair<std::string const,KTongMember *>,std::_Select1st<std::pair<std::string const,KTongMember *>>,std::less<std::string>,std::allocator<std::pair<std::string const,KTongMember *>>>::_M_erase(std::_Rb_tree_node<std::pair<std::string const,KTongMember *>> *)
081b9ad0	146	_ZNSt8_Rb_treeImmSt9_IdentityImESt4lessImESaImEE5eraseESt17_Rb_tree_iteratorImES7_	std::_Rb_tree<unsigned long,unsigned long,std::_Identity<unsigned long>,std::less<unsigned long>,std::allocator<unsigned long>>::erase(std::_Rb_tree_iterator<unsigned long>,std::_Rb_tree_iterator<unsigned long>)
081b9b70	146	_ZNSt8_Rb_treeImmSt9_IdentityImESt4lessImESaImEE5eraseERKm	std::_Rb_tree<unsigned long,unsigned long,std::_Identity<unsigned long>,std::less<unsigned long>,std::allocator<unsigned long>>::erase(unsigned long const&)
081b9c10	480	_ZNSt6vectorI11KTongRecordSaIS0_EE13_M_insert_auxEN9__gnu_cxx17__normal_iteratorIPS0_S2_EERKS0_	std::vector<KTongRecord,std::allocator<KTongRecord>>::_M_insert_aux(__gnu_cxx::__normal_iterator<KTongRecord*,std::vector<KTongRecord,std::allocator<KTongRecord>>>,KTongRecord const&)
081b9df0	201	_ZN15KTongRecordList8LoadMoreEPKhmPm	KTongRecordList::LoadMore(unsigned char const*,unsigned long,unsigned long *)
081b9ec0	20	_ZNK15KTongRecordList14GetSaveLenMoreEv	KTongRecordList::GetSaveLenMore(void)const
081b9ee0	171	_ZNK15KTongRecordList8SaveMoreEPhmRm	KTongRecordList::SaveMore(unsigned char *,unsigned long,unsigned long &)const
081b9f90	124	_ZN11KTongMember9AfterLoadEv	KTongMember::AfterLoad(void)
081ba010	81	_ZNK14KDataBaseClass10GetSaveLenEv	KDataBaseClass::GetSaveLen(void)const
081ba070	73	_ZNK15KTongMemberListILi0EE10GetSaveLenEv	KTongMemberList<0>::GetSaveLen(void)const
081ba0c0	529	_ZN14KDataBaseClass9SetLoadedEv	KDataBaseClass::SetLoaded(void)
081ba2e0	161	_ZN18KDWordSetDataClass8LoadMoreEPKhmPm	KDWordSetDataClass::LoadMore(unsigned char const*,unsigned long,unsigned long *)
081ba390	155	_ZNSt8_Rb_treeISsSt4pairIKSsP11KTongMemberESt10_Select1stIS4_ESt4lessISsESaIS4_EE11upper_boundERS1_	std::_Rb_tree<std::string,std::pair<std::string const,KTongMember *>,std::_Select1st<std::pair<std::string const,KTongMember *>>,std::less<std::string>,std::allocator<std::pair<std::string const,KTongMember *>>>::upper_bound(std::string const&)
081ba430	135	_ZN14KTongRightList8LoadMoreEPKhmPm	KTongRightList::LoadMore(unsigned char const*,unsigned long,unsigned long *)
081ba4c0	348	_ZNK9KTongData14GetMemberFirstERPK11KTongMemberi	KTongData::GetMemberFirst(KTongMember const*&,int)const
081ba620	272	_ZNK15KTongMemberListILi1EE4SaveEPhmRm	KTongMemberList<1>::Save(unsigned char *,unsigned long,unsigned long &)const
081ba730	319	_ZNK14KDataBaseClass4SaveEPhmRm	KDataBaseClass::Save(unsigned char *,unsigned long,unsigned long &)const
081ba870	222	_ZNSt8_Rb_treeISsSt4pairIKSsP11KTongMemberESt10_Select1stIS4_ESt4lessISsESaIS4_EE5eraseESt17_Rb_tree_iteratorIS4_ESC_	std::_Rb_tree<std::string,std::pair<std::string const,KTongMember *>,std::_Select1st<std::pair<std::string const,KTongMember *>>,std::less<std::string>,std::allocator<std::pair<std::string const,KTongMember *>>>::erase(std::_Rb_tree_iterator<std::pair<std::string const,KTongMember *>>,std::_Rb_tree_iterator<std::pair<std::string const,KTongMember *>>)
081ba950	146	_ZNSt8_Rb_treeISsSt4pairIKSsP11KTongMemberESt10_Select1stIS4_ESt4lessISsESaIS4_EE5eraseERS1_	std::_Rb_tree<std::string,std::pair<std::string const,KTongMember *>,std::_Select1st<std::pair<std::string const,KTongMember *>>,std::less<std::string>,std::allocator<std::pair<std::string const,KTongMember *>>>::erase(std::string const&)
081ba9f0	286	_ZN15KTongMemberListILi1EE15BeforeEraseAtomEmP11KTongMember	KTongMemberList<1>::BeforeEraseAtom(unsigned long,KTongMember *)
081bab10	286	_ZN15KTongMemberListILi0EE15BeforeEraseAtomEmP11KTongMember	KTongMemberList<0>::BeforeEraseAtom(unsigned long,KTongMember *)
081bac30	658	_ZN15KTongMemberListILi0EE15AfterInsertAtomEmP11KTongMember	KTongMemberList<0>::AfterInsertAtom(unsigned long,KTongMember *)
081baed0	658	_ZN15KTongMemberListILi1EE15AfterInsertAtomEmP11KTongMember	KTongMemberList<1>::AfterInsertAtom(unsigned long,KTongMember *)
081bb170	236	_ZN10KTongLogic14Tong_MaleTitleEmmPKc	KTongLogic::Tong_MaleTitle(unsigned long,unsigned long,char const*)
081bb260	288	_ZN9KTongData12SetTaskValueEti	KTongData::SetTaskValue(unsigned short,int)
081bb380	245	_ZN10KTongLogic17Tong_SetMoneyFundEmx	KTongLogic::Tong_SetMoneyFund(unsigned long,long long)
081bb480	496	_ZN10KTongLogic21Tong_AddHistoryRecordEmlPKc	KTongLogic::Tong_AddHistoryRecord(unsigned long,long,char const*)
081bb670	36	_ZNK14KDataBaseClass11DBSaveChildEm	KDataBaseClass::DBSaveChild(unsigned long)const
081bb6a0	236	_ZN10KTongLogic16Tong_FemaleTitleEmmPKc	KTongLogic::Tong_FemaleTitle(unsigned long,unsigned long,char const*)
081bb790	298	_ZN15KTongMemberListILi0EE4LoadEPKhmPm	KTongMemberList<0>::Load(unsigned char const*,unsigned long,unsigned long *)
081bb8c0	298	_ZN15KTongMemberListILi1EE4LoadEPKhmPm	KTongMemberList<1>::Load(unsigned char const*,unsigned long,unsigned long *)
081bb9f0	361	_ZN14KDataBaseClass4LoadEPKhmPm	KDataBaseClass::Load(unsigned char const*,unsigned long,unsigned long *)
081bbb60	344	_ZN10KTongLogic15Tong_MapCreatedEmmm	KTongLogic::Tong_MapCreated(unsigned long,unsigned long,unsigned long)
081bbcc0	747	_ZN14KDataBaseClass4InitEmPS_	KDataBaseClass::Init(unsigned long,KDataBaseClass*)
081bbfb0	110	_ZN10KTongLogic15Member_AddOfferEmmi	KTongLogic::Member_AddOffer(unsigned long,unsigned long,int)
081bc020	312	_ZN10KTongLogic12Member_TitleEmmmPKc	KTongLogic::Member_Title(unsigned long,unsigned long,unsigned long,char const*)
081bc160	128	_ZN20KCommonPartTaskValueC1EP21KTaskValueSynctorBase	KCommonPartTaskValue::KCommonPartTaskValue(KTaskValueSynctorBase *)
081bc1e0	162	_ZN20KCommonPartTaskValueD1Ev	KCommonPartTaskValue::~KCommonPartTaskValue()
081bc290	604	_ZN10KTongLogic22Member_AppendTaskValueEmmti	KTongLogic::Member_AppendTaskValue(unsigned long,unsigned long,unsigned short,int)
081bc4f0	123	_ZN13KTongDataList11GetWorkshopEmm	KTongDataList::GetWorkshop(unsigned long,unsigned long)
081bc570	490	_ZN10KTongLogic22Tong_ChangeCurrentCampEmh	KTongLogic::Tong_ChangeCurrentCamp(unsigned long,unsigned char)
081bc760	630	_ZN10KTongLogic20Tong_SetAnnouncementEmmPKcPK19TTongCallbackScript	KTongLogic::Tong_SetAnnouncement(unsigned long,unsigned long,char const*,TTongCallbackScript const*)
081bc9e0	143	_ZN10KTongLogic19Tong_WeeklyMaintainEm	KTongLogic::Tong_WeeklyMaintain(unsigned long)
081bca70	143	_ZN10KTongLogic13Tong_MaintainEm	KTongLogic::Tong_Maintain(unsigned long)
081bcb00	363	_ZN10KTongLogic13Union_AddTongEmm	KTongLogic::Union_AddTong(unsigned long,unsigned long)
081bcc70	219	_ZN10KTongLogic10CheckRightEmmm	KTongLogic::CheckRight(unsigned long,unsigned long,unsigned long)
081bcd50	129	_ZN10KTongLogic11Member_KickEmmmmmPK19TTongCallbackScript	KTongLogic::Member_Kick(unsigned long,unsigned long,unsigned long,unsigned long,unsigned long,TTongCallbackScript const*)
081bcde0	129	_ZN10KTongLogic30Member_StoreOffer2ContributionEmmmmPK19TTongCallbackScript	KTongLogic::Member_StoreOffer2Contribution(unsigned long,unsigned long,unsigned long,unsigned long,TTongCallbackScript const*)
081bce70	129	_ZN10KTongLogic30Member_StoreOffer2ContributionEmm18TONG_MEMBER_FIGUREmPK19TTongCallbackScript	KTongLogic::Member_StoreOffer2Contribution(unsigned long,unsigned long,TONG_MEMBER_FIGURE,unsigned long,TTongCallbackScript const*)
081bcf00	122	_ZN10KTongLogic22Tong_BuildFund2WarFundEmmmPK19TTongCallbackScript	KTongLogic::Tong_BuildFund2WarFund(unsigned long,unsigned long,unsigned long,TTongCallbackScript const*)
081bcf80	122	_ZN10KTongLogic13Tong_ClaimWarEmmmPK19TTongCallbackScript	KTongLogic::Tong_ClaimWar(unsigned long,unsigned long,unsigned long,TTongCallbackScript const*)
081bd000	681	_ZN10KTongLogic14Tong_SetMapBanEmmi	KTongLogic::Tong_SetMapBan(unsigned long,unsigned long,int)
081bd2b0	236	_ZN10KTongLogic13Tong_SetStuntEmmm	KTongLogic::Tong_SetStunt(unsigned long,unsigned long,unsigned long)
081bd3a0	194	_ZN10KTongLogic13Tong_CreatMapEmmm	KTongLogic::Tong_CreatMap(unsigned long,unsigned long,unsigned long)
081bd470	122	_ZN10KTongLogic24Tong_MoneyFund2BuildFundEmmmPK19TTongCallbackScript	KTongLogic::Tong_MoneyFund2BuildFund(unsigned long,unsigned long,unsigned long,TTongCallbackScript const*)
081bd4f0	131	_ZN10KTongLogic15Tong_ChangeCampEmmhPK19TTongCallbackScript	KTongLogic::Tong_ChangeCamp(unsigned long,unsigned long,unsigned char,TTongCallbackScript const*)
081bd580	645	_ZN10KTongLogic24Workshop_AppendTaskValueEmmti	KTongLogic::Workshop_AppendTaskValue(unsigned long,unsigned long,unsigned short,int)
081bd810	574	_ZN10KTongLogic25Workshop_AppendUTaskValueEmmti	KTongLogic::Workshop_AppendUTaskValue(unsigned long,unsigned long,unsigned short,int)
081bda50	584	_ZN10KTongLogic21Tong_AppendUTaskValueEmti	KTongLogic::Tong_AppendUTaskValue(unsigned long,unsigned short,int)
081bdca0	521	_ZN10KTongLogic19Member_SetTaskValueEmmti	KTongLogic::Member_SetTaskValue(unsigned long,unsigned long,unsigned short,int)
081bdeb0	529	_ZN10KTongLogic21Workshop_SetTaskValueEmmti	KTongLogic::Workshop_SetTaskValue(unsigned long,unsigned long,unsigned short,int)
081be0d0	516	_ZN10KTongLogic22Union_AppendUTaskValueEmti	KTongLogic::Union_AppendUTaskValue(unsigned long,unsigned short,int)
081be2e0	572	_ZN10KTongLogic23Member_AppendUTaskValueEmmti	KTongLogic::Member_AppendUTaskValue(unsigned long,unsigned long,unsigned short,int)
081be520	70	_ZNK11KTongMember9GetFigureEv	KTongMember::GetFigure(void)const
081be570	70	_ZNK11KTongMember8GetLevelEv	KTongMember::GetLevel(void)const
081be5c0	467	_ZN10KTongLogic18Union_SetTaskValueEmti	KTongLogic::Union_SetTaskValue(unsigned long,unsigned short,int)
081be7a0	1343	_ZN10KTongLogic17Tong_AddMoneyFundEmmx	KTongLogic::Tong_AddMoneyFund(unsigned long,unsigned long,long long)
081bece0	142	_ZN10KTongLogic14Tong_DeleteMapEm	KTongLogic::Tong_DeleteMap(unsigned long)
081bed70	240	_ZN10KTongLogic12Tong_UpgradeEmmmPK19TTongCallbackScript	KTongLogic::Tong_Upgrade(unsigned long,unsigned long,unsigned long,TTongCallbackScript const*)
081bee60	106	_ZNK10KTongLogic17Tong_GetTaskValueEmt	KTongLogic::Tong_GetTaskValue(unsigned long,unsigned short)const
081beed0	94	_ZNK11KTongMember25GetLastOnlineDateOrOnlineEv	KTongMember::GetLastOnlineDateOrOnline(void)const
081bef30	70	_ZNK11KTongMember14GetWeeklyOfferEv	KTongMember::GetWeeklyOffer(void)const
081bef80	70	_ZNK11KTongMember16GetWeekGoalOfferEv	KTongMember::GetWeekGoalOffer(void)const
081befd0	70	_ZNK11KTongMember13GetRetireDateEv	KTongMember::GetRetireDate(void)const
081bf020	628	_ZN15KTongMemberListILi0EE14LoadOldVersionEmPKhmPm	KTongMemberList<0>::LoadOldVersion(unsigned long,unsigned char const*,unsigned long,unsigned long *)
081bf2a0	629	_ZN15KTongMemberListILi1EE14LoadOldVersionEmPKhmPm	KTongMemberList<1>::LoadOldVersion(unsigned long,unsigned char const*,unsigned long,unsigned long *)
081bf520	473	_ZNK9KTongData13GetMemberNextERPK11KTongMemberi	KTongData::GetMemberNext(KTongMember const*&,int)const
081bf700	332	_ZN11KTongMemberD1Ev	KTongMember::~KTongMember()
081bf850	600	_ZN10KTongLogic13Member_RemoveEmm	KTongLogic::Member_Remove(unsigned long,unsigned long)
081bfab0	866	_ZN17KTongWorkshopListD1Ev	KTongWorkshopList::~KTongWorkshopList()
081bfe20	951	_ZN17KDataMapDataClassI11KTongMemberE8LoadAtomEmPKhmPm	KDataMapDataClass<KTongMember>::LoadAtom(unsigned long,unsigned char const*,unsigned long,unsigned long *)
081c01e0	170	_ZN17KDataMapDataClassI11KTongMemberE8LoadMoreEPKhmPm	KDataMapDataClass<KTongMember>::LoadMore(unsigned char const*,unsigned long,unsigned long *)
081c0290	256	_ZN10KTongLogic11Member_DataE18TongData_MemberKeyPhm	KTongLogic::Member_Data(TongData_MemberKey,unsigned char *,unsigned long)
081c0390	330	_ZN15KMemberAlloctor5AllocEv	KMemberAlloctor::Alloc(void)
081c04e0	285	_ZN11KTongMember12SetTaskValueEti	KTongMember::SetTaskValue(unsigned short,int)
081c0600	378	_ZN15KTongMemberListILi0EE15SetMemberFigureEmm	KTongMemberList<0>::SetMemberFigure(unsigned long,unsigned long)
081c0780	376	_ZN10KTongLogic17Member_AddOfferExEmmm	KTongLogic::Member_AddOfferEx(unsigned long,unsigned long,unsigned long)
081c0900	1129	_ZN10KTongLogic13Member_RetireEmmmiPK19TTongCallbackScript	KTongLogic::Member_Retire(unsigned long,unsigned long,unsigned long,int,TTongCallbackScript const*)
081c0d70	713	_ZN10KTongLogic13Member_FigureEmmmm	KTongLogic::Member_Figure(unsigned long,unsigned long,unsigned long,unsigned long)
081c1040	1527	_ZN10KTongLogic9Union_AddEmPKc	KTongLogic::Union_Add(unsigned long,char const*)
081c1640	582	_ZN17KDataMapDataClassI11KTongMemberED2Ev	KDataMapDataClass<KTongMember>::~KDataMapDataClass()
081c1890	572	_ZN10KTongLogic17Tong_SetTaskValueEmti	KTongLogic::Tong_SetTaskValue(unsigned long,unsigned short,int)
081c1ad0	205	_ZNK11KTongMember13GetDailyOfferEm	KTongMember::GetDailyOffer(unsigned long)const
081c1ba0	3192	_ZN10KTongLogic10Member_AddEmmPKcmmmmm	KTongLogic::Member_Add(unsigned long,unsigned long,char const*,unsigned long,unsigned long,unsigned long,unsigned long,unsigned long)
081c2820	229	_ZN10KTongLogic12Tong_DegradeEmmmPK19TTongCallbackScript	KTongLogic::Tong_Degrade(unsigned long,unsigned long,unsigned long,TTongCallbackScript const*)
081c2910	350	_ZN9KTongData9AfterLoadEv	KTongData::AfterLoad(void)
081c2a70	279	_ZN17KWorkShopAlloctor5AllocEv	KWorkShopAlloctor::Alloc(void)
081c2b90	143	_ZN10KTongLogic9Tong_InitEm	KTongLogic::Tong_Init(unsigned long)
081c2c20	569	_ZN10KTongLogic21Union_AppendTaskValueEmti	KTongLogic::Union_AppendTaskValue(unsigned long,unsigned short,int)
081c2e60	269	_ZN10KTongLogic15Tong_OnlineListEmPmm	KTongLogic::Tong_OnlineList(unsigned long,unsigned long *,unsigned long)
081c2f70	247	_ZN10KTongLogic16Union_Join_ApplyEmmm	KTongLogic::Union_Join_Apply(unsigned long,unsigned long,unsigned long)
081c3070	808	_ZN10KTongLogic16Union_RemoveTongEmm	KTongLogic::Union_RemoveTong(unsigned long,unsigned long)
081c33a0	3795	_ZN9KTongDataC1EP21KTaskValueSynctorBaseS1_S1_	KTongData::KTongData(KTaskValueSynctorBase *,KTaskValueSynctorBase *,KTaskValueSynctorBase *)
081c4280	4238	_ZN10KTongLogic8Tong_AddEPKcmS1_mmmm	KTongLogic::Tong_Add(char const*,unsigned long,char const*,unsigned long,unsigned long,unsigned long,unsigned long)
081c5310	2821	_ZN9KTongDataD1Ev	KTongData::~KTongData()
081c5e20	642	_ZN10KTongLogic9Tong_DataEmPhm	KTongLogic::Tong_Data(unsigned long,unsigned char *,unsigned long)
081c60b0	361	_ZN10KTongLogic11Tong_RemoveEm	KTongLogic::Tong_Remove(unsigned long)
081c6220	354	_ZN10KTongLogic11Tong_SetMapEmmm	KTongLogic::Tong_SetMap(unsigned long,unsigned long,unsigned long)
081c6390	538	_ZN10KTongLogic19Tong_AddEventRecordEmlPKc	KTongLogic::Tong_AddEventRecord(unsigned long,long,char const*)
081c65b0	465	_ZN10KTongLogic17Workshop_MaintainEmmmPK19TTongCallbackScript	KTongLogic::Workshop_Maintain(unsigned long,unsigned long,unsigned long,TTongCallbackScript const*)
081c6790	472	_ZN10KTongLogic12Workshop_UseEmmmmPK19TTongCallbackScript	KTongLogic::Workshop_Use(unsigned long,unsigned long,unsigned long,unsigned long,TTongCallbackScript const*)
081c6970	608	_ZN10KTongLogic16Workshop_DegradeEmmmmPK19TTongCallbackScript	KTongLogic::Workshop_Degrade(unsigned long,unsigned long,unsigned long,unsigned long,TTongCallbackScript const*)
081c6bd0	608	_ZN10KTongLogic16Workshop_UpgradeEmmmmPK19TTongCallbackScript	KTongLogic::Workshop_Upgrade(unsigned long,unsigned long,unsigned long,unsigned long,TTongCallbackScript const*)
081c6e30	503	_ZN10KTongLogic14Workshop_CloseEmmmPK19TTongCallbackScript	KTongLogic::Workshop_Close(unsigned long,unsigned long,unsigned long,TTongCallbackScript const*)
081c7030	930	_ZN10KTongLogic23Workshop_SetUseLevelSetEmmmmPK19TTongCallbackScript	KTongLogic::Workshop_SetUseLevelSet(unsigned long,unsigned long,unsigned long,unsigned long,TTongCallbackScript const*)
081c73e0	503	_ZN10KTongLogic13Workshop_OpenEmmmPK19TTongCallbackScript	KTongLogic::Workshop_Open(unsigned long,unsigned long,unsigned long,TTongCallbackScript const*)
081c75e0	567	_ZN10KTongLogic15Workshop_RemoveEmmmPK19TTongCallbackScript	KTongLogic::Workshop_Remove(unsigned long,unsigned long,unsigned long,TTongCallbackScript const*)
081c7820	951	_ZN10KTongLogic20Workshop_SetUseLevelEmmm	KTongLogic::Workshop_SetUseLevel(unsigned long,unsigned long,unsigned long)
081c7be0	370	_ZN10KTongLogic14Workshop_LearnEmmmmPK19TTongCallbackScript	KTongLogic::Workshop_Learn(unsigned long,unsigned long,unsigned long,unsigned long,TTongCallbackScript const*)
081c7d60	479	_ZN10KTongLogic13Member_RenameEmmPKc	KTongLogic::Member_Rename(unsigned long,unsigned long,char const*)
081c7f40	428	_ZN10KTongLogic17Union_Join_RefuseEmmmm	KTongLogic::Union_Join_Refuse(unsigned long,unsigned long,unsigned long,unsigned long)
081c80f0	1258	_ZN10KTongLogic12Union_RemoveEm	KTongLogic::Union_Remove(unsigned long)
081c85e0	517	_ZN10KTongLogic20Tong_AppendTaskValueEmti	KTongLogic::Tong_AppendTaskValue(unsigned long,unsigned short,int)
081c87f0	433	_ZN10KTongLogic13Member_OnlineEmmm	KTongLogic::Member_Online(unsigned long,unsigned long,unsigned long)
081c89b0	742	_ZN17KDataMapDataClassI13KTongWorkshopE8LoadMoreEPKhmPm	KDataMapDataClass<KTongWorkshop>::LoadMore(unsigned char const*,unsigned long,unsigned long *)
081c8ca0	173	_ZN10KTongUnion9AfterLoadEv	KTongUnion::AfterLoad(void)
081c8d50	686	_ZN10KTongLogic13Member_DeleteEmm	KTongLogic::Member_Delete(unsigned long,unsigned long)
081c9000	10	_Z15gGetTongManagerv	gGetTongManager(void)
081c9010	10	_ZN17KTongManagerAgent18Sync_TongTaskValueEP9KTongDatati	KTongManagerAgent::Sync_TongTaskValue(KTongData *,unsigned short,int)
081c9020	10	_ZN17KTongManagerAgent22Sync_WorkshopTaskValueEP13KTongWorkshopti	KTongManagerAgent::Sync_WorkshopTaskValue(KTongWorkshop *,unsigned short,int)
081c9030	10	_ZN17KTongManagerAgent20Sync_MemberTaskValueEP11KTongMemberti	KTongManagerAgent::Sync_MemberTaskValue(KTongMember *,unsigned short,int)
081c9040	65	_ZN17KTongManagerAgent18Sync_MemberTmpTaskEiti	KTongManagerAgent::Sync_MemberTmpTask(int,unsigned short,int)
081c9090	58	__tcf_0_55	__tcf_0_55
081c90d0	85	_ZN17KTongManagerAgent15CreateTongLogicEPP25KTongLogic_GameSvr_Result	KTongManagerAgent::CreateTongLogic(KTongLogic_GameSvr_Result **)
081c9130	85	_ZN17KTongManagerAgent15CreateTongLogicEPP24KTongLogic_GameSvr_Apply	KTongManagerAgent::CreateTongLogic(KTongLogic_GameSvr_Apply **)
081c9190	219	_ZN17KTongManagerAgent10InitializeEv	KTongManagerAgent::Initialize(void)
081c9270	23	__tcf_2_17	__tcf_2_17
081c9290	176	_ZN17KTongManagerAgent18ConfigureTongStuntEim	KTongManagerAgent::ConfigureTongStunt(int,unsigned long)
081c9340	176	_ZN17KTongManagerAgent16ConfigureTongMapEim	KTongManagerAgent::ConfigureTongMap(int,unsigned long)
081c93f0	115	_ZN17KTongManagerAgent12EnterTongMapEim	KTongManagerAgent::EnterTongMap(int,unsigned long)
081c9470	208	_ZN17KTongManagerAgent12UnInitializeEv	KTongManagerAgent::UnInitialize(void)
081c9540	23	__tcf_3_13	__tcf_3_13
081c9560	170	_ZN17KTongManagerAgent13Sync_TongListEiPK23TONG_LIST_PAGE_DATA_REQ	KTongManagerAgent::Sync_TongList(int,TONG_LIST_PAGE_DATA_REQ const*)
081c9610	339	_ZN17KTongManagerAgent13ApplyMsg2TongEmPKc	KTongManagerAgent::ApplyMsg2Tong(unsigned long,char const*)
081c9770	238	_ZN17KTongManagerAgent26Sync_MemberListFigureCountEim	KTongManagerAgent::Sync_MemberListFigureCount(int,unsigned long)
081c9860	381	_ZN17KTongManagerAgent19Sync_MemberListNameEiPK20TONG_MEMBER_BASE_REQ	KTongManagerAgent::Sync_MemberListName(int,TONG_MEMBER_BASE_REQ const*)
081c99e0	547	_ZN17KTongManagerAgent16Sync_MemberRightEimm	KTongManagerAgent::Sync_MemberRight(int,unsigned long,unsigned long)
081c9c10	317	_ZN17KTongManagerAgent17Sync_TongListNameEiPK13TONG_BASE_REQ	KTongManagerAgent::Sync_TongListName(int,TONG_BASE_REQ const*)
081c9d50	458	_ZN17KTongManagerAgent26Sync_TongHistoryRecordListEim	KTongManagerAgent::Sync_TongHistoryRecordList(int,unsigned long)
081c9f20	403	_ZN17KTongManagerAgent24Sync_TongEventRecordListEim	KTongManagerAgent::Sync_TongEventRecordList(int,unsigned long)
081ca0c0	192	_ZN17KTongManagerAgent21Sync_TongAnnouncementEim	KTongManagerAgent::Sync_TongAnnouncement(int,unsigned long)
081ca180	278	_ZN17KTongManagerAgent18Sync_MemberMixDataEimm	KTongManagerAgent::Sync_MemberMixData(int,unsigned long,unsigned long)
081ca2a0	1093	_ZN17KTongManagerAgent17Sync_TongWeekGoalEim	KTongManagerAgent::Sync_TongWeekGoal(int,unsigned long)
081ca6f0	200	_ZN17KTongManagerAgent17Sync_TongSynopsisEimt	KTongManagerAgent::Sync_TongSynopsis(int,unsigned long,unsigned short)
081ca7c0	402	_ZN17KTongManagerAgent18Sync_UnionListNameEiPK19TONG_UNION_BASE_REQ	KTongManagerAgent::Sync_UnionListName(int,TONG_UNION_BASE_REQ const*)
081ca960	1178	_ZN17KTongManagerAgent17Sync_WorkShopListEim	KTongManagerAgent::Sync_WorkShopList(int,unsigned long)
081cae00	148	_ZN17KTongManagerAgent14Sync_UnionListEiPK24TONG_UNION_PAGE_DATA_REQ	KTongManagerAgent::Sync_UnionList(int,TONG_UNION_PAGE_DATA_REQ const*)
081caea0	754	_ZN17KTongManagerAgent13Sync_TongHeadEim	KTongManagerAgent::Sync_TongHead(int,unsigned long)
081cb1a0	779	_ZN17KTongManagerAgent20ProcessRelayProtocolEPhj	KTongManagerAgent::ProcessRelayProtocol(unsigned char *,unsigned int)
081cb4b0	1003	_ZN17KTongManagerAgent19Sync_MemberSynopsisEimm	KTongManagerAgent::Sync_MemberSynopsis(int,unsigned long,unsigned long)
081cb8a0	762	_ZN17KTongManagerAgent18Sync_UnionTongListEim	KTongManagerAgent::Sync_UnionTongList(int,unsigned long)
081cbba0	1263	_ZN17KTongManagerAgent21Sync_MemberListFigureEim18TONG_MEMBER_FIGURE	KTongManagerAgent::Sync_MemberListFigure(int,unsigned long,TONG_MEMBER_FIGURE)
081cc090	782	_ZN17KTongManagerAgent15Sync_MemberListEiPK25TONG_MEMBER_PAGE_DATA_REQ	KTongManagerAgent::Sync_MemberList(int,TONG_MEMBER_PAGE_DATA_REQ const*)
081cc3a0	1717	_ZN17KTongManagerAgent21ProcessClientProtocolEiPh	KTongManagerAgent::ProcessClientProtocol(int,unsigned char *)
081cca60	195	__tcf_1_29	__tcf_1_29
081ccb30	3100	_Z41__static_initialization_and_destruction_0ii_66	_Z41__static_initialization_and_destruction_0ii_66
081cd750	19	_GLOBAL__I_g_TongLog	`global constructor keyed to'g_TongLog
081cd770	5	_ZN21KTaskValueSynctorBase13SyncTaskValueEPvti	KTaskValueSynctorBase::SyncTaskValue(void *,unsigned short,int)
081cd780	5	_ZN21KTaskValueSynctorBase13SyncTaskValueEPvtPKc	KTaskValueSynctorBase::SyncTaskValue(void *,unsigned short,char const*)
081cd790	20	_ZNK9KTongData14GetMemberCountEv	KTongData::GetMemberCount(void)const
081cd7b0	14	_ZNK9KTongData16GetWorkshopCountEv	KTongData::GetWorkshopCount(void)const
081cd7c0	14	_ZNK10KTongUnion8GetCountEv	KTongUnion::GetCount(void)const
081cd7d0	36	_ZNK10KUnionList11DBSaveChildEm	KUnionList::DBSaveChild(unsigned long)const
081cd800	36	_ZNK13KTongDataList11DBSaveChildEm	KTongDataList::DBSaveChild(unsigned long)const
081cd830	7	_ZN17KTongScriptRunner9RunScriptEmmmPKcS1_PcPiPS1_i	KTongScriptRunner::RunScript(unsigned long,unsigned long,unsigned long,char const*,char const*,char *,int *,char const**,int)
081cd840	4752	_ZN10KTongLogic15ProcessProtocolE14TongExProtocolPhm	KTongLogic::ProcessProtocol(TongExProtocol,unsigned char *,unsigned long)
081cead0	5	_ZN25KTaskValueSynctorSvr_Tong13SyncTaskValueEPvti	KTaskValueSynctorSvr_Tong::SyncTaskValue(void *,unsigned short,int)
081ceae0	5	_ZN29KTaskValueSynctorSvr_Workshop13SyncTaskValueEPvti	KTaskValueSynctorSvr_Workshop::SyncTaskValue(void *,unsigned short,int)
081ceaf0	5	_ZN27KTaskValueSynctorSvr_Member13SyncTaskValueEPvti	KTaskValueSynctorSvr_Member::SyncTaskValue(void *,unsigned short,int)
081ceb00	19	_ZN16KTongDataSenderTI16TongExProtocolGCE9Send_PackEPvmi	KTongDataSenderT<TongExProtocolGC>::Send_Pack(void *,unsigned long,int)
081ceb20	10	_ZN17KDataMapDataClassI10KTongUnionE15AfterInsertAtomEmPS0_	KDataMapDataClass<KTongUnion>::AfterInsertAtom(unsigned long,KTongUnion*)
081ceb30	10	_ZN17KDataMapDataClassI9KTongDataE15AfterInsertAtomEmPS0_	KDataMapDataClass<KTongData>::AfterInsertAtom(unsigned long,KTongData*)
081ceb40	10	_ZN17KDataMapDataClassI9KTongDataE15BeforeEraseAtomEmPS0_	KDataMapDataClass<KTongData>::BeforeEraseAtom(unsigned long,KTongData*)
081ceb50	87	_ZNKSt8_Rb_treeImSt4pairIKmP10KTongUnionESt10_Select1stIS4_ESt4lessImESaIS4_EE4findERS1_	std::_Rb_tree<unsigned long,std::pair<unsigned long const,KTongUnion *>,std::_Select1st<std::pair<unsigned long const,KTongUnion *>>,std::less<unsigned long>,std::allocator<std::pair<unsigned long const,KTongUnion *>>>::find(unsigned long const&)const
081cebb0	10	_ZN17KDataMapDataClassI10KTongUnionE15BeforeEraseAtomEmPS0_	KDataMapDataClass<KTongUnion>::BeforeEraseAtom(unsigned long,KTongUnion*)
081cebc0	53	_ZN13KTongManagerTI16KTongDataSenderTI16TongExProtocolRGES0_I16TongExProtocolGCE24KTongLogic_GameSvr_Apply25KTongLogic_GameSvr_Result22KTongScriptRunner_CoreE18GetTongMemberCountEPK9KTongDatai	KTongManagerT<KTongDataSenderT<TongExProtocolRG>,KTongDataSenderT<TongExProtocolGC>,KTongLogic_GameSvr_Apply,KTongLogic_GameSvr_Result,KTongScriptRunner_Core>::GetTongMemberCount(KTongData const*,int)
081cec00	62	_ZN13KTongManagerTI16KTongDataSenderTI16TongExProtocolRGES0_I16TongExProtocolGCE24KTongLogic_GameSvr_Apply25KTongLogic_GameSvr_Result22KTongScriptRunner_CoreE24GetTongMemberOnlineCountEPK9KTongDatai	KTongManagerT<KTongDataSenderT<TongExProtocolRG>,KTongDataSenderT<TongExProtocolGC>,KTongLogic_GameSvr_Apply,KTongLogic_GameSvr_Result,KTongScriptRunner_Core>::GetTongMemberOnlineCount(KTongData const*,int)
081cec40	10	_ZNK16KTongDataSenderTI16TongExProtocolGCE17GetProtHeaderSizeEv	KTongDataSenderT<TongExProtocolGC>::GetProtHeaderSize(void)const
081cec50	19	_ZN16KTongDataSenderTI16TongExProtocolRGE9Send_PackEPvmi	KTongDataSenderT<TongExProtocolRG>::Send_Pack(void *,unsigned long,int)
081cec70	10	_ZNK16KTongDataSenderTI16TongExProtocolRGE17GetProtHeaderSizeEv	KTongDataSenderT<TongExProtocolRG>::GetProtHeaderSize(void)const
081cec80	108	_ZN17KTongScriptRunner12RunScriptIntEmmPKcS1_S1_z	KTongScriptRunner::RunScriptInt(unsigned long,unsigned long,char const*,char const*,char const*,...)
081cecf0	59	_ZNSt8_Rb_treeImSt4pairIKmPK9KTongDataESt10_Select1stIS5_ESt4lessImESaIS5_EE8_M_eraseEPSt13_Rb_tree_nodeIS5_E	std::_Rb_tree<unsigned long,std::pair<unsigned long const,KTongData const*>,std::_Select1st<std::pair<unsigned long const,KTongData const*>>,std::less<unsigned long>,std::allocator<std::pair<unsigned long const,KTongData const*>>>::_M_erase(std::_Rb_tree_node<std::pair<unsigned long const,KTongData const*>> *)
081ced30	59	_ZNSt8_Rb_treeImSt4pairIKmP9KTongDataESt10_Select1stIS4_ESt4lessImESaIS4_EE8_M_eraseEPSt13_Rb_tree_nodeIS4_E	std::_Rb_tree<unsigned long,std::pair<unsigned long const,KTongData *>,std::_Select1st<std::pair<unsigned long const,KTongData *>>,std::less<unsigned long>,std::allocator<std::pair<unsigned long const,KTongData *>>>::_M_erase(std::_Rb_tree_node<std::pair<unsigned long const,KTongData *>> *)
081ced70	59	_ZNSt8_Rb_treeImSt4pairIKmPK10KTongUnionESt10_Select1stIS5_ESt4lessImESaIS5_EE8_M_eraseEPSt13_Rb_tree_nodeIS5_E	std::_Rb_tree<unsigned long,std::pair<unsigned long const,KTongUnion const*>,std::_Select1st<std::pair<unsigned long const,KTongUnion const*>>,std::less<unsigned long>,std::allocator<std::pair<unsigned long const,KTongUnion const*>>>::_M_erase(std::_Rb_tree_node<std::pair<unsigned long const,KTongUnion const*>> *)
081cedb0	59	_ZNSt8_Rb_treeImSt4pairIKmP10KTongUnionESt10_Select1stIS4_ESt4lessImESaIS4_EE8_M_eraseEPSt13_Rb_tree_nodeIS4_E	std::_Rb_tree<unsigned long,std::pair<unsigned long const,KTongUnion *>,std::_Select1st<std::pair<unsigned long const,KTongUnion *>>,std::less<unsigned long>,std::allocator<std::pair<unsigned long const,KTongUnion *>>>::_M_erase(std::_Rb_tree_node<std::pair<unsigned long const,KTongUnion *>> *)
081cedf0	59	_ZNSt8_Rb_treeImSt4pairIKmPK11KTongMemberESt10_Select1stIS5_ESt4lessImESaIS5_EE8_M_eraseEPSt13_Rb_tree_nodeIS5_E	std::_Rb_tree<unsigned long,std::pair<unsigned long const,KTongMember const*>,std::_Select1st<std::pair<unsigned long const,KTongMember const*>>,std::less<unsigned long>,std::allocator<std::pair<unsigned long const,KTongMember const*>>>::_M_erase(std::_Rb_tree_node<std::pair<unsigned long const,KTongMember const*>> *)
081cee30	152	_ZNSt8_Rb_treeImSt4pairIKmPK9KTongDataESt10_Select1stIS5_ESt4lessImESaIS5_EE9_M_insertEPSt18_Rb_tree_node_baseSD_RKS5_	std::_Rb_tree<unsigned long,std::pair<unsigned long const,KTongData const*>,std::_Select1st<std::pair<unsigned long const,KTongData const*>>,std::less<unsigned long>,std::allocator<std::pair<unsigned long const,KTongData const*>>>::_M_insert(std::_Rb_tree_node_base *,std::_Rb_tree_node_base *,std::pair<unsigned long const,KTongData const*> const&)
081ceed0	106	_ZNSt8_Rb_treeImSt4pairIKmPK9KTongDataESt10_Select1stIS5_ESt4lessImESaIS5_EE12insert_equalERKS5_	std::_Rb_tree<unsigned long,std::pair<unsigned long const,KTongData const*>,std::_Select1st<std::pair<unsigned long const,KTongData const*>>,std::less<unsigned long>,std::allocator<std::pair<unsigned long const,KTongData const*>>>::insert_equal(std::pair<unsigned long const,KTongData const*> const&)
081cef40	152	_ZNSt8_Rb_treeImSt4pairIKmPK10KTongUnionESt10_Select1stIS5_ESt4lessImESaIS5_EE9_M_insertEPSt18_Rb_tree_node_baseSD_RKS5_	std::_Rb_tree<unsigned long,std::pair<unsigned long const,KTongUnion const*>,std::_Select1st<std::pair<unsigned long const,KTongUnion const*>>,std::less<unsigned long>,std::allocator<std::pair<unsigned long const,KTongUnion const*>>>::_M_insert(std::_Rb_tree_node_base *,std::_Rb_tree_node_base *,std::pair<unsigned long const,KTongUnion const*> const&)
081cefe0	106	_ZNSt8_Rb_treeImSt4pairIKmPK10KTongUnionESt10_Select1stIS5_ESt4lessImESaIS5_EE12insert_equalERKS5_	std::_Rb_tree<unsigned long,std::pair<unsigned long const,KTongUnion const*>,std::_Select1st<std::pair<unsigned long const,KTongUnion const*>>,std::less<unsigned long>,std::allocator<std::pair<unsigned long const,KTongUnion const*>>>::insert_equal(std::pair<unsigned long const,KTongUnion const*> const&)
081cf050	152	_ZNSt8_Rb_treeImSt4pairIKmPK11KTongMemberESt10_Select1stIS5_ESt4lessImESaIS5_EE9_M_insertEPSt18_Rb_tree_node_baseSD_RKS5_	std::_Rb_tree<unsigned long,std::pair<unsigned long const,KTongMember const*>,std::_Select1st<std::pair<unsigned long const,KTongMember const*>>,std::less<unsigned long>,std::allocator<std::pair<unsigned long const,KTongMember const*>>>::_M_insert(std::_Rb_tree_node_base *,std::_Rb_tree_node_base *,std::pair<unsigned long const,KTongMember const*> const&)
081cf0f0	106	_ZNSt8_Rb_treeImSt4pairIKmPK11KTongMemberESt10_Select1stIS5_ESt4lessImESaIS5_EE12insert_equalERKS5_	std::_Rb_tree<unsigned long,std::pair<unsigned long const,KTongMember const*>,std::_Select1st<std::pair<unsigned long const,KTongMember const*>>,std::less<unsigned long>,std::allocator<std::pair<unsigned long const,KTongMember const*>>>::insert_equal(std::pair<unsigned long const,KTongMember const*> const&)
081cf160	182	_ZN16KTongDataSenderTI16TongExProtocolRGE20SendTongMemberDataExE14TongExProtocolmmmPKvmi	KTongDataSenderT<TongExProtocolRG>::SendTongMemberDataEx(TongExProtocol,unsigned long,unsigned long,unsigned long,void const*,unsigned long,int)
081cf220	182	_ZN16KTongDataSenderTI16TongExProtocolGCE20SendTongMemberDataExE14TongExProtocolmmmPKvmi	KTongDataSenderT<TongExProtocolGC>::SendTongMemberDataEx(TongExProtocol,unsigned long,unsigned long,unsigned long,void const*,unsigned long,int)
081cf2e0	51	_ZN14KDataBaseClassD2Ev	KDataBaseClass::~KDataBaseClass()
081cf320	160	_ZN17KTongScriptRunner9RunScriptEmmPKcS1_S1_PcPiPS1_i	KTongScriptRunner::RunScript(unsigned long,unsigned long,char const*,char const*,char const*,char *,int *,char const**,int)
081cf3c0	307	_ZN16KTongDataSenderTI16TongExProtocolGCE11Send_BufferE14TongExProtocolPKvmi	KTongDataSenderT<TongExProtocolGC>::Send_Buffer(TongExProtocol,void const*,unsigned long,int)
081cf500	307	_ZN16KTongDataSenderTI16TongExProtocolRGE11Send_BufferE14TongExProtocolPKvmi	KTongDataSenderT<TongExProtocolRG>::Send_Buffer(TongExProtocol,void const*,unsigned long,int)
081cf640	360	_ZN16KTongDataSenderTI16TongExProtocolRGE15Send_TongBufferEiPK14KDataBaseClassi	KTongDataSenderT<TongExProtocolRG>::Send_TongBuffer(int,KDataBaseClass const*,int)
081cf7b0	169	_ZNK17KDataMapDataClassI9KTongDataE8SaveMoreEPhmRm	KDataMapDataClass<KTongData>::SaveMore(unsigned char *,unsigned long,unsigned long &)const
081cf860	169	_ZNK17KDataMapDataClassI10KTongUnionE8SaveMoreEPhmRm	KDataMapDataClass<KTongUnion>::SaveMore(unsigned char *,unsigned long,unsigned long &)const
081cf910	71	_ZNK17KDataMapDataClassI9KTongDataE14GetSaveLenMoreEv	KDataMapDataClass<KTongData>::GetSaveLenMore(void)const
081cf960	71	_ZNK17KDataMapDataClassI10KTongUnionE14GetSaveLenMoreEv	KDataMapDataClass<KTongUnion>::GetSaveLenMore(void)const
081cf9b0	360	_ZN16KTongDataSenderTI16TongExProtocolGCE15Send_TongBufferEiPK14KDataBaseClassi	KTongDataSenderT<TongExProtocolGC>::Send_TongBuffer(int,KDataBaseClass const*,int)
081cfb20	1028	_ZN18KSort4MapDataClassI13KTongDataList9KTongData17KTongListPageDataLm25ELm180EE11GetPageDataEtmRS2_m	KSort4MapDataClass<KTongDataList,KTongData,KTongListPageData,25ul,180ul>::GetPageData(unsigned short,unsigned long,KTongListPageData&,unsigned long)
081cff30	819	_ZN16KTongDataSenderTI16TongExProtocolRGE19Send_TongDataBufferE14TongExProtocolmmP14KDataBaseClassPK19TTongCallbackScripti	KTongDataSenderT<TongExProtocolRG>::Send_TongDataBuffer(TongExProtocol,unsigned long,unsigned long,KDataBaseClass *,TTongCallbackScript const*,int)
081d0270	164	_ZN16KTongDataSenderTI16TongExProtocolRGE15Send_TongData12E14TongExProtocolmmmmmPK19TTongCallbackScripti	KTongDataSenderT<TongExProtocolRG>::Send_TongData12(TongExProtocol,unsigned long,unsigned long,unsigned long,unsigned long,unsigned long,TTongCallbackScript const*,int)
081d0320	158	_ZN16KTongDataSenderTI16TongExProtocolRGE14Send_TongData8E14TongExProtocolmmmmPK19TTongCallbackScripti	KTongDataSenderT<TongExProtocolRG>::Send_TongData8(TongExProtocol,unsigned long,unsigned long,unsigned long,unsigned long,TTongCallbackScript const*,int)
081d03c0	158	_ZN16KTongDataSenderTI16TongExProtocolRGE14Send_TongData4E14TongExProtocolmmmPK19TTongCallbackScripti	KTongDataSenderT<TongExProtocolRG>::Send_TongData4(TongExProtocol,unsigned long,unsigned long,unsigned long,TTongCallbackScript const*,int)
081d0460	158	_ZN16KTongDataSenderTI16TongExProtocolRGE14Send_TongData1E14TongExProtocolmmhPK19TTongCallbackScripti	KTongDataSenderT<TongExProtocolRG>::Send_TongData1(TongExProtocol,unsigned long,unsigned long,unsigned char,TTongCallbackScript const*,int)
081d0500	819	_ZN16KTongDataSenderTI16TongExProtocolGCE19Send_TongDataBufferE14TongExProtocolmmP14KDataBaseClassPK19TTongCallbackScripti	KTongDataSenderT<TongExProtocolGC>::Send_TongDataBuffer(TongExProtocol,unsigned long,unsigned long,KDataBaseClass *,TTongCallbackScript const*,int)
081d0840	164	_ZN16KTongDataSenderTI16TongExProtocolGCE15Send_TongData12E14TongExProtocolmmmmmPK19TTongCallbackScripti	KTongDataSenderT<TongExProtocolGC>::Send_TongData12(TongExProtocol,unsigned long,unsigned long,unsigned long,unsigned long,unsigned long,TTongCallbackScript const*,int)
081d08f0	158	_ZN16KTongDataSenderTI16TongExProtocolGCE14Send_TongData8E14TongExProtocolmmmmPK19TTongCallbackScripti	KTongDataSenderT<TongExProtocolGC>::Send_TongData8(TongExProtocol,unsigned long,unsigned long,unsigned long,unsigned long,TTongCallbackScript const*,int)
081d0990	158	_ZN16KTongDataSenderTI16TongExProtocolGCE14Send_TongData4E14TongExProtocolmmmPK19TTongCallbackScripti	KTongDataSenderT<TongExProtocolGC>::Send_TongData4(TongExProtocol,unsigned long,unsigned long,unsigned long,TTongCallbackScript const*,int)
081d0a30	158	_ZN16KTongDataSenderTI16TongExProtocolGCE14Send_TongData1E14TongExProtocolmmhPK19TTongCallbackScripti	KTongDataSenderT<TongExProtocolGC>::Send_TongData1(TongExProtocol,unsigned long,unsigned long,unsigned char,TTongCallbackScript const*,int)
081d0ad0	60	_ZN16KTongDataSenderTI16TongExProtocolGCED0Ev	KTongDataSenderT<TongExProtocolGC>::~KTongDataSenderT()
081d0b10	53	_ZN16KTongDataSenderTI16TongExProtocolGCED1Ev	KTongDataSenderT<TongExProtocolGC>::~KTongDataSenderT()
081d0b50	60	_ZN16KTongDataSenderTI16TongExProtocolRGED0Ev	KTongDataSenderT<TongExProtocolRG>::~KTongDataSenderT()
081d0b90	53	_ZN16KTongDataSenderTI16TongExProtocolRGED1Ev	KTongDataSenderT<TongExProtocolRG>::~KTongDataSenderT()
081d0bd0	263	_ZN13KTongDataList15BeforeEraseAtomEmP9KTongData	KTongDataList::BeforeEraseAtom(unsigned long,KTongData *)
081d0ce0	70	_ZNK9KTongData10GetUnionIDEv	KTongData::GetUnionID(void)const
081d0d30	130	_ZNK9KTongData11GetExpLevelEv	KTongData::GetExpLevel(void)const
081d0dc0	1121	_ZN17KDataMapDataClassI10KTongUnionE8LoadMoreEPKhmPm	KDataMapDataClass<KTongUnion>::LoadMore(unsigned char const*,unsigned long,unsigned long *)
081d1230	1226	_ZN18KSort4MapDataClassI10KUnionList10KTongUnion18KTongUnionPageDataLm25ELm180EE11GetPageDataEtmRS2_m	KSort4MapDataClass<KUnionList,KTongUnion,KTongUnionPageData,25ul,180ul>::GetPageData(unsigned short,unsigned long,KTongUnionPageData&,unsigned long)
081d1700	187	_ZNK9KTongData24GetBuildLevelAndExpLevelEv	KTongData::GetBuildLevelAndExpLevel(void)const
081d17c0	1752	_ZNK13KTongDataList11GetTongHeadEmR11KTongInfoEx	KTongDataList::GetTongHead(unsigned long,KTongInfoEx &)const
081d1ea0	2471	_ZN18KSort4MapDataClassI22KTongSort4MemberOnlineILi4EE11KTongMember19KTongMemberPageDataLm25ELm180EE11GetPageDataEtmRS3_m	KSort4MapDataClass<KTongSort4MemberOnline<4>,KTongMember,KTongMemberPageData,25ul,180ul>::GetPageData(unsigned short,unsigned long,KTongMemberPageData&,unsigned long)
081d2850	2838	_ZN18KSort4MapDataClassI22KTongSort4MemberOnlineILin1EE11KTongMember19KTongMemberPageDataLm25ELm180EE11GetPageDataEtmRS3_m	KSort4MapDataClass<KTongSort4MemberOnline<-1>,KTongMember,KTongMemberPageData,25ul,180ul>::GetPageData(unsigned short,unsigned long,KTongMemberPageData&,unsigned long)
081d3370	2052	_ZN18KSort4MapDataClassI19KTongSort4MemberAllILin1EE11KTongMember19KTongMemberPageDataLm25ELm180EE11GetPageDataEtmRS3_m	KSort4MapDataClass<KTongSort4MemberAll<-1>,KTongMember,KTongMemberPageData,25ul,180ul>::GetPageData(unsigned short,unsigned long,KTongMemberPageData&,unsigned long)
081d3b80	1707	_ZN18KSort4MapDataClassI19KTongSort4MemberAllILi4EE11KTongMember19KTongMemberPageDataLm25ELm180EE11GetPageDataEtmRS3_m	KSort4MapDataClass<KTongSort4MemberAll<4>,KTongMember,KTongMemberPageData,25ul,180ul>::GetPageData(unsigned short,unsigned long,KTongMemberPageData&,unsigned long)
081d4230	1362	_ZN13KTongDataListD1Ev	KTongDataList::~KTongDataList()
081d4790	218	_ZN13KTongManagerTI16KTongDataSenderTI16TongExProtocolRGES0_I16TongExProtocolGCE24KTongLogic_GameSvr_Apply25KTongLogic_GameSvr_Result22KTongScriptRunner_CoreED0Ev	KTongManagerT<KTongDataSenderT<TongExProtocolRG>,KTongDataSenderT<TongExProtocolGC>,KTongLogic_GameSvr_Apply,KTongLogic_GameSvr_Result,KTongScriptRunner_Core>::~KTongManagerT()
081d4870	210	_ZN13KTongManagerTI16KTongDataSenderTI16TongExProtocolRGES0_I16TongExProtocolGCE24KTongLogic_GameSvr_Apply25KTongLogic_GameSvr_Result22KTongScriptRunner_CoreED1Ev	KTongManagerT<KTongDataSenderT<TongExProtocolRG>,KTongDataSenderT<TongExProtocolGC>,KTongLogic_GameSvr_Apply,KTongLogic_GameSvr_Result,KTongScriptRunner_Core>::~KTongManagerT()
081d4950	218	_ZN17KTongManagerAgentD0Ev	KTongManagerAgent::~KTongManagerAgent()
081d4a30	210	_ZN17KTongManagerAgentD1Ev	KTongManagerAgent::~KTongManagerAgent()
081d4b10	88	_ZN14KTongDataAlloc5AllocEv	KTongDataAlloc::Alloc(void)
081d4b70	1138	_ZN17KDataMapDataClassI9KTongDataE8LoadMoreEPKhmPm	KDataMapDataClass<KTongData>::LoadMore(unsigned char const*,unsigned long,unsigned long *)
081d4ff0	10	_Z26GetServerSettingFuncsCountv	GetServerSettingFuncsCount(void)
081d5000	10	_Z20GetNpcInfoFuncsCountv	GetNpcInfoFuncsCount(void)
081d5010	10	_Z25GetGameSpreaderFuncsCountv	GetGameSpreaderFuncsCount(void)
081d5020	10	_Z25GetWatchGameLuaFuncsCountv	GetWatchGameLuaFuncsCount(void)
081d5030	10	_Z24GetControlTongFuncsCountv	GetControlTongFuncsCount(void)
081d5040	10	_Z18GetTimerFuncsCountv	GetTimerFuncsCount(void)
081d5050	10	_Z21GetDiceItemFuncsCountv	GetDiceItemFuncsCount(void)
081d5060	144	_Z41__static_initialization_and_destruction_0ii_67	_Z41__static_initialization_and_destruction_0ii_67
081d50f0	19	_GLOBAL__I__ZN17KDataTableManager13m_mpDataTableE	`global constructor keyed to'KDataTableManager::m_mpDataTable
081d5110	16	__tcf_1_30	__tcf_1_30
081d5120	76	_Z22LuaSetCouldDisbandTongP9lua_State	LuaSetCouldDisbandTong(lua_State *)
081d5170	76	_Z19LuaSetCouldKickTongP9lua_State	LuaSetCouldKickTong(lua_State *)
081d51c0	76	_Z19LuaSetCouldQuitTongP9lua_State	LuaSetCouldQuitTong(lua_State *)
081d5210	155	_Z32Lua_NPCINFO_SetNpcCurrentMaxManaP9lua_State	Lua_NPCINFO_SetNpcCurrentMaxMana(lua_State *)
081d52b0	155	_Z32Lua_NPCINFO_SetNpcCurrentMaxLifeP9lua_State	Lua_NPCINFO_SetNpcCurrentMaxLife(lua_State *)
081d5350	211	_Z21Lua_SetNpcScriptParamP9lua_State	Lua_SetNpcScriptParam(lua_State *)
081d5430	117	_Z19LuaGetItemDiceStateP9lua_State	LuaGetItemDiceState(lua_State *)
081d54b0	112	_Z29Lua_NPCINFO_GetNpcCurrentManaP9lua_State	Lua_NPCINFO_GetNpcCurrentMana(lua_State *)
081d5520	112	_Z29Lua_NPCINFO_GetNpcCurrentLifeP9lua_State	Lua_NPCINFO_GetNpcCurrentLife(lua_State *)
081d5590	131	_Z32Lua_NPCINFO_GetNpcCurrentMaxManaP9lua_State	Lua_NPCINFO_GetNpcCurrentMaxMana(lua_State *)
081d5620	131	_Z32Lua_NPCINFO_GetNpcCurrentMaxLifeP9lua_State	Lua_NPCINFO_GetNpcCurrentMaxLife(lua_State *)
081d56b0	152	_Z28Lua_NPCINFO_GetNpcTemplateIdP9lua_State	Lua_NPCINFO_GetNpcTemplateId(lua_State *)
081d5750	149	_Z24Lua_NPCINFO_GetNpcSeriesP9lua_State	Lua_NPCINFO_GetNpcSeries(lua_State *)
081d57f0	149	_Z23Lua_NPCINFO_GetNpcLevelP9lua_State	Lua_NPCINFO_GetNpcLevel(lua_State *)
081d5890	192	_Z21Lua_GetNpcScriptParamP9lua_State	Lua_GetNpcScriptParam(lua_State *)
081d5950	99	_Z16LuaSetNpcExpRateP9lua_State	LuaSetNpcExpRate(lua_State *)
081d59c0	34	_Z16LuaGetNpcExpRateP9lua_State	LuaGetNpcExpRate(lua_State *)
081d59f0	139	_Z22Lua_NPCINFO_SetMaxManaP9lua_State	Lua_NPCINFO_SetMaxMana(lua_State *)
081d5a80	139	_Z22Lua_NPCINFO_SetMaxLifeP9lua_State	Lua_NPCINFO_SetMaxLife(lua_State *)
081d5b10	83	_Z21LuaGetRenascenceCountP9lua_State	LuaGetRenascenceCount(lua_State *)
081d5b70	89	_Z14LuaIsTransLifeP9lua_State	LuaIsTransLife(lua_State *)
081d5bd0	112	_Z21Lua_ST_UseCurCampTeamP9lua_State	Lua_ST_UseCurCampTeam(lua_State *)
081d5c40	101	_Z20LuaSetPlayerGameTimeP9lua_State	LuaSetPlayerGameTime(lua_State *)
081d5cb0	65	_Z24Lua_ST_StopDamageCounterP9lua_State	Lua_ST_StopDamageCounter(lua_State *)
081d5d00	65	_Z25Lua_ST_StartDamageCounterP9lua_State	Lua_ST_StartDamageCounter(lua_State *)
081d5d50	75	_Z21Lua_ST_GetDamageCountP9lua_State	Lua_ST_GetDamageCount(lua_State *)
081d5da0	123	_Z26Lua_ST_IncreaseDamageCountP9lua_State	Lua_ST_IncreaseDamageCount(lua_State *)
081d5e20	130	_Z21Lua_ST_SetDamageCountP9lua_State	Lua_ST_SetDamageCount(lua_State *)
081d5eb0	105	_Z17LuaCheckLockStateP9lua_State	LuaCheckLockState(lua_State *)
081d5f20	67	_Z15LuaIsStallStateP9lua_State	LuaIsStallState(lua_State *)
081d5f70	146	_Z24LuaOpenWatchGameInputDlgP9lua_State	LuaOpenWatchGameInputDlg(lua_State *)
081d6010	226	_Z20LuaST_SyncMiniMapObjP9lua_State	LuaST_SyncMiniMapObj(lua_State *)
081d6100	571	_Z18LuaAddDiceItemInfoP9lua_State	LuaAddDiceItemInfo(lua_State *)
081d6340	469	_Z16LuaApplyItemDiceP9lua_State	LuaApplyItemDice(lua_State *)
081d6520	202	_Z15Lua_TM_HasTimerP9lua_State	Lua_TM_HasTimer(lua_State *)
081d65f0	202	_Z24Lua_TM_IsTimerSuspendingP9lua_State	Lua_TM_IsTimerSuspending(lua_State *)
081d66c0	202	_Z18Lua_TM_ResumeTimerP9lua_State	Lua_TM_ResumeTimer(lua_State *)
081d6790	202	_Z19Lua_TM_SuspendTimerP9lua_State	Lua_TM_SuspendTimer(lua_State *)
081d6860	107	_Z20Lua_TM_GetTimerCountP9lua_State	Lua_TM_GetTimerCount(lua_State *)
081d68d0	181	_Z19Lua_TM_GetRestCountP9lua_State	Lua_TM_GetRestCount(lua_State *)
081d6990	190	_Z18Lua_TM_GetRestTimeP9lua_State	Lua_TM_GetRestTime(lua_State *)
081d6a50	142	_Z16Lua_TM_StopTimerP9lua_State	Lua_TM_StopTimer(lua_State *)
081d6ae0	286	_Z15Lua_TM_SetTimerP9lua_State	Lua_TM_SetTimer(lua_State *)
081d6c00	252	_Z20LuaSendSpreaderCDKeyP9lua_State	LuaSendSpreaderCDKey(lua_State *)
081d6d00	9	_Z22Lua_NPCINFO_GetNpcNameP9lua_State	Lua_NPCINFO_GetNpcName(lua_State *)
081d6d10	773	_Z22Lua_NPCINFO_AddBlueNpcP9lua_State	Lua_NPCINFO_AddBlueNpc(lua_State *)
081d7020	142	_Z21LuaSetRenascenceCountP9lua_State	LuaSetRenascenceCount(lua_State *)
081d70b0	92	_Z12LuaTransLifeP9lua_State	LuaTransLife(lua_State *)
081d7110	115	_Z18LuaGetOffliveStateP9lua_State	LuaGetOffliveState(lua_State *)
081d7190	106	_Z16LuaPlayerLevelUpP9lua_State	LuaPlayerLevelUp(lua_State *)
081d7200	86	_Z13LuaFilterTextP9lua_State	LuaFilterText(lua_State *)
081d7260	50	_Z14LuaCancelStallP9lua_State	LuaCancelStall(lua_State *)
081d72a0	447	_Z11LuaRollItemP9lua_State	LuaRollItem(lua_State *)
081d7460	192	_Z29Lua_NPCINFO_SetNpcCurrentLifeP9lua_State	Lua_NPCINFO_SetNpcCurrentLife(lua_State *)
081d7520	192	_Z29Lua_NPCINFO_SetNpcCurrentManaP9lua_State	Lua_NPCINFO_SetNpcCurrentMana(lua_State *)
081d75e0	465	_Z15LuaDiceLootItemP9lua_State	LuaDiceLootItem(lua_State *)
081d77c0	1352	_Z22LuaGetItemDiceRollInfoP9lua_State	LuaGetItemDiceRollInfo(lua_State *)
081d7d10	275	_Z16LuaTableSDD_OpenP9lua_State	LuaTableSDD_Open(lua_State *)
081d7e30	948	_Z20LuaTableSDD_SetValueP9lua_State	LuaTableSDD_SetValue(lua_State *)
081d81f0	442	_Z20LuaTableSDD_GetValueP9lua_State	LuaTableSDD_GetValue(lua_State *)
081d83b0	350	_Z21LuaTableSDD_GetHeightP9lua_State	LuaTableSDD_GetHeight(lua_State *)
081d8510	513	_Z18LuaTableSDD_SearchP9lua_State	LuaTableSDD_Search(lua_State *)
081d8720	37	__tcf_0_56	__tcf_0_56
081d8750	275	_Z17LuaTableSDD_CloseP9lua_State	LuaTableSDD_Close(lua_State *)
081d8870	63	_ZSt4fillIN9__gnu_cxx17__normal_iteratorIP12KDataRow_SDDSt6vectorIS2_SaIS2_EEEES2_EvT_S8_RKT0_	void std::fill<__gnu_cxx::__normal_iterator<KDataRow_SDD *,std::vector<KDataRow_SDD,std::allocator<KDataRow_SDD>>>,KDataRow_SDD>(__gnu_cxx::__normal_iterator<KDataRow_SDD *,std::vector<KDataRow_SDD,std::allocator<KDataRow_SDD>>>,__gnu_cxx::__normal_iterator<KDataRow_SDD *,std::vector<KDataRow_SDD,std::allocator<KDataRow_SDD>>>,KDataRow_SDD const&)
081d88b0	155	_ZNSt8_Rb_treeISsSt4pairIKSs14KDataTable_SDDESt10_Select1stIS3_ESt4lessISsESaIS3_EE11upper_boundERS1_	std::_Rb_tree<std::string,std::pair<std::string const,KDataTable_SDD>,std::_Select1st<std::pair<std::string const,KDataTable_SDD>>,std::less<std::string>,std::allocator<std::pair<std::string const,KDataTable_SDD>>>::upper_bound(std::string const&)
081d8950	155	_ZNSt8_Rb_treeISsSt4pairIKSs14KDataTable_SDDESt10_Select1stIS3_ESt4lessISsESaIS3_EE11lower_boundERS1_	std::_Rb_tree<std::string,std::pair<std::string const,KDataTable_SDD>,std::_Select1st<std::pair<std::string const,KDataTable_SDD>>,std::less<std::string>,std::allocator<std::pair<std::string const,KDataTable_SDD>>>::lower_bound(std::string const&)
081d89f0	275	_ZNSt8_Rb_treeISsSt4pairIKSs14KDataTable_SDDESt10_Select1stIS3_ESt4lessISsESaIS3_EE4findERS1_	std::_Rb_tree<std::string,std::pair<std::string const,KDataTable_SDD>,std::_Select1st<std::pair<std::string const,KDataTable_SDD>>,std::less<std::string>,std::allocator<std::pair<std::string const,KDataTable_SDD>>>::find(std::string const&)
081d8b10	169	_ZSt26__uninitialized_fill_n_auxIN9__gnu_cxx17__normal_iteratorIP12KDataRow_SDDSt6vectorIS2_SaIS2_EEEEjS2_EvT_T0_RKT1_12__false_type	void std::__uninitialized_fill_n_aux<__gnu_cxx::__normal_iterator<KDataRow_SDD *,std::vector<KDataRow_SDD,std::allocator<KDataRow_SDD>>>,unsigned int,KDataRow_SDD>(__gnu_cxx::__normal_iterator<KDataRow_SDD *,std::vector<KDataRow_SDD,std::allocator<KDataRow_SDD>>>,unsigned int,KDataRow_SDD const&,__false_type)
081d8bc0	12	_ZSt24__uninitialized_fill_n_aIN9__gnu_cxx17__normal_iteratorIP12KDataRow_SDDSt6vectorIS2_SaIS2_EEEEjS2_S2_EvT_T0_RKT1_SaIT2_E	void std::__uninitialized_fill_n_a<__gnu_cxx::__normal_iterator<KDataRow_SDD *,std::vector<KDataRow_SDD,std::allocator<KDataRow_SDD>>>,unsigned int,KDataRow_SDD,KDataRow_SDD>(__gnu_cxx::__normal_iterator<KDataRow_SDD *,std::vector<KDataRow_SDD,std::allocator<KDataRow_SDD>>>,unsigned int,KDataRow_SDD const&,std::allocator<KDataRow_SDD>)
081d8bd0	220	_ZNSt6vectorI12KDataRow_SDDSaIS0_EE5eraseEN9__gnu_cxx17__normal_iteratorIPS0_S2_EES6_	std::vector<KDataRow_SDD,std::allocator<KDataRow_SDD>>::erase(__gnu_cxx::__normal_iterator<KDataRow_SDD*,std::vector<KDataRow_SDD,std::allocator<KDataRow_SDD>>>,__gnu_cxx::__normal_iterator<KDataRow_SDD*,std::vector<KDataRow_SDD,std::allocator<KDataRow_SDD>>>)
081d8cb0	752	_ZNSt8_Rb_treeISsSt4pairIKSs14KDataTable_SDDESt10_Select1stIS3_ESt4lessISsESaIS3_EE9_M_insertEPSt18_Rb_tree_node_baseSB_RKS3_	std::_Rb_tree<std::string,std::pair<std::string const,KDataTable_SDD>,std::_Select1st<std::pair<std::string const,KDataTable_SDD>>,std::less<std::string>,std::allocator<std::pair<std::string const,KDataTable_SDD>>>::_M_insert(std::_Rb_tree_node_base *,std::_Rb_tree_node_base *,std::pair<std::string const,KDataTable_SDD> const&)
081d8fa0	455	_ZNSt8_Rb_treeISsSt4pairIKSs14KDataTable_SDDESt10_Select1stIS3_ESt4lessISsESaIS3_EE13insert_uniqueERKS3_	std::_Rb_tree<std::string,std::pair<std::string const,KDataTable_SDD>,std::_Select1st<std::pair<std::string const,KDataTable_SDD>>,std::less<std::string>,std::allocator<std::pair<std::string const,KDataTable_SDD>>>::insert_unique(std::pair<std::string const,KDataTable_SDD> const&)
081d9170	1140	_ZNSt8_Rb_treeISsSt4pairIKSs14KDataTable_SDDESt10_Select1stIS3_ESt4lessISsESaIS3_EE13insert_uniqueESt17_Rb_tree_iteratorIS3_ERKS3_	std::_Rb_tree<std::string,std::pair<std::string const,KDataTable_SDD>,std::_Select1st<std::pair<std::string const,KDataTable_SDD>>,std::less<std::string>,std::allocator<std::pair<std::string const,KDataTable_SDD>>>::insert_unique(std::_Rb_tree_iterator<std::pair<std::string const,KDataTable_SDD>>,std::pair<std::string const,KDataTable_SDD> const&)
081d95f0	174	_ZSt26__uninitialized_fill_n_auxIP12KDataRow_SDDjS0_EvT_T0_RKT1_12__false_type	void std::__uninitialized_fill_n_aux<KDataRow_SDD *,unsigned int,KDataRow_SDD>(KDataRow_SDD *,unsigned int,KDataRow_SDD const&,__false_type)
081d96a0	12	_ZSt24__uninitialized_fill_n_aIP12KDataRow_SDDjS0_S0_EvT_T0_RKT1_SaIT2_E	void std::__uninitialized_fill_n_a<KDataRow_SDD *,unsigned int,KDataRow_SDD,KDataRow_SDD>(KDataRow_SDD *,unsigned int,KDataRow_SDD const&,std::allocator<KDataRow_SDD>)
081d96b0	1644	_ZNSt6vectorI12KDataRow_SDDSaIS0_EE14_M_fill_insertEN9__gnu_cxx17__normal_iteratorIPS0_S2_EEjRKS0_	std::vector<KDataRow_SDD,std::allocator<KDataRow_SDD>>::_M_fill_insert(__gnu_cxx::__normal_iterator<KDataRow_SDD*,std::vector<KDataRow_SDD,std::allocator<KDataRow_SDD>>>,unsigned int,KDataRow_SDD const&)
081d9d20	2026	_ZNSt3mapISs14KDataTable_SDDSt4lessISsESaISt4pairIKSsS0_EEEixERS4_	std::map<std::string,KDataTable_SDD,std::less<std::string>,std::allocator<std::pair<std::string const,KDataTable_SDD>>>::operator[](std::string const&)
081da510	497	_ZNSt8_Rb_treeISsSt4pairIKSs14KDataTable_SDDESt10_Select1stIS3_ESt4lessISsESaIS3_EE8_M_eraseEPSt13_Rb_tree_nodeIS3_E	std::_Rb_tree<std::string,std::pair<std::string const,KDataTable_SDD>,std::_Select1st<std::pair<std::string const,KDataTable_SDD>>,std::less<std::string>,std::allocator<std::pair<std::string const,KDataTable_SDD>>>::_M_erase(std::_Rb_tree_node<std::pair<std::string const,KDataTable_SDD>> *)
081da710	575	_ZNSt8_Rb_treeISsSt4pairIKSs14KDataTable_SDDESt10_Select1stIS3_ESt4lessISsESaIS3_EE5eraseESt17_Rb_tree_iteratorIS3_ESB_	std::_Rb_tree<std::string,std::pair<std::string const,KDataTable_SDD>,std::_Select1st<std::pair<std::string const,KDataTable_SDD>>,std::less<std::string>,std::allocator<std::pair<std::string const,KDataTable_SDD>>>::erase(std::_Rb_tree_iterator<std::pair<std::string const,KDataTable_SDD>>,std::_Rb_tree_iterator<std::pair<std::string const,KDataTable_SDD>>)
081da950	146	_ZNSt8_Rb_treeISsSt4pairIKSs14KDataTable_SDDESt10_Select1stIS3_ESt4lessISsESaIS3_EE5eraseERS1_	std::_Rb_tree<std::string,std::pair<std::string const,KDataTable_SDD>,std::_Select1st<std::pair<std::string const,KDataTable_SDD>>,std::less<std::string>,std::allocator<std::pair<std::string const,KDataTable_SDD>>>::erase(std::string const&)
081da9f0	10	_Z24GetBattleSpaceFuncsCountv	GetBattleSpaceFuncsCount(void)
081daa00	249	_Z16Lua_SetTypeBonusP9lua_State	Lua_SetTypeBonus(lua_State *)
081dab00	196	_Z22Lua_BattleSetViewPointP9lua_State	Lua_BattleSetViewPoint(lua_State *)
081dabd0	288	_Z28Lua_Battle_UpdateMemberCountP9lua_State	Lua_Battle_UpdateMemberCount(lua_State *)
081dacf0	392	_Z19Lua_BT_SendLadderNoP9lua_State	Lua_BT_SendLadderNo(lua_State *)
081dae80	91	_Z17Lua_GetBattleNameP9lua_State	Lua_GetBattleName(lua_State *)
081daee0	255	_Z20Lua_BT_GetTopTenInfoP9lua_State	Lua_BT_GetTopTenInfo(lua_State *)
081dafe0	234	_Z16Lua_GetTypeBonusP9lua_State	Lua_GetTypeBonus(lua_State *)
081db0d0	306	_Z19Lua_SortWorldLadderP9lua_State	Lua_SortWorldLadder(lua_State *)
081db210	130	_Z22Lua_BattleReportResultP9lua_State	Lua_BattleReportResult(lua_State *)
081db2a0	91	_Z23Lua_BattleViewMainBoradP9lua_State	Lua_BattleViewMainBorad(lua_State *)
081db300	94	_Z25Lua_BattleBroadBattleDescP9lua_State	Lua_BattleBroadBattleDesc(lua_State *)
081db360	110	_Z24Lua_BattleSetMissionDescP9lua_State	Lua_BattleSetMissionDesc(lua_State *)
081db3d0	110	_Z24Lua_BattleSetMissionNameP9lua_State	Lua_BattleSetMissionName(lua_State *)
081db440	110	_Z28Lua_BattleSetBattleLevelDescP9lua_State	Lua_BattleSetBattleLevelDesc(lua_State *)
081db4b0	110	_Z23Lua_BattleSetBattleNameP9lua_State	Lua_BattleSetBattleName(lua_State *)
081db520	94	_Z27Lua_BattleViewBattleStartUIP9lua_State	Lua_BattleViewBattleStartUI(lua_State *)
081db580	164	_Z21Lua_BattleGetGameDataP9lua_State	Lua_BattleGetGameData(lua_State *)
081db630	96	_Z15Lua_BattleLeaveP9lua_State	Lua_BattleLeave(lua_State *)
081db690	190	_Z28Lua_BattleChangeMiniMapTitleP9lua_State	Lua_BattleChangeMiniMapTitle(lua_State *)
081db750	207	_Z28Lua_BattleBroadGameDataToAllP9lua_State	Lua_BattleBroadGameDataToAll(lua_State *)
081db820	94	_Z23Lua_BattleBroadGameDataP9lua_State	Lua_BattleBroadGameData(lua_State *)
081db880	94	_Z23Lua_BattleBroadSelfDataP9lua_State	Lua_BattleBroadSelfData(lua_State *)
081db8e0	94	_Z24Lua_BattleBroadAllLadderP9lua_State	Lua_BattleBroadAllLadder(lua_State *)
081db940	348	_Z20Lua_BattleSortMySelfP9lua_State	Lua_BattleSortMySelf(lua_State *)
081dbaa0	278	_Z22Lua_BattleClearAllDataP9lua_State	Lua_BattleClearAllData(lua_State *)
081dbbc0	170	_Z17Lua_BattleGetDataP9lua_State	Lua_BattleGetData(lua_State *)
081dbc70	94	_Z23Lua_BattleBroadCastViewP9lua_State	Lua_BattleBroadCastView(lua_State *)
081dbcd0	204	_Z17Lua_BattleSetDataP9lua_State	Lua_BattleSetData(lua_State *)
081dbda0	136	_Z21Lua_BattleSetRestTimeP9lua_State	Lua_BattleSetRestTime(lua_State *)
081dbe30	122	_Z25Lua_BattleClearPlayerDataP9lua_State	Lua_BattleClearPlayerData(lua_State *)
081dbeb0	163	_Z22Lua_BattleSetType2TaskP9lua_State	Lua_BattleSetType2Task(lua_State *)
081dbf60	174	_Z21Lua_BattleSetGameDataP9lua_State	Lua_BattleSetGameData(lua_State *)
081dc010	312	_Z20Lua_BT_GetLadderInfoP9lua_State	Lua_BT_GetLadderInfo(lua_State *)
081dc150	356	_Z18Lua_GetBattleParamP9lua_State	Lua_GetBattleParam(lua_State *)
081dc2c0	633	_Z22Lua_BT_SendMemberCountP9lua_State	Lua_BT_SendMemberCount(lua_State *)
081dc540	90	__tcf_0_57	__tcf_0_57
081dc5a0	90	__tcf_3_14	__tcf_3_14
081dc600	90	__tcf_2_18	__tcf_2_18
081dc660	90	__tcf_1_31	__tcf_1_31
081dc6c0	538	_Z41__static_initialization_and_destruction_0ii_68	_Z41__static_initialization_and_destruction_0ii_68
081dc8e0	19	_GLOBAL__I__ZN12KTaskSetting11LoadTaskDefEPKc	`global constructor keyed to'KTaskSetting::LoadTaskDef(char const*)
081dc900	513	_ZN12KTaskSetting11LoadTaskDefEPKc	KTaskSetting::LoadTaskDef(char const*)
081dcb10	125	_Z21g_CoreInitTaskSettingv	g_CoreInitTaskSetting(void)
081dcb90	62	_ZNSt8_Rb_treeIjSt4pairIKj9TASK_PROPESt10_Select1stIS3_ESt4lessIjESaIS3_EE11lower_boundERS1_	std::_Rb_tree<unsigned int,std::pair<unsigned int const,TASK_PROP>,std::_Select1st<std::pair<unsigned int const,TASK_PROP>>,std::less<unsigned int>,std::allocator<std::pair<unsigned int const,TASK_PROP>>>::lower_bound(unsigned int const&)
081dcbd0	59	_ZNSt8_Rb_treeIjSt4pairIKj9TASK_PROPESt10_Select1stIS3_ESt4lessIjESaIS3_EE8_M_eraseEPSt13_Rb_tree_nodeIS3_E	std::_Rb_tree<unsigned int,std::pair<unsigned int const,TASK_PROP>,std::_Select1st<std::pair<unsigned int const,TASK_PROP>>,std::less<unsigned int>,std::allocator<std::pair<unsigned int const,TASK_PROP>>>::_M_erase(std::_Rb_tree_node<std::pair<unsigned int const,TASK_PROP>> *)
081dcc10	59	_ZNSt8_Rb_treeI7TTaskIDIjES1_St9_IdentityIS1_ESt4lessIS1_ESaIS1_EE8_M_eraseEPSt13_Rb_tree_nodeIS1_E	std::_Rb_tree<TTaskID<unsigned int>,TTaskID<unsigned int>,std::_Identity<TTaskID<unsigned int>>,std::less<TTaskID<unsigned int>>,std::allocator<TTaskID<unsigned int>>>::_M_erase(std::_Rb_tree_node<TTaskID<unsigned int>> *)
081dcc50	18	_ZN9KITabFileD0Ev	KITabFile::~KITabFile()
081dcc70	14	_ZN9KITabFileD1Ev	KITabFile::~KITabFile()
081dcc80	152	_ZNSt8_Rb_treeIjSt4pairIKj9TASK_PROPESt10_Select1stIS3_ESt4lessIjESaIS3_EE9_M_insertEPSt18_Rb_tree_node_baseSB_RKS3_	std::_Rb_tree<unsigned int,std::pair<unsigned int const,TASK_PROP>,std::_Select1st<std::pair<unsigned int const,TASK_PROP>>,std::less<unsigned int>,std::allocator<std::pair<unsigned int const,TASK_PROP>>>::_M_insert(std::_Rb_tree_node_base *,std::_Rb_tree_node_base *,std::pair<unsigned int const,TASK_PROP> const&)
081dcd20	152	_ZNSt8_Rb_treeI7TTaskIDIjES1_St9_IdentityIS1_ESt4lessIS1_ESaIS1_EE9_M_insertEPSt18_Rb_tree_node_baseS9_RKS1_	std::_Rb_tree<TTaskID<unsigned int>,TTaskID<unsigned int>,std::_Identity<TTaskID<unsigned int>>,std::less<TTaskID<unsigned int>>,std::allocator<TTaskID<unsigned int>>>::_M_insert(std::_Rb_tree_node_base *,std::_Rb_tree_node_base *,TTaskID<unsigned int> const&)
081dcdc0	236	_ZNSt8_Rb_treeI7TTaskIDIjES1_St9_IdentityIS1_ESt4lessIS1_ESaIS1_EE13insert_uniqueERKS1_	std::_Rb_tree<TTaskID<unsigned int>,TTaskID<unsigned int>,std::_Identity<TTaskID<unsigned int>>,std::less<TTaskID<unsigned int>>,std::allocator<TTaskID<unsigned int>>>::insert_unique(TTaskID<unsigned int> const&)
081dceb0	236	_ZNSt8_Rb_treeIjSt4pairIKj9TASK_PROPESt10_Select1stIS3_ESt4lessIjESaIS3_EE13insert_uniqueERKS3_	std::_Rb_tree<unsigned int,std::pair<unsigned int const,TASK_PROP>,std::_Select1st<std::pair<unsigned int const,TASK_PROP>>,std::less<unsigned int>,std::allocator<std::pair<unsigned int const,TASK_PROP>>>::insert_unique(std::pair<unsigned int const,TASK_PROP> const&)
081dcfa0	593	_ZNSt8_Rb_treeIjSt4pairIKj9TASK_PROPESt10_Select1stIS3_ESt4lessIjESaIS3_EE13insert_uniqueESt17_Rb_tree_iteratorIS3_ERKS3_	std::_Rb_tree<unsigned int,std::pair<unsigned int const,TASK_PROP>,std::_Select1st<std::pair<unsigned int const,TASK_PROP>>,std::less<unsigned int>,std::allocator<std::pair<unsigned int const,TASK_PROP>>>::insert_unique(std::_Rb_tree_iterator<std::pair<unsigned int const,TASK_PROP>>,std::pair<unsigned int const,TASK_PROP> const&)
081dd200	155	_ZNSt8_Rb_treeISsSt4pairIKSs8KTabFileESt10_Select1stIS3_ESt4lessISsESaIS3_EE11lower_boundERS1_	std::_Rb_tree<std::string,std::pair<std::string const,KTabFile>,std::_Select1st<std::pair<std::string const,KTabFile>>,std::less<std::string>,std::allocator<std::pair<std::string const,KTabFile>>>::lower_bound(std::string const&)
081dd2a0	321	_ZNSt8_Rb_treeISsSt4pairIKSs8KTabFileESt10_Select1stIS3_ESt4lessISsESaIS3_EE9_M_insertEPSt18_Rb_tree_node_baseSB_RKS3_	std::_Rb_tree<std::string,std::pair<std::string const,KTabFile>,std::_Select1st<std::pair<std::string const,KTabFile>>,std::less<std::string>,std::allocator<std::pair<std::string const,KTabFile>>>::_M_insert(std::_Rb_tree_node_base *,std::_Rb_tree_node_base *,std::pair<std::string const,KTabFile> const&)
081dd3f0	455	_ZNSt8_Rb_treeISsSt4pairIKSs8KTabFileESt10_Select1stIS3_ESt4lessISsESaIS3_EE13insert_uniqueERKS3_	std::_Rb_tree<std::string,std::pair<std::string const,KTabFile>,std::_Select1st<std::pair<std::string const,KTabFile>>,std::less<std::string>,std::allocator<std::pair<std::string const,KTabFile>>>::insert_unique(std::pair<std::string const,KTabFile> const&)
081dd5c0	155	_ZNSt8_Rb_treeISsSt4pairIKSs8KTabFileESt10_Select1stIS3_ESt4lessISsESaIS3_EE11upper_boundERS1_	std::_Rb_tree<std::string,std::pair<std::string const,KTabFile>,std::_Select1st<std::pair<std::string const,KTabFile>>,std::less<std::string>,std::allocator<std::pair<std::string const,KTabFile>>>::upper_bound(std::string const&)
081dd660	275	_ZNSt8_Rb_treeISsSt4pairIKSs8KTabFileESt10_Select1stIS3_ESt4lessISsESaIS3_EE4findERS1_	std::_Rb_tree<std::string,std::pair<std::string const,KTabFile>,std::_Select1st<std::pair<std::string const,KTabFile>>,std::less<std::string>,std::allocator<std::pair<std::string const,KTabFile>>>::find(std::string const&)
081dd780	193	_ZNSt8_Rb_treeISsSt4pairIKSs8KTabFileESt10_Select1stIS3_ESt4lessISsESaIS3_EE8_M_eraseEPSt13_Rb_tree_nodeIS3_E	std::_Rb_tree<std::string,std::pair<std::string const,KTabFile>,std::_Select1st<std::pair<std::string const,KTabFile>>,std::less<std::string>,std::allocator<std::pair<std::string const,KTabFile>>>::_M_erase(std::_Rb_tree_node<std::pair<std::string const,KTabFile>> *)
081dd850	1140	_ZNSt8_Rb_treeISsSt4pairIKSs8KTabFileESt10_Select1stIS3_ESt4lessISsESaIS3_EE13insert_uniqueESt17_Rb_tree_iteratorIS3_ERKS3_	std::_Rb_tree<std::string,std::pair<std::string const,KTabFile>,std::_Select1st<std::pair<std::string const,KTabFile>>,std::less<std::string>,std::allocator<std::pair<std::string const,KTabFile>>>::insert_unique(std::_Rb_tree_iterator<std::pair<std::string const,KTabFile>>,std::pair<std::string const,KTabFile> const&)
081ddcd0	289	_ZNSt8_Rb_treeISsSt4pairIKSs8KTabFileESt10_Select1stIS3_ESt4lessISsESaIS3_EE5eraseESt17_Rb_tree_iteratorIS3_ESB_	std::_Rb_tree<std::string,std::pair<std::string const,KTabFile>,std::_Select1st<std::pair<std::string const,KTabFile>>,std::less<std::string>,std::allocator<std::pair<std::string const,KTabFile>>>::erase(std::_Rb_tree_iterator<std::pair<std::string const,KTabFile>>,std::_Rb_tree_iterator<std::pair<std::string const,KTabFile>>)
081dde00	146	_ZNSt8_Rb_treeISsSt4pairIKSs8KTabFileESt10_Select1stIS3_ESt4lessISsESaIS3_EE5eraseERS1_	std::_Rb_tree<std::string,std::pair<std::string const,KTabFile>,std::_Select1st<std::pair<std::string const,KTabFile>>,std::less<std::string>,std::allocator<std::pair<std::string const,KTabFile>>>::erase(std::string const&)
081ddea0	2145	_ZN8KFileLibI8KTabFileE4LoadEPKc	KFileLib<KTabFile>::Load(char const*)
081de710	55	_ZN11KPlayerChat10CheckExistEm	KPlayerChat::CheckExist(unsigned long)
081de750	31	_ZN11KPlayerChat14SetTakeChannelEm	KPlayerChat::SetTakeChannel(unsigned long)
081de770	12	_ZN11KPlayerChat8TimerAddEv	KPlayerChat::TimerAdd(void)
081de780	33	_ZN11KPlayerChat16CheckTalkChannelEi	KPlayerChat::CheckTalkChannel(int)
081de7b0	53	_ZN15CChatFriendTeamC2Ev	CChatFriendTeam::CChatFriendTeam(void)
081de7f0	101	_ZN15CChatFriendTeam7ReleaseEv	CChatFriendTeam::Release(void)
081de860	128	_ZN11KPlayerChat7ReleaseEv	KPlayerChat::Release(void)
081de8e0	215	_ZN11KPlayerChat9MakeEnemyEPcS0_	KPlayerChat::MakeEnemy(char *,char *)
081de9c0	150	_ZN11KPlayerChat11DismissMateEPKcS1_	KPlayerChat::DismissMate(char const*,char const*)
081dea60	213	_ZN11KPlayerChat8MakeMateEPKcS1_	KPlayerChat::MakeMate(char const*,char const*)
081deb40	276	_ZN11KPlayerChat12SendInfoToIPEmmPKcS1_S1_i	KPlayerChat::SendInfoToIP(unsigned long,unsigned long,char const*,char const*,char const*,int)
081dec60	277	_ZN11KPlayerChat12SendInfoToGMEPKcS1_S1_i	KPlayerChat::SendInfoToGM(char const*,char const*,char const*,int)
081ded80	252	_ZN11KPlayerChat20SendGlobalSystemInfoEPKcS1_i	KPlayerChat::SendGlobalSystemInfo(char const*,char const*,int)
081dee80	92	_ZN11KPlayerChat13GetMsgOffLineEmi	KPlayerChat::GetMsgOffLine(unsigned long,int)
081deee0	387	_ZN11KPlayerChat13AddFriendDataEii	KPlayerChat::AddFriendData(int,int)
081df070	349	_ZN11KPlayerChat14SendSystemInfoEiiPKcS1_i	KPlayerChat::SendSystemInfo(int,int,char const*,char const*,int)
081df1d0	196	_ZN11KPlayerChat7NpcChatEiPKcj	KPlayerChat::NpcChat(int,char const*,unsigned int)
081df2a0	109	_ZN11KPlayerChat16DeleteFriendDataEmi	KPlayerChat::DeleteFriendData(unsigned long,int)
081df310	125	_ZN11KPlayerChat14RedeleteFriendEmi	KPlayerChat::RedeleteFriend(unsigned long,int)
081df390	89	_ZN11KPlayerChat10CheckExistEPc	KPlayerChat::CheckExist(char *)
081df3f0	326	_ZN11KPlayerChat14SyncFriendDataEiRj	KPlayerChat::SyncFriendData(int,unsigned int &)
081df540	87	_ZN11KPlayerChat7OffLineEm	KPlayerChat::OffLine(unsigned long)
081df5a0	156	_ZN11KPlayerChat12DeleteFriendEmm	KPlayerChat::DeleteFriend(unsigned long,unsigned long)
081df640	46	_ZN11KPlayerChat19StartSendFriendDataEv	KPlayerChat::StartSendFriendData(void)
081df670	125	_ZN11KPlayerChat19ResendOneFriendDataEmi	KPlayerChat::ResendOneFriendData(unsigned long,int)
081df6f0	76	_ZN11KPlayerChat7GetNameEmPc	KPlayerChat::GetName(unsigned long,char *)
081df740	56	_ZN11KPlayerChat9GetTeamNoEm	KPlayerChat::GetTeamNo(unsigned long)
081df780	53	_ZN11KPlayerChat13GetFriendNodeEm	KPlayerChat::GetFriendNode(unsigned long)
081df7c0	53	_ZN15CChatFriendTeamC1Ev	CChatFriendTeam::CChatFriendTeam(void)
081df800	3111	_ZN11KPlayerChat14ServerSendChatEiPh	KPlayerChat::ServerSendChat(int,unsigned char *)
081e0430	300	_ZN15CChatFriendTeam14DataBaseAddOneEimPc	CChatFriendTeam::DataBaseAddOne(int,unsigned long,char *)
081e0560	18	_ZN11KPlayerChat14DataBaseAddOneEimPc	KPlayerChat::DataBaseAddOne(int,unsigned long,char *)
081e0580	420	_ZN11KPlayerChat11MakeBrotherERKSt4listISsSaISsEE	KPlayerChat::MakeBrother(std::list<std::string,std::allocator<std::string>> const&)
081e0730	14	_ZN11CChatFriendD1Ev	CChatFriend::~CChatFriend()
081e0740	18	_ZN11CChatFriendD0Ev	CChatFriend::~CChatFriend()
081e0760	86	_ZN18KPlatinaDurability8MatchIntEPNS_4KLEXE	KPlatinaDurability::MatchInt(KPlatinaDurability::KLEX *)
081e07c0	60	_ZN18KPlatinaDurability4NextEPNS_4KLEXE	KPlatinaDurability::Next(KPlatinaDurability::KLEX *)
081e0800	22	_ZN18KPlatinaDurability4MoveEPNS_4KLEXE	KPlatinaDurability::Move(KPlatinaDurability::KLEX *)
081e0820	325	_ZN18KPlatinaDurability14MakeDurabilityEPKcPNS_14KMAXDURABILITYE	KPlatinaDurability::MakeDurability(char const*,KPlatinaDurability::KMAXDURABILITY *)
081e0970	38	_ZN18KPlatinaDurabilityC2Ev	KPlatinaDurability::KPlatinaDurability(void)
081e09a0	74	_ZN18KPlatinaDurability4FindEii	KPlatinaDurability::Find(int,int)
081e09f0	258	_ZN18KPlatinaDurability16ChangeDurabilityEP5KItemii	KPlatinaDurability::ChangeDurability(KItem *,int,int)
081e0b00	576	_ZN18KPlatinaDurability4InitEv	KPlatinaDurability::Init(void)
081e0d40	38	_ZN18KPlatinaDurabilityC1Ev	KPlatinaDurability::KPlatinaDurability(void)
081e0d70	66	_Z41__static_initialization_and_destruction_0ii_69	_Z41__static_initialization_and_destruction_0ii_69
081e0dc0	16	_GLOBAL__I__ZN18KPlatinaDurability7ms_instE	`global constructor keyed to'KPlatinaDurability::ms_inst
081e0dd0	108	_ZN18KPlatinaDurabilityD2Ev	KPlatinaDurability::~KPlatinaDurability()
081e0e40	108	_ZN18KPlatinaDurabilityD1Ev	KPlatinaDurability::~KPlatinaDurability()
081e0eb0	16	__tcf_0_58	__tcf_0_58
081e0ec0	122	_ZNSt8_Rb_treeIN18KPlatinaDurability4KKEYESt4pairIKS1_NS0_14KMAXDURABILITYEESt10_Select1stIS5_ENS0_8less_keyESaIS5_EE4findERS3_	std::_Rb_tree<KPlatinaDurability::KKEY,std::pair<KPlatinaDurability::KKEY const,KPlatinaDurability::KMAXDURABILITY>,std::_Select1st<std::pair<KPlatinaDurability::KKEY const,KPlatinaDurability::KMAXDURABILITY>>,KPlatinaDurability::less_key,std::allocator<std::pair<KPlatinaDurability::KKEY const,KPlatinaDurability::KMAXDURABILITY>>>::find(KPlatinaDurability::KKEY const&)
081e0f40	77	_ZNSt8_Rb_treeIN18KPlatinaDurability4KKEYESt4pairIKS1_NS0_14KMAXDURABILITYEESt10_Select1stIS5_ENS0_8less_keyESaIS5_EE11lower_boundERS3_	std::_Rb_tree<KPlatinaDurability::KKEY,std::pair<KPlatinaDurability::KKEY const,KPlatinaDurability::KMAXDURABILITY>,std::_Select1st<std::pair<KPlatinaDurability::KKEY const,KPlatinaDurability::KMAXDURABILITY>>,KPlatinaDurability::less_key,std::allocator<std::pair<KPlatinaDurability::KKEY const,KPlatinaDurability::KMAXDURABILITY>>>::lower_bound(KPlatinaDurability::KKEY const&)
081e0f90	203	_ZNSt8_Rb_treeIN18KPlatinaDurability4KKEYESt4pairIKS1_NS0_14KMAXDURABILITYEESt10_Select1stIS5_ENS0_8less_keyESaIS5_EE9_M_insertEPSt18_Rb_tree_node_baseSC_RKS5_	std::_Rb_tree<KPlatinaDurability::KKEY,std::pair<KPlatinaDurability::KKEY const,KPlatinaDurability::KMAXDURABILITY>,std::_Select1st<std::pair<KPlatinaDurability::KKEY const,KPlatinaDurability::KMAXDURABILITY>>,KPlatinaDurability::less_key,std::allocator<std::pair<KPlatinaDurability::KKEY const,KPlatinaDurability::KMAXDURABILITY>>>::_M_insert(std::_Rb_tree_node_base *,std::_Rb_tree_node_base *,std::pair<KPlatinaDurability::KKEY const,KPlatinaDurability::KMAXDURABILITY> const&)
081e1060	59	_ZNSt8_Rb_treeIN18KPlatinaDurability4KKEYESt4pairIKS1_NS0_14KMAXDURABILITYEESt10_Select1stIS5_ENS0_8less_keyESaIS5_EE8_M_eraseEPSt13_Rb_tree_nodeIS5_E	std::_Rb_tree<KPlatinaDurability::KKEY,std::pair<KPlatinaDurability::KKEY const,KPlatinaDurability::KMAXDURABILITY>,std::_Select1st<std::pair<KPlatinaDurability::KKEY const,KPlatinaDurability::KMAXDURABILITY>>,KPlatinaDurability::less_key,std::allocator<std::pair<KPlatinaDurability::KKEY const,KPlatinaDurability::KMAXDURABILITY>>>::_M_erase(std::_Rb_tree_node<std::pair<KPlatinaDurability::KKEY const,KPlatinaDurability::KMAXDURABILITY>> *)
081e10a0	306	_ZNSt8_Rb_treeIN18KPlatinaDurability4KKEYESt4pairIKS1_NS0_14KMAXDURABILITYEESt10_Select1stIS5_ENS0_8less_keyESaIS5_EE13insert_uniqueERKS5_	std::_Rb_tree<KPlatinaDurability::KKEY,std::pair<KPlatinaDurability::KKEY const,KPlatinaDurability::KMAXDURABILITY>,std::_Select1st<std::pair<KPlatinaDurability::KKEY const,KPlatinaDurability::KMAXDURABILITY>>,KPlatinaDurability::less_key,std::allocator<std::pair<KPlatinaDurability::KKEY const,KPlatinaDurability::KMAXDURABILITY>>>::insert_unique(std::pair<KPlatinaDurability::KKEY const,KPlatinaDurability::KMAXDURABILITY> const&)
081e11e0	656	_ZNSt8_Rb_treeIN18KPlatinaDurability4KKEYESt4pairIKS1_NS0_14KMAXDURABILITYEESt10_Select1stIS5_ENS0_8less_keyESaIS5_EE13insert_uniqueESt17_Rb_tree_iteratorIS5_ERKS5_	std::_Rb_tree<KPlatinaDurability::KKEY,std::pair<KPlatinaDurability::KKEY const,KPlatinaDurability::KMAXDURABILITY>,std::_Select1st<std::pair<KPlatinaDurability::KKEY const,KPlatinaDurability::KMAXDURABILITY>>,KPlatinaDurability::less_key,std::allocator<std::pair<KPlatinaDurability::KKEY const,KPlatinaDurability::KMAXDURABILITY>>>::insert_unique(std::_Rb_tree_iterator<std::pair<KPlatinaDurability::KKEY const,KPlatinaDurability::KMAXDURABILITY>>,std::pair<KPlatinaDurability::KKEY const,KPlatinaDurability::KMAXDURABILITY> const&)
081e1470	38	_ZN18KDungeonMapManagerC1Ev	KDungeonMapManager::KDungeonMapManager(void)
081e14a0	64	_ZN18KDungeonMapManager13GetDungeonMapEm	KDungeonMapManager::GetDungeonMap(unsigned long)
081e14e0	66	_Z41__static_initialization_and_destruction_0ii_70	_Z41__static_initialization_and_destruction_0ii_70
081e1530	16	_GLOBAL__I_g_DungeonMapManager	`global constructor keyed to'g_DungeonMapManager
081e1540	64	_ZN18KDungeonMapManager16ProcessMapDeleteEmm	KDungeonMapManager::ProcessMapDelete(unsigned long,unsigned long)
081e1580	64	_ZN18KDungeonMapManager10RecycleMapEmm	KDungeonMapManager::RecycleMap(unsigned long,unsigned long)
081e15c0	74	_ZN18KDungeonMapManager11ApplyDelMapEmm	KDungeonMapManager::ApplyDelMap(unsigned long,unsigned long)
081e1610	45	_ZN18KDungeonMapManager10ProvideMapEm	KDungeonMapManager::ProvideMap(unsigned long)
081e1640	34	_ZN18KDungeonMapManagerD2Ev	KDungeonMapManager::~KDungeonMapManager()
081e1670	38	_ZN18KDungeonMapManagerC2Ev	KDungeonMapManager::KDungeonMapManager(void)
081e16a0	34	_ZN18KDungeonMapManagerD1Ev	KDungeonMapManager::~KDungeonMapManager()
081e16d0	16	__tcf_0_59	__tcf_0_59
081e16e0	409	_ZN18KDungeonMapManager13NewDungeonMapEmii	KDungeonMapManager::NewDungeonMap(unsigned long,int,int)
081e1880	92	_ZN18KDungeonMapManager15ProcessMapGreatEmmii	KDungeonMapManager::ProcessMapGreat(unsigned long,unsigned long,int,int)
081e18e0	69	_ZN18KDungeonMapManager11PreApplyMapEmii	KDungeonMapManager::PreApplyMap(unsigned long,int,int)
081e1930	87	_ZNSt8_Rb_treeImSt4pairIKm11KDungeonMapESt10_Select1stIS3_ESt4lessImESaIS3_EE4findERS1_	std::_Rb_tree<unsigned long,std::pair<unsigned long const,KDungeonMap>,std::_Select1st<std::pair<unsigned long const,KDungeonMap>>,std::less<unsigned long>,std::allocator<std::pair<unsigned long const,KDungeonMap>>>::find(unsigned long const&)
081e1990	62	_ZNSt8_Rb_treeImSt4pairIKm11KDungeonMapESt10_Select1stIS3_ESt4lessImESaIS3_EE11lower_boundERS1_	std::_Rb_tree<unsigned long,std::pair<unsigned long const,KDungeonMap>,std::_Select1st<std::pair<unsigned long const,KDungeonMap>>,std::less<unsigned long>,std::allocator<std::pair<unsigned long const,KDungeonMap>>>::lower_bound(unsigned long const&)
081e19d0	78	_ZNSt8_Rb_treeImSt4pairIKm11KDungeonMapESt10_Select1stIS3_ESt4lessImESaIS3_EE8_M_eraseEPSt13_Rb_tree_nodeIS3_E	std::_Rb_tree<unsigned long,std::pair<unsigned long const,KDungeonMap>,std::_Select1st<std::pair<unsigned long const,KDungeonMap>>,std::less<unsigned long>,std::allocator<std::pair<unsigned long const,KDungeonMap>>>::_M_erase(std::_Rb_tree_node<std::pair<unsigned long const,KDungeonMap>> *)
081e1a20	541	_ZN11KDungeonMapC1ERKS_	KDungeonMap::KDungeonMap(KDungeonMap const&)
081e1c40	186	_ZNSt8_Rb_treeImSt4pairIKm11KDungeonMapESt10_Select1stIS3_ESt4lessImESaIS3_EE9_M_insertEPSt18_Rb_tree_node_baseSB_RKS3_	std::_Rb_tree<unsigned long,std::pair<unsigned long const,KDungeonMap>,std::_Select1st<std::pair<unsigned long const,KDungeonMap>>,std::less<unsigned long>,std::allocator<std::pair<unsigned long const,KDungeonMap>>>::_M_insert(std::_Rb_tree_node_base *,std::_Rb_tree_node_base *,std::pair<unsigned long const,KDungeonMap> const&)
081e1d00	236	_ZNSt8_Rb_treeImSt4pairIKm11KDungeonMapESt10_Select1stIS3_ESt4lessImESaIS3_EE13insert_uniqueERKS3_	std::_Rb_tree<unsigned long,std::pair<unsigned long const,KDungeonMap>,std::_Select1st<std::pair<unsigned long const,KDungeonMap>>,std::less<unsigned long>,std::allocator<std::pair<unsigned long const,KDungeonMap>>>::insert_unique(std::pair<unsigned long const,KDungeonMap> const&)
081e1df0	593	_ZNSt8_Rb_treeImSt4pairIKm11KDungeonMapESt10_Select1stIS3_ESt4lessImESaIS3_EE13insert_uniqueESt17_Rb_tree_iteratorIS3_ERKS3_	std::_Rb_tree<unsigned long,std::pair<unsigned long const,KDungeonMap>,std::_Select1st<std::pair<unsigned long const,KDungeonMap>>,std::less<unsigned long>,std::allocator<std::pair<unsigned long const,KDungeonMap>>>::insert_unique(std::_Rb_tree_iterator<std::pair<unsigned long const,KDungeonMap>>,std::pair<unsigned long const,KDungeonMap> const&)
081e2050	48	_ZN12KScriptTimerC2Ev	KScriptTimer::KScriptTimer(void)
081e2080	48	_ZN12KScriptTimerC1Ev	KScriptTimer::KScriptTimer(void)
081e20b0	67	_ZN12KScriptTimer11SetCallBackEmPKci	KScriptTimer::SetCallBack(unsigned long,char const*,int)
081e2100	529	_ZN12KScriptTimer6OnTimeERm	KScriptTimer::OnTime(unsigned long &)
081e2320	154	_ZN10KTimerList18ClearRunningTimersEv	KTimerList::ClearRunningTimers(void)
081e23c0	107	_ZN10KTimerList18ClearSuspendTimersEv	KTimerList::ClearSuspendTimers(void)
081e2430	135	_ZN10KTimerList10CloseTimerEm	KTimerList::CloseTimer(unsigned long)
081e24c0	232	_ZN12KScriptTimer6CreateEv	KScriptTimer::Create(void)
081e25b0	186	_ZN10KTimerListC1Ev	KTimerList::KTimerList(void)
081e2670	294	_ZN10KTimerList12SuspendTimerEm	KTimerList::SuspendTimer(unsigned long)
081e27a0	262	_ZN12KScriptTimer7ReleaseEv	KScriptTimer::Release(void)
081e28b0	186	_ZN10KTimerListC2Ev	KTimerList::KTimerList(void)
081e2970	294	_ZN10KTimerList11ResumeTimerEm	KTimerList::ResumeTimer(unsigned long)
081e2aa0	338	_ZN10KTimerListD1Ev	KTimerList::~KTimerList()
081e2c00	338	_ZN10KTimerListD2Ev	KTimerList::~KTimerList()
081e2d60	348	_ZN10KTimerListD0Ev	KTimerList::~KTimerList()
081e2ec0	170	_ZN10KTimerList18DeleteRunningTimerEmm	KTimerList::DeleteRunningTimer(unsigned long,unsigned long)
081e2f70	121	_ZN10KTimerList18DeleteRunningTimerEm	KTimerList::DeleteRunningTimer(unsigned long)
081e2ff0	119	_ZN10KTimerList18DeleteSuspendTimerEm	KTimerList::DeleteSuspendTimer(unsigned long)
081e3070	162	_ZN10KTimerList12DeleteTimersEv	KTimerList::DeleteTimers(void)
081e3120	400	_ZN10KTimerList14SwitchOffTimerEmm	KTimerList::SwitchOffTimer(unsigned long,unsigned long)
081e32b0	255	_ZN10KTimerList10StartTimerEP6ITimerm	KTimerList::StartTimer(ITimer *,unsigned long)
081e33b0	309	_ZN10KTimerList13SwitchOnTimerEmm	KTimerList::SwitchOnTimer(unsigned long,unsigned long)
081e34f0	163	_ZN10KTimerList12SwitchTimersEm	KTimerList::SwitchTimers(unsigned long)
081e35a0	408	_ZN10KTimerList7BreatheEm	KTimerList::Breathe(unsigned long)
081e3740	111	__tcf_0_60	__tcf_0_60
081e37b0	242	_Z41__static_initialization_and_destruction_0ii_71	_Z41__static_initialization_and_destruction_0ii_71
081e38b0	19	_GLOBAL__I__ZN10KTimerListC2Ev	`global constructor keyed to'KTimerList::KTimerList(void)
081e38d0	17	_ZN12KScriptTimer7OnStartEmm	KScriptTimer::OnStart(unsigned long,unsigned long)
081e38f0	5	_ZN12KScriptTimer7OnCloseEv	KScriptTimer::OnClose(void)
081e3900	87	_ZNSt8_Rb_treeImSt4pairIKmN10KTimerList5KINFOEESt10_Select1stIS4_ESt4lessImESaIS4_EE4findERS1_	std::_Rb_tree<unsigned long,std::pair<unsigned long const,KTimerList::KINFO>,std::_Select1st<std::pair<unsigned long const,KTimerList::KINFO>>,std::less<unsigned long>,std::allocator<std::pair<unsigned long const,KTimerList::KINFO>>>::find(unsigned long const&)
081e3960	62	_ZNSt8_Rb_treeImSt4pairIKmN10KTimerList5KINFOEESt10_Select1stIS4_ESt4lessImESaIS4_EE11lower_boundERS1_	std::_Rb_tree<unsigned long,std::pair<unsigned long const,KTimerList::KINFO>,std::_Select1st<std::pair<unsigned long const,KTimerList::KINFO>>,std::less<unsigned long>,std::allocator<std::pair<unsigned long const,KTimerList::KINFO>>>::lower_bound(unsigned long const&)
081e39a0	62	_ZNSt8_Rb_treeImSt4pairIKmmESt10_Select1stIS2_ESt4lessImESaIS2_EE11upper_boundERS1_	std::_Rb_tree<unsigned long,std::pair<unsigned long const,unsigned long>,std::_Select1st<std::pair<unsigned long const,unsigned long>>,std::less<unsigned long>,std::allocator<std::pair<unsigned long const,unsigned long>>>::upper_bound(unsigned long const&)
081e39e0	59	_ZNSt8_Rb_treeImSt4pairIKmN10KTimerList5KINFOEESt10_Select1stIS4_ESt4lessImESaIS4_EE8_M_eraseEPSt13_Rb_tree_nodeIS4_E	std::_Rb_tree<unsigned long,std::pair<unsigned long const,KTimerList::KINFO>,std::_Select1st<std::pair<unsigned long const,KTimerList::KINFO>>,std::less<unsigned long>,std::allocator<std::pair<unsigned long const,KTimerList::KINFO>>>::_M_erase(std::_Rb_tree_node<std::pair<unsigned long const,KTimerList::KINFO>> *)
081e3a20	18	_ZN12KScriptTimerD0Ev	KScriptTimer::~KScriptTimer()
081e3a40	14	_ZN12KScriptTimerD1Ev	KScriptTimer::~KScriptTimer()
081e3a50	171	_ZNSt8_Rb_treeImSt4pairIKmN10KTimerList5KINFOEESt10_Select1stIS4_ESt4lessImESaIS4_EE9_M_insertEPSt18_Rb_tree_node_baseSC_RKS4_	std::_Rb_tree<unsigned long,std::pair<unsigned long const,KTimerList::KINFO>,std::_Select1st<std::pair<unsigned long const,KTimerList::KINFO>>,std::less<unsigned long>,std::allocator<std::pair<unsigned long const,KTimerList::KINFO>>>::_M_insert(std::_Rb_tree_node_base *,std::_Rb_tree_node_base *,std::pair<unsigned long const,KTimerList::KINFO> const&)
081e3b00	106	_ZNSt8_Rb_treeImSt4pairIKmN10KTimerList5KINFOEESt10_Select1stIS4_ESt4lessImESaIS4_EE12insert_equalERKS4_	std::_Rb_tree<unsigned long,std::pair<unsigned long const,KTimerList::KINFO>,std::_Select1st<std::pair<unsigned long const,KTimerList::KINFO>>,std::less<unsigned long>,std::allocator<std::pair<unsigned long const,KTimerList::KINFO>>>::insert_equal(std::pair<unsigned long const,KTimerList::KINFO> const&)
081e3b70	291	_ZNSt6vectorIP12KScriptTimerSaIS1_EE13_M_insert_auxEN9__gnu_cxx17__normal_iteratorIPS1_S3_EERKS1_	std::vector<KScriptTimer *,std::allocator<KScriptTimer *>>::_M_insert_aux(__gnu_cxx::__normal_iterator<KScriptTimer **,std::vector<KScriptTimer *,std::allocator<KScriptTimer *>>>,KScriptTimer * const&)
081e3ca0	236	_ZNSt8_Rb_treeImSt4pairIKmN10KTimerList5KINFOEESt10_Select1stIS4_ESt4lessImESaIS4_EE13insert_uniqueERKS4_	std::_Rb_tree<unsigned long,std::pair<unsigned long const,KTimerList::KINFO>,std::_Select1st<std::pair<unsigned long const,KTimerList::KINFO>>,std::less<unsigned long>,std::allocator<std::pair<unsigned long const,KTimerList::KINFO>>>::insert_unique(std::pair<unsigned long const,KTimerList::KINFO> const&)
081e3d90	593	_ZNSt8_Rb_treeImSt4pairIKmN10KTimerList5KINFOEESt10_Select1stIS4_ESt4lessImESaIS4_EE13insert_uniqueESt17_Rb_tree_iteratorIS4_ERKS4_	std::_Rb_tree<unsigned long,std::pair<unsigned long const,KTimerList::KINFO>,std::_Select1st<std::pair<unsigned long const,KTimerList::KINFO>>,std::less<unsigned long>,std::allocator<std::pair<unsigned long const,KTimerList::KINFO>>>::insert_unique(std::_Rb_tree_iterator<std::pair<unsigned long const,KTimerList::KINFO>>,std::pair<unsigned long const,KTimerList::KINFO> const&)
081e3ff0	146	_ZNSt8_Rb_treeImSt4pairIKmmESt10_Select1stIS2_ESt4lessImESaIS2_EE5eraseESt17_Rb_tree_iteratorIS2_ESA_	std::_Rb_tree<unsigned long,std::pair<unsigned long const,unsigned long>,std::_Select1st<std::pair<unsigned long const,unsigned long>>,std::less<unsigned long>,std::allocator<std::pair<unsigned long const,unsigned long>>>::erase(std::_Rb_tree_iterator<std::pair<unsigned long const,unsigned long>>,std::_Rb_tree_iterator<std::pair<unsigned long const,unsigned long>>)
081e4090	146	_ZNSt8_Rb_treeImSt4pairIKmmESt10_Select1stIS2_ESt4lessImESaIS2_EE5eraseERS1_	std::_Rb_tree<unsigned long,std::pair<unsigned long const,unsigned long>,std::_Select1st<std::pair<unsigned long const,unsigned long>>,std::less<unsigned long>,std::allocator<std::pair<unsigned long const,unsigned long>>>::erase(unsigned long const&)
081e4130	23	_ZltRK17tagPlayerDiceDataS1_	operator<(tagPlayerDiceData const&,tagPlayerDiceData const&)
081e4150	19	_ZN9KDiceBase7IsValidEv	KDiceBase::IsValid(void)
081e4170	14	_ZN9KDiceBase7BreatheEv	KDiceBase::Breathe(void)
081e4180	11	_ZN9KDiceBase11GetRollInfoEv	KDiceBase::GetRollInfo(void)
081e4190	43	_ZN9KDiceBase10ObjCanRollEm	KDiceBase::ObjCanRoll(unsigned long)
081e41c0	52	_ZN9KDiceBase12SetObjRolledEm	KDiceBase::SetObjRolled(unsigned long)
081e4200	26	_ZN11KDiceNormal7IsValidEv	KDiceNormal::IsValid(void)
081e4220	29	_ZN11KDiceNormal11SetLifeTimeEi	KDiceNormal::SetLifeTime(int)
081e4240	11	_ZN11KDiceNormal11GetLifeTimeEv	KDiceNormal::GetLifeTime(void)
081e4250	33	_ZN12KNpcDiceItem11SetLifeTimeEi	KNpcDiceItem::SetLifeTime(int)
081e4280	25	_ZN12KNpcDiceItem11GetLifeTimeEv	KNpcDiceItem::GetLifeTime(void)
081e42a0	21	_ZN12KNpcDiceItem7ReleaseEi	KNpcDiceItem::Release(int)
081e42c0	10	_ZN12KNpcDiceItem10ChkCanNeedEm	KNpcDiceItem::ChkCanNeed(unsigned long)
081e42d0	13	_ZN12KNpcDiceItem16GetGreedRollInfoEv	KNpcDiceItem::GetGreedRollInfo(void)
081e42e0	111	_Z14CreateBaseDicev	CreateBaseDice(void)
081e4350	144	_ZN12KNpcDiceItem13ExecuteScriptEv	KNpcDiceItem::ExecuteScript(void)
081e43e0	94	_ZN12KNpcDiceItem5ClearEv	KNpcDiceItem::Clear(void)
081e4440	136	_ZN11KDiceNormal7BreatheEv	KDiceNormal::Breathe(void)
081e44d0	84	_ZN9KDiceBase4InitEmi	KDiceBase::Init(unsigned long,int)
081e4530	85	_ZN9KDiceBase10RollNumberEv	KDiceBase::RollNumber(void)
081e4590	86	_ZN12KNpcDiceItem7BreatheEv	KNpcDiceItem::Breathe(void)
081e45f0	175	_ZN11KDiceManage7BreatheEv	KDiceManage::Breathe(void)
081e46a0	159	_ZN11KDiceManageD2Ev	KDiceManage::~KDiceManage()
081e4740	374	_ZN12KNpcDiceItem14GivePlayerItemEv	KNpcDiceItem::GivePlayerItem(void)
081e48c0	73	_ZN12KNpcDiceItem15ProcessTimeOverEv	KNpcDiceItem::ProcessTimeOver(void)
081e4910	297	_ZN11KDiceManage12ApplyOneDiceENS_11enDICE_TYPEE	KDiceManage::ApplyOneDice(KDiceManage::enDICE_TYPE)
081e4a40	159	_ZN11KDiceManageD1Ev	KDiceManage::~KDiceManage()
081e4ae0	73	_ZN9KDiceBase10AddJoinObjEm	KDiceBase::AddJoinObj(unsigned long)
081e4b30	154	_ZN11KDiceNormalC2Ev	KDiceNormal::KDiceNormal(void)
081e4bd0	79	_ZN9KDiceBase4RollEmi	KDiceBase::Roll(unsigned long,int)
081e4c20	231	_ZN12KNpcDiceItem4RollEmi	KNpcDiceItem::Roll(unsigned long,int)
081e4d10	157	_ZN11KDiceManage12RegisterFuncEP13TFactory_Funci	KDiceManage::RegisterFunc(TFactory_Func *,int)
081e4db0	179	_ZN11KDiceManageC1Ev	KDiceManage::KDiceManage(void)
081e4e70	179	_ZN11KDiceManageC2Ev	KDiceManage::KDiceManage(void)
081e4f30	124	_ZN11KDiceManage12GetExistDiceEm	KDiceManage::GetExistDice(unsigned long)
081e4fb0	154	_ZN11KDiceNormalC1Ev	KDiceNormal::KDiceNormal(void)
081e5050	37	_Z16CreateNormalDicev	CreateNormalDice(void)
081e5080	102	_Z20CreateNormalItemDicev	CreateNormalItemDice(void)
081e50f0	144	_ZN12KNpcDiceItemD1Ev	KNpcDiceItem::~KNpcDiceItem()
081e5180	144	_ZN12KNpcDiceItemD2Ev	KNpcDiceItem::~KNpcDiceItem()
081e5210	144	_ZN12KNpcDiceItemD0Ev	KNpcDiceItem::~KNpcDiceItem()
081e52a0	7	_ZN9KDiceBase15ProcessTimeOverEv	KDiceBase::ProcessTimeOver(void)
081e52b0	5	_ZN9KDiceBase5ClearEv	KDiceBase::Clear(void)
081e52c0	87	_ZNKSt8_Rb_treeIiSt4pairIKiPFP9KDiceBasevEESt10_Select1stIS6_ESt4lessIiESaIS6_EE4findERS1_	std::_Rb_tree<int,std::pair<int const,KDiceBase * (*)(void)>,std::_Select1st<std::pair<int const,KDiceBase * (*)(void)>>,std::less<int>,std::allocator<std::pair<int const,KDiceBase * (*)(void)>>>::find(int const&)const
081e5320	62	_ZNSt8_Rb_treeIiSt4pairIKiPFP9KDiceBasevEESt10_Select1stIS6_ESt4lessIiESaIS6_EE11lower_boundERS1_	std::_Rb_tree<int,std::pair<int const,KDiceBase * (*)(void)>,std::_Select1st<std::pair<int const,KDiceBase * (*)(void)>>,std::less<int>,std::allocator<std::pair<int const,KDiceBase * (*)(void)>>>::lower_bound(int const&)
081e5360	62	_ZNSt8_Rb_treeImSt4pairIKmP9KDiceBaseESt10_Select1stIS4_ESt4lessImESaIS4_EE11lower_boundERS1_	std::_Rb_tree<unsigned long,std::pair<unsigned long const,KDiceBase *>,std::_Select1st<std::pair<unsigned long const,KDiceBase *>>,std::less<unsigned long>,std::allocator<std::pair<unsigned long const,KDiceBase *>>>::lower_bound(unsigned long const&)
081e53a0	59	_ZNSt8_Rb_treeIiSt4pairIKiPFP9KDiceBasevEESt10_Select1stIS6_ESt4lessIiESaIS6_EE8_M_eraseEPSt13_Rb_tree_nodeIS6_E	std::_Rb_tree<int,std::pair<int const,KDiceBase * (*)(void)>,std::_Select1st<std::pair<int const,KDiceBase * (*)(void)>>,std::less<int>,std::allocator<std::pair<int const,KDiceBase * (*)(void)>>>::_M_erase(std::_Rb_tree_node<std::pair<int const,KDiceBase * (*)(void)>> *)
081e53e0	59	_ZNSt8_Rb_treeImSt4pairIKmP9KDiceBaseESt10_Select1stIS4_ESt4lessImESaIS4_EE8_M_eraseEPSt13_Rb_tree_nodeIS4_E	std::_Rb_tree<unsigned long,std::pair<unsigned long const,KDiceBase *>,std::_Select1st<std::pair<unsigned long const,KDiceBase *>>,std::less<unsigned long>,std::allocator<std::pair<unsigned long const,KDiceBase *>>>::_M_erase(std::_Rb_tree_node<std::pair<unsigned long const,KDiceBase *>> *)
081e5420	59	_ZNSt8_Rb_treeI17tagPlayerDiceDataS0_St9_IdentityIS0_ESt4lessIS0_ESaIS0_EE8_M_eraseEPSt13_Rb_tree_nodeIS0_E	std::_Rb_tree<tagPlayerDiceData,tagPlayerDiceData,std::_Identity<tagPlayerDiceData>,std::less<tagPlayerDiceData>,std::allocator<tagPlayerDiceData>>::_M_erase(std::_Rb_tree_node<tagPlayerDiceData> *)
081e5460	152	_ZNSt8_Rb_treeImSt4pairIKmP9KDiceBaseESt10_Select1stIS4_ESt4lessImESaIS4_EE9_M_insertEPSt18_Rb_tree_node_baseSC_RKS4_	std::_Rb_tree<unsigned long,std::pair<unsigned long const,KDiceBase *>,std::_Select1st<std::pair<unsigned long const,KDiceBase *>>,std::less<unsigned long>,std::allocator<std::pair<unsigned long const,KDiceBase *>>>::_M_insert(std::_Rb_tree_node_base *,std::_Rb_tree_node_base *,std::pair<unsigned long const,KDiceBase *> const&)
081e5500	152	_ZNSt8_Rb_treeIiSt4pairIKiPFP9KDiceBasevEESt10_Select1stIS6_ESt4lessIiESaIS6_EE9_M_insertEPSt18_Rb_tree_node_baseSE_RKS6_	std::_Rb_tree<int,std::pair<int const,KDiceBase * (*)(void)>,std::_Select1st<std::pair<int const,KDiceBase * (*)(void)>>,std::less<int>,std::allocator<std::pair<int const,KDiceBase * (*)(void)>>>::_M_insert(std::_Rb_tree_node_base *,std::_Rb_tree_node_base *,std::pair<int const,KDiceBase * (*)(void)> const&)
081e55a0	154	_ZNSt8_Rb_treeI17tagPlayerDiceDataS0_St9_IdentityIS0_ESt4lessIS0_ESaIS0_EE9_M_insertEPSt18_Rb_tree_node_baseS8_RKS0_	std::_Rb_tree<tagPlayerDiceData,tagPlayerDiceData,std::_Identity<tagPlayerDiceData>,std::less<tagPlayerDiceData>,std::allocator<tagPlayerDiceData>>::_M_insert(std::_Rb_tree_node_base *,std::_Rb_tree_node_base *,tagPlayerDiceData const&)
081e5640	123	_ZNSt8_Rb_treeI17tagPlayerDiceDataS0_St9_IdentityIS0_ESt4lessIS0_ESaIS0_EE12insert_equalERKS0_	std::_Rb_tree<tagPlayerDiceData,tagPlayerDiceData,std::_Identity<tagPlayerDiceData>,std::less<tagPlayerDiceData>,std::allocator<tagPlayerDiceData>>::insert_equal(tagPlayerDiceData const&)
081e56c0	171	_ZNSt6vectorI10tagJoinObjSaIS0_EE7reserveEj	std::vector<tagJoinObj,std::allocator<tagJoinObj>>::reserve(unsigned int)
081e5770	236	_ZNSt8_Rb_treeImSt4pairIKmP9KDiceBaseESt10_Select1stIS4_ESt4lessImESaIS4_EE13insert_uniqueERKS4_	std::_Rb_tree<unsigned long,std::pair<unsigned long const,KDiceBase *>,std::_Select1st<std::pair<unsigned long const,KDiceBase *>>,std::less<unsigned long>,std::allocator<std::pair<unsigned long const,KDiceBase *>>>::insert_unique(std::pair<unsigned long const,KDiceBase *> const&)
081e5860	236	_ZNSt8_Rb_treeIiSt4pairIKiPFP9KDiceBasevEESt10_Select1stIS6_ESt4lessIiESaIS6_EE13insert_uniqueERKS6_	std::_Rb_tree<int,std::pair<int const,KDiceBase * (*)(void)>,std::_Select1st<std::pair<int const,KDiceBase * (*)(void)>>,std::less<int>,std::allocator<std::pair<int const,KDiceBase * (*)(void)>>>::insert_unique(std::pair<int const,KDiceBase * (*)(void)> const&)
081e5950	593	_ZNSt8_Rb_treeIiSt4pairIKiPFP9KDiceBasevEESt10_Select1stIS6_ESt4lessIiESaIS6_EE13insert_uniqueESt17_Rb_tree_iteratorIS6_ERKS6_	std::_Rb_tree<int,std::pair<int const,KDiceBase * (*)(void)>,std::_Select1st<std::pair<int const,KDiceBase * (*)(void)>>,std::less<int>,std::allocator<std::pair<int const,KDiceBase * (*)(void)>>>::insert_unique(std::_Rb_tree_iterator<std::pair<int const,KDiceBase * (*)(void)>>,std::pair<int const,KDiceBase * (*)(void)> const&)
081e5bb0	593	_ZNSt8_Rb_treeImSt4pairIKmP9KDiceBaseESt10_Select1stIS4_ESt4lessImESaIS4_EE13insert_uniqueESt17_Rb_tree_iteratorIS4_ERKS4_	std::_Rb_tree<unsigned long,std::pair<unsigned long const,KDiceBase *>,std::_Select1st<std::pair<unsigned long const,KDiceBase *>>,std::less<unsigned long>,std::allocator<std::pair<unsigned long const,KDiceBase *>>>::insert_unique(std::_Rb_tree_iterator<std::pair<unsigned long const,KDiceBase *>>,std::pair<unsigned long const,KDiceBase *> const&)
081e5e10	368	_ZNSt6vectorI10tagJoinObjSaIS0_EE13_M_insert_auxEN9__gnu_cxx17__normal_iteratorIPS0_S2_EERKS0_	std::vector<tagJoinObj,std::allocator<tagJoinObj>>::_M_insert_aux(__gnu_cxx::__normal_iterator<tagJoinObj*,std::vector<tagJoinObj,std::allocator<tagJoinObj>>>,tagJoinObj const&)
081e5f80	70	_ZN9KDiceBaseD0Ev	KDiceBase::~KDiceBase()
081e5fd0	63	_ZN9KDiceBaseD1Ev	KDiceBase::~KDiceBase()
081e6010	70	_ZN11KDiceNormalD0Ev	KDiceNormal::~KDiceNormal()
081e6060	63	_ZN11KDiceNormalD1Ev	KDiceNormal::~KDiceNormal()
081e60a0	38	_ZN15KStatDataServer6UnInitEv	KStatDataServer::UnInit(void)
081e60d0	26	_ZN15KStatDataServer4InitEv	KStatDataServer::Init(void)
081e60f0	158	_ZN15KStatDataServer17GetUpdateStatDataEP17KSTAT_DATA_MODIFYi	KStatDataServer::GetUpdateStatData(KSTAT_DATA_MODIFY *,int)
081e6190	41	_ZN15KStatDataServer15SendAllStatDataEv	KStatDataServer::SendAllStatData(void)
081e61c0	223	_ZN15KStatDataServer8ActivateEm	KStatDataServer::Activate(unsigned long)
081e62a0	109	_ZN15KStatDataServerD2Ev	KStatDataServer::~KStatDataServer()
081e6310	109	_ZN15KStatDataServerD1Ev	KStatDataServer::~KStatDataServer()
081e6380	16	__tcf_0_61	__tcf_0_61
081e6390	94	_ZN15KStatDataServerC1Ev	KStatDataServer::KStatDataServer(void)
081e63f0	66	_Z41__static_initialization_and_destruction_0ii_72	_Z41__static_initialization_and_destruction_0ii_72
081e6440	16	_GLOBAL__I_g_StatDataServer	`global constructor keyed to'g_StatDataServer
081e6450	94	_ZN15KStatDataServerC2Ev	KStatDataServer::KStatDataServer(void)
081e64b0	338	_ZN15KStatDataServer9SetNameIDEPKci	KStatDataServer::SetNameID(char const*,int)
081e6610	887	_ZN15KStatDataServer6UpdateEPKcx	KStatDataServer::Update(char const*,long long)
081e6990	42	_ZNSt10_List_baseIP9KStatDataSaIS1_EE8_M_clearEv	std::_List_base<KStatData *,std::allocator<KStatData *>>::_M_clear(void)
081e69c0	275	_ZNSt8_Rb_treeISsSt4pairIKSs9KStatDataESt10_Select1stIS3_ESt4lessISsESaIS3_EE4findERS1_	std::_Rb_tree<std::string,std::pair<std::string const,KStatData>,std::_Select1st<std::pair<std::string const,KStatData>>,std::less<std::string>,std::allocator<std::pair<std::string const,KStatData>>>::find(std::string const&)
081e6ae0	291	_ZNSt8_Rb_treeISsSt4pairIKSs9KStatDataESt10_Select1stIS3_ESt4lessISsESaIS3_EE9_M_insertEPSt18_Rb_tree_node_baseSB_RKS3_	std::_Rb_tree<std::string,std::pair<std::string const,KStatData>,std::_Select1st<std::pair<std::string const,KStatData>>,std::less<std::string>,std::allocator<std::pair<std::string const,KStatData>>>::_M_insert(std::_Rb_tree_node_base *,std::_Rb_tree_node_base *,std::pair<std::string const,KStatData> const&)
081e6c10	455	_ZNSt8_Rb_treeISsSt4pairIKSs9KStatDataESt10_Select1stIS3_ESt4lessISsESaIS3_EE13insert_uniqueERKS3_	std::_Rb_tree<std::string,std::pair<std::string const,KStatData>,std::_Select1st<std::pair<std::string const,KStatData>>,std::less<std::string>,std::allocator<std::pair<std::string const,KStatData>>>::insert_unique(std::pair<std::string const,KStatData> const&)
081e6de0	122	_ZNSt8_Rb_treeISsSt4pairIKSs9KStatDataESt10_Select1stIS3_ESt4lessISsESaIS3_EE8_M_eraseEPSt13_Rb_tree_nodeIS3_E	std::_Rb_tree<std::string,std::pair<std::string const,KStatData>,std::_Select1st<std::pair<std::string const,KStatData>>,std::less<std::string>,std::allocator<std::pair<std::string const,KStatData>>>::_M_erase(std::_Rb_tree_node<std::pair<std::string const,KStatData>> *)
081e6e60	10	_Z21GetUnitTestFuncsCountv	GetUnitTestFuncsCount(void)
081e6e70	105	_Z12UIPlayer_DelP9lua_State	UIPlayer_Del(lua_State *)
081e6ee0	873	_Z12UIPlayer_AddP9lua_State	UIPlayer_Add(lua_State *)
081e7250	64	_ZN17KProgressBarTimerC2Ev	KProgressBarTimer::KProgressBarTimer(void)
081e7290	64	_ZN17KProgressBarTimerC1Ev	KProgressBarTimer::KProgressBarTimer(void)
081e72d0	18	_ZN17KProgressBarTimerD0Ev	KProgressBarTimer::~KProgressBarTimer()
081e72f0	14	_ZN17KProgressBarTimerD1Ev	KProgressBarTimer::~KProgressBarTimer()
081e7300	14	_ZN17KProgressBarTimerD2Ev	KProgressBarTimer::~KProgressBarTimer()
081e7310	173	_ZN17KProgressBarTimer6OnTimeERm	KProgressBarTimer::OnTime(unsigned long &)
081e73c0	91	_ZN17KProgressBarTimer11SetCallBackEmPKcS1_	KProgressBarTimer::SetCallBack(unsigned long,char const*,char const*)
081e7420	131	_ZN17KProgressBarTimer7OnStartEmm	KProgressBarTimer::OnStart(unsigned long,unsigned long)
081e74b0	98	_ZN17KProgressBarTimer7OnCloseEv	KProgressBarTimer::OnClose(void)
081e7520	74	_ZN16KProgressBarList6RemoveEm	KProgressBarList::Remove(unsigned long)
081e7570	152	_ZN16KProgressBarList7OnEventEiP7KPlayer	KProgressBarList::OnEvent(int,KPlayer *)
081e7610	148	_ZN16KProgressBarList3AddEmm	KProgressBarList::Add(unsigned long,unsigned long)
081e76b0	99	_ZN16KProgressBarList7ReleaseEv	KProgressBarList::Release(void)
081e7720	229	_ZN17KProgressBarTimer6CreateEv	KProgressBarTimer::Create(void)
081e7810	242	_Z41__static_initialization_and_destruction_0ii_73	_Z41__static_initialization_and_destruction_0ii_73
081e7910	19	_GLOBAL__I__ZN17KProgressBarTimer8ms_cPoolE	`global constructor keyed to'KProgressBarTimer::ms_cPool
081e7930	354	_ZN17KProgressBarTimer7ReleaseEv	KProgressBarTimer::Release(void)
081e7aa0	111	__tcf_0_62	__tcf_0_62
081e7b10	87	_ZNSt8_Rb_treeImSt4pairIKmN16KProgressBarList5KINFOEESt10_Select1stIS4_ESt4lessImESaIS4_EE4findERS1_	std::_Rb_tree<unsigned long,std::pair<unsigned long const,KProgressBarList::KINFO>,std::_Select1st<std::pair<unsigned long const,KProgressBarList::KINFO>>,std::less<unsigned long>,std::allocator<std::pair<unsigned long const,KProgressBarList::KINFO>>>::find(unsigned long const&)
081e7b70	62	_ZNSt8_Rb_treeImSt4pairIKmN16KProgressBarList5KINFOEESt10_Select1stIS4_ESt4lessImESaIS4_EE11lower_boundERS1_	std::_Rb_tree<unsigned long,std::pair<unsigned long const,KProgressBarList::KINFO>,std::_Select1st<std::pair<unsigned long const,KProgressBarList::KINFO>>,std::less<unsigned long>,std::allocator<std::pair<unsigned long const,KProgressBarList::KINFO>>>::lower_bound(unsigned long const&)
081e7bb0	155	_ZNSt8_Rb_treeImSt4pairIKmN16KProgressBarList5KINFOEESt10_Select1stIS4_ESt4lessImESaIS4_EE9_M_insertEPSt18_Rb_tree_node_baseSC_RKS4_	std::_Rb_tree<unsigned long,std::pair<unsigned long const,KProgressBarList::KINFO>,std::_Select1st<std::pair<unsigned long const,KProgressBarList::KINFO>>,std::less<unsigned long>,std::allocator<std::pair<unsigned long const,KProgressBarList::KINFO>>>::_M_insert(std::_Rb_tree_node_base *,std::_Rb_tree_node_base *,std::pair<unsigned long const,KProgressBarList::KINFO> const&)
081e7c50	291	_ZNSt6vectorIP17KProgressBarTimerSaIS1_EE13_M_insert_auxEN9__gnu_cxx17__normal_iteratorIPS1_S3_EERKS1_	std::vector<KProgressBarTimer *,std::allocator<KProgressBarTimer *>>::_M_insert_aux(__gnu_cxx::__normal_iterator<KProgressBarTimer **,std::vector<KProgressBarTimer *,std::allocator<KProgressBarTimer *>>>,KProgressBarTimer * const&)
081e7d80	236	_ZNSt8_Rb_treeImSt4pairIKmN16KProgressBarList5KINFOEESt10_Select1stIS4_ESt4lessImESaIS4_EE13insert_uniqueERKS4_	std::_Rb_tree<unsigned long,std::pair<unsigned long const,KProgressBarList::KINFO>,std::_Select1st<std::pair<unsigned long const,KProgressBarList::KINFO>>,std::less<unsigned long>,std::allocator<std::pair<unsigned long const,KProgressBarList::KINFO>>>::insert_unique(std::pair<unsigned long const,KProgressBarList::KINFO> const&)
081e7e70	593	_ZNSt8_Rb_treeImSt4pairIKmN16KProgressBarList5KINFOEESt10_Select1stIS4_ESt4lessImESaIS4_EE13insert_uniqueESt17_Rb_tree_iteratorIS4_ERKS4_	std::_Rb_tree<unsigned long,std::pair<unsigned long const,KProgressBarList::KINFO>,std::_Select1st<std::pair<unsigned long const,KProgressBarList::KINFO>>,std::less<unsigned long>,std::allocator<std::pair<unsigned long const,KProgressBarList::KINFO>>>::insert_unique(std::_Rb_tree_iterator<std::pair<unsigned long const,KProgressBarList::KINFO>>,std::pair<unsigned long const,KProgressBarList::KINFO> const&)
081e80d0	5	_ZN6trip_c12KTripManager12UnInitializeEv	trip_c::KTripManager::UnInitialize(void)
081e80e0	23	_ZN6trip_c12KTripManager7TaskMapEi	trip_c::KTripManager::TaskMap(int)
081e8100	21	_ZN6trip_c12KTripManager14AllocTmpBufferEj	trip_c::KTripManager::AllocTmpBuffer(unsigned int)
081e8120	45	_ZN6trip_c12KTripManager14ProcessTaskMapEPKvj	trip_c::KTripManager::ProcessTaskMap(void const*,unsigned int)
081e8150	33	_ZN6trip_c12KTripManager19TranslateDetailTypeEP5KItem	trip_c::KTripManager::TranslateDetailType(KItem *)
081e8180	319	_ZN6trip_c12KTripManager14TranslateEquipEP7KPlayerP14KTRIPDATA_ITEMiRi	trip_c::KTripManager::TranslateEquip(KPlayer *,KTRIPDATA_ITEM *,int,int &)
081e82c0	35	_ZN6trip_c12KTripManager13GetServerNameEj	trip_c::KTripManager::GetServerName(unsigned int)
081e82f0	58	_ZN6trip_c12KTripManager16NotifyClientLockEP7KPlayeri	trip_c::KTripManager::NotifyClientLock(KPlayer *,int)
081e8330	37	_ZN6trip_c12KTripManager8WriteLogEPKc	trip_c::KTripManager::WriteLog(char const*)
081e8360	88	_ZN6trip_c12KTripManager9FormatLogEPKcz	trip_c::KTripManager::FormatLog(char const*,...)
081e83c0	105	_ZN6trip_c12KTripManager10ApplyLoginEP7KPlayeri	trip_c::KTripManager::ApplyLogin(KPlayer *,int)
081e8430	124	_ZN6trip_c12KTripManager14TranslateSkillEP7KPlayerP15KTRIPDATA_SKILLiRi	trip_c::KTripManager::TranslateSkill(KPlayer *,KTRIPDATA_SKILL *,int,int &)
081e84b0	89	_ZN6trip_c12KTripManager13TranslateTaskEP7KPlayerPm	trip_c::KTripManager::TranslateTask(KPlayer *,unsigned long *)
081e8510	589	_ZN6trip_c12KTripManager13TransalteRoleEP7KPlayeriP14KTRIPDATA_ROLE	trip_c::KTripManager::TransalteRole(KPlayer *,int,KTRIPDATA_ROLE *)
081e8760	419	_ZN6trip_c12KTripManager9MergeDiffEP7KPlayerPK14KTRIPDATA_DIFF	trip_c::KTripManager::MergeDiff(KPlayer *,KTRIPDATA_DIFF const*)
081e8910	77	_ZN6trip_c12KTripManager12InServerListEPKc	trip_c::KTripManager::InServerList(char const*)
081e8960	177	_ZN6trip_c12KTripManager15GetResultStringEi	trip_c::KTripManager::GetResultString(int)
081e8a20	87	_ZN6trip_c12KTripManager16NotifyTripResultEP7KPlayeri	trip_c::KTripManager::NotifyTripResult(KPlayer *,int)
081e8a80	58	_ZN6trip_c12KTripManager10InitializeEv	trip_c::KTripManager::Initialize(void)
081e8ac0	139	_ZN6trip_c12KTripManager7OnLoginEP7KPlayer	trip_c::KTripManager::OnLogin(KPlayer *)
081e8b50	437	_ZN6trip_c12KTripManager11ProcessDiffEPKvj	trip_c::KTripManager::ProcessDiff(void const*,unsigned int)
081e8d10	104	_ZN6trip_c12KTripManager9ApplyKickEPKc	trip_c::KTripManager::ApplyKick(char const*)
081e8d80	17	_ZNK6trip_c12KTripManager14GetServerCountEv	trip_c::KTripManager::GetServerCount(void)const
081e8da0	306	_ZN6trip_c12KTripManagerC2Ev	trip_c::KTripManager::KTripManager(void)
081e8ee0	162	_ZN6trip_c12KTripManager12IsRoleLockedEPKc	trip_c::KTripManager::IsRoleLocked(char const*)
081e8f90	189	_ZN6trip_c12KTripManager10UnlockRoleEPKc	trip_c::KTripManager::UnlockRole(char const*)
081e9050	359	_ZN6trip_c12KTripManager12ProcessReplyEPKvj	trip_c::KTripManager::ProcessReply(void const*,unsigned int)
081e91c0	199	_ZN6trip_c12KTripManager8LockRoleEPKc	trip_c::KTripManager::LockRole(char const*)
081e9290	543	_ZN6trip_c12KTripManager9ApplyTripEP7KPlayerPKciPKNS_12KDESTINATIONE	trip_c::KTripManager::ApplyTrip(KPlayer *,char const*,int,trip_c::KDESTINATION const*)
081e94b0	237	_ZN6trip_c12KTripManager17ProcessServerInfoEPKvj	trip_c::KTripManager::ProcessServerInfo(void const*,unsigned int)
081e95a0	411	_ZN6trip_c12KTripManager17ProcessServerListEPKvj	trip_c::KTripManager::ProcessServerList(void const*,unsigned int)
081e9740	115	_ZN6trip_c12KTripManager19ProcessRelayMessageEPKvj	trip_c::KTripManager::ProcessRelayMessage(void const*,unsigned int)
081e97c0	344	_ZN6trip_c12KTripManagerD1Ev	trip_c::KTripManager::~KTripManager()
081e9920	16	__tcf_0_63	__tcf_0_63
081e9930	344	_ZN6trip_c12KTripManagerD2Ev	trip_c::KTripManager::~KTripManager()
081e9a90	306	_ZN6trip_c12KTripManagerC1Ev	trip_c::KTripManager::KTripManager(void)
081e9bd0	66	_Z41__static_initialization_and_destruction_0ii_74	_Z41__static_initialization_and_destruction_0ii_74
081e9c20	16	_GLOBAL__I__ZN6trip_c12KTripManager7ms_instE	`global constructor keyed to'trip_c::KTripManager::ms_inst
081e9c30	155	_ZNSt8_Rb_treeISsSsSt9_IdentityISsESt4lessISsESaISsEE11upper_boundERKSs	std::_Rb_tree<std::string,std::string,std::_Identity<std::string>,std::less<std::string>,std::allocator<std::string>>::upper_bound(std::string const&)
081e9cd0	155	_ZNSt8_Rb_treeISsSsSt9_IdentityISsESt4lessISsESaISsEE11lower_boundERKSs	std::_Rb_tree<std::string,std::string,std::_Identity<std::string>,std::less<std::string>,std::allocator<std::string>>::lower_bound(std::string const&)
081e9d70	222	_ZNSt8_Rb_treeISsSsSt9_IdentityISsESt4lessISsESaISsEE5eraseESt17_Rb_tree_iteratorISsES7_	std::_Rb_tree<std::string,std::string,std::_Identity<std::string>,std::less<std::string>,std::allocator<std::string>>::erase(std::_Rb_tree_iterator<std::string>,std::_Rb_tree_iterator<std::string>)
081e9e50	146	_ZNSt8_Rb_treeISsSsSt9_IdentityISsESt4lessISsESaISsEE5eraseERKSs	std::_Rb_tree<std::string,std::string,std::_Identity<std::string>,std::less<std::string>,std::allocator<std::string>>::erase(std::string const&)
081e9ef0	14	_ZN6trip_s12KTripManager10InitializeEv	trip_s::KTripManager::Initialize(void)
081e9f00	5	_ZN6trip_s12KTripManager12UnInitializeEv	trip_s::KTripManager::UnInitialize(void)
081e9f10	26	_ZN6trip_s12KTripManager7TaskMapEi	trip_s::KTripManager::TaskMap(int)
081e9f30	71	_ZN6trip_s12KTripManager12LoadTripDataEP7KPlayerP14KTRIPDATA_ROLE	trip_s::KTripManager::LoadTripData(KPlayer *,KTRIPDATA_ROLE *)
081e9f80	412	_ZN6trip_s12KTripManager17TranslateBaseInfoEPK14KTRIPDATA_ROLEPK9TRoleDataPS4_	trip_s::KTripManager::TranslateBaseInfo(KTRIPDATA_ROLE const*,TRoleData const*,TRoleData*)
081ea120	175	_ZN6trip_s12KTripManager14TranslateSkillEPK14KTRIPDATA_ROLEPK9TRoleDataPS4_	trip_s::KTripManager::TranslateSkill(KTRIPDATA_ROLE const*,TRoleData const*,TRoleData*)
081ea1d0	73	_ZN6trip_s12KTripManagerC2Ev	trip_s::KTripManager::KTripManager(void)
081ea220	60	_ZN6trip_s12KTripManager9InTaskMapEi	trip_s::KTripManager::InTaskMap(int)
081ea260	210	_ZN6trip_s12KTripManager13TranslateTaskEPK14KTRIPDATA_ROLEPK9TRoleDataPS4_	trip_s::KTripManager::TranslateTask(KTRIPDATA_ROLE const*,TRoleData const*,TRoleData*)
081ea340	58	_ZN6trip_s12KTripManager16NotifyClientLockEP7KPlayeri	trip_s::KTripManager::NotifyClientLock(KPlayer *,int)
081ea380	289	_ZN6trip_s12KTripManager8MakeItemEPK14KTRIPDATA_ITEMP13TDBItemDataEx	trip_s::KTripManager::MakeItem(KTRIPDATA_ITEM const*,TDBItemDataEx *)
081ea4b0	249	_ZN6trip_s12KTripManager13TranslateItemEPK14KTRIPDATA_ROLEPK9TRoleDataPS4_	trip_s::KTripManager::TranslateItem(KTRIPDATA_ROLE const*,TRoleData const*,TRoleData*)
081ea5b0	251	_ZN6trip_s12KTripManager14TranslateStateEPK14KTRIPDATA_ROLEPK9TRoleDataPS4_	trip_s::KTripManager::TranslateState(KTRIPDATA_ROLE const*,TRoleData const*,TRoleData*)
081ea6b0	229	_ZN6trip_s12KTripManager17TranslateRoleDataEP9TRoleDataPK14KTRIPDATA_ROLE	trip_s::KTripManager::TranslateRoleData(TRoleData *,KTRIPDATA_ROLE const*)
081ea7a0	402	_ZN6trip_s12KTripManager11ApplyReturnEP7KPlayer	trip_s::KTripManager::ApplyReturn(KPlayer *)
081ea940	465	_ZN6trip_s12KTripManager13ProcessReturnEPKvj	trip_s::KTripManager::ProcessReturn(void const*,unsigned int)
081eab20	40	_ZN6trip_s12KTripManagerD2Ev	trip_s::KTripManager::~KTripManager()
081eab50	144	_ZN6trip_s12KTripManager14ProcessTaskMapEPKvj	trip_s::KTripManager::ProcessTaskMap(void const*,unsigned int)
081eabe0	46	_ZN6trip_s12KTripManager8SendDataEPKvj	trip_s::KTripManager::SendData(void const*,unsigned int)
081eac10	420	_ZN6trip_s12KTripManager14ProcessKickoutEPKvj	trip_s::KTripManager::ProcessKickout(void const*,unsigned int)
081eadc0	80	_ZN6trip_s12KTripManager19ProcessRelayMessageEPKvj	trip_s::KTripManager::ProcessRelayMessage(void const*,unsigned int)
081eae10	284	_ZN6trip_s12KTripManager6LogoutEP7KPlayer	trip_s::KTripManager::Logout(KPlayer *)
081eaf30	73	_ZN6trip_s12KTripManagerC1Ev	trip_s::KTripManager::KTripManager(void)
081eaf80	66	_Z41__static_initialization_and_destruction_0ii_75	_Z41__static_initialization_and_destruction_0ii_75
081eafd0	16	_GLOBAL__I__ZN6trip_s12KTripManager7ms_instE	`global constructor keyed to'trip_s::KTripManager::ms_inst
081eafe0	40	_ZN6trip_s12KTripManagerD1Ev	trip_s::KTripManager::~KTripManager()
081eb010	16	__tcf_0_64	__tcf_0_64
081eb020	22	_ZN4KPetC1Ev	KPet::KPet(void)
081eb040	10	_ZN4KPet4SaveEv	KPet::Save(void)
081eb050	14	_ZN4KPet4InitEP7KPlayer	KPet::Init(KPlayer *)
081eb060	219	_ZN4KPet9DeleteNpcEv	KPet::DeleteNpc(void)
081eb140	62	_ZN4KPet7ReleaseEv	KPet::Release(void)
081eb180	323	_ZN4KPet9CreateNpcEv	KPet::CreateNpc(void)
081eb2d0	45	_ZN4KPet14SaveSummonFlagEv	KPet::SaveSummonFlag(void)
081eb300	114	_ZN4KPet7CallOutEi	KPet::CallOut(int)
081eb380	45	_ZN4KPet9SaveLevelEv	KPet::SaveLevel(void)
081eb3b0	45	_ZN4KPet7SaveExpEv	KPet::SaveExp(void)
081eb3e0	44	_ZN4KPet13SaveFeatureIdEv	KPet::SaveFeatureId(void)
081eb410	129	_ZN4KPet12SetFeatureIdEi	KPet::SetFeatureId(int)
081eb4a0	125	_ZN4KPet8SaveNameEv	KPet::SaveName(void)
081eb520	22	_ZN4KPetC2Ev	KPet::KPet(void)
081eb540	257	_ZN4KPet4LoadEv	KPet::Load(void)
081eb650	426	_ZN4KPet12FollowPlayerEv	KPet::FollowPlayer(void)
081eb800	43	_ZN4KPet8ActivateEv	KPet::Activate(void)
081eb830	235	_ZN4KPet7SetNameEPKc	KPet::SetName(char const*)
081eb920	10	_Z16GetPetFuncsCountv	GetPetFuncsCount(void)
081eb930	66	_Z15LuaPET_UnSummonP9lua_State	LuaPET_UnSummon(lua_State *)
081eb980	66	_Z13LuaPET_SummonP9lua_State	LuaPET_Summon(lua_State *)
081eb9d0	146	_Z19LuaPET_SetFeatureIdP9lua_State	LuaPET_SetFeatureId(lua_State *)
081eba70	161	_Z13LuaPET_CreateP9lua_State	LuaPET_Create(lua_State *)
081ebb20	121	_Z14LuaPET_SetNameP9lua_State	LuaPET_SetName(lua_State *)
081ebba0	145	_Z15LuaPET_SetLevelP9lua_State	LuaPET_SetLevel(lua_State *)
081ebc40	106	_Z15LuaPET_GetLevelP9lua_State	LuaPET_GetLevel(lua_State *)
081ebcb0	106	_Z13LuaPET_GetExpP9lua_State	LuaPET_GetExp(lua_State *)
081ebd20	106	_Z19LuaPET_GetFeatureIdP9lua_State	LuaPET_GetFeatureId(lua_State *)
081ebd90	145	_Z13LuaPET_SetExpP9lua_State	LuaPET_SetExp(lua_State *)
081ebe30	145	_Z13LuaPET_AddExpP9lua_State	LuaPET_AddExp(lua_State *)
081ebed0	74	_Z14LuaPET_GetNameP9lua_State	LuaPET_GetName(lua_State *)
081ebf20	10	_ZN17KTongZhaoMuServer4InitEv	KTongZhaoMuServer::Init(void)
081ebf30	5	_ZN17KTongZhaoMuServer6UnInitEv	KTongZhaoMuServer::UnInit(void)
081ebf40	5	_ZN17KTongZhaoMuServer8ActivateEv	KTongZhaoMuServer::Activate(void)
081ebf50	38	_ZN17KTongZhaoMuServerC2Ev	KTongZhaoMuServer::KTongZhaoMuServer(void)
081ebf80	34	_ZN17KTongZhaoMuServerD1Ev	KTongZhaoMuServer::~KTongZhaoMuServer()
081ebfb0	16	__tcf_0_65	__tcf_0_65
081ebfc0	62	_ZN17KTongZhaoMuServer3GetEm	KTongZhaoMuServer::Get(unsigned long)
081ec000	177	_ZN17KTongZhaoMuServer7GetPageEiRSt6vectorImSaImEE	KTongZhaoMuServer::GetPage(int,std::vector<unsigned long,std::allocator<unsigned long>> &)
081ec0c0	269	_ZN17KTongZhaoMuServer3AddEmP11KZhaoMuInfo	KTongZhaoMuServer::Add(unsigned long,KZhaoMuInfo *)
081ec1d0	38	_ZN17KTongZhaoMuServerC1Ev	KTongZhaoMuServer::KTongZhaoMuServer(void)
081ec200	66	_Z41__static_initialization_and_destruction_0ii_76	_Z41__static_initialization_and_destruction_0ii_76
081ec250	16	_GLOBAL__I_g_TongZhaoMuServer	`global constructor keyed to'g_TongZhaoMuServer
081ec260	34	_ZN17KTongZhaoMuServerD2Ev	KTongZhaoMuServer::~KTongZhaoMuServer()
081ec290	87	_ZNSt8_Rb_treeImSt4pairIKm11KZhaoMuInfoESt10_Select1stIS3_ESt4lessImESaIS3_EE4findERS1_	std::_Rb_tree<unsigned long,std::pair<unsigned long const,KZhaoMuInfo>,std::_Select1st<std::pair<unsigned long const,KZhaoMuInfo>>,std::less<unsigned long>,std::allocator<std::pair<unsigned long const,KZhaoMuInfo>>>::find(unsigned long const&)
081ec2f0	59	_ZNSt8_Rb_treeImSt4pairIKm11KZhaoMuInfoESt10_Select1stIS3_ESt4lessImESaIS3_EE8_M_eraseEPSt13_Rb_tree_nodeIS3_E	std::_Rb_tree<unsigned long,std::pair<unsigned long const,KZhaoMuInfo>,std::_Select1st<std::pair<unsigned long const,KZhaoMuInfo>>,std::less<unsigned long>,std::allocator<std::pair<unsigned long const,KZhaoMuInfo>>>::_M_erase(std::_Rb_tree_node<std::pair<unsigned long const,KZhaoMuInfo>> *)
081ec330	155	_ZNSt8_Rb_treeImSt4pairIKm11KZhaoMuInfoESt10_Select1stIS3_ESt4lessImESaIS3_EE9_M_insertEPSt18_Rb_tree_node_baseSB_RKS3_	std::_Rb_tree<unsigned long,std::pair<unsigned long const,KZhaoMuInfo>,std::_Select1st<std::pair<unsigned long const,KZhaoMuInfo>>,std::less<unsigned long>,std::allocator<std::pair<unsigned long const,KZhaoMuInfo>>>::_M_insert(std::_Rb_tree_node_base *,std::_Rb_tree_node_base *,std::pair<unsigned long const,KZhaoMuInfo> const&)
081ec3d0	236	_ZNSt8_Rb_treeImSt4pairIKm11KZhaoMuInfoESt10_Select1stIS3_ESt4lessImESaIS3_EE13insert_uniqueERKS3_	std::_Rb_tree<unsigned long,std::pair<unsigned long const,KZhaoMuInfo>,std::_Select1st<std::pair<unsigned long const,KZhaoMuInfo>>,std::less<unsigned long>,std::allocator<std::pair<unsigned long const,KZhaoMuInfo>>>::insert_unique(std::pair<unsigned long const,KZhaoMuInfo> const&)
081ec4c0	20	_ZN15KGoddessProcess10InitializeEP11IGameServerP11KServerCore	KGoddessProcess::Initialize(IGameServer *,KServerCore *)
081ec4e0	22	_ZN15KGoddessProcess12UnInitializeEv	KGoddessProcess::UnInitialize(void)
081ec500	55	_ZN15KGoddessProcess21OnQueryRoleNameResultEPvi	KGoddessProcess::OnQueryRoleNameResult(void *,int)
081ec540	258	_ZN15KGoddessProcess22OnChangeRoleNameResultEPvi	KGoddessProcess::OnChangeRoleNameResult(void *,int)
081ec650	262	_ZN15KGoddessProcess14AskForExchangeEii	KGoddessProcess::AskForExchange(int,int)
081ec760	119	_ZN15KGoddessProcess24DatabaseLargePackProcessEPKcj	KGoddessProcess::DatabaseLargePackProcess(char const*,unsigned int)
081ec7e0	634	_ZN15KGoddessProcess7ProcessEPKvj	KGoddessProcess::Process(void const*,unsigned int)
081eca60	9	_ZN15KGoddessProcess14ProcessMessageEPKvj	KGoddessProcess::ProcessMessage(void const*,unsigned int)
081eca70	9	_ZN15KGoddessProcessD1Ev	KGoddessProcess::~KGoddessProcess()
081eca80	9	_ZN15KGoddessProcessD2Ev	KGoddessProcess::~KGoddessProcess()
081eca90	38	_ZN15KGoddessProcessC1Ev	KGoddessProcess::KGoddessProcess(void)
081ecac0	38	_ZN15KGoddessProcessC2Ev	KGoddessProcess::KGoddessProcess(void)
081ecaf0	27	_ZN14KBishopProcess10InitializeEP11IGameServerP11KServerCore	KBishopProcess::Initialize(IGameServer *,KServerCore *)
081ecb10	29	_ZN14KBishopProcess12UnInitializeEv	KBishopProcess::UnInitialize(void)
081ecb30	247	_ZN14KBishopProcess13CheckRoleDataEPK9TRoleData	KBishopProcess::CheckRoleData(TRoleData const*)
081ecc30	76	_ZN14KBishopProcess14CompareAccountEPKci	KBishopProcess::CompareAccount(char const*,int)
081ecc80	297	_ZN14KBishopProcess12LoadRoleDataEPK9TRoleDataPK5_GUIDPK14KACCOUNT_INFO2	KBishopProcess::LoadRoleData(TRoleData const*,_GUID const*,KACCOUNT_INFO2 const*)
081ecdb0	106	_ZN14KBishopProcess20ProcessTryoutTimeoutEPKhj	KBishopProcess::ProcessTryoutTimeout(unsigned char const*,unsigned int)
081ece20	9	_ZN14KBishopProcessD1Ev	KBishopProcess::~KBishopProcess()
081ece30	9	_ZN14KBishopProcessD2Ev	KBishopProcess::~KBishopProcess()
081ece40	45	_ZN14KBishopProcessC1Ev	KBishopProcess::KBishopProcess(void)
081ece70	45	_ZN14KBishopProcessC2Ev	KBishopProcess::KBishopProcess(void)
081ecea0	638	_ZN14KBishopProcess14OfflineKickoutEPK20tagOfflineKickoutAsk	KBishopProcess::OfflineKickout(tagOfflineKickoutAsk const*)
081ed120	33	_ZN14KBishopProcess21ProcessOfflineKickoutEPKvj	KBishopProcess::ProcessOfflineKickout(void const*,unsigned int)
081ed150	211	_ZN14KBishopProcess19ProcessSyncRoleDataEPKvj	KBishopProcess::ProcessSyncRoleData(void const*,unsigned int)
081ed230	486	_ZN14KBishopProcess19ProcessTripRoleDataEPKvj	KBishopProcess::ProcessTripRoleData(void const*,unsigned int)
081ed420	137	_ZN14KBishopProcess23GatewayLargePackProcessEPKvj	KBishopProcess::GatewayLargePackProcess(void const*,unsigned int)
081ed4b0	578	_ZN14KBishopProcess23GatewayBoardCastProcessEPKcj	KBishopProcess::GatewayBoardCastProcess(char const*,unsigned int)
081ed700	725	_ZN14KBishopProcess23GatewaySmallPackProcessEPKvj	KBishopProcess::GatewaySmallPackProcess(void const*,unsigned int)
081ed9e0	55	_ZN14KBishopProcess14ProcessMessageEPKvj	KBishopProcess::ProcessMessage(void const*,unsigned int)
081eda20	26	_ZN12KHostProcess10InitializeEP11IGameServerP11KServerCore	KHostProcess::Initialize(IGameServer *,KServerCore *)
081eda40	59	_ZN12KHostProcess16TranslateMessageEPKvj	KHostProcess::TranslateMessage(void const*,unsigned int)
081eda80	152	_ZN22CRoleNameChangeHistory10SendFinishEPKcS1_S1_	CRoleNameChangeHistory::SendFinish(char const*,char const*,char const*)
081edb20	55	_ZN12KHostProcess26ProcessTongNameQueryResultEPvi	KHostProcess::ProcessTongNameQueryResult(void *,int)
081edb60	55	_ZN12KHostProcess27ProcessTongNameChangeResultEPvi	KHostProcess::ProcessTongNameChangeResult(void *,int)
081edba0	203	_ZN12KHostProcess13ConformAskWayEPKviRi	KHostProcess::ConformAskWay(void const*,int,int &)
081edc70	160	_ZN12KHostProcess12UnInitializeEv	KHostProcess::UnInitialize(void)
081edd10	362	_ZN22CRoleNameChangeHistory12UnInitializeEv	CRoleNameChangeHistory::UnInitialize(void)
081ede80	360	_ZN12KHostProcess29TransferLoseWayMessageProcessEPKcj	KHostProcess::TransferLoseWayMessageProcess(char const*,unsigned int)
081edff0	214	_ZN12KHostProcess16ExchangingLogoutEPKcPK11KEXCHANGING	KHostProcess::ExchangingLogout(char const*,KEXCHANGING const*)
081ee0d0	156	_ZN22CRoleNameChangeHistory11SendRequestEPKcS1_S1_	CRoleNameChangeHistory::SendRequest(char const*,char const*,char const*)
081ee170	73	_ZN22CRoleNameChangeHistory11SendRequestEv	CRoleNameChangeHistory::SendRequest(void)
081ee1c0	91	_ZN12KHostProcess13NotifySyncEndEPKc	KHostProcess::NotifySyncEnd(char const*)
081ee220	424	_ZN12KHostProcess28TransferAskWayMessageProcessEPKcj	KHostProcess::TransferAskWayMessageProcess(char const*,unsigned int)
081ee3d0	1160	_ZN12KHostProcess15ProcessTransferEPKvjP10KTRAN_UNIT	KHostProcess::ProcessTransfer(void const*,unsigned int,KTRAN_UNIT *)
081ee860	152	_ZN12KHostProcess24TransferLargePackProcessEPKvjP10KTRAN_UNIT	KHostProcess::TransferLargePackProcess(void const*,unsigned int,KTRAN_UNIT *)
081ee900	217	_ZN12KHostProcessC1Ev	KHostProcess::KHostProcess(void)
081ee9e0	217	_ZN12KHostProcessC2Ev	KHostProcess::KHostProcess(void)
081eeac0	182	_ZN12KHostProcessD2Ev	KHostProcess::~KHostProcess()
081eeb80	182	_ZN12KHostProcessD1Ev	KHostProcess::~KHostProcess()
081eec40	359	_ZN12KHostProcess22RegisterExchangingLostEPKc	KHostProcess::RegisterExchangingLost(char const*)
081eedb0	217	_ZN12KHostProcess29RemoveFromExchangeTimeoutListEPKcm	KHostProcess::RemoveFromExchangeTimeoutList(char const*,unsigned long)
081eee90	3346	_ZN12KHostProcess24TransferSmallPackProcessEPKvjP10KTRAN_UNIT	KHostProcess::TransferSmallPackProcess(void const*,unsigned int,KTRAN_UNIT *)
081efbb0	233	_ZN12KHostProcess16ExchangingLogoutERKSs	KHostProcess::ExchangingLogout(std::string const&)
081efca0	220	_ZN12KHostProcess22CheckExchangingTimeoutEv	KHostProcess::CheckExchangingTimeout(void)
081efd80	524	_ZN22CRoleNameChangeHistory7DelItemEPKc	CRoleNameChangeHistory::DelItem(char const*)
081eff90	84	_ZN12KHostProcess27ProcessRoleNameChangeResultEPvi	KHostProcess::ProcessRoleNameChangeResult(void *,int)
081efff0	2446	_ZN12KHostProcess14ProcessMessageEPKvj	KHostProcess::ProcessMessage(void const*,unsigned int)
081f0980	99	_ZN22CRoleNameChangeHistoryC1Ev	CRoleNameChangeHistory::CRoleNameChangeHistory(void)
081f09f0	66	_Z41__static_initialization_and_destruction_0ii_77	_Z41__static_initialization_and_destruction_0ii_77
081f0a40	16	_GLOBAL__I__ZN22CRoleNameChangeHistory7ms_instE	`global constructor keyed to'CRoleNameChangeHistory::ms_inst
081f0a50	99	_ZN22CRoleNameChangeHistoryC2Ev	CRoleNameChangeHistory::CRoleNameChangeHistory(void)
081f0ac0	81	__tcf_0_66	__tcf_0_66
081f0b20	2708	_ZN22CRoleNameChangeHistory10InitializeEv	CRoleNameChangeHistory::Initialize(void)
081f15c0	3029	_ZN22CRoleNameChangeHistory7AddItemEPKcS1_S1_	CRoleNameChangeHistory::AddItem(char const*,char const*,char const*)
081f21a0	87	_ZNSt8_Rb_treeImSt4pairIKm10KTRAN_UNITESt10_Select1stIS3_ESt4lessImESaIS3_EE4findERS1_	std::_Rb_tree<unsigned long,std::pair<unsigned long const,KTRAN_UNIT>,std::_Select1st<std::pair<unsigned long const,KTRAN_UNIT>>,std::less<unsigned long>,std::allocator<std::pair<unsigned long const,KTRAN_UNIT>>>::find(unsigned long const&)
081f2200	59	_ZNSt8_Rb_treeImSt4pairIKm10KTRAN_UNITESt10_Select1stIS3_ESt4lessImESaIS3_EE8_M_eraseEPSt13_Rb_tree_nodeIS3_E	std::_Rb_tree<unsigned long,std::pair<unsigned long const,KTRAN_UNIT>,std::_Select1st<std::pair<unsigned long const,KTRAN_UNIT>>,std::less<unsigned long>,std::allocator<std::pair<unsigned long const,KTRAN_UNIT>>>::_M_erase(std::_Rb_tree_node<std::pair<unsigned long const,KTRAN_UNIT>> *)
081f2240	171	_ZNSt8_Rb_treeImSt4pairIKm10KTRAN_UNITESt10_Select1stIS3_ESt4lessImESaIS3_EE9_M_insertEPSt18_Rb_tree_node_baseSB_RKS3_	std::_Rb_tree<unsigned long,std::pair<unsigned long const,KTRAN_UNIT>,std::_Select1st<std::pair<unsigned long const,KTRAN_UNIT>>,std::less<unsigned long>,std::allocator<std::pair<unsigned long const,KTRAN_UNIT>>>::_M_insert(std::_Rb_tree_node_base *,std::_Rb_tree_node_base *,std::pair<unsigned long const,KTRAN_UNIT> const&)
081f22f0	106	_ZNSt8_Rb_treeImSt4pairIKmSsESt10_Select1stIS2_ESt4lessImESaIS2_EE12insert_equalERKS2_	std::_Rb_tree<unsigned long,std::pair<unsigned long const,std::string>,std::_Select1st<std::pair<unsigned long const,std::string>>,std::less<unsigned long>,std::allocator<std::pair<unsigned long const,std::string>>>::insert_equal(std::pair<unsigned long const,std::string> const&)
081f2360	281	_ZNSt8_Rb_treeISsSt4pairIKSs11KEXCHANGINGESt10_Select1stIS3_E12account_lessSaIS3_EE9_M_insertEPSt18_Rb_tree_node_baseSA_RKS3_	std::_Rb_tree<std::string,std::pair<std::string const,KEXCHANGING>,std::_Select1st<std::pair<std::string const,KEXCHANGING>>,account_less,std::allocator<std::pair<std::string const,KEXCHANGING>>>::_M_insert(std::_Rb_tree_node_base *,std::_Rb_tree_node_base *,std::pair<std::string const,KEXCHANGING> const&)
081f2480	236	_ZNSt8_Rb_treeImSt4pairIKm10KTRAN_UNITESt10_Select1stIS3_ESt4lessImESaIS3_EE13insert_uniqueERKS3_	std::_Rb_tree<unsigned long,std::pair<unsigned long const,KTRAN_UNIT>,std::_Select1st<std::pair<unsigned long const,KTRAN_UNIT>>,std::less<unsigned long>,std::allocator<std::pair<unsigned long const,KTRAN_UNIT>>>::insert_unique(std::pair<unsigned long const,KTRAN_UNIT> const&)
081f2570	104	_ZNSt8_Rb_treeISsSt4pairIKSs11KEXCHANGINGESt10_Select1stIS3_E12account_lessSaIS3_EE11lower_boundERS1_	std::_Rb_tree<std::string,std::pair<std::string const,KEXCHANGING>,std::_Select1st<std::pair<std::string const,KEXCHANGING>>,account_less,std::allocator<std::pair<std::string const,KEXCHANGING>>>::lower_bound(std::string const&)
081f25e0	182	_ZNSt8_Rb_treeISsSt4pairIKSs11KEXCHANGINGESt10_Select1stIS3_E12account_lessSaIS3_EE4findERS1_	std::_Rb_tree<std::string,std::pair<std::string const,KEXCHANGING>,std::_Select1st<std::pair<std::string const,KEXCHANGING>>,account_less,std::allocator<std::pair<std::string const,KEXCHANGING>>>::find(std::string const&)
081f26a0	342	_ZNSt8_Rb_treeISsSt4pairIKSs11KEXCHANGINGESt10_Select1stIS3_E12account_lessSaIS3_EE13insert_uniqueERKS3_	std::_Rb_tree<std::string,std::pair<std::string const,KEXCHANGING>,std::_Select1st<std::pair<std::string const,KEXCHANGING>>,account_less,std::allocator<std::pair<std::string const,KEXCHANGING>>>::insert_unique(std::pair<std::string const,KEXCHANGING> const&)
081f2800	804	_ZNSt8_Rb_treeISsSt4pairIKSs11KEXCHANGINGESt10_Select1stIS3_E12account_lessSaIS3_EE13insert_uniqueESt17_Rb_tree_iteratorIS3_ERKS3_	std::_Rb_tree<std::string,std::pair<std::string const,KEXCHANGING>,std::_Select1st<std::pair<std::string const,KEXCHANGING>>,account_less,std::allocator<std::pair<std::string const,KEXCHANGING>>>::insert_unique(std::_Rb_tree_iterator<std::pair<std::string const,KEXCHANGING>>,std::pair<std::string const,KEXCHANGING> const&)
081f2b30	275	_ZNSt8_Rb_treeISsSt4pairIKSsN22CRoleNameChangeHistory4ItemEESt10_Select1stIS4_ESt4lessISsESaIS4_EE4findERS1_	std::_Rb_tree<std::string,std::pair<std::string const,CRoleNameChangeHistory::Item>,std::_Select1st<std::pair<std::string const,CRoleNameChangeHistory::Item>>,std::less<std::string>,std::allocator<std::pair<std::string const,CRoleNameChangeHistory::Item>>>::find(std::string const&)
081f2c50	155	_ZNSt8_Rb_treeISsSt4pairIKSsN22CRoleNameChangeHistory4ItemEESt10_Select1stIS4_ESt4lessISsESaIS4_EE11lower_boundERS1_	std::_Rb_tree<std::string,std::pair<std::string const,CRoleNameChangeHistory::Item>,std::_Select1st<std::pair<std::string const,CRoleNameChangeHistory::Item>>,std::less<std::string>,std::allocator<std::pair<std::string const,CRoleNameChangeHistory::Item>>>::lower_bound(std::string const&)
081f2cf0	121	_ZNSt8_Rb_treeISsSt4pairIKSs11KEXCHANGINGESt10_Select1stIS3_E12account_lessSaIS3_EE8_M_eraseEPSt13_Rb_tree_nodeIS3_E	std::_Rb_tree<std::string,std::pair<std::string const,KEXCHANGING>,std::_Select1st<std::pair<std::string const,KEXCHANGING>>,account_less,std::allocator<std::pair<std::string const,KEXCHANGING>>>::_M_erase(std::_Rb_tree_node<std::pair<std::string const,KEXCHANGING>> *)
081f2d70	369	_ZNSt8_Rb_treeISsSt4pairIKSsN22CRoleNameChangeHistory4ItemEESt10_Select1stIS4_ESt4lessISsESaIS4_EE8_M_eraseEPSt13_Rb_tree_nodeIS4_E	std::_Rb_tree<std::string,std::pair<std::string const,CRoleNameChangeHistory::Item>,std::_Select1st<std::pair<std::string const,CRoleNameChangeHistory::Item>>,std::less<std::string>,std::allocator<std::pair<std::string const,CRoleNameChangeHistory::Item>>>::_M_erase(std::_Rb_tree_node<std::pair<std::string const,CRoleNameChangeHistory::Item>> *)
081f2ef0	440	_ZNSt8_Rb_treeISsSt4pairIKSsN22CRoleNameChangeHistory4ItemEESt10_Select1stIS4_ESt4lessISsESaIS4_EE9_M_insertEPSt18_Rb_tree_node_baseSC_RKS4_	std::_Rb_tree<std::string,std::pair<std::string const,CRoleNameChangeHistory::Item>,std::_Select1st<std::pair<std::string const,CRoleNameChangeHistory::Item>>,std::less<std::string>,std::allocator<std::pair<std::string const,CRoleNameChangeHistory::Item>>>::_M_insert(std::_Rb_tree_node_base *,std::_Rb_tree_node_base *,std::pair<std::string const,CRoleNameChangeHistory::Item> const&)
081f30b0	455	_ZNSt8_Rb_treeISsSt4pairIKSsN22CRoleNameChangeHistory4ItemEESt10_Select1stIS4_ESt4lessISsESaIS4_EE13insert_uniqueERKS4_	std::_Rb_tree<std::string,std::pair<std::string const,CRoleNameChangeHistory::Item>,std::_Select1st<std::pair<std::string const,CRoleNameChangeHistory::Item>>,std::less<std::string>,std::allocator<std::pair<std::string const,CRoleNameChangeHistory::Item>>>::insert_unique(std::pair<std::string const,CRoleNameChangeHistory::Item> const&)
081f3280	1147	_ZNSt8_Rb_treeISsSt4pairIKSsN22CRoleNameChangeHistory4ItemEESt10_Select1stIS4_ESt4lessISsESaIS4_EE13insert_uniqueESt17_Rb_tree_iteratorIS4_ERKS4_	std::_Rb_tree<std::string,std::pair<std::string const,CRoleNameChangeHistory::Item>,std::_Select1st<std::pair<std::string const,CRoleNameChangeHistory::Item>>,std::less<std::string>,std::allocator<std::pair<std::string const,CRoleNameChangeHistory::Item>>>::insert_unique(std::_Rb_tree_iterator<std::pair<std::string const,CRoleNameChangeHistory::Item>>,std::pair<std::string const,CRoleNameChangeHistory::Item> const&)
081f3700	26	_ZN12KTongProcess10InitializeEP11IGameServerP11KServerCore	KTongProcess::Initialize(IGameServer *,KServerCore *)
081f3720	28	_ZN12KTongProcess12UnInitializeEv	KTongProcess::UnInitialize(void)
081f3740	59	_ZN12KTongProcess16TranslateMessageEPKvj	KTongProcess::TranslateMessage(void const*,unsigned int)
081f3780	137	_ZN12KTongProcess22InitCoreAfterRelayDataEv	KTongProcess::InitCoreAfterRelayData(void)
081f3810	81	_ZN12KTongProcess14GetPlayerIndexEPKci	KTongProcess::GetPlayerIndex(char const*,int)
081f3870	110	_ZN12KTongProcess16LargePackProcessEPKcj	KTongProcess::LargePackProcess(char const*,unsigned int)
081f38e0	13	_ZN12KTongProcessD1Ev	KTongProcess::~KTongProcess()
081f38f0	13	_ZN12KTongProcessD2Ev	KTongProcess::~KTongProcess()
081f3900	47	_ZN12KTongProcessC1Ev	KTongProcess::KTongProcess(void)
081f3930	47	_ZN12KTongProcessC2Ev	KTongProcess::KTongProcess(void)
081f3960	7155	_ZN12KTongProcess14ProcessMessageEPKvj	KTongProcess::ProcessMessage(void const*,unsigned int)
081f5560	21	_ZN12KChatProcessC2Ev	KChatProcess::KChatProcess(void)
081f5580	21	_ZN12KChatProcessC1Ev	KChatProcess::KChatProcess(void)
081f55a0	5	_ZN12KChatProcessD2Ev	KChatProcess::~KChatProcess()
081f55b0	5	_ZN12KChatProcessD1Ev	KChatProcess::~KChatProcess()
081f55c0	19	_ZN12KChatProcess10InitializeEP11IGameServerP11KServerCore	KChatProcess::Initialize(IGameServer *,KServerCore *)
081f55e0	21	_ZN12KChatProcess12UnInitializeEv	KChatProcess::UnInitialize(void)
081f5600	11	_ZN12KChatProcess18GetDirectChatIndexEP16tagCHAT_RELEGATE	KChatProcess::GetDirectChatIndex(tagCHAT_RELEGATE *)
081f5610	29	_ZN12KChatProcess18GetPlayerChatIndexEP16tagCHAT_RELEGATE	KChatProcess::GetPlayerChatIndex(tagCHAT_RELEGATE *)
081f5630	109	_ZN12KChatProcess11ChatSpecManEPKvj	KChatProcess::ChatSpecMan(void const*,unsigned int)
081f56a0	384	_ZN12KChatProcess12ChatGroupManEPKvj	KChatProcess::ChatGroupMan(void const*,unsigned int)
081f5820	837	_ZN12KChatProcess14ProcessMessageEPKvj	KChatProcess::ProcessMessage(void const*,unsigned int)
081f5b70	27	_ZN14KClientProcessC2Ei	KClientProcess::KClientProcess(int)
081f5b90	27	_ZN14KClientProcessC1Ei	KClientProcess::KClientProcess(int)
081f5bb0	5	_ZN14KClientProcessD2Ev	KClientProcess::~KClientProcess()
081f5bc0	5	_ZN14KClientProcessD1Ev	KClientProcess::~KClientProcess()
081f5bd0	20	_ZN14KClientProcess10InitializeEP11IGameServerP11KServerCore	KClientProcess::Initialize(IGameServer *,KServerCore *)
081f5bf0	22	_ZN14KClientProcess12UnInitializeEv	KClientProcess::UnInitialize(void)
081f5c10	74	_ZN14KClientProcess15GetLocalChannelEi	KClientProcess::GetLocalChannel(int)
081f5c60	229	_ZN14KClientProcess16ProcessPingReplyEmPKcj	KClientProcess::ProcessPingReply(unsigned long,char const*,unsigned int)
081f5d50	66	_ZN14KClientProcess24ProcessSyncReplyProtocolEmiPKcj	KClientProcess::ProcessSyncReplyProtocol(unsigned long,int,char const*,unsigned int)
081f5da0	555	_ZN14KClientProcess20SendGameDataToClientEmi	KClientProcess::SendGameDataToClient(unsigned long,int)
081f5fd0	67	_ZN14KClientProcess20ProcessLoginProtocolEmPKvj	KClientProcess::ProcessLoginProtocol(unsigned long,void const*,unsigned int)
081f6020	3277	_ZN14KClientProcess20ProcessPlayerTongMsgEmPKcj	KClientProcess::ProcessPlayerTongMsg(unsigned long,char const*,unsigned int)
081f6cf0	209	_ZN14KClientProcess16CheckMsgIntervalEPSt3mapImmSt4lessImESaISt4pairIKmmEEEmmm	KClientProcess::CheckMsgInterval(std::map<unsigned long,unsigned long,std::less<unsigned long>,std::allocator<std::pair<unsigned long const,unsigned long>>> *,unsigned long,unsigned long,unsigned long)
081f6dd0	256	_ZN14KClientProcess16CheckMsgIntervalEP23LocalDispatchMsgChanneli	KClientProcess::CheckMsgInterval(LocalDispatchMsgChannel *,int)
081f6ed0	599	_ZN14KClientProcess16LocalChannelChatEPKcjiRi	KClientProcess::LocalChannelChat(char const*,unsigned int,int,int &)
081f7130	960	_ZN14KClientProcess15ProcessRelayMsgEmiPKcj	KClientProcess::ProcessRelayMsg(unsigned long,int,char const*,unsigned int)
081f74f0	1368	_ZN14KClientProcess14ProcessMessageEmPKvj	KClientProcess::ProcessMessage(unsigned long,void const*,unsigned int)
081f7a50	185	_Z10LoadRecordP8KTabFileiPK11tagPROPINFOi	LoadRecord(KTabFile *,int,tagPROPINFO const*,int)
081f7b10	39	_ZN19KBasicPropertyTableC2Ev	KBasicPropertyTable::KBasicPropertyTable(void)
081f7b40	39	_ZN19KBasicPropertyTableC1Ev	KBasicPropertyTable::KBasicPropertyTable(void)
081f7b70	14	_ZN19KBasicPropertyTable8SetCountEi	KBasicPropertyTable::SetCount(int)
081f7b80	288	_ZN9KBPT_Mine10LoadRecordEiP8KTabFile	KBPT_Mine::LoadRecord(int,KTabFile *)
081f7ca0	207	_ZN15KBPT_TownPortal10LoadRecordEiP8KTabFile	KBPT_TownPortal::LoadRecord(int,KTabFile *)
081f7d70	57	_ZN15KBPT_TownPortal17ClearAllStackPropEv	KBPT_TownPortal::ClearAllStackProp(void)
081f7db0	252	_ZN10KBPT_Quest10LoadRecordEiP8KTabFile	KBPT_Quest::LoadRecord(int,KTabFile *)
081f7eb0	48	_ZN18KBPT_MagicOrScript17ClearAllStackPropEv	KBPT_MagicOrScript::ClearAllStackProp(void)
081f7ee0	426	_ZN13KBPT_Medicine10LoadRecordEiP8KTabFile	KBPT_Medicine::LoadRecord(int,KTabFile *)
081f8090	57	_ZN13KBPT_Medicine17ClearAllStackPropEv	KBPT_Medicine::ClearAllStackProp(void)
081f80d0	426	_ZN16KBPT_MedMaterial10LoadRecordEiP8KTabFile	KBPT_MedMaterial::LoadRecord(int,KTabFile *)
081f8280	57	_ZN16KBPT_MedMaterial17ClearAllStackPropEv	KBPT_MedMaterial::ClearAllStackProp(void)
081f82c0	37	_ZN14KBPT_EquipmentC2Ev	KBPT_Equipment::KBPT_Equipment(void)
081f82f0	37	_ZN14KBPT_EquipmentC1Ev	KBPT_Equipment::KBPT_Equipment(void)
081f8320	1011	_ZN14KBPT_Equipment10LoadRecordEiP8KTabFile	KBPT_Equipment::LoadRecord(int,KTabFile *)
081f8720	57	_ZN14KBPT_Equipment17ClearAllStackPropEv	KBPT_Equipment::ClearAllStackProp(void)
081f8760	1253	_ZN19KBPT_Equipment_Gold10LoadRecordEiP8KTabFile	KBPT_Equipment_Gold::LoadRecord(int,KTabFile *)
081f8c50	57	_ZN19KBPT_Equipment_Gold17ClearAllStackPropEv	KBPT_Equipment_Gold::ClearAllStackProp(void)
081f8c90	1429	_ZN18KBPT_Equip_Platina10LoadRecordEiP8KTabFile	KBPT_Equip_Platina::LoadRecord(int,KTabFile *)
081f9230	57	_ZN18KBPT_Equip_Platina17ClearAllStackPropEv	KBPT_Equip_Platina::ClearAllStackProp(void)
081f9270	37	_ZN20KBPT_Suite_EquipmentC2Ev	KBPT_Suite_Equipment::KBPT_Suite_Equipment(void)
081f92a0	37	_ZN20KBPT_Suite_EquipmentC1Ev	KBPT_Suite_Equipment::KBPT_Suite_Equipment(void)
081f92d0	7	_ZN20KBPT_Suite_Equipment10LoadRecordEiP8KTabFile	KBPT_Suite_Equipment::LoadRecord(int,KTabFile *)
081f92e0	5	_ZN20KBPT_Suite_Equipment17ClearAllStackPropEv	KBPT_Suite_Equipment::ClearAllStackProp(void)
081f92f0	5	_ZN20KBPT_Suite_Equipment16SetItemStackPropEiiiiiPi	KBPT_Suite_Equipment::SetItemStackProp(int,int,int,int,int,int *)
081f9300	637	_ZN19KBPT_MagicAttrib_TF10LoadRecordEiP8KTabFile	KBPT_MagicAttrib_TF::LoadRecord(int,KTabFile *)
081f9580	256	_ZN25KBPT_MagicAttribLevelInfo10LoadRecordEiP8KTabFile	KBPT_MagicAttribLevelInfo::LoadRecord(int,KTabFile *)
081f9680	28	_ZN14KBPT_ClassMAITC2Ev	KBPT_ClassMAIT::KBPT_ClassMAIT(void)
081f96a0	28	_ZN14KBPT_ClassMAITC1Ev	KBPT_ClassMAIT::KBPT_ClassMAIT(void)
081f96c0	20	_ZN14KBPT_ClassMAIT5ClearEv	KBPT_ClassMAIT::Clear(void)
081f96e0	16	_ZNK14KBPT_ClassMAIT3GetEi	KBPT_ClassMAIT::Get(int)const
081f96f0	28	_ZN18KBPT_ClassifiedMATC2Ev	KBPT_ClassifiedMAT::KBPT_ClassifiedMAT(void)
081f9710	28	_ZN18KBPT_ClassifiedMATC1Ev	KBPT_ClassifiedMAT::KBPT_ClassifiedMAT(void)
081f9730	32	_ZN18KBPT_ClassifiedMAT3SetEi	KBPT_ClassifiedMAT::Set(int)
081f9750	36	_ZNK18KBPT_ClassifiedMAT3GetEi	KBPT_ClassifiedMAT::Get(int)const
081f9780	96	_ZNK13KBPT_Medicine10FindRecordEii	KBPT_Medicine::FindRecord(int,int)const
081f97e0	72	_ZNK10KBPT_Quest10FindRecordEi	KBPT_Quest::FindRecord(int)const
081f9830	96	_ZNK18KBPT_MagicOrScript10FindRecordEii	KBPT_MagicOrScript::FindRecord(int,int)const
081f9890	106	_ZNK14KBPT_Equipment10FindRecordEiii	KBPT_Equipment::FindRecord(int,int,int)const
081f9900	106	_ZNK19KBPT_Equipment_Gold10FindRecordEiii	KBPT_Equipment_Gold::FindRecord(int,int,int)const
081f9970	104	_ZNK18KBPT_ClassifiedMAT6GetAllEPiS0_	KBPT_ClassifiedMAT::GetAll(int *,int *)const
081f99e0	39	_ZNK19KBPT_MagicAttrib_TF10GetMACountEPi	KBPT_MagicAttrib_TF::GetMACount(int *)const
081f9a10	131	_ZN18KBPT_Equip_Platina16SetItemStackPropEiiiiiPi	KBPT_Equip_Platina::SetItemStackProp(int,int,int,int,int,int *)
081f9aa0	131	_ZN19KBPT_Equipment_Gold16SetItemStackPropEiiiiiPi	KBPT_Equipment_Gold::SetItemStackProp(int,int,int,int,int,int *)
081f9b30	131	_ZN14KBPT_Equipment16SetItemStackPropEiiiiiPi	KBPT_Equipment::SetItemStackProp(int,int,int,int,int,int *)
081f9bc0	125	_ZN16KBPT_MedMaterial16SetItemStackPropEiiiiiPi	KBPT_MedMaterial::SetItemStackProp(int,int,int,int,int,int *)
081f9c40	125	_ZN13KBPT_Medicine16SetItemStackPropEiiiiiPi	KBPT_Medicine::SetItemStackProp(int,int,int,int,int,int *)
081f9cc0	125	_ZN18KBPT_MagicOrScript16SetItemStackPropEiiiiiPi	KBPT_MagicOrScript::SetItemStackProp(int,int,int,int,int,int *)
081f9d40	119	_ZN10KBPT_Quest16SetItemStackPropEiiiiiPi	KBPT_Quest::SetItemStackProp(int,int,int,int,int,int *)
081f9dc0	119	_ZN15KBPT_TownPortal16SetItemStackPropEiiiiiPi	KBPT_TownPortal::SetItemStackProp(int,int,int,int,int,int *)
081f9e40	125	_ZN9KBPT_Mine16SetItemStackPropEiiiiiPi	KBPT_Mine::SetItemStackProp(int,int,int,int,int,int *)
081f9ec0	43	_ZN18KBPT_ClassifiedMAT13ReleaseMemoryEv	KBPT_ClassifiedMAT::ReleaseMemory(void)
081f9ef0	9	_ZN18KBPT_ClassifiedMATD1Ev	KBPT_ClassifiedMAT::~KBPT_ClassifiedMAT()
081f9f00	9	_ZN18KBPT_ClassifiedMATD2Ev	KBPT_ClassifiedMAT::~KBPT_ClassifiedMAT()
081f9f10	50	_ZN14KBPT_ClassMAITD1Ev	KBPT_ClassMAIT::~KBPT_ClassMAIT()
081f9f50	50	_ZN14KBPT_ClassMAITD2Ev	KBPT_ClassMAIT::~KBPT_ClassMAIT()
081f9f90	45	_ZN19KBasicPropertyTable13ReleaseMemoryEv	KBasicPropertyTable::ReleaseMemory(void)
081f9fc0	18	_ZN19KBasicPropertyTableD1Ev	KBasicPropertyTable::~KBasicPropertyTable()
081f9fe0	18	_ZN19KBasicPropertyTableD2Ev	KBasicPropertyTable::~KBasicPropertyTable()
081fa000	18	_ZN19KBPT_MagicAttrib_TFD1Ev	KBPT_MagicAttrib_TF::~KBPT_MagicAttrib_TF()
081fa020	18	_ZN19KBPT_MagicAttrib_TFD2Ev	KBPT_MagicAttrib_TF::~KBPT_MagicAttrib_TF()
081fa040	18	_ZN14KBPT_EquipmentD1Ev	KBPT_Equipment::~KBPT_Equipment()
081fa060	18	_ZN14KBPT_EquipmentD2Ev	KBPT_Equipment::~KBPT_Equipment()
081fa080	18	_ZN16KBPT_MedMaterialD1Ev	KBPT_MedMaterial::~KBPT_MedMaterial()
081fa0a0	18	_ZN16KBPT_MedMaterialD2Ev	KBPT_MedMaterial::~KBPT_MedMaterial()
081fa0c0	18	_ZN13KBPT_MedicineD1Ev	KBPT_Medicine::~KBPT_Medicine()
081fa0e0	18	_ZN13KBPT_MedicineD2Ev	KBPT_Medicine::~KBPT_Medicine()
081fa100	18	_ZN18KBPT_MagicOrScriptD1Ev	KBPT_MagicOrScript::~KBPT_MagicOrScript()
081fa120	18	_ZN18KBPT_MagicOrScriptD2Ev	KBPT_MagicOrScript::~KBPT_MagicOrScript()
081fa140	18	_ZN10KBPT_QuestD1Ev	KBPT_Quest::~KBPT_Quest()
081fa160	18	_ZN10KBPT_QuestD2Ev	KBPT_Quest::~KBPT_Quest()
081fa180	18	_ZN15KBPT_TownPortalD1Ev	KBPT_TownPortal::~KBPT_TownPortal()
081fa1a0	18	_ZN15KBPT_TownPortalD2Ev	KBPT_TownPortal::~KBPT_TownPortal()
081fa1c0	18	_ZN16KBPT_BrokenEquipD1Ev	KBPT_BrokenEquip::~KBPT_BrokenEquip()
081fa1e0	18	_ZN16KBPT_BrokenEquipD2Ev	KBPT_BrokenEquip::~KBPT_BrokenEquip()
081fa200	18	_ZN9KBPT_MineD1Ev	KBPT_Mine::~KBPT_Mine()
081fa220	18	_ZN9KBPT_MineD2Ev	KBPT_Mine::~KBPT_Mine()
081fa240	58	_ZN18KBPT_ClassifiedMAT9GetMemoryEi	KBPT_ClassifiedMAT::GetMemory(int)
081fa280	162	_ZN14KBPT_ClassMAIT6InsertEi	KBPT_ClassMAIT::Insert(int)
081fa330	44	_ZN19KBasicPropertyTable9GetMemoryEv	KBasicPropertyTable::GetMemory(void)
081fa360	65	_ZN18KBPT_Equip_PlatinaC1Ev	KBPT_Equip_Platina::KBPT_Equip_Platina(void)
081fa3b0	65	_ZN18KBPT_Equip_PlatinaC2Ev	KBPT_Equip_Platina::KBPT_Equip_Platina(void)
081fa400	60	_ZN19KBPT_Equipment_GoldC1Ev	KBPT_Equipment_Gold::KBPT_Equipment_Gold(void)
081fa440	60	_ZN19KBPT_Equipment_GoldC2Ev	KBPT_Equipment_Gold::KBPT_Equipment_Gold(void)
081fa480	68	_ZN16KBPT_MedMaterialC1Ev	KBPT_MedMaterial::KBPT_MedMaterial(void)
081fa4d0	68	_ZN16KBPT_MedMaterialC2Ev	KBPT_MedMaterial::KBPT_MedMaterial(void)
081fa520	57	_ZN13KBPT_MedicineC1Ev	KBPT_Medicine::KBPT_Medicine(void)
081fa560	57	_ZN13KBPT_MedicineC2Ev	KBPT_Medicine::KBPT_Medicine(void)
081fa5a0	61	_ZN18KBPT_MagicOrScriptC1Ev	KBPT_MagicOrScript::KBPT_MagicOrScript(void)
081fa5e0	61	_ZN18KBPT_MagicOrScriptC2Ev	KBPT_MagicOrScript::KBPT_MagicOrScript(void)
081fa620	58	_ZN10KBPT_QuestC1Ev	KBPT_Quest::KBPT_Quest(void)
081fa660	58	_ZN10KBPT_QuestC2Ev	KBPT_Quest::KBPT_Quest(void)
081fa6a0	64	_ZN15KBPT_TownPortalC1Ev	KBPT_TownPortal::KBPT_TownPortal(void)
081fa6e0	64	_ZN15KBPT_TownPortalC2Ev	KBPT_TownPortal::KBPT_TownPortal(void)
081fa720	61	_ZN16KBPT_BrokenEquipC1Ev	KBPT_BrokenEquip::KBPT_BrokenEquip(void)
081fa760	61	_ZN16KBPT_BrokenEquipC2Ev	KBPT_BrokenEquip::KBPT_BrokenEquip(void)
081fa7a0	58	_ZN9KBPT_MineC1Ev	KBPT_Mine::KBPT_Mine(void)
081fa7e0	58	_ZN9KBPT_MineC2Ev	KBPT_Mine::KBPT_Mine(void)
081fa820	91	_ZN19KBPT_MagicAttrib_TFC1Ev	KBPT_MagicAttrib_TF::KBPT_MagicAttrib_TF(void)
081fa880	91	_ZN19KBPT_MagicAttrib_TFC2Ev	KBPT_MagicAttrib_TF::KBPT_MagicAttrib_TF(void)
081fa8e0	72	_ZN25KBPT_MagicAttribLevelInfoC1Ev	KBPT_MagicAttribLevelInfo::KBPT_MagicAttribLevelInfo(void)
081fa930	72	_ZN25KBPT_MagicAttribLevelInfoC2Ev	KBPT_MagicAttribLevelInfo::KBPT_MagicAttribLevelInfo(void)
081fa980	64	_ZN25KBPT_GoldEqMagicAttrib_TFC1Ev	KBPT_GoldEqMagicAttrib_TF::KBPT_GoldEqMagicAttrib_TF(void)
081fa9c0	64	_ZN25KBPT_GoldEqMagicAttrib_TFC2Ev	KBPT_GoldEqMagicAttrib_TF::KBPT_GoldEqMagicAttrib_TF(void)
081faa00	133	_ZN10KBPT_Quest17ClearAllStackPropEv	KBPT_Quest::ClearAllStackProp(void)
081faa90	141	_ZN9KBPT_Mine17ClearAllStackPropEv	KBPT_Mine::ClearAllStackProp(void)
081fab20	143	_ZN20KBPT_Suite_EquipmentD2Ev	KBPT_Suite_Equipment::~KBPT_Suite_Equipment()
081fabb0	37	_ZN19KBPT_Equipment_GoldD0Ev	KBPT_Equipment_Gold::~KBPT_Equipment_Gold()
081fabe0	18	_ZN19KBPT_Equipment_GoldD1Ev	KBPT_Equipment_Gold::~KBPT_Equipment_Gold()
081fac00	18	_ZN19KBPT_Equipment_GoldD2Ev	KBPT_Equipment_Gold::~KBPT_Equipment_Gold()
081fac20	31	_ZN14KBPT_Equipment4InitEi	KBPT_Equipment::Init(int)
081fac40	855	_ZN18KBPT_MagicOrScript10LoadRecordEiP8KTabFile	KBPT_MagicOrScript::LoadRecord(int,KTabFile *)
081fafa0	327	_ZN19KBasicPropertyTable4LoadEi	KBasicPropertyTable::Load(int)
081fb0f0	154	_ZN20KBPT_Suite_EquipmentD0Ev	KBPT_Suite_Equipment::~KBPT_Suite_Equipment()
081fb190	143	_ZN20KBPT_Suite_EquipmentD1Ev	KBPT_Suite_Equipment::~KBPT_Suite_Equipment()
081fb220	36	_Z14_BPT_GetRecordI24KBASICPROP_MAGICORSCRIPTEPKT_iiPv	KBASICPROP_MAGICORSCRIPT const* _BPT_GetRecord<KBASICPROP_MAGICORSCRIPT>(int,int,void *)
081fb250	40	_ZN8KBuySell8GetGoodsEi	KBuySell::GetGoods(int)
081fb280	67	_ZN8KBuySell13GetGoodsIndexEii	KBuySell::GetGoodsIndex(int,int)
081fb2d0	10	_ZN8KBuySell22OnlyForFileListChangedEv	KBuySell::OnlyForFileListChanged(void)
081fb2e0	16	__tcf_2_19	__tcf_2_19
081fb2f0	159	_ZN8KBuySell8WriteLogEiPc	KBuySell::WriteLog(int,char *)
081fb390	407	_ZN8KBuySell8WriteLogEiP5KItemi12CurrencyTypeiNS_13SALE_BEHAVIOREi	KBuySell::WriteLog(int,KItem *,int,CurrencyType,int,KBuySell::SALE_BEHAVIOR,int)
081fb530	46	_ZN8KBuySell15InitItemSaleLogEv	KBuySell::InitItemSaleLog(void)
081fb560	277	_ZN8KBuySell14AddShop2StoresEiiPKc12CurrencyTypeiS1_i	KBuySell::AddShop2Stores(int,int,char const*,CurrencyType,int,char const*,int)
081fb680	628	_ZN8KBuySell10OpenStoresEi	KBuySell::OpenStores(int)
081fb900	199	_ZN8KBuySell12CreateStoresEi	KBuySell::CreateStores(int)
081fb9d0	738	_ZN8KBuySell11BuyCallBackEiii	KBuySell::BuyCallBack(int,int,int)
081fbcc0	45	_ZN8KBuySell4InitEv	KBuySell::Init(void)
081fbcf0	96	_ZN8KBuySell23ItemBusinessShopName2IDEPc	KBuySell::ItemBusinessShopName2ID(char *)
081fbd50	1644	_ZN8KBuySell4SellEiii	KBuySell::Sell(int,int,int)
081fc3c0	680	_ZN8KBuySell16AddGoodsToPlayerEiP6KGoods12CurrencyTypeixiii	KBuySell::AddGoodsToPlayer(int,KGoods *,CurrencyType,int,long long,int,int,int)
081fc670	162	_Z27ExpiredTime_StringTime2Timemm	ExpiredTime_StringTime2Time(unsigned long,unsigned long)
081fc720	506	_ZN8KBuySell21OpenItemBussinessSaleEii12CurrencyTypeiPKc	KBuySell::OpenItemBussinessSale(int,int,CurrencyType,int,char const*)
081fc920	359	_ZN8KBuySell8OpenSaleEii12CurrencyTypeiPKc	KBuySell::OpenSale(int,int,CurrencyType,int,char const*)
081fca90	571	_ZN8KBuySell16StoresChangeShopEii	KBuySell::StoresChangeShop(int,int)
081fccd0	327	_ZN8KBuySellC1Ev	KBuySell::KBuySell(void)
081fce20	106	_Z41__static_initialization_and_destruction_0ii_78	_Z41__static_initialization_and_destruction_0ii_78
081fce90	16	_GLOBAL__I_BuySell	`global constructor keyed to'BuySell
081fcea0	327	_ZN8KBuySellC2Ev	KBuySell::KBuySell(void)
081fcff0	488	_ZN8KBuySell13RemoveAllDataEv	KBuySell::RemoveAllData(void)
081fd1e0	134	_ZN8KBuySellD0Ev	KBuySell::~KBuySell()
081fd270	127	_ZN8KBuySellD1Ev	KBuySell::~KBuySell()
081fd2f0	16	__tcf_1_32	__tcf_1_32
081fd300	127	_ZN8KBuySellD2Ev	KBuySell::~KBuySell()
081fd380	4056	_ZN8KBuySell16LoadDataFromFileEv	KBuySell::LoadDataFromFile(void)
081fe360	74	_ZN8KBuySell13OnFileChangedEPKcmm	KBuySell::OnFileChanged(char const*,unsigned long,unsigned long)
081fe3b0	1434	_ZN8KBuySell8WriteLogEiP6KGoodsi12CurrencyTypeiNS_13SALE_BEHAVIOREi	KBuySell::WriteLog(int,KGoods *,int,CurrencyType,int,KBuySell::SALE_BEHAVIOR,int)
081fe950	2240	_ZN8KBuySell3BuyEiiiiii	KBuySell::Buy(int,int,int,int,int,int)
081ff210	2917	_ZN8KBuySell15OnNotifyBuyItemEiiix	KBuySell::OnNotifyBuyItem(int,int,int,long long)
081ffd80	2789	_ZN8KBuySell28OnNotifyGoldCoinChangeResultEiiii	KBuySell::OnNotifyGoldCoinChangeResult(int,int,int,int)
08200870	4191	_ZN8KBuySell15ExportGoodsInfoEv	KBuySell::ExportGoodsInfo(void)
082018d0	63	_ZN20KMemFileNotifyHelper13OnFileChangedEPKcmm	KMemFileNotifyHelper::OnFileChanged(char const*,unsigned long,unsigned long)
08201910	103	_ZN15KItemEnvBuySell9GetEnvMsgEv	KItemEnvBuySell::GetEnvMsg(void)
08201980	18	_ZN20KMemFileNotifyHelperD0Ev	KMemFileNotifyHelper::~KMemFileNotifyHelper()
082019a0	14	_ZN20KMemFileNotifyHelperD1Ev	KMemFileNotifyHelper::~KMemFileNotifyHelper()
082019b0	46	_Z41__static_initialization_and_destruction_0ii_79	_Z41__static_initialization_and_destruction_0ii_79
082019e0	16	_GLOBAL__I_g_DiceGame	`global constructor keyed to'g_DiceGame
082019f0	3131	_ZN9KDiceGame11ProcessGameEP7KPlayerP23PLAYER_SELECTUI_COMMAND	KDiceGame::ProcessGame(KPlayer *,PLAYER_SELECTUI_COMMAND *)
08202630	1632	_ZN9KDiceGame11TestWinRateEii	KDiceGame::TestWinRate(int,int)
08202c90	261	_Z11GetNextUnitPKcciPc	GetNextUnit(char const*,char,int,char *)
08202da0	1341	_Z16ProcessGMCommandi18EGameMasterCommandPKci	ProcessGMCommand(int,EGameMasterCommand,char const*,int)
082032e0	254	_Z19TextMsgProcessGMCmdiPKci	TextMsgProcessGMCmd(int,char const*,int)
082033e0	134	_Z12TextGMFilteriPKci	TextGMFilter(int,char const*,int)
08203470	42	_ZN10KInventoryC2Ev	KInventory::KInventory(void)
082034a0	42	_ZN10KInventoryC1Ev	KInventory::KInventory(void)
082034d0	314	_ZN10KInventory9PlaceItemEiiiiii	KInventory::PlaceItem(int,int,int,int,int,int)
08203610	150	_ZN10KInventory8HoldItemEiii	KInventory::HoldItem(int,int,int)
082036b0	282	_ZN10KInventory10PickUpItemEiiiii	KInventory::PickUpItem(int,int,int,int,int)
082037d0	132	_ZN10KInventory8FindItemEii	KInventory::FindItem(int,int)
08203860	190	_ZN10KInventory9CheckRoomEiiii	KInventory::CheckRoom(int,int,int,int)
08203920	208	_ZN10KInventory8FindRoomEiiP8tagPOINT	KInventory::FindRoom(int,int,tagPOINT *)
082039f0	127	_ZN10KInventory17CalcFreeCellCountEv	KInventory::CalcFreeCellCount(void)
08203a70	25	_ZN10KInventory8AddMoneyEi	KInventory::AddMoney(int)
08203a90	179	_ZN10KInventory11GetNextItemEiiiPiS0_	KInventory::GetNextItem(int,int,int,int *,int *)
08203b50	427	_ZN10KInventory13CountFreeRoomEiii	KInventory::CountFreeRoom(int,int,int)
08203d00	78	_ZN10KInventory7ReleaseEv	KInventory::Release(void)
08203d50	9	_ZN10KInventoryD1Ev	KInventory::~KInventory()
08203d60	9	_ZN10KInventoryD2Ev	KInventory::~KInventory()
08203d70	59	_ZN10KInventory5ClearEv	KInventory::Clear(void)
08203db0	151	_ZN10KInventory4InitEii	KInventory::Init(int,int)
08203e50	199	_ZN10KInventory18CalcSameDetailTypeEii	KInventory::CalcSameDetailType(int,int)
08203f20	162	_ZN10KInventory18FindSameDetailTypeEiiPiS0_S0_	KInventory::FindSameDetailType(int,int,int *,int *,int *)
08203fd0	186	_ZN10KInventory22FindSameParticularTypeEiiiPiS0_S0_	KInventory::FindSameParticularType(int,int,int,int *,int *,int *)
08204090	108	_ZN10KInventory19CheckSameDetailTypeEii	KInventory::CheckSameDetailType(int,int)
08204100	207	_ZN10KInventory22CalcSameParticularTypeEiii	KInventory::CalcSameParticularType(int,int,int)
082041d0	110	_ZN10KInventory23CheckSameParticularTypeEiii	KInventory::CheckSameParticularType(int,int,int)
08204240	171	_ZN8KMission13ExecuteScriptEmPKcii	KMission::ExecuteScript(unsigned long,char const*,int,int)
082042f0	160	_ZN8KMission13ExecuteScriptEmPKci	KMission::ExecuteScript(unsigned long,char const*,int)
08204390	138	_ZN8KMission13PackDataToAllEPhm	KMission::PackDataToAll(unsigned char *,unsigned long)
08204420	109	_ZN8KMission13ExecuteScriptEPKcS1_ii	KMission::ExecuteScript(char const*,char const*,int,int)
08204490	102	_ZN8KMission13ExecuteScriptEPKcS1_i	KMission::ExecuteScript(char const*,char const*,int)
08204500	83	_Z25g_MissionTimerCallBackFunPvPKc	g_MissionTimerCallBackFun(void *,char const*)
08204560	143	_ZN8KMission8ActivateEv	KMission::Activate(void)
082045f0	599	_ZN8KMission11BuildLadderEiimP13TCustomLadderi	KMission::BuildLadder(int,int,unsigned long,TCustomLadder *,int)
08204850	208	_ZN8KMission15PackDataToGroupEmPhm	KMission::PackDataToGroup(unsigned long,unsigned char *,unsigned long)
08204920	5	_ZN11KStoneLikesC2Ev	KStoneLikes::KStoneLikes(void)
08204930	5	_ZN11KStoneLikesC1Ev	KStoneLikes::KStoneLikes(void)
08204940	5	_ZN11KStoneLikesD2Ev	KStoneLikes::~KStoneLikes()
08204950	5	_ZN11KStoneLikesD1Ev	KStoneLikes::~KStoneLikes()
08204960	80	_ZN11KStoneLikes8InStonesEP5KItemRKSt3setIiSt4lessIiESaIiEE	KStoneLikes::InStones(KItem *,std::set<int,std::less<int>,std::allocator<int>> const&)
082049b0	77	_ZN11KStoneLikes10LoadStonesEPMN12KGlobalValue9TEnchaserEiiRSt3setIiSt4lessIiESaIiEE	KStoneLikes::LoadStones(int KGlobalValue::TEnchaser::**,int,std::set<int,std::less<int>,std::allocator<int>> &)
08204a00	37	__tcf_2_20	__tcf_2_20
08204a30	191	_ZN11KStoneLikes14LikeLevelStoneEP5KItem	KStoneLikes::LikeLevelStone(KItem *)
08204af0	37	__tcf_1_33	__tcf_1_33
08204b20	37	__tcf_0_67	__tcf_0_67
08204b50	191	_ZN11KStoneLikes15LikeSeriesStoneEP5KItem	KStoneLikes::LikeSeriesStone(KItem *)
08204c10	191	_ZN11KStoneLikes14LikeMagicStoneEP5KItem	KStoneLikes::LikeMagicStone(KItem *)
08204cd0	87	_ZNKSt8_Rb_treeIiiSt9_IdentityIiESt4lessIiESaIiEE4findERKi	std::_Rb_tree<int,int,std::_Identity<int>,std::less<int>,std::allocator<int>>::find(int const&)const
08204d30	99	_ZNK6KGoods16GetOriginalPriceE12CurrencyType	KGoods::GetOriginalPrice(CurrencyType)const
08204da0	405	_ZN6KGoodsC1Ev	KGoods::KGoods(void)
08204f40	405	_ZN6KGoodsC2Ev	KGoods::KGoods(void)
082050e0	891	_ZNK6KGoods8GetPriceE12CurrencyType	KGoods::GetPrice(CurrencyType)const
08205460	46	_ZN8KLottery18IsLegalLotteryItemEP5KItem	KLottery::IsLegalLotteryItem(KItem *)
08205490	92	_ZN8KLottery21CheckLotteryItemPrizeEPNS_12KLotteryInfoE	KLottery::CheckLotteryItemPrize(KLottery::KLotteryInfo *)
082054f0	20	_ZN8KLottery8WriteLogEPKc	KLottery::WriteLog(char const*)
08205510	92	_ZN8KLottery16WriteLogWithTimeEPKc	KLottery::WriteLogWithTime(char const*)
08205570	42	_Z14Time2IntStringl	Time2IntString(long)
082055a0	325	_ZN8KLottery11UpdateIssueEv	KLottery::UpdateIssue(void)
082056f0	283	_ZN8KLottery4InitEiiiliiiiPiiPSsiSsiii	KLottery::Init(int,int,int,long,int,int,int,int,int *,int,std::string *,int,std::string,int,int,int)
08205810	64	_ZN8KLotteryD1Ev	KLottery::~KLottery()
08205850	64	_ZN8KLotteryD2Ev	KLottery::~KLottery()
08205890	180	_ZN8KLotteryC1Ev	KLottery::KLottery(void)
08205950	180	_ZN8KLotteryC2Ev	KLottery::KLottery(void)
08205a10	303	_Z14IntString2Timeii	IntString2Time(int,int)
08205b40	49	_ZN8KLottery23KPrizeLotteryInfoMatrixINS_12KLotteryInfoEEC1Ev	KLottery::KPrizeLotteryInfoMatrix<KLottery::KLotteryInfo>::KPrizeLotteryInfoMatrix(void)
08205b80	85	_ZN8KLottery23KPrizeLotteryInfoMatrixINS_12KLotteryInfoEE6SearchEPS1_	KLottery::KPrizeLotteryInfoMatrix<KLottery::KLotteryInfo>::Search(KLottery::KLotteryInfo*)
08205be0	44	_ZN8KLottery23KPrizeLotteryInfoMatrixINS_12KLotteryInfoEED0Ev	KLottery::KPrizeLotteryInfoMatrix<KLottery::KLotteryInfo>::~KPrizeLotteryInfoMatrix()
08205c10	34	_ZN8KLottery23KPrizeLotteryInfoMatrixINS_12KLotteryInfoEED1Ev	KLottery::KPrizeLotteryInfoMatrix<KLottery::KLotteryInfo>::~KPrizeLotteryInfoMatrix()
08205c40	69	_ZN15KLottery_RandID23GetLotteryItemInfoCountEP5KItem	KLottery_RandID::GetLotteryItemInfoCount(KItem *)
08205c90	175	_ZN15KLottery_RandID18GetLotteryItemInfoEP5KItemPN8KLottery12KLotteryInfoEi	KLottery_RandID::GetLotteryItemInfo(KItem *,KLottery::KLotteryInfo *,int)
08205d40	92	_ZN15KLottery_RandID21CheckLotteryItemPrizeEPN8KLottery12KLotteryInfoE	KLottery_RandID::CheckLotteryItemPrize(KLottery::KLotteryInfo *)
08205da0	483	_ZN15KLottery_RandID24CalcCurIssuePayPrizeDateEv	KLottery_RandID::CalcCurIssuePayPrizeDate(void)
08205f90	108	_ZN15KLottery_RandID19GenerateLotteryItemEP7KPlayerP9lua_State	KLottery_RandID::GenerateLotteryItem(KPlayer *,lua_State *)
08206000	296	_ZN15KLottery_RandID18GetLotteryItemDescEiPci	KLottery_RandID::GetLotteryItemDesc(int,char *,int)
08206130	242	_ZN15KLottery_RandID21CheckLotteryItemPrizeEP5KItemPii	KLottery_RandID::CheckLotteryItemPrize(KItem *,int *,int)
08206230	526	_ZN15KLottery_RandID15SetExtraSettingEPSsi	KLottery_RandID::SetExtraSetting(std::string *,int)
08206440	239	_ZN15KLottery_RandID18GetLatestPrizeInfoEPSsi	KLottery_RandID::GetLatestPrizeInfo(std::string *,int)
08206530	495	_ZN15KLottery_RandIDC2Ev	KLottery_RandID::KLottery_RandID(void)
08206720	491	_ZN15KLottery_RandIDD0Ev	KLottery_RandID::~KLottery_RandID()
08206910	480	_ZN15KLottery_RandIDD1Ev	KLottery_RandID::~KLottery_RandID()
08206af0	480	_ZN15KLottery_RandIDD2Ev	KLottery_RandID::~KLottery_RandID()
08206cd0	495	_ZN15KLottery_RandIDC1Ev	KLottery_RandID::KLottery_RandID(void)
08206ec0	571	_ZN15KLottery_RandID15SetPrizeSettingEPii	KLottery_RandID::SetPrizeSetting(int *,int)
08207100	443	_ZN15KLottery_RandID15LoadLotteryDataEv	KLottery_RandID::LoadLotteryData(void)
082072c0	710	_ZN15KLottery_RandID13LoadPrizeDataEi	KLottery_RandID::LoadPrizeData(int)
08207590	505	_ZN15KLottery_RandID13StartNewIssueEv	KLottery_RandID::StartNewIssue(void)
08207790	788	_ZN15KLottery_RandID19GenerateLotteryItemEP7KPlayerPN8KLottery12KLotteryInfoEi	KLottery_RandID::GenerateLotteryItem(KPlayer *,KLottery::KLotteryInfo *,int)
08207ab0	948	_ZN15KLottery_RandID16DrawCurrentIssueEv	KLottery_RandID::DrawCurrentIssue(void)
08207e70	49	_ZN8KLottery23KPrizeLotteryInfoMatrixIN15KLottery_RandID19KLotteryInfo_RandIDEEC1Ev	KLottery::KPrizeLotteryInfoMatrix<KLottery_RandID::KLotteryInfo_RandID>::KPrizeLotteryInfoMatrix(void)
08207eb0	98	_ZN8KLottery23KPrizeLotteryInfoMatrixIN15KLottery_RandID19KLotteryInfo_RandIDEE6SearchEPS2_	KLottery::KPrizeLotteryInfoMatrix<KLottery_RandID::KLotteryInfo_RandID>::Search(KLottery_RandID::KLotteryInfo_RandID*)
08207f20	134	_ZN8KLottery23KPrizeLotteryInfoMatrixIN15KLottery_RandID19KLotteryInfo_RandIDEE25GetLatestPrizeLotteryInfoEPS2_i	KLottery::KPrizeLotteryInfoMatrix<KLottery_RandID::KLotteryInfo_RandID>::GetLatestPrizeLotteryInfo(KLottery_RandID::KLotteryInfo_RandID*,int)
08207fb0	240	_ZN8KLottery23KPrizeLotteryInfoMatrixIN15KLottery_RandID19KLotteryInfo_RandIDEE22WriteNewIssuePrizeInfoEPS2_i	KLottery::KPrizeLotteryInfoMatrix<KLottery_RandID::KLotteryInfo_RandID>::WriteNewIssuePrizeInfo(KLottery_RandID::KLotteryInfo_RandID*,int)
082080a0	153	_ZN8KLottery23KPrizeLotteryInfoMatrixIN15KLottery_RandID19KLotteryInfo_RandIDEE4InitEii	KLottery::KPrizeLotteryInfoMatrix<KLottery_RandID::KLotteryInfo_RandID>::Init(int,int)
08208140	44	_ZN8KLottery23KPrizeLotteryInfoMatrixIN15KLottery_RandID19KLotteryInfo_RandIDEED0Ev	KLottery::KPrizeLotteryInfoMatrix<KLottery_RandID::KLotteryInfo_RandID>::~KPrizeLotteryInfoMatrix()
08208170	34	_ZN8KLottery23KPrizeLotteryInfoMatrixIN15KLottery_RandID19KLotteryInfo_RandIDEED1Ev	KLottery::KPrizeLotteryInfoMatrix<KLottery_RandID::KLotteryInfo_RandID>::~KPrizeLotteryInfoMatrix()
082081a0	182	_Z41__static_initialization_and_destruction_0ii_80	_Z41__static_initialization_and_destruction_0ii_80
08208260	19	_GLOBAL__I_g_TabFileLib	`global constructor keyed to'g_TabFileLib
08208280	37	__tcf_1_34	__tcf_1_34
082082b0	37	__tcf_0_68	__tcf_0_68
082082e0	193	_ZNSt8_Rb_treeISsSt4pairIKSs8KIniFileESt10_Select1stIS3_ESt4lessISsESaIS3_EE8_M_eraseEPSt13_Rb_tree_nodeIS3_E	std::_Rb_tree<std::string,std::pair<std::string const,KIniFile>,std::_Select1st<std::pair<std::string const,KIniFile>>,std::less<std::string>,std::allocator<std::pair<std::string const,KIniFile>>>::_M_erase(std::_Rb_tree_node<std::pair<std::string const,KIniFile>> *)
082083b0	29	_ZN11KTaskValues6GetBitEii	KTaskValues::GetBit(int,int)
082083d0	38	_ZN11KTaskValues6SetBitERiii	KTaskValues::SetBit(int &,int,int)
08208400	71	_ZN11KTaskValues18GetDoubleWordCountEv	KTaskValues::GetDoubleWordCount(void)
08208450	109	_ZN11KTaskValues12SetTaskValueEP7KPlayerii	KTaskValues::SetTaskValue(KPlayer *,int,int)
082084c0	197	_ZN11KTaskValues13GetTaskStatusEmPt	KTaskValues::GetTaskStatus(unsigned long,unsigned short *)
08208590	231	_ZN11KTaskValues13PutTaskStatusEmt	KTaskValues::PutTaskStatus(unsigned long,unsigned short)
08208680	165	_ZN11KTaskValuesD1Ev	KTaskValues::~KTaskValues()
08208730	520	_ZN11KTaskValues4SaveEP7KPlayer	KTaskValues::Save(KPlayer *)
08208940	156	_ZN11KTaskValues9CloseTaskEm	KTaskValues::CloseTask(unsigned long)
082089e0	197	_ZN11KTaskValues9StartTaskEm	KTaskValues::StartTask(unsigned long)
08208ab0	165	_ZN11KTaskValuesD2Ev	KTaskValues::~KTaskValues()
08208b60	84	_ZN11KTaskValues18GetCurrentTaskListERSt4listImSaImEE	KTaskValues::GetCurrentTaskList(std::list<unsigned long,std::allocator<unsigned long>> &)
08208bc0	177	_ZN11KTaskValues10GetTmpListEm	KTaskValues::GetTmpList(unsigned long)
08208c80	466	_ZN11KTaskValues4LoadEP7KPlayer	KTaskValues::Load(KPlayer *)
08208e60	112	_ZN11KTaskValuesC1EP7KPlayerPK11KTaskKeyMap	KTaskValues::KTaskValues(KPlayer *,KTaskKeyMap const*)
08208ed0	112	_ZN11KTaskValuesC2EP7KPlayerPK11KTaskKeyMap	KTaskValues::KTaskValues(KPlayer *,KTaskKeyMap const*)
08208f40	274	_ZN11KTaskValues11PutTmpValueEmmm	KTaskValues::PutTmpValue(unsigned long,unsigned long,unsigned long)
08209060	95	_ZN11KTaskValues11GetTmpValueEmmPm	KTaskValues::GetTmpValue(unsigned long,unsigned long,unsigned long *)
082090c0	87	_ZNSt8_Rb_treeImSt4pairIKmN11KTaskValues7TmpListEESt10_Select1stIS4_ESt4lessImESaIS4_EE4findERS1_	std::_Rb_tree<unsigned long,std::pair<unsigned long const,KTaskValues::TmpList>,std::_Select1st<std::pair<unsigned long const,KTaskValues::TmpList>>,std::less<unsigned long>,std::allocator<std::pair<unsigned long const,KTaskValues::TmpList>>>::find(unsigned long const&)
08209120	62	_ZNSt8_Rb_treeImSt4pairIKmN11KTaskValues7TmpListEESt10_Select1stIS4_ESt4lessImESaIS4_EE11lower_boundERS1_	std::_Rb_tree<unsigned long,std::pair<unsigned long const,KTaskValues::TmpList>,std::_Select1st<std::pair<unsigned long const,KTaskValues::TmpList>>,std::less<unsigned long>,std::allocator<std::pair<unsigned long const,KTaskValues::TmpList>>>::lower_bound(unsigned long const&)
08209160	59	_ZNSt8_Rb_treeImSt4pairIKmN11KTaskValues7TmpListEESt10_Select1stIS4_ESt4lessImESaIS4_EE8_M_eraseEPSt13_Rb_tree_nodeIS4_E	std::_Rb_tree<unsigned long,std::pair<unsigned long const,KTaskValues::TmpList>,std::_Select1st<std::pair<unsigned long const,KTaskValues::TmpList>>,std::less<unsigned long>,std::allocator<std::pair<unsigned long const,KTaskValues::TmpList>>>::_M_erase(std::_Rb_tree_node<std::pair<unsigned long const,KTaskValues::TmpList>> *)
082091a0	152	_ZNSt8_Rb_treeImSt4pairIKmN11KTaskValues7TmpListEESt10_Select1stIS4_ESt4lessImESaIS4_EE9_M_insertEPSt18_Rb_tree_node_baseSC_RKS4_	std::_Rb_tree<unsigned long,std::pair<unsigned long const,KTaskValues::TmpList>,std::_Select1st<std::pair<unsigned long const,KTaskValues::TmpList>>,std::less<unsigned long>,std::allocator<std::pair<unsigned long const,KTaskValues::TmpList>>>::_M_insert(std::_Rb_tree_node_base *,std::_Rb_tree_node_base *,std::pair<unsigned long const,KTaskValues::TmpList> const&)
08209240	236	_ZNSt8_Rb_treeImSt4pairIKmN11KTaskValues7TmpListEESt10_Select1stIS4_ESt4lessImESaIS4_EE13insert_uniqueERKS4_	std::_Rb_tree<unsigned long,std::pair<unsigned long const,KTaskValues::TmpList>,std::_Select1st<std::pair<unsigned long const,KTaskValues::TmpList>>,std::less<unsigned long>,std::allocator<std::pair<unsigned long const,KTaskValues::TmpList>>>::insert_unique(std::pair<unsigned long const,KTaskValues::TmpList> const&)
08209330	593	_ZNSt8_Rb_treeImSt4pairIKmN11KTaskValues7TmpListEESt10_Select1stIS4_ESt4lessImESaIS4_EE13insert_uniqueESt17_Rb_tree_iteratorIS4_ERKS4_	std::_Rb_tree<unsigned long,std::pair<unsigned long const,KTaskValues::TmpList>,std::_Select1st<std::pair<unsigned long const,KTaskValues::TmpList>>,std::less<unsigned long>,std::allocator<std::pair<unsigned long const,KTaskValues::TmpList>>>::insert_unique(std::_Rb_tree_iterator<std::pair<unsigned long const,KTaskValues::TmpList>>,std::pair<unsigned long const,KTaskValues::TmpList> const&)
08209590	373	_ZN22KTongScriptRunner_Core9RunScriptEmmmPKcS1_PcPiPS1_i	KTongScriptRunner_Core::RunScript(unsigned long,unsigned long,unsigned long,char const*,char const*,char *,int *,char const**,int)
08209710	373	_ZN22KTongScriptRunner_Core9RunScriptEmmPKcS1_S1_PcPiPS1_i	KTongScriptRunner_Core::RunScript(unsigned long,unsigned long,char const*,char const*,char const*,char *,int *,char const**,int)
08209890	14	_ZN22KTongScriptRunner_CoreD1Ev	KTongScriptRunner_Core::~KTongScriptRunner_Core()
082098a0	18	_ZN22KTongScriptRunner_CoreD0Ev	KTongScriptRunner_Core::~KTongScriptRunner_Core()
082098c0	70	_ZN20KTongSendDataToRelay8SendDataEPKvji	KTongSendDataToRelay::SendData(void const*,unsigned int,int)
08209910	92	_ZN21KTongSendDataToClient8SendDataEPKvji	KTongSendDataToClient::SendData(void const*,unsigned int,int)
08209970	43	_ZN11KDungeonMap10InitializeEmii	KDungeonMap::Initialize(unsigned long,int,int)
082099a0	10	_ZN11KDungeonMap14PrintDeBugInfoEv	KDungeonMap::PrintDeBugInfo(void)
082099b0	114	_ZN11KDungeonMap16AddMapIntoVectorERSt6vectorImSaImEEm	KDungeonMap::AddMapIntoVector(std::vector<unsigned long,std::allocator<unsigned long>> &,unsigned long)
08209a30	53	_ZN11KDungeonMap15ProcessMapGreatEm	KDungeonMap::ProcessMapGreat(unsigned long)
08209a70	228	_ZN11KDungeonMap21MoveMapBetweenVectorsERSt6vectorImSaImEES3_m	KDungeonMap::MoveMapBetweenVectors(std::vector<unsigned long,std::allocator<unsigned long>> &,std::vector<unsigned long,std::allocator<unsigned long>> &,unsigned long)
08209b60	157	_ZN11KDungeonMap11ApplyDelMapEm	KDungeonMap::ApplyDelMap(unsigned long)
08209c00	127	_ZN11KDungeonMap16ProcessMapDeleteEm	KDungeonMap::ProcessMapDelete(unsigned long)
08209c80	114	_ZN11KDungeonMapC2Ev	KDungeonMap::KDungeonMap(void)
08209d00	514	_ZN11KDungeonMap18FreeMapMaintenanceEv	KDungeonMap::FreeMapMaintenance(void)
08209f10	81	_ZN11KDungeonMap10RecycleMapEm	KDungeonMap::RecycleMap(unsigned long)
08209f70	237	_ZN11KDungeonMap10ProvideMapEv	KDungeonMap::ProvideMap(void)
0820a060	86	_ZN11KDungeonMapD1Ev	KDungeonMap::~KDungeonMap()
0820a0c0	86	_ZN11KDungeonMapD2Ev	KDungeonMap::~KDungeonMap()
0820a120	114	_ZN11KDungeonMapC1Ev	KDungeonMap::KDungeonMap(void)
0820a1a0	210	_ZSt6__findIN9__gnu_cxx17__normal_iteratorIPmSt6vectorImSaImEEEEmET_S7_S7_RKT0_St26random_access_iterator_tag	__gnu_cxx::__normal_iterator<unsigned long *,std::vector<unsigned long,std::allocator<unsigned long>>> std::__find<__gnu_cxx::__normal_iterator<unsigned long *,std::vector<unsigned long,std::allocator<unsigned long>>>,unsigned long>(__gnu_cxx::__normal_iterator<unsigned long *,std::vector<unsigned long,std::allocator<unsigned long>>>,__gnu_cxx::__normal_iterator<unsigned long *,std::vector<unsigned long,std::allocator<unsigned long>>>,unsigned long const&,std::random_access_iterator_tag)
0820a280	75	_ZNSt6vectorImSaImEE5eraseEN9__gnu_cxx17__normal_iteratorIPmS1_EE	std::vector<unsigned long,std::allocator<unsigned long>>::erase(__gnu_cxx::__normal_iterator<unsigned long *,std::vector<unsigned long,std::allocator<unsigned long>>>)
0820a2d0	831	_ZN9KCurrency5QueryE12CurrencyTypePP9ICurrency	KCurrency::Query(CurrencyType,ICurrency **)
0820a610	382	_ZN11KCurrency_TIL12CurrencyType5EE8BuyGoodsEP7KPlayerP6KGoodsP7KBUYINF	KCurrency_T<(CurrencyType)5>::BuyGoods(KPlayer *,KGoods *,KBUYINF *)
0820a790	253	_ZN11KCurrency_TIL12CurrencyType15EE8BuyGoodsEP7KPlayerP6KGoodsP7KBUYINF	KCurrency_T<(CurrencyType)15>::BuyGoods(KPlayer *,KGoods *,KBUYINF *)
0820a890	365	_ZN11KCurrency_TIL12CurrencyType14EE8BuyGoodsEP7KPlayerP6KGoodsP7KBUYINF	KCurrency_T<(CurrencyType)14>::BuyGoods(KPlayer *,KGoods *,KBUYINF *)
0820aa00	348	_ZN11KCurrency_TIL12CurrencyType12EE8BuyGoodsEP7KPlayerP6KGoodsP7KBUYINF	KCurrency_T<(CurrencyType)12>::BuyGoods(KPlayer *,KGoods *,KBUYINF *)
0820ab60	329	_ZN11KCurrency_TIL12CurrencyType10EE8BuyGoodsEP7KPlayerP6KGoodsP7KBUYINF	KCurrency_T<(CurrencyType)10>::BuyGoods(KPlayer *,KGoods *,KBUYINF *)
0820acb0	191	_ZN11KCurrency_TIL12CurrencyType9EE8BuyGoodsEP7KPlayerP6KGoodsP7KBUYINF	KCurrency_T<(CurrencyType)9>::BuyGoods(KPlayer *,KGoods *,KBUYINF *)
0820ad70	307	_ZN11KCurrency_TIL12CurrencyType3EE8BuyGoodsEP7KPlayerP6KGoodsP7KBUYINF	KCurrency_T<(CurrencyType)3>::BuyGoods(KPlayer *,KGoods *,KBUYINF *)
0820aeb0	1312	_ZN11KCurrency_TIL12CurrencyType1EE8BuyGoodsEP7KPlayerP6KGoodsP7KBUYINF	KCurrency_T<(CurrencyType)1>::BuyGoods(KPlayer *,KGoods *,KBUYINF *)
0820b3d0	315	_ZN11KCurrency_TIL12CurrencyType2EE8BuyGoodsEP7KPlayerP6KGoodsP7KBUYINF	KCurrency_T<(CurrencyType)2>::BuyGoods(KPlayer *,KGoods *,KBUYINF *)
0820b510	303	_ZN11KCurrency_TIL12CurrencyType4EE8BuyGoodsEP7KPlayerP6KGoodsP7KBUYINF	KCurrency_T<(CurrencyType)4>::BuyGoods(KPlayer *,KGoods *,KBUYINF *)
0820b640	300	_ZN11KCurrency_TIL12CurrencyType11EE8BuyGoodsEP7KPlayerP6KGoodsP7KBUYINF	KCurrency_T<(CurrencyType)11>::BuyGoods(KPlayer *,KGoods *,KBUYINF *)
0820b770	319	_ZN11KCurrency_TIL12CurrencyType16EE8BuyGoodsEP7KPlayerP6KGoodsP7KBUYINF	KCurrency_T<(CurrencyType)16>::BuyGoods(KPlayer *,KGoods *,KBUYINF *)
0820b8b0	291	_ZN11KCurrency_TIL12CurrencyType13EE8BuyGoodsEP7KPlayerP6KGoodsP7KBUYINF	KCurrency_T<(CurrencyType)13>::BuyGoods(KPlayer *,KGoods *,KBUYINF *)
0820b9e0	20	_ZN17KRoleValEvaluator7ReleaseEv	KRoleValEvaluator::Release(void)
0820ba00	13	_ZN17KRoleValEvaluator12GetLastErrorEv	KRoleValEvaluator::GetLastError(void)
0820ba10	10	_ZN17KRoleValEvaluator14Evaluate_LevelEPK9TRoleDataPNS_10KROLEVALUEE	KRoleValEvaluator::Evaluate_Level(TRoleData const*,KRoleValEvaluator::KROLEVALUE *)
0820ba20	10	_ZN17KRoleValEvaluator14Evaluate_SkillEPK9TRoleDataPNS_10KROLEVALUEE	KRoleValEvaluator::Evaluate_Skill(TRoleData const*,KRoleValEvaluator::KROLEVALUE *)
0820ba30	10	_ZN17KRoleValEvaluator18Evaluate_TaskValueEPK9TRoleDataPNS_10KROLEVALUEE	KRoleValEvaluator::Evaluate_TaskValue(TRoleData const*,KRoleValEvaluator::KROLEVALUE *)
0820ba40	28	_ZN17KRoleValEvaluator17Evaluate_Task1512EmPNS_10KROLEVALUEEPKSt3mapIimSt4lessIiESaISt4pairIKimEEEPK9TRoleData	KRoleValEvaluator::Evaluate_Task1512(unsigned long,KRoleValEvaluator::KROLEVALUE *,std::map<int,unsigned long,std::less<int>,std::allocator<std::pair<int const,unsigned long>>> const*,TRoleData const*)
0820ba60	28	_ZN17KRoleValEvaluator17Evaluate_Task1515EmPNS_10KROLEVALUEEPKSt3mapIimSt4lessIiESaISt4pairIKimEEEPK9TRoleData	KRoleValEvaluator::Evaluate_Task1515(unsigned long,KRoleValEvaluator::KROLEVALUE *,std::map<int,unsigned long,std::less<int>,std::allocator<std::pair<int const,unsigned long>>> const*,TRoleData const*)
0820ba80	131	_ZN17KRoleValEvaluator15GetValuePrecentEPKN17IRoleValEvaluator9MAGICATTREPK14KItemValueInfoiPi	KRoleValEvaluator::GetValuePrecent(IRoleValEvaluator::MAGICATTR const*,KItemValueInfo const*,int,int *)
0820bb10	44	_ZN17KRoleValEvaluator12UnInitializeEv	KRoleValEvaluator::UnInitialize(void)
0820bb40	62	_ZN17KRoleValEvaluator5ErrorEPKcz	KRoleValEvaluator::Error(char const*,...)
0820bb80	1422	_ZN17KRoleValEvaluator10InitializeEiPKci	KRoleValEvaluator::Initialize(int,char const*,int)
0820c110	95	_ZN17KRoleValEvaluator3LogEPKcz	KRoleValEvaluator::Log(char const*,...)
0820c170	1412	_ZN17KRoleValEvaluator20Evaluate_Normal_ItemEPNS_10KROLEVALUEEiiiiiiiiiPKiS3_ii	KRoleValEvaluator::Evaluate_Normal_Item(KRoleValEvaluator::KROLEVALUE *,int,int,int,int,int,int,int,int,int,int const*,int const*,int,int)
0820c700	164	_ZN17KRoleValEvaluator14Evaluate_MoneyEPK9TRoleDataPNS_10KROLEVALUEE	KRoleValEvaluator::Evaluate_Money(TRoleData const*,KRoleValEvaluator::KROLEVALUE *)
0820c7b0	597	_ZN17KRoleValEvaluator8EvaluateEPK9TRoleDataPxS3_	KRoleValEvaluator::Evaluate(TRoleData const*,long long *,long long *)
0820ca10	334	_ZN17KRoleValEvaluator25GetPlatinaAdditionalValueEiiPKN17IRoleValEvaluator9MAGICATTREPx	KRoleValEvaluator::GetPlatinaAdditionalValue(int,int,IRoleValEvaluator::MAGICATTR const*,long long *)
0820cb60	194	_ZN17KRoleValEvaluator20Evaluate_Scroll_ItemEPNS_10KROLEVALUEEi	KRoleValEvaluator::Evaluate_Scroll_Item(KRoleValEvaluator::KROLEVALUE *,int)
0820cc30	813	_ZN17KRoleValEvaluator24Evaluate_Enchasable_ItemEPNS_10KROLEVALUEEiiiiiiiiiPKiS3_	KRoleValEvaluator::Evaluate_Enchasable_Item(KRoleValEvaluator::KROLEVALUE *,int,int,int,int,int,int,int,int,int,int const*,int const*)
0820cf60	391	_ZN17KRoleValEvaluator13Evaluate_ItemEPNS_10KROLEVALUEEiiiiiiiiiPKiS3_ii	KRoleValEvaluator::Evaluate_Item(KRoleValEvaluator::KROLEVALUE *,int,int,int,int,int,int,int,int,int,int const*,int const*,int,int)
0820d0f0	334	_ZN17KRoleValEvaluator17Evaluate_Task2319EmPNS_10KROLEVALUEEPKSt3mapIimSt4lessIiESaISt4pairIKimEEEPK9TRoleData	KRoleValEvaluator::Evaluate_Task2319(unsigned long,KRoleValEvaluator::KROLEVALUE *,std::map<int,unsigned long,std::less<int>,std::allocator<std::pair<int const,unsigned long>>> const*,TRoleData const*)
0820d240	334	_ZN17KRoleValEvaluator17Evaluate_Task2317EmPNS_10KROLEVALUEEPKSt3mapIimSt4lessIiESaISt4pairIKimEEEPK9TRoleData	KRoleValEvaluator::Evaluate_Task2317(unsigned long,KRoleValEvaluator::KROLEVALUE *,std::map<int,unsigned long,std::less<int>,std::allocator<std::pair<int const,unsigned long>>> const*,TRoleData const*)
0820d390	591	_ZN17KRoleValEvaluator17Evaluate_Task1882EmPNS_10KROLEVALUEEPKSt3mapIimSt4lessIiESaISt4pairIKimEEEPK9TRoleData	KRoleValEvaluator::Evaluate_Task1882(unsigned long,KRoleValEvaluator::KROLEVALUE *,std::map<int,unsigned long,std::less<int>,std::allocator<std::pair<int const,unsigned long>>> const*,TRoleData const*)
0820d5e0	563	_ZN17KRoleValEvaluator17Evaluate_Task1939EmPNS_10KROLEVALUEEPKSt3mapIimSt4lessIiESaISt4pairIKimEEEPK9TRoleData	KRoleValEvaluator::Evaluate_Task1939(unsigned long,KRoleValEvaluator::KROLEVALUE *,std::map<int,unsigned long,std::less<int>,std::allocator<std::pair<int const,unsigned long>>> const*,TRoleData const*)
0820d820	245	_ZN17KRoleValEvaluator16Evaluate_Task701EmPNS_10KROLEVALUEEPKSt3mapIimSt4lessIiESaISt4pairIKimEEEPK9TRoleData	KRoleValEvaluator::Evaluate_Task701(unsigned long,KRoleValEvaluator::KROLEVALUE *,std::map<int,unsigned long,std::less<int>,std::allocator<std::pair<int const,unsigned long>>> const*,TRoleData const*)
0820d920	245	_ZN17KRoleValEvaluator16Evaluate_Task700EmPNS_10KROLEVALUEEPKSt3mapIimSt4lessIiESaISt4pairIKimEEEPK9TRoleData	KRoleValEvaluator::Evaluate_Task700(unsigned long,KRoleValEvaluator::KROLEVALUE *,std::map<int,unsigned long,std::less<int>,std::allocator<std::pair<int const,unsigned long>>> const*,TRoleData const*)
0820da20	245	_ZN17KRoleValEvaluator15Evaluate_Task81EmPNS_10KROLEVALUEEPKSt3mapIimSt4lessIiESaISt4pairIKimEEEPK9TRoleData	KRoleValEvaluator::Evaluate_Task81(unsigned long,KRoleValEvaluator::KROLEVALUE *,std::map<int,unsigned long,std::less<int>,std::allocator<std::pair<int const,unsigned long>>> const*,TRoleData const*)
0820db20	245	_ZN17KRoleValEvaluator15Evaluate_Task80EmPNS_10KROLEVALUEEPKSt3mapIimSt4lessIiESaISt4pairIKimEEEPK9TRoleData	KRoleValEvaluator::Evaluate_Task80(unsigned long,KRoleValEvaluator::KROLEVALUE *,std::map<int,unsigned long,std::less<int>,std::allocator<std::pair<int const,unsigned long>>> const*,TRoleData const*)
0820dc20	334	_ZN17KRoleValEvaluator16Evaluate_Task605EmPNS_10KROLEVALUEEPKSt3mapIimSt4lessIiESaISt4pairIKimEEEPK9TRoleData	KRoleValEvaluator::Evaluate_Task605(unsigned long,KRoleValEvaluator::KROLEVALUE *,std::map<int,unsigned long,std::less<int>,std::allocator<std::pair<int const,unsigned long>>> const*,TRoleData const*)
0820dd70	295	_ZN17KRoleValEvaluator17Evaluate_Task2501EmPNS_10KROLEVALUEEPKSt3mapIimSt4lessIiESaISt4pairIKimEEEPK9TRoleData	KRoleValEvaluator::Evaluate_Task2501(unsigned long,KRoleValEvaluator::KROLEVALUE *,std::map<int,unsigned long,std::less<int>,std::allocator<std::pair<int const,unsigned long>>> const*,TRoleData const*)
0820dea0	893	_ZN17KRoleValEvaluator13Evaluate_ItemEPK9TRoleDataPNS_10KROLEVALUEE	KRoleValEvaluator::Evaluate_Item(TRoleData const*,KRoleValEvaluator::KROLEVALUE *)
0820e220	214	_ZN17KRoleValEvaluator12EvaluateItemEPxS0_iiiiiiiiiPKiS2_ii	KRoleValEvaluator::EvaluateItem(long long *,long long *,int,int,int,int,int,int,int,int,int,int const*,int const*,int,int)
0820e300	162	_ZN17KRoleValEvaluatorD0Ev	KRoleValEvaluator::~KRoleValEvaluator()
0820e3b0	162	_ZN17KRoleValEvaluatorD1Ev	KRoleValEvaluator::~KRoleValEvaluator()
0820e460	162	_ZN17KRoleValEvaluatorD2Ev	KRoleValEvaluator::~KRoleValEvaluator()
0820e510	2283	_ZN17KRoleValEvaluatorC1Ev	KRoleValEvaluator::KRoleValEvaluator(void)
0820ee00	94	CreateRoleValEvaluator	CreateRoleValEvaluator
0820ee60	2283	_ZN17KRoleValEvaluatorC2Ev	KRoleValEvaluator::KRoleValEvaluator(void)
0820f750	87	_ZNKSt8_Rb_treeIiSt4pairIKidESt10_Select1stIS2_ESt4lessIiESaIS2_EE4findERS1_	std::_Rb_tree<int,std::pair<int const,double>,std::_Select1st<std::pair<int const,double>>,std::less<int>,std::allocator<std::pair<int const,double>>>::find(int const&)const
0820f7b0	62	_ZNSt8_Rb_treeIiSt4pairIKiM17KRoleValEvaluatorFimPNS2_10KROLEVALUEEPKSt3mapIimSt4lessIiESaIS0_IS1_mEEEPK9TRoleDataEESt10_Select1stISI_ES7_SaISI_EE11lower_boundERS1_	std::_Rb_tree<int,std::pair<int const,int (KRoleValEvaluator::*)(unsigned long,KRoleValEvaluator::KROLEVALUE *,std::map<int,unsigned long,std::less<int>,std::allocator<std::pair<int const,unsigned long>>> const*,TRoleData const*)>,std::_Select1st<std::pair<int const,int (KRoleValEvaluator::*)(unsigned long,KRoleValEvaluator::KROLEVALUE *,std::map<int,unsigned long,std::less<int>,std::allocator<std::pair<int const,unsigned long>>> const*,TRoleData const*)>>,std::less<int>,std::allocator<std::pair<int const,int (KRoleValEvaluator::*)(unsigned long,KRoleValEvaluator::KROLEVALUE *,std::map<int,unsigned long,std::less<int>,std::allocator<std::pair<int const,unsigned long>>> const*,TRoleData const*)>>>::lower_bound(int const&)
0820f7f0	59	_ZNSt8_Rb_treeIiSt4pairIKiM17KRoleValEvaluatorFimPNS2_10KROLEVALUEEPKSt3mapIimSt4lessIiESaIS0_IS1_mEEEPK9TRoleDataEESt10_Select1stISI_ES7_SaISI_EE8_M_eraseEPSt13_Rb_tree_nodeISI_E	std::_Rb_tree<int,std::pair<int const,int (KRoleValEvaluator::*)(unsigned long,KRoleValEvaluator::KROLEVALUE *,std::map<int,unsigned long,std::less<int>,std::allocator<std::pair<int const,unsigned long>>> const*,TRoleData const*)>,std::_Select1st<std::pair<int const,int (KRoleValEvaluator::*)(unsigned long,KRoleValEvaluator::KROLEVALUE *,std::map<int,unsigned long,std::less<int>,std::allocator<std::pair<int const,unsigned long>>> const*,TRoleData const*)>>,std::less<int>,std::allocator<std::pair<int const,int (KRoleValEvaluator::*)(unsigned long,KRoleValEvaluator::KROLEVALUE *,std::map<int,unsigned long,std::less<int>,std::allocator<std::pair<int const,unsigned long>>> const*,TRoleData const*)>>>::_M_erase(std::_Rb_tree_node<std::pair<int const,int (KRoleValEvaluator::*)(unsigned long,KRoleValEvaluator::KROLEVALUE *,std::map<int,unsigned long,std::less<int>,std::allocator<std::pair<int const,unsigned long>>> const*,TRoleData const*)>> *)
0820f830	155	_ZNSt8_Rb_treeIiSt4pairIKiM17KRoleValEvaluatorFimPNS2_10KROLEVALUEEPKSt3mapIimSt4lessIiESaIS0_IS1_mEEEPK9TRoleDataEESt10_Select1stISI_ES7_SaISI_EE9_M_insertEPSt18_Rb_tree_node_baseSO_RKSI_	std::_Rb_tree<int,std::pair<int const,int (KRoleValEvaluator::*)(unsigned long,KRoleValEvaluator::KROLEVALUE *,std::map<int,unsigned long,std::less<int>,std::allocator<std::pair<int const,unsigned long>>> const*,TRoleData const*)>,std::_Select1st<std::pair<int const,int (KRoleValEvaluator::*)(unsigned long,KRoleValEvaluator::KROLEVALUE *,std::map<int,unsigned long,std::less<int>,std::allocator<std::pair<int const,unsigned long>>> const*,TRoleData const*)>>,std::less<int>,std::allocator<std::pair<int const,int (KRoleValEvaluator::*)(unsigned long,KRoleValEvaluator::KROLEVALUE *,std::map<int,unsigned long,std::less<int>,std::allocator<std::pair<int const,unsigned long>>> const*,TRoleData const*)>>>::_M_insert(std::_Rb_tree_node_base *,std::_Rb_tree_node_base *,std::pair<int const,int (KRoleValEvaluator::*)(unsigned long,KRoleValEvaluator::KROLEVALUE *,std::map<int,unsigned long,std::less<int>,std::allocator<std::pair<int const,unsigned long>>> const*,TRoleData const*)> const&)
0820f8d0	236	_ZNSt8_Rb_treeIiSt4pairIKiM17KRoleValEvaluatorFimPNS2_10KROLEVALUEEPKSt3mapIimSt4lessIiESaIS0_IS1_mEEEPK9TRoleDataEESt10_Select1stISI_ES7_SaISI_EE13insert_uniqueERKSI_	std::_Rb_tree<int,std::pair<int const,int (KRoleValEvaluator::*)(unsigned long,KRoleValEvaluator::KROLEVALUE *,std::map<int,unsigned long,std::less<int>,std::allocator<std::pair<int const,unsigned long>>> const*,TRoleData const*)>,std::_Select1st<std::pair<int const,int (KRoleValEvaluator::*)(unsigned long,KRoleValEvaluator::KROLEVALUE *,std::map<int,unsigned long,std::less<int>,std::allocator<std::pair<int const,unsigned long>>> const*,TRoleData const*)>>,std::less<int>,std::allocator<std::pair<int const,int (KRoleValEvaluator::*)(unsigned long,KRoleValEvaluator::KROLEVALUE *,std::map<int,unsigned long,std::less<int>,std::allocator<std::pair<int const,unsigned long>>> const*,TRoleData const*)>>>::insert_unique(std::pair<int const,int (KRoleValEvaluator::*)(unsigned long,KRoleValEvaluator::KROLEVALUE *,std::map<int,unsigned long,std::less<int>,std::allocator<std::pair<int const,unsigned long>>> const*,TRoleData const*)> const&)
0820f9c0	593	_ZNSt8_Rb_treeIiSt4pairIKiM17KRoleValEvaluatorFimPNS2_10KROLEVALUEEPKSt3mapIimSt4lessIiESaIS0_IS1_mEEEPK9TRoleDataEESt10_Select1stISI_ES7_SaISI_EE13insert_uniqueESt17_Rb_tree_iteratorISI_ERKSI_	std::_Rb_tree<int,std::pair<int const,int (KRoleValEvaluator::*)(unsigned long,KRoleValEvaluator::KROLEVALUE *,std::map<int,unsigned long,std::less<int>,std::allocator<std::pair<int const,unsigned long>>> const*,TRoleData const*)>,std::_Select1st<std::pair<int const,int (KRoleValEvaluator::*)(unsigned long,KRoleValEvaluator::KROLEVALUE *,std::map<int,unsigned long,std::less<int>,std::allocator<std::pair<int const,unsigned long>>> const*,TRoleData const*)>>,std::less<int>,std::allocator<std::pair<int const,int (KRoleValEvaluator::*)(unsigned long,KRoleValEvaluator::KROLEVALUE *,std::map<int,unsigned long,std::less<int>,std::allocator<std::pair<int const,unsigned long>>> const*,TRoleData const*)>>>::insert_unique(std::_Rb_tree_iterator<std::pair<int const,int (KRoleValEvaluator::*)(unsigned long,KRoleValEvaluator::KROLEVALUE *,std::map<int,unsigned long,std::less<int>,std::allocator<std::pair<int const,unsigned long>>> const*,TRoleData const*)>>,std::pair<int const,int (KRoleValEvaluator::*)(unsigned long,KRoleValEvaluator::KROLEVALUE *,std::map<int,unsigned long,std::less<int>,std::allocator<std::pair<int const,unsigned long>>> const*,TRoleData const*)> const&)
0820fc20	25	_ZN16KIncidentalValueD2Ev	KIncidentalValue::~KIncidentalValue()
0820fc40	25	_ZN16KIncidentalValueD1Ev	KIncidentalValue::~KIncidentalValue()
0820fc60	434	_ZN16KIncidentalValue17ComputeLevelValueEhtx	KIncidentalValue::ComputeLevelValue(unsigned char,unsigned short,long long)
0820fe20	22	_ZN16KIncidentalValue17ComputeSkillValueEi	KIncidentalValue::ComputeSkillValue(int)
0820fe40	81	_ZN16KIncidentalValue10InitializeEPKc	KIncidentalValue::Initialize(char const*)
0820fea0	67	_ZN16KIncidentalValueC1Ev	KIncidentalValue::KIncidentalValue(void)
0820fef0	67	_ZN16KIncidentalValueC2Ev	KIncidentalValue::KIncidentalValue(void)
0820ff40	65	_ZN17KItemValueSetting23GetPlatinaScrollSettingEi	KItemValueSetting::GetPlatinaScrollSetting(int)
0820ff90	65	_ZN17KItemValueSetting21GetMagicAttribSettingEi	KItemValueSetting::GetMagicAttribSetting(int)
0820ffe0	65	_ZN17KItemValueSetting20GetNormalItemSettingERK7KItemID	KItemValueSetting::GetNormalItemSetting(KItemID const&)
08210030	2964	_ZN17KItemValueSetting17LoadNormalSettingEPKc	KItemValueSetting::LoadNormalSetting(char const*)
08210bd0	1106	_ZN17KItemValueSetting17LoadScrollSettingEPKc	KItemValueSetting::LoadScrollSetting(char const*)
08211030	3320	_ZN17KItemValueSetting16LoadMagicSettingEPKc	KItemValueSetting::LoadMagicSetting(char const*)
08211d30	207	_ZN17KItemValueSetting4LoadEPKc	KItemValueSetting::Load(char const*)
08211e00	107	_ZN17KItemValueSettingC2Ev	KItemValueSetting::KItemValueSetting(void)
08211e70	107	_ZN17KItemValueSettingC1Ev	KItemValueSetting::KItemValueSetting(void)
08211ee0	133	_ZN17KItemValueSettingD2Ev	KItemValueSetting::~KItemValueSetting()
08211f70	133	_ZN17KItemValueSettingD1Ev	KItemValueSetting::~KItemValueSetting()
08212000	87	_ZNSt8_Rb_treeIiSt4pairIKi16KMagicAttribInfoESt10_Select1stIS3_ESt4lessIiESaIS3_EE4findERS1_	std::_Rb_tree<int,std::pair<int const,KMagicAttribInfo>,std::_Select1st<std::pair<int const,KMagicAttribInfo>>,std::less<int>,std::allocator<std::pair<int const,KMagicAttribInfo>>>::find(int const&)
08212060	87	_ZNSt8_Rb_treeIiSt4pairIKi18KPlatinaScrollInfoESt10_Select1stIS3_ESt4lessIiESaIS3_EE4findERS1_	std::_Rb_tree<int,std::pair<int const,KPlatinaScrollInfo>,std::_Select1st<std::pair<int const,KPlatinaScrollInfo>>,std::less<int>,std::allocator<std::pair<int const,KPlatinaScrollInfo>>>::find(int const&)
082120c0	59	_ZNSt8_Rb_treeIiSt4pairIKidESt10_Select1stIS2_ESt4lessIiESaIS2_EE8_M_eraseEPSt13_Rb_tree_nodeIS2_E	std::_Rb_tree<int,std::pair<int const,double>,std::_Select1st<std::pair<int const,double>>,std::less<int>,std::allocator<std::pair<int const,double>>>::_M_erase(std::_Rb_tree_node<std::pair<int const,double>> *)
08212100	265	_ZNSt8_Rb_treeI7KItemIDSt4pairIKS0_14KItemValueInfoESt10_Select1stIS4_ESt4lessIS0_ESaIS4_EE4findERS2_	std::_Rb_tree<KItemID,std::pair<KItemID const,KItemValueInfo>,std::_Select1st<std::pair<KItemID const,KItemValueInfo>>,std::less<KItemID>,std::allocator<std::pair<KItemID const,KItemValueInfo>>>::find(KItemID const&)
08212210	294	_ZNSt8_Rb_treeIiSt4pairIKidESt10_Select1stIS2_ESt4lessIiESaIS2_EE7_M_copyEPKSt13_Rb_tree_nodeIS2_EPSA_	std::_Rb_tree<int,std::pair<int const,double>,std::_Select1st<std::pair<int const,double>>,std::less<int>,std::allocator<std::pair<int const,double>>>::_M_copy(std::_Rb_tree_node<std::pair<int const,double>> const*,std::_Rb_tree_node<std::pair<int const,double>>*)
08212340	130	_ZNSt8_Rb_treeIiSt4pairIKidESt10_Select1stIS2_ESt4lessIiESaIS2_EEaSERKS8_	std::_Rb_tree<int,std::pair<int const,double>,std::_Select1st<std::pair<int const,double>>,std::less<int>,std::allocator<std::pair<int const,double>>>::operator=(std::_Rb_tree<int,std::pair<int const,double>,std::_Select1st<std::pair<int const,double>>,std::less<int>,std::allocator<std::pair<int const,double>>> const&)
082123d0	155	_ZNSt8_Rb_treeIiSt4pairIKidESt10_Select1stIS2_ESt4lessIiESaIS2_EE9_M_insertEPSt18_Rb_tree_node_baseSA_RKS2_	std::_Rb_tree<int,std::pair<int const,double>,std::_Select1st<std::pair<int const,double>>,std::less<int>,std::allocator<std::pair<int const,double>>>::_M_insert(std::_Rb_tree_node_base *,std::_Rb_tree_node_base *,std::pair<int const,double> const&)
08212470	236	_ZNSt8_Rb_treeIiSt4pairIKidESt10_Select1stIS2_ESt4lessIiESaIS2_EE13insert_uniqueERKS2_	std::_Rb_tree<int,std::pair<int const,double>,std::_Select1st<std::pair<int const,double>>,std::less<int>,std::allocator<std::pair<int const,double>>>::insert_unique(std::pair<int const,double> const&)
08212560	608	_ZNSt8_Rb_treeI7KItemIDSt4pairIKS0_14KItemValueInfoESt10_Select1stIS4_ESt4lessIS0_ESaIS4_EE9_M_insertEPSt18_Rb_tree_node_baseSC_RKS4_	std::_Rb_tree<KItemID,std::pair<KItemID const,KItemValueInfo>,std::_Select1st<std::pair<KItemID const,KItemValueInfo>>,std::less<KItemID>,std::allocator<std::pair<KItemID const,KItemValueInfo>>>::_M_insert(std::_Rb_tree_node_base *,std::_Rb_tree_node_base *,std::pair<KItemID const,KItemValueInfo> const&)
082127c0	428	_ZNSt8_Rb_treeI7KItemIDSt4pairIKS0_14KItemValueInfoESt10_Select1stIS4_ESt4lessIS0_ESaIS4_EE13insert_uniqueERKS4_	std::_Rb_tree<KItemID,std::pair<KItemID const,KItemValueInfo>,std::_Select1st<std::pair<KItemID const,KItemValueInfo>>,std::less<KItemID>,std::allocator<std::pair<KItemID const,KItemValueInfo>>>::insert_unique(std::pair<KItemID const,KItemValueInfo> const&)
08212970	88	_ZNSt8_Rb_treeI7KItemIDSt4pairIKS0_14KItemValueInfoESt10_Select1stIS4_ESt4lessIS0_ESaIS4_EE8_M_eraseEPSt13_Rb_tree_nodeIS4_E	std::_Rb_tree<KItemID,std::pair<KItemID const,KItemValueInfo>,std::_Select1st<std::pair<KItemID const,KItemValueInfo>>,std::less<KItemID>,std::allocator<std::pair<KItemID const,KItemValueInfo>>>::_M_erase(std::_Rb_tree_node<std::pair<KItemID const,KItemValueInfo>> *)
082129d0	101	_ZNSt6vectorI15KRareMagicValueSaIS0_EED1Ev	std::vector<KRareMagicValue,std::allocator<KRareMagicValue>>::~vector()
08212a40	85	_ZNSt8_Rb_treeIiSt4pairIKi18KPlatinaScrollInfoESt10_Select1stIS3_ESt4lessIiESaIS3_EE8_M_eraseEPSt13_Rb_tree_nodeIS3_E	std::_Rb_tree<int,std::pair<int const,KPlatinaScrollInfo>,std::_Select1st<std::pair<int const,KPlatinaScrollInfo>>,std::less<int>,std::allocator<std::pair<int const,KPlatinaScrollInfo>>>::_M_erase(std::_Rb_tree_node<std::pair<int const,KPlatinaScrollInfo>> *)
08212aa0	276	_ZNSt8_Rb_treeIiSt4pairIKi18KPlatinaScrollInfoESt10_Select1stIS3_ESt4lessIiESaIS3_EE9_M_insertEPSt18_Rb_tree_node_baseSB_RKS3_	std::_Rb_tree<int,std::pair<int const,KPlatinaScrollInfo>,std::_Select1st<std::pair<int const,KPlatinaScrollInfo>>,std::less<int>,std::allocator<std::pair<int const,KPlatinaScrollInfo>>>::_M_insert(std::_Rb_tree_node_base *,std::_Rb_tree_node_base *,std::pair<int const,KPlatinaScrollInfo> const&)
08212bc0	236	_ZNSt8_Rb_treeIiSt4pairIKi18KPlatinaScrollInfoESt10_Select1stIS3_ESt4lessIiESaIS3_EE13insert_uniqueERKS3_	std::_Rb_tree<int,std::pair<int const,KPlatinaScrollInfo>,std::_Select1st<std::pair<int const,KPlatinaScrollInfo>>,std::less<int>,std::allocator<std::pair<int const,KPlatinaScrollInfo>>>::insert_unique(std::pair<int const,KPlatinaScrollInfo> const&)
08212cb0	660	_ZNSt8_Rb_treeIiSt4pairIKi16KMagicAttribInfoESt10_Select1stIS3_ESt4lessIiESaIS3_EE9_M_insertEPSt18_Rb_tree_node_baseSB_RKS3_	std::_Rb_tree<int,std::pair<int const,KMagicAttribInfo>,std::_Select1st<std::pair<int const,KMagicAttribInfo>>,std::less<int>,std::allocator<std::pair<int const,KMagicAttribInfo>>>::_M_insert(std::_Rb_tree_node_base *,std::_Rb_tree_node_base *,std::pair<int const,KMagicAttribInfo> const&)
08212f50	236	_ZNSt8_Rb_treeIiSt4pairIKi16KMagicAttribInfoESt10_Select1stIS3_ESt4lessIiESaIS3_EE13insert_uniqueERKS3_	std::_Rb_tree<int,std::pair<int const,KMagicAttribInfo>,std::_Select1st<std::pair<int const,KMagicAttribInfo>>,std::less<int>,std::allocator<std::pair<int const,KMagicAttribInfo>>>::insert_unique(std::pair<int const,KMagicAttribInfo> const&)
08213040	1989	_ZNSt6vectorI15KRareMagicValueSaIS0_EE13_M_insert_auxEN9__gnu_cxx17__normal_iteratorIPS0_S2_EERKS0_	std::vector<KRareMagicValue,std::allocator<KRareMagicValue>>::_M_insert_aux(__gnu_cxx::__normal_iterator<KRareMagicValue*,std::vector<KRareMagicValue,std::allocator<KRareMagicValue>>>,KRareMagicValue const&)
08213810	156	_ZNSt8_Rb_treeIiSt4pairIKi16KMagicAttribInfoESt10_Select1stIS3_ESt4lessIiESaIS3_EE8_M_eraseEPSt13_Rb_tree_nodeIS3_E	std::_Rb_tree<int,std::pair<int const,KMagicAttribInfo>,std::_Select1st<std::pair<int const,KMagicAttribInfo>>,std::less<int>,std::allocator<std::pair<int const,KMagicAttribInfo>>>::_M_erase(std::_Rb_tree_node<std::pair<int const,KMagicAttribInfo>> *)
082138b0	437	_ZN15KMagicGenerator24GenEnchasableMagicAttribEiiiiiiiiPKiS1_P12KMagicAttrib	KMagicGenerator::GenEnchasableMagicAttrib(int,int,int,int,int,int,int,int,int const*,int const*,KMagicAttrib *)
08213a70	21	_ZN15KMagicGenerator4InitEiPKc	KMagicGenerator::Init(int,char const*)
08213a90	9	_ZN15KMagicGeneratorD1Ev	KMagicGenerator::~KMagicGenerator()
08213aa0	9	_ZN15KMagicGeneratorD2Ev	KMagicGenerator::~KMagicGenerator()
08213ab0	9	_ZN15KMagicGeneratorC1Ev	KMagicGenerator::KMagicGenerator(void)
08213ac0	9	_ZN15KMagicGeneratorC2Ev	KMagicGenerator::KMagicGenerator(void)
08213ad0	501	_ZN15KMagicGenerator18GenGoldMagicAttribEiiiiiiiiPKiS1_P12KMagicAttrib	KMagicGenerator::GenGoldMagicAttrib(int,int,int,int,int,int,int,int,int const*,int const*,KMagicAttrib *)
08213cd0	884	_ZN15KMagicGenerator20GenNormalMagicAttribEiiiiiiiiiPKiS1_P12KMagicAttrib	KMagicGenerator::GenNormalMagicAttrib(int,int,int,int,int,int,int,int,int,int const*,int const*,KMagicAttrib *)
08214050	1291	_ZN15KMagicGenerator21GenPlatinaMagicAttribEiiiiiiiiPKiS1_P12KMagicAttrib	KMagicGenerator::GenPlatinaMagicAttrib(int,int,int,int,int,int,int,int,int const*,int const*,KMagicAttrib *)
08214560	429	_ZN15KMagicGenerator14GenMagicAttribEiiiiiiiiiPKiS1_P12KMagicAttrib	KMagicGenerator::GenMagicAttrib(int,int,int,int,int,int,int,int,int,int const*,int const*,KMagicAttrib *)
08214710	36	_Z19_BPT_GetRecord_ToolI25KMAGICATTRIB_TABFILE_TOOLEPKT_iiPv	KMAGICATTRIB_TABFILE_TOOL const* _BPT_GetRecord_Tool<KMAGICATTRIB_TABFILE_TOOL>(int,int,void *)
08214740	27	_Z19_BPT_GetRecord_ToolI28KMAGICATTRIB_LEVEL_INFO_TOOLEPKT_iiPv	KMAGICATTRIB_LEVEL_INFO_TOOL const* _BPT_GetRecord_Tool<KMAGICATTRIB_LEVEL_INFO_TOOL>(int,int,void *)
08214760	36	_Z19_BPT_GetRecord_ToolI30KBASICPROP_EQUIPMENT_GOLD_TOOLEPKT_iiPv	KBASICPROP_EQUIPMENT_GOLD_TOOL const* _BPT_GetRecord_Tool<KBASICPROP_EQUIPMENT_GOLD_TOOL>(int,int,void *)
08214790	36	_Z19_BPT_GetRecord_ToolI29KBASICPROP_EQUIP_PLATINA_TOOLEPKT_iiPv	KBASICPROP_EQUIP_PLATINA_TOOL const* _BPT_GetRecord_Tool<KBASICPROP_EQUIP_PLATINA_TOOL>(int,int,void *)
082147c0	185	_Z15LoadRecord_ToolP8KTabFileiPK16tagPROPINFO_TOOLi	LoadRecord_Tool(KTabFile *,int,tagPROPINFO_TOOL const*,int)
08214880	39	_ZN24KBasicPropertyTable_ToolC2Ev	KBasicPropertyTable_Tool::KBasicPropertyTable_Tool(void)
082148b0	39	_ZN24KBasicPropertyTable_ToolC1Ev	KBasicPropertyTable_Tool::KBasicPropertyTable_Tool(void)
082148e0	14	_ZN24KBasicPropertyTable_Tool8SetCountEi	KBasicPropertyTable_Tool::SetCount(int)
082148f0	1165	_ZN24KBPT_Equipment_Gold_Tool10LoadRecordEiP8KTabFile	KBPT_Equipment_Gold_Tool::LoadRecord(int,KTabFile *)
08214d80	57	_ZN24KBPT_Equipment_Gold_Tool17ClearAllStackPropEv	KBPT_Equipment_Gold_Tool::ClearAllStackProp(void)
08214dc0	1341	_ZN23KBPT_Equip_Platina_Tool10LoadRecordEiP8KTabFile	KBPT_Equip_Platina_Tool::LoadRecord(int,KTabFile *)
08215300	57	_ZN23KBPT_Equip_Platina_Tool17ClearAllStackPropEv	KBPT_Equip_Platina_Tool::ClearAllStackProp(void)
08215340	637	_ZN24KBPT_MagicAttrib_TF_Tool10LoadRecordEiP8KTabFile	KBPT_MagicAttrib_TF_Tool::LoadRecord(int,KTabFile *)
082155c0	256	_ZN30KBPT_MagicAttribLevelInfo_Tool10LoadRecordEiP8KTabFile	KBPT_MagicAttribLevelInfo_Tool::LoadRecord(int,KTabFile *)
082156c0	28	_ZN19KBPT_ClassMAIT_ToolC2Ev	KBPT_ClassMAIT_Tool::KBPT_ClassMAIT_Tool(void)
082156e0	28	_ZN19KBPT_ClassMAIT_ToolC1Ev	KBPT_ClassMAIT_Tool::KBPT_ClassMAIT_Tool(void)
08215700	20	_ZN19KBPT_ClassMAIT_Tool5ClearEv	KBPT_ClassMAIT_Tool::Clear(void)
08215720	16	_ZNK19KBPT_ClassMAIT_Tool3GetEi	KBPT_ClassMAIT_Tool::Get(int)const
08215730	106	_ZNK24KBPT_Equipment_Gold_Tool10FindRecordEiii	KBPT_Equipment_Gold_Tool::FindRecord(int,int,int)const
082157a0	44	_ZN24KBasicPropertyTable_Tool9GetMemoryEv	KBasicPropertyTable_Tool::GetMemory(void)
082157d0	39	_ZNK24KBPT_MagicAttrib_TF_Tool10GetMACountEPi	KBPT_MagicAttrib_TF_Tool::GetMACount(int *)const
08215800	131	_ZN23KBPT_Equip_Platina_Tool16SetItemStackPropEiiiiiPi	KBPT_Equip_Platina_Tool::SetItemStackProp(int,int,int,int,int,int *)
08215890	131	_ZN24KBPT_Equipment_Gold_Tool16SetItemStackPropEiiiiiPi	KBPT_Equipment_Gold_Tool::SetItemStackProp(int,int,int,int,int,int *)
08215920	162	_ZN19KBPT_ClassMAIT_Tool6InsertEi	KBPT_ClassMAIT_Tool::Insert(int)
082159d0	50	_ZN19KBPT_ClassMAIT_ToolD1Ev	KBPT_ClassMAIT_Tool::~KBPT_ClassMAIT_Tool()
08215a10	50	_ZN19KBPT_ClassMAIT_ToolD2Ev	KBPT_ClassMAIT_Tool::~KBPT_ClassMAIT_Tool()
08215a50	45	_ZN24KBasicPropertyTable_Tool13ReleaseMemoryEv	KBasicPropertyTable_Tool::ReleaseMemory(void)
08215a80	18	_ZN24KBasicPropertyTable_ToolD1Ev	KBasicPropertyTable_Tool::~KBasicPropertyTable_Tool()
08215aa0	18	_ZN24KBasicPropertyTable_ToolD2Ev	KBasicPropertyTable_Tool::~KBasicPropertyTable_Tool()
08215ac0	18	_ZN24KBPT_MagicAttrib_TF_ToolD1Ev	KBPT_MagicAttrib_TF_Tool::~KBPT_MagicAttrib_TF_Tool()
08215ae0	18	_ZN24KBPT_MagicAttrib_TF_ToolD2Ev	KBPT_MagicAttrib_TF_Tool::~KBPT_MagicAttrib_TF_Tool()
08215b00	65	_ZN23KBPT_Equip_Platina_ToolC1Ev	KBPT_Equip_Platina_Tool::KBPT_Equip_Platina_Tool(void)
08215b50	65	_ZN23KBPT_Equip_Platina_ToolC2Ev	KBPT_Equip_Platina_Tool::KBPT_Equip_Platina_Tool(void)
08215ba0	60	_ZN24KBPT_Equipment_Gold_ToolC1Ev	KBPT_Equipment_Gold_Tool::KBPT_Equipment_Gold_Tool(void)
08215be0	60	_ZN24KBPT_Equipment_Gold_ToolC2Ev	KBPT_Equipment_Gold_Tool::KBPT_Equipment_Gold_Tool(void)
08215c20	91	_ZN24KBPT_MagicAttrib_TF_ToolC1Ev	KBPT_MagicAttrib_TF_Tool::KBPT_MagicAttrib_TF_Tool(void)
08215c80	91	_ZN24KBPT_MagicAttrib_TF_ToolC2Ev	KBPT_MagicAttrib_TF_Tool::KBPT_MagicAttrib_TF_Tool(void)
08215ce0	72	_ZN30KBPT_MagicAttribLevelInfo_ToolC1Ev	KBPT_MagicAttribLevelInfo_Tool::KBPT_MagicAttribLevelInfo_Tool(void)
08215d30	72	_ZN30KBPT_MagicAttribLevelInfo_ToolC2Ev	KBPT_MagicAttribLevelInfo_Tool::KBPT_MagicAttribLevelInfo_Tool(void)
08215d80	64	_ZN30KBPT_GoldEqMagicAttrib_TF_ToolC1Ev	KBPT_GoldEqMagicAttrib_TF_Tool::KBPT_GoldEqMagicAttrib_TF_Tool(void)
08215dc0	64	_ZN30KBPT_GoldEqMagicAttrib_TF_ToolC2Ev	KBPT_GoldEqMagicAttrib_TF_Tool::KBPT_GoldEqMagicAttrib_TF_Tool(void)
08215e00	37	_ZN24KBPT_Equipment_Gold_ToolD0Ev	KBPT_Equipment_Gold_Tool::~KBPT_Equipment_Gold_Tool()
08215e30	18	_ZN24KBPT_Equipment_Gold_ToolD1Ev	KBPT_Equipment_Gold_Tool::~KBPT_Equipment_Gold_Tool()
08215e50	18	_ZN24KBPT_Equipment_Gold_ToolD2Ev	KBPT_Equipment_Gold_Tool::~KBPT_Equipment_Gold_Tool()
08215e70	1083	_ZN24KBasicPropertyTable_Tool4LoadEPKci	KBasicPropertyTable_Tool::Load(char const*,int)
082162b0	5	_ZN24KBPT_MagicAttrib_TF_Tool17ClearAllStackPropEv	KBPT_MagicAttrib_TF_Tool::ClearAllStackProp(void)
082162c0	5	_ZN24KBPT_MagicAttrib_TF_Tool16SetItemStackPropEiiiiiPi	KBPT_MagicAttrib_TF_Tool::SetItemStackProp(int,int,int,int,int,int *)
082162d0	100	_ZNK14KLibOfBPT_Tool7GetCMITEiiii	KLibOfBPT_Tool::GetCMIT(int,int,int,int)const
08216340	291	_ZN14KLibOfBPT_Tool8InitMAITEv	KLibOfBPT_Tool::InitMAIT(void)
08216470	113	_ZN14KLibOfBPT_Tool4InitEPKci	KLibOfBPT_Tool::Init(char const*,int)
082164f0	590	_ZN14KLibOfBPT_ToolC2Ev	KLibOfBPT_Tool::KLibOfBPT_Tool(void)
08216740	268	_ZN14KLibOfBPT_ToolD1Ev	KLibOfBPT_Tool::~KLibOfBPT_Tool()
08216850	268	_ZN14KLibOfBPT_ToolD2Ev	KLibOfBPT_Tool::~KLibOfBPT_Tool()
08216960	590	_ZN14KLibOfBPT_ToolC1Ev	KLibOfBPT_Tool::KLibOfBPT_Tool(void)
08216bb0	25	_Z12g_ExitEnginev	g_ExitEngine(void)
08216bd0	143	_Z12g_InitEnginePKcS0_	g_InitEngine(char const*,char const*)
08216c60	7	_Z17g_FindDebugWindowPKcS0_	g_FindDebugWindow(char const*,char const*)
08216c70	5	_Z10g_DebugLogPKcz	g_DebugLog(char const*,...)
08216c80	5	_Z12g_MessageBoxPKcz	g_MessageBox(char const*,...)
08216c90	22	_ZN11KSG_LogFile14ChangeLogLevelE11KE_LOGLEVEL	KSG_LogFile::ChangeLogLevel(KE_LOGLEVEL)
08216cb0	357	_ZN11KSG_LogFile11OpenNewFileEv	KSG_LogFile::OpenNewFile(void)
08216e20	440	_ZN11KSG_LogFile8WriteLogE11KE_LOGLEVELPKcPci	KSG_LogFile::WriteLog(KE_LOGLEVEL,char const*,char *,int)
08216fe0	99	_ZN11KSG_LogFile8WriteLogEPKcj	KSG_LogFile::WriteLog(char const*,unsigned int)
08217050	55	_ZN11KSG_LogFile5log_tE11KE_LOGLEVELPKcz	KSG_LogFile::log_t(KE_LOGLEVEL,char const*,...)
08217090	55	_ZN11KSG_LogFile3logE11KE_LOGLEVELPKcz	KSG_LogFile::log(KE_LOGLEVEL,char const*,...)
082170d0	51	_ZN11KSG_LogFileD0Ev	KSG_LogFile::~KSG_LogFile()
08217110	44	_ZN11KSG_LogFileD1Ev	KSG_LogFile::~KSG_LogFile()
08217140	44	_ZN11KSG_LogFileD2Ev	KSG_LogFile::~KSG_LogFile()
08217170	57	_Z14g_AssertFailedPci	g_AssertFailed(char *,int)
082171b0	239	_ZN11KSG_LogFile4InitEPKc	KSG_LogFile::Init(char const*)
082172a0	305	_ZN11KSG_LogFile12InitWithDateEPKcS1_i	KSG_LogFile::InitWithDate(char const*,char const*,int)
082173e0	235	_ZN11KSG_LogFile10write_timeEv	KSG_LogFile::write_time(void)
082174d0	279	_ZN11KSG_LogFile15write_date_timeEv	KSG_LogFile::write_date_time(void)
082175f0	274	_ZN11KSG_LogFile18write_date_time_inEl	KSG_LogFile::write_date_time_in(long)
08217710	255	_ZN11KSG_LogFile10write_dateEv	KSG_LogFile::write_date(void)
08217810	146	_ZN11KSG_LogFile4putsEPKc	KSG_LogFile::puts(char const*)
082178b0	46	_ZN11KSG_LogFile6puts_tEPKc	KSG_LogFile::puts_t(char const*)
082178e0	89	_ZN11KSG_LogFile8printf_tEPKcz	KSG_LogFile::printf_t(char const*,...)
08217940	205	_ZN11KSG_LogFile6printfEPKcz	KSG_LogFile::printf(char const*,...)
08217a10	82	_ZN11KSG_LogFileC1EPKc	KSG_LogFile::KSG_LogFile(char const*)
08217a70	82	_ZN11KSG_LogFileC2EPKc	KSG_LogFile::KSG_LogFile(char const*)
08217ad0	35	_ZN5KFileC2Ev	KFile::KFile(void)
08217b00	35	_ZN5KFileC1Ev	KFile::KFile(void)
08217b30	22	_ZN5KFile4TellEv	KFile::Tell(void)
08217b50	56	_ZN5KFile13MakeDirectoryEPKc	KFile::MakeDirectory(char const*)
08217b90	129	_ZN5KFile8MakePathEPKc	KFile::MakePath(char const*)
08217c20	62	_ZN5KFile4SeekElm	KFile::Seek(long,unsigned long)
08217c60	100	_ZN5KFile4SizeEv	KFile::Size(void)
08217cd0	57	_ZN5KFile5WriteEPvm	KFile::Write(void *,unsigned long)
08217d10	57	_ZN5KFile4ReadEPvm	KFile::Read(void *,unsigned long)
08217d50	137	_ZN5KFile9GetBufferEv	KFile::GetBuffer(void)
08217de0	72	_ZN5KFile5CloseEv	KFile::Close(void)
08217e30	9	_ZN5KFileD1Ev	KFile::~KFile()
08217e40	9	_ZN5KFileD2Ev	KFile::~KFile()
08217e50	164	_ZN5KFile12OpenWithModeEPKcS1_	KFile::OpenWithMode(char const*,char const*)
08217f00	76	_ZN5KFile6AppendEPKc	KFile::Append(char const*)
08217f50	34	_ZN5KFile6CreateEPKc	KFile::Create(char const*)
08217f80	34	_ZN5KFile4OpenEPKc	KFile::Open(char const*)
08217fb0	113	_Z13g_FileName2IdPKc	g_FileName2Id(char const*)
08218030	81	_Z15g_HashString2IdPKc	g_HashString2Id(char const*)
08218090	99	_Z17g_ExtractFilePathPcPKc	g_ExtractFilePath(char *,char const*)
08218100	75	_Z13g_GetRootPathPcj	g_GetRootPath(char *,unsigned int)
08218150	87	_Z17g_ExtractFileNamePcPKc	g_ExtractFileName(char *,char const*)
082181b0	105	_Z15g_ChangeFileExtPcPKc	g_ChangeFileExt(char *,char const*)
08218220	47	_Z12g_FileExistsPKc	g_FileExists(char const*)
08218250	120	_Z18g_UnitePathAndNamePKcS0_Pc	g_UnitePathAndName(char const*,char const*,char *)
082182d0	344	_Z13g_GetPackPathPKcPcj	g_GetPackPath(char const*,char *,unsigned int)
08218430	213	_Z13g_SetRootPathPKc	g_SetRootPath(char const*)
08218510	84	_Z18RemoveOnePointPathPci	RemoveOnePointPath(char *,int)
08218570	114	_Z18RemoveTwoPointPathPci	RemoveTwoPointPath(char *,int)
082185f0	41	_Z18RemoveAllPointPathPci	RemoveAllPointPath(char *,int)
08218620	309	_Z10g_JoinPathPcjPKcz	g_JoinPath(char *,unsigned int,char const*,...)
08218760	141	_Z13g_GetFullPathPcjPKc	g_GetFullPath(char *,unsigned int,char const*)
082187f0	230	_Z12g_CreatePathPKc	g_CreatePath(char const*)
082188e0	13	_Z13g_SetIniCodeci	g_SetIniCodec(int)
082188f0	100	_ZN8KIniFile8ReadLineEPcl	KIniFile::ReadLine(char *,long)
08218960	41	_ZN8KIniFile9IsKeyCharEc	KIniFile::IsKeyChar(char)
08218990	49	_ZN8KIniFile13SplitKeyValueEPc	KIniFile::SplitKeyValue(char *)
082189d0	72	_ZN8KIniFile9String2IdEPKc	KIniFile::String2Id(char const*)
08218a20	270	_ZN8KIniFile10GetNextKeyEPKcS1_Pc	KIniFile::GetNextKey(char const*,char const*,char *)
08218b30	231	_ZN8KIniFile14GetNextSectionEPKcPc	KIniFile::GetNextSection(char const*,char *)
08218c20	115	_ZN8KIniFile15GetSectionCountEv	KIniFile::GetSectionCount(void)
08218ca0	188	_ZN8KIniFile14IsSectionExistEPKc	KIniFile::IsSectionExist(char const*)
08218d60	255	_ZN8KIniFile11GetKeyValueEPKcS1_Pcm	KIniFile::GetKeyValue(char const*,char const*,char *,unsigned long)
08218e60	66	_ZN8KIniFile7GetBoolEPKcS1_Pi	KIniFile::GetBool(char const*,char const*,int *)
08218eb0	116	_ZN8KIniFile9GetFloat4EPKcS1_Pf	KIniFile::GetFloat4(char const*,char const*,float *)
08218f30	109	_ZN8KIniFile9GetFloat3EPKcS1_Pf	KIniFile::GetFloat3(char const*,char const*,float *)
08218fa0	204	_ZN8KIniFile7GetRectEPKcS1_P7tagRECT	KIniFile::GetRect(char const*,char const*,tagRECT *)
08219070	178	_ZN8KIniFile9GetStructEPKcS1_Pvm	KIniFile::GetStruct(char const*,char const*,void *,unsigned long)
08219130	93	_ZN8KIniFile9GetStringEPKcS1_S1_Pcm	KIniFile::GetString(char const*,char const*,char const*,char *,unsigned long)
08219190	694	_ZN8KIniFile11SetKeyValueEPKcS1_S1_	KIniFile::SetKeyValue(char const*,char const*,char const*)
08219450	134	_ZN8KIniFile11WriteStructEPKcS1_Pvm	KIniFile::WriteStruct(char const*,char const*,void *,unsigned long)
082194e0	75	_ZN8KIniFile11WriteFloat2EPKcS1_ff	KIniFile::WriteFloat2(char const*,char const*,float,float)
08219530	68	_ZN8KIniFile10WriteFloatEPKcS1_f	KIniFile::WriteFloat(char const*,char const*,float)
08219580	75	_ZN8KIniFile13WriteInteger2EPKcS1_ii	KIniFile::WriteInteger2(char const*,char const*,int,int)
082195d0	68	_ZN8KIniFile12WriteIntegerEPKcS1_i	KIniFile::WriteInteger(char const*,char const*,int)
08219620	9	_ZN8KIniFile11WriteStringEPKcS1_S1_	KIniFile::WriteString(char const*,char const*,char const*)
08219630	284	_ZN8KIniFile8EraseKeyEPKcS1_	KIniFile::EraseKey(char const*,char const*)
08219750	254	_ZN8KIniFile12EraseSectionEPKc	KIniFile::EraseSection(char const*)
08219850	100	_ZN8KIniFile10TrimStringEPc	KIniFile::TrimString(char *)
082198c0	276	_ZN8KIniFile13CreateIniLinkEPvl	KIniFile::CreateIniLink(void *,long)
082199e0	170	_ZN8KIniFile14ReleaseIniLinkEv	KIniFile::ReleaseIniLink(void)
08219a90	9	_ZN8KIniFile5ClearEv	KIniFile::Clear(void)
08219aa0	430	_ZN8KIniFile8SavePackEPKc	KIniFile::SavePack(char const*)
08219c50	299	_ZN8KIniFile4SaveEPKc	KIniFile::Save(char const*)
08219d80	369	_ZN8KIniFile8LoadPackEPKc	KIniFile::LoadPack(char const*)
08219f00	256	_ZN8KIniFile4LoadEPKc	KIniFile::Load(char const*)
0821a000	64	_ZN8KIniFileD1Ev	KIniFile::~KIniFile()
0821a040	64	_ZN8KIniFileD2Ev	KIniFile::~KIniFile()
0821a080	70	_ZN8KIniFileC1Ev	KIniFile::KIniFile(void)
0821a0d0	70	_ZN8KIniFileC2Ev	KIniFile::KIniFile(void)
0821a120	162	_ZN8KIniFile9GetFloat2EPKcS1_PfS2_	KIniFile::GetFloat2(char const*,char const*,float *,float *)
0821a1d0	107	_ZN8KIniFile8GetFloatEPKcS1_fPf	KIniFile::GetFloat(char const*,char const*,float,float *)
0821a240	129	_ZN8KIniFile10GetIntegerEPKcS1_iPi	KIniFile::GetInteger(char const*,char const*,int,int *)
0821a2d0	203	_ZN8KIniFile11GetInteger2EPKcS1_PiS2_	KIniFile::GetInteger2(char const*,char const*,int *,int *)
0821a3a0	137	_ZN10KLinkArray6InsertEi	KLinkArray::Insert(int)
0821a430	158	_ZN10KLinkArray6RemoveEi	KLinkArray::Remove(int)
0821a4d0	36	_ZN10KLinkArrayD1Ev	KLinkArray::~KLinkArray()
0821a500	36	_ZN10KLinkArrayD2Ev	KLinkArray::~KLinkArray()
0821a530	103	_ZN10KLinkArray4InitEi	KLinkArray::Init(int)
0821a5a0	64	_ZN5KList6InsertEP5KNodeS1_S1_	KList::Insert(KNode *,KNode *,KNode *)
0821a5e0	80	_ZN5KList6RemoveEP5KNodeS1_S1_	KList::Remove(KNode *,KNode *,KNode *)
0821a630	68	_ZN10KLuaScript7ExecuteEv	KLuaScript::Execute(void)
0821a680	10	_ZN10KLuaScript7CompileEPKc	KLuaScript::Compile(char const*)
0821a690	41	_ZN10KLuaScript4StopEv	KLuaScript::Stop(void)
0821a6c0	41	_ZN10KLuaScript6ResumeEv	KLuaScript::Resume(void)
0821a6f0	74	_Z41__static_initialization_and_destruction_0ii_81	_Z41__static_initialization_and_destruction_0ii_81
0821a740	16	_GLOBAL__I_g_ScriptOutputLog	`global constructor keyed to'g_ScriptOutputLog
0821a750	16	__tcf_0_69	__tcf_0_69
0821a760	79	_ZN10KLuaScript15GetIncluderListERSt3setImSt4lessImESaImEE	KLuaScript::GetIncluderList(std::set<unsigned long,std::less<unsigned long>,std::allocator<unsigned long>> &)
0821a7b0	120	_ZN10KLuaScript17GetActionScriptIDEP9lua_State	KLuaScript::GetActionScriptID(lua_State *)
0821a830	9	_ZN10KLuaScript12SetOutputFunEPFiPKczEPFiP8_IO_FILES1_zEPFiS1_S5_E	KLuaScript::SetOutputFun(int (*)(char const*,...),int (*)(_IO_FILE *,char const*,...),int (*)(char const*,_IO_FILE *))
0821a840	43	_Z8KFPuts_wPKcP8_IO_FILE	KFPuts_w(char const*,_IO_FILE *)
0821a870	36	_Z12KFprintf_w_fP8_IO_FILEPKcz	KFprintf_w_f(_IO_FILE *,char const*,...)
0821a8a0	59	_Z11KPrintf_w_fPKcz	KPrintf_w_f(char const*,...)
0821a8e0	117	_ZN10KLuaScript13GetGlobalNameEPKc	KLuaScript::GetGlobalName(char const*)
0821a960	117	_ZN10KLuaScript13SetGlobalNameEPKc	KLuaScript::SetGlobalName(char const*)
0821a9e0	97	_ZN10KLuaScript11ModifyTableEPKc	KLuaScript::ModifyTable(char const*)
0821aa50	87	_ZN10KLuaScript11CreateTableEv	KLuaScript::CreateTable(void)
0821aab0	34	_ZN10KLuaScript11SafeCallEndEi	KLuaScript::SafeCallEnd(int)
0821aae0	34	_ZN10KLuaScript13SafeCallBeginEPi	KLuaScript::SafeCallBegin(int *)
0821ab10	89	_ZN10KLuaScript11ScriptErrorEii	KLuaScript::ScriptError(int,int)
0821ab70	82	_ZN10KLuaScript11ScriptErrorEi	KLuaScript::ScriptError(int)
0821abd0	148	_ZN10KLuaScript11ScriptErrorEPKcz	KLuaScript::ScriptError(char const*,...)
0821ac70	79	_ZN10KLuaScript4ExitEv	KLuaScript::Exit(void)
0821acc0	108	_ZN10KLuaScript17RegisterFunctionsEP10TLua_Funcsi	KLuaScript::RegisterFunctions(TLua_Funcs *,int)
0821ad30	77	_ZN10KLuaScript16RegisterFunctionEPKcPv	KLuaScript::RegisterFunction(char const*,void *)
0821ad80	508	_ZN10KLuaScript18GetValuesFromStackEPKcz	KLuaScript::GetValuesFromStack(char const*,...)
0821af80	990	_ZN10KLuaScript13PushParamListEPKcPcRi	KLuaScript::PushParamList(char const*,char *,int &)
0821b360	247	_ZN10KLuaScript18CallGlobalFunctionEPKciiPi	KLuaScript::CallGlobalFunction(char const*,int,int,int *)
0821b460	251	_ZN10KLuaScript9StackCallEiiiPi	KLuaScript::StackCall(int,int,int,int *)
0821b560	266	_ZN10KLuaScript11LocateTableEPc	KLuaScript::LocateTable(char *)
0821b670	408	_ZN10KLuaScript18CallObjectFunctionEPcPKciiiPi	KLuaScript::CallObjectFunction(char *,char const*,int,int,int,int *)
0821b810	27	_ZN10KLuaScript13DetBreakPointEP9lua_StatePKci	KLuaScript::DetBreakPoint(lua_State *,char const*,int)
0821b830	27	_ZN10KLuaScript13SetBreakPointEP9lua_StatePKci	KLuaScript::SetBreakPoint(lua_State *,char const*,int)
0821b850	205	_ZN10KLuaScript11ExecuteCodeEv	KLuaScript::ExecuteCode(void)
0821b920	115	_ZN10KLuaScript8DoStringEPKc	KLuaScript::DoString(char const*)
0821b9a0	141	_ZN10KLuaScript13CompileBufferEPcmPKc	KLuaScript::CompileBuffer(char *,unsigned long,char const*)
0821ba30	107	_ZN10KLuaScript10LoadBufferEPhmPKc	KLuaScript::LoadBuffer(unsigned char *,unsigned long,char const*)
0821baa0	60	_ZN10KLuaScript7ReleaseEv	KLuaScript::Release(void)
0821bae0	667	_ZN10KLuaScript4LoadEPKc	KLuaScript::Load(char const*)
0821bd80	361	_ZN10KLuaScript9StackCallEPKciiPi	KLuaScript::StackCall(char const*,int,int,int *)
0821bef0	126	_ZN10KLuaScript18FormatCallByVaListEPKcPiS1_Pc	KLuaScript::FormatCallByVaList(char const*,int *,char const*,char *)
0821bf70	1224	_ZN10KLuaScript12CallFunctionEPKciS1_Pc	KLuaScript::CallFunction(char const*,int,char const*,char *)
0821c440	50	_ZN10KLuaScript12CallFunctionEPKciS1_z	KLuaScript::CallFunction(char const*,int,char const*,...)
0821c480	279	_ZN10KLuaScriptC1EP9lua_StateP13KLuaScriptSet	KLuaScript::KLuaScript(lua_State *,KLuaScriptSet *)
0821c5a0	78	_ZN10KLuaScript6CreateEP9lua_StateP13KLuaScriptSet	KLuaScript::Create(lua_State *,KLuaScriptSet *)
0821c5f0	118	_ZN10KLuaScriptD0Ev	KLuaScript::~KLuaScript()
0821c670	166	_ZN10KLuaScript4InitEv	KLuaScript::Init(void)
0821c720	42	_ZN10KLuaScript11AddIncluderEm	KLuaScript::AddIncluder(unsigned long)
0821c750	110	_ZN10KLuaScriptD1Ev	KLuaScript::~KLuaScript()
0821c7c0	110	_ZN10KLuaScriptD2Ev	KLuaScript::~KLuaScript()
0821c830	279	_ZN10KLuaScriptC2EP9lua_StateP13KLuaScriptSet	KLuaScript::KLuaScript(lua_State *,KLuaScriptSet *)
0821c950	18	_ZN10KLuaScript13SetScriptNameEPKc	KLuaScript::SetScriptName(char const*)
0821c970	14	_ZN13KLuaScriptSet12GetTmpScriptEv	KLuaScriptSet::GetTmpScript(void)
0821c980	56	_ZN13KLuaScriptSet5GenIDEPKc	KLuaScriptSet::GenID(char const*)
0821c9c0	244	_ZN13KLuaScriptSet15ReLoadAllScriptEv	KLuaScriptSet::ReLoadAllScript(void)
0821cac0	201	_ZN13KLuaScriptSet13_ReloadScriptEiPP10KLuaScript	KLuaScriptSet::_ReloadScript(int,KLuaScript **)
0821cb90	29	_ZN13KLuaScriptSet12CreateScriptEv	KLuaScriptSet::CreateScript(void)
0821cbb0	144	_ZN13KLuaScriptSet12SetGlobalStrEPKcS1_	KLuaScriptSet::SetGlobalStr(char const*,char const*)
0821cc40	140	_ZN13KLuaScriptSet12SetGlobalIntEPKci	KLuaScriptSet::SetGlobalInt(char const*,int)
0821ccd0	116	_ZN13KLuaScriptSet17RegisterFunctionsEP10TLua_Funcsi	KLuaScriptSet::RegisterFunctions(TLua_Funcs *,int)
0821cd50	62	_ZN13KLuaScriptSet22ForceGarbageCollectionEv	KLuaScriptSet::ForceGarbageCollection(void)
0821cd90	102	_ZN13KLuaScriptSet23EnableGarbageCollectionEi	KLuaScriptSet::EnableGarbageCollection(int)
0821ce00	297	_ZN13KLuaScriptSet5ResetEv	KLuaScriptSet::Reset(void)
0821cf30	86	_ZN13KLuaScriptSet9FindAFileEm	KLuaScriptSet::FindAFile(unsigned long)
0821cf90	211	_ZN13KLuaScriptSetC2Eii	KLuaScriptSet::KLuaScriptSet(int,int)
0821d070	232	_ZN13KLuaScriptSetD2Ev	KLuaScriptSet::~KLuaScriptSet()
0821d160	211	_ZN13KLuaScriptSetC1Eii	KLuaScriptSet::KLuaScriptSet(int,int)
0821d240	97	_ZN13KLuaScriptSet9GetScriptEm	KLuaScriptSet::GetScript(unsigned long)
0821d2b0	582	_ZN13KLuaScriptSet20LoadScriptToSortListEPKcPP10KLuaScripti	KLuaScriptSet::LoadScriptToSortList(char const*,KLuaScript **,int)
0821d500	9	_ZN13KLuaScriptSet19LoadScriptByRelPathEPKcPP10KLuaScripti	KLuaScriptSet::LoadScriptByRelPath(char const*,KLuaScript **,int)
0821d510	237	_ZN13KLuaScriptSet13DelBreakPointEP9lua_State	KLuaScriptSet::DelBreakPoint(lua_State *)
0821d600	237	_ZN13KLuaScriptSet13SetBreakPointEP9lua_State	KLuaScriptSet::SetBreakPoint(lua_State *)
0821d6f0	83	_ZN13KLuaScriptSet10FindScriptEm	KLuaScriptSet::FindScript(unsigned long)
0821d750	232	_ZN13KLuaScriptSetD1Ev	KLuaScriptSet::~KLuaScriptSet()
0821d840	418	_ZN13KLuaScriptSet12ReloadScriptEmP11SCRIPT_INFOPSt3setImSt4lessImESaImEE	KLuaScriptSet::ReloadScript(unsigned long,SCRIPT_INFO *,std::set<unsigned long,std::less<unsigned long>,std::allocator<unsigned long>> *)
0821d9f0	371	_ZN13KLuaScriptSet12ReLoadScriptEPKc	KLuaScriptSet::ReLoadScript(char const*)
0821db70	132	_ZN13KLuaScriptSet12RemoveScriptEm	KLuaScriptSet::RemoveScript(unsigned long)
0821dc00	185	_ZN13KLuaScriptSet19LoadScriptByAbsPathEPKcPP10KLuaScripti	KLuaScriptSet::LoadScriptByAbsPath(char const*,KLuaScript **,int)
0821dcc0	689	_ZN13KLuaScriptSet21LoadScriptInDirectoryEPKc	KLuaScriptSet::LoadScriptInDirectory(char const*)
0821df80	176	_ZN13KLuaScriptSet16LoadScriptInPathEPKc	KLuaScriptSet::LoadScriptInPath(char const*)
0821e030	87	_ZNSt8_Rb_treeImSt4pairIKmjESt10_Select1stIS2_ESt4lessImESaIS2_EE4findERS1_	std::_Rb_tree<unsigned long,std::pair<unsigned long const,unsigned int>,std::_Select1st<std::pair<unsigned long const,unsigned int>>,std::less<unsigned long>,std::allocator<std::pair<unsigned long const,unsigned int>>>::find(unsigned long const&)
0821e090	62	_ZNSt8_Rb_treeImSt4pairIKmjESt10_Select1stIS2_ESt4lessImESaIS2_EE11lower_boundERS1_	std::_Rb_tree<unsigned long,std::pair<unsigned long const,unsigned int>,std::_Select1st<std::pair<unsigned long const,unsigned int>>,std::less<unsigned long>,std::allocator<std::pair<unsigned long const,unsigned int>>>::lower_bound(unsigned long const&)
0821e0d0	62	_ZNSt8_Rb_treeImSt4pairIKmjESt10_Select1stIS2_ESt4lessImESaIS2_EE11upper_boundERS1_	std::_Rb_tree<unsigned long,std::pair<unsigned long const,unsigned int>,std::_Select1st<std::pair<unsigned long const,unsigned int>>,std::less<unsigned long>,std::allocator<std::pair<unsigned long const,unsigned int>>>::upper_bound(unsigned long const&)
0821e110	152	_ZNSt8_Rb_treeImSt4pairIKmjESt10_Select1stIS2_ESt4lessImESaIS2_EE9_M_insertEPSt18_Rb_tree_node_baseSA_RKS2_	std::_Rb_tree<unsigned long,std::pair<unsigned long const,unsigned int>,std::_Select1st<std::pair<unsigned long const,unsigned int>>,std::less<unsigned long>,std::allocator<std::pair<unsigned long const,unsigned int>>>::_M_insert(std::_Rb_tree_node_base *,std::_Rb_tree_node_base *,std::pair<unsigned long const,unsigned int> const&)
0821e1b0	236	_ZNSt8_Rb_treeImSt4pairIKmjESt10_Select1stIS2_ESt4lessImESaIS2_EE13insert_uniqueERKS2_	std::_Rb_tree<unsigned long,std::pair<unsigned long const,unsigned int>,std::_Select1st<std::pair<unsigned long const,unsigned int>>,std::less<unsigned long>,std::allocator<std::pair<unsigned long const,unsigned int>>>::insert_unique(std::pair<unsigned long const,unsigned int> const&)
0821e2a0	593	_ZNSt8_Rb_treeImSt4pairIKmjESt10_Select1stIS2_ESt4lessImESaIS2_EE13insert_uniqueESt17_Rb_tree_iteratorIS2_ERKS2_	std::_Rb_tree<unsigned long,std::pair<unsigned long const,unsigned int>,std::_Select1st<std::pair<unsigned long const,unsigned int>>,std::less<unsigned long>,std::allocator<std::pair<unsigned long const,unsigned int>>>::insert_unique(std::_Rb_tree_iterator<std::pair<unsigned long const,unsigned int>>,std::pair<unsigned long const,unsigned int> const&)
0821e500	146	_ZNSt8_Rb_treeImSt4pairIKmjESt10_Select1stIS2_ESt4lessImESaIS2_EE5eraseESt17_Rb_tree_iteratorIS2_ESA_	std::_Rb_tree<unsigned long,std::pair<unsigned long const,unsigned int>,std::_Select1st<std::pair<unsigned long const,unsigned int>>,std::less<unsigned long>,std::allocator<std::pair<unsigned long const,unsigned int>>>::erase(std::_Rb_tree_iterator<std::pair<unsigned long const,unsigned int>>,std::_Rb_tree_iterator<std::pair<unsigned long const,unsigned int>>)
0821e5a0	146	_ZNSt8_Rb_treeImSt4pairIKmjESt10_Select1stIS2_ESt4lessImESaIS2_EE5eraseERS1_	std::_Rb_tree<unsigned long,std::pair<unsigned long const,unsigned int>,std::_Select1st<std::pair<unsigned long const,unsigned int>>,std::less<unsigned long>,std::allocator<std::pair<unsigned long const,unsigned int>>>::erase(unsigned long const&)
0821e640	5	_Z9g_MemInfov	g_MemInfo(void)
0821e650	30	_Z9g_MemXorePvmm	g_MemXore(void *,unsigned long,unsigned long)
0821e670	84	_Z41__static_initialization_and_destruction_0ii_82	_Z41__static_initialization_and_destruction_0ii_82
0821e6d0	16	_GLOBAL__I__Z9g_MemInfov	`global constructor keyed to'g_MemInfo(void)
0821e6e0	52	__tcf_0_70	__tcf_0_70
0821e720	34	_Z9g_MemZeroPvm	g_MemZero(void *,unsigned long)
0821e750	22	_Z9g_MemFillPvmm	g_MemFill(void *,unsigned long,unsigned long)
0821e770	22	_Z9g_MemFillPvmt	g_MemFill(void *,unsigned long,unsigned short)
0821e790	22	_Z9g_MemFillPvmh	g_MemFill(void *,unsigned long,unsigned char)
0821e7b0	44	_Z9g_MemCompPvS_m	g_MemComp(void *,void *,unsigned long)
0821e7e0	9	_Z12g_MemCopyMmxPvS_m	g_MemCopyMmx(void *,void *,unsigned long)
0821e7f0	9	_Z9g_MemCopyPvS_m	g_MemCopy(void *,void *,unsigned long)
0821e800	72	_Z9g_MemFreePv	g_MemFree(void *)
0821e850	122	_Z10g_MemAllocm	g_MemAlloc(unsigned long)
0821e8d0	21	_ZN9KMemClassC2Ev	KMemClass::KMemClass(void)
0821e8f0	21	_ZN9KMemClassC1Ev	KMemClass::KMemClass(void)
0821e910	39	_ZN9KMemClass4FillEm	KMemClass::Fill(unsigned long)
0821e940	43	_ZN9KMemClass4FillEt	KMemClass::Fill(unsigned short)
0821e970	43	_ZN9KMemClass4FillEh	KMemClass::Fill(unsigned char)
0821e9a0	32	_ZN9KMemClass4ZeroEv	KMemClass::Zero(void)
0821e9c0	43	_ZN9KMemClass4FreeEv	KMemClass::Free(void)
0821e9f0	9	_ZN9KMemClassD1Ev	KMemClass::~KMemClass()
0821ea00	9	_ZN9KMemClassD2Ev	KMemClass::~KMemClass()
0821ea10	66	_ZN9KMemClass5AllocEm	KMemClass::Alloc(unsigned long)
0821ea60	5	_ZN9KMemStack4FreeEPv	KMemStack::Free(void *)
0821ea70	11	_ZN9KMemStack12GetChunkSizeEv	KMemStack::GetChunkSize(void)
0821ea80	21	_ZN9KMemStack12GetStackSizeEv	KMemStack::GetStackSize(void)
0821eaa0	83	_ZN9KMemStack13FreeAllChunksEv	KMemStack::FreeAllChunks(void)
0821eb00	30	_ZN9KMemStack4InitEi	KMemStack::Init(int)
0821eb20	9	_ZN9KMemStackD1Ev	KMemStack::~KMemStack()
0821eb30	9	_ZN9KMemStackD2Ev	KMemStack::~KMemStack()
0821eb40	108	_ZN9KMemStack13AllocNewChunkEv	KMemStack::AllocNewChunk(void)
0821ebb0	82	_ZN9KMemStack4PushEi	KMemStack::Push(int)
0821ec10	60	_ZN9KMemStackC1Ev	KMemStack::KMemStack(void)
0821ec50	60	_ZN9KMemStackC2Ev	KMemStack::KMemStack(void)
0821ec90	44	_ZN5KNode6RemoveEv	KNode::Remove(void)
0821ecc0	70	_ZN5KNode11InsertAfterEPS_	KNode::InsertAfter(KNode*)
0821ed10	70	_ZN5KNode12InsertBeforeEPS_	KNode::InsertBefore(KNode*)
0821ed60	13	_Z17g_SetFindFileModei	g_SetFindFileMode(int)
0821ed70	10	_Z14g_GetPacksPathv	g_GetPacksPath(void)
0821ed80	26	_ZN8KPakFile11IsFileInPakEv	KPakFile::IsFileInPak(void)
0821eda0	7	_ZN8KPakFile4SaveEPKc	KPakFile::Save(char const*)
0821edb0	70	_ZN8KPakFile9GetBufferEv	KPakFile::GetBuffer(void)
0821ee00	109	_ZN8KPakFile5CloseEv	KPakFile::Close(void)
0821ee70	84	_ZN8KPakFile4SizeEv	KPakFile::Size(void)
0821eed0	84	_ZN8KPakFile4TellEv	KPakFile::Tell(void)
0821ef30	179	_ZN8KPakFile4SeekEij	KPakFile::Seek(int,unsigned int)
0821eff0	268	_ZN8KPakFile4ReadEPvj	KPakFile::Read(void *,unsigned int)
0821f100	204	_ZN8KPakFile4OpenEPKc	KPakFile::Open(char const*)
0821f1d0	84	_ZN8KPakFileD1Ev	KPakFile::~KPakFile()
0821f230	84	_ZN8KPakFileD2Ev	KPakFile::~KPakFile()
0821f290	110	_ZN8KPakFileC1Ev	KPakFile::KPakFile(void)
0821f300	110	_ZN8KPakFileC2Ev	KPakFile::KPakFile(void)
0821f370	20	_Z19g_ClearPackageFilesv	g_ClearPackageFiles(void)
0821f390	40	_Z18g_LoadPackageFilesPKc	g_LoadPackageFiles(char const*)
0821f3c0	25	_ZN9XPackListC2Ev	XPackList::XPackList(void)
0821f3e0	25	_ZN9XPackListC1Ev	XPackList::XPackList(void)
0821f400	66	_Z41__static_initialization_and_destruction_0ii_83	_Z41__static_initialization_and_destruction_0ii_83
0821f450	16	_GLOBAL__I_g_EnginePackList	`global constructor keyed to'g_EnginePackList
0821f460	59	_ZN9XPackList11GetSprFrameEiP7SPRHEADi	XPackList::GetSprFrame(int,SPRHEAD *,int)
0821f4a0	46	_ZN9XPackList12GetSprHeaderERN9XPackFile16XPackElemFileRefERP7SPROFFS	XPackList::GetSprHeader(XPackFile::XPackElemFileRef &,SPROFFS *&)
0821f4d0	43	_ZN9XPackList17GetElemFileBufferERN9XPackFile16XPackElemFileRefE	XPackList::GetElemFileBuffer(XPackFile::XPackElemFileRef &)
0821f500	31	_ZN9XPackList19ElemGetFragmentSizeERN9XPackFile16XPackElemFileRefEi	XPackList::ElemGetFragmentSize(XPackFile::XPackElemFileRef &,int)
0821f520	31	_ZN9XPackList20ElemGetFragmentCountERN9XPackFile16XPackElemFileRefE	XPackList::ElemGetFragmentCount(XPackFile::XPackElemFileRef &)
0821f540	31	_ZN9XPackList22ElemIsPackedByFragmentERN9XPackFile16XPackElemFileRefE	XPackList::ElemIsPackedByFragment(XPackFile::XPackElemFileRef &)
0821f560	31	_ZN9XPackList16ElemReadFragmentERN9XPackFile16XPackElemFileRefEiRPv	XPackList::ElemReadFragment(XPackFile::XPackElemFileRef &,int,void *&)
0821f580	71	_ZN9XPackList12ElemFileReadERN9XPackFile16XPackElemFileRefEPvm	XPackList::ElemFileRead(XPackFile::XPackElemFileRef &,void *,unsigned long)
0821f5d0	95	_ZN9XPackList12FindElemFileEjRN9XPackFile16XPackElemFileRefE	XPackList::FindElemFile(unsigned int,XPackFile::XPackElemFileRef &)
0821f630	98	_ZN9XPackList12FindElemFileEPKcRN9XPackFile16XPackElemFileRefE	XPackList::FindElemFile(char const*,XPackFile::XPackElemFileRef &)
0821f6a0	91	_ZN9XPackList5CloseEv	XPackList::Close(void)
0821f700	596	_ZN9XPackList4OpenEPKc	XPackList::Open(char const*)
0821f960	9	_ZN9XPackListD1Ev	XPackList::~XPackList()
0821f970	16	__tcf_0_71	__tcf_0_71
0821f980	9	_ZN9XPackListD2Ev	XPackList::~XPackList()
0821f990	27	_ZN6KCodec10GetPackLenEm	KCodec::GetPackLen(unsigned long)
0821f9b0	76	_Z11g_FreeCodecPP6KCodeci	g_FreeCodec(KCodec **,int)
0821fa00	141	_Z11g_InitCodecPP6KCodeci	g_InitCodec(KCodec **,int)
0821fa90	51	_ZN6KCodec6DecodeEP9TCodeInfo	KCodec::Decode(TCodeInfo *)
0821fad0	51	_ZN6KCodec6EncodeEP9TCodeInfo	KCodec::Encode(TCodeInfo *)
0821fb10	1083	_ZN9KCodecLzo8CompressEPhmS0_Pm	KCodecLzo::Compress(unsigned char *,unsigned long,unsigned char *,unsigned long *)
0821ff50	974	_ZN9KCodecLzo6DecodeEP9TCodeInfo	KCodecLzo::Decode(TCodeInfo *)
08220320	313	_ZN9KCodecLzo6EncodeEP9TCodeInfo	KCodecLzo::Encode(TCodeInfo *)
08220460	13	_Z12g_RandomSeedj	g_RandomSeed(unsigned int)
08220470	44	_Z8g_Randomj	g_Random(unsigned int)
082204a0	10	_Z15g_GetRandomSeedv	g_GetRandomSeed(void)
082204b0	14	_ZN7KScriptC2Ev	KScript::KScript(void)
082204c0	14	_ZN7KScriptC1Ev	KScript::KScript(void)
082204d0	10	_ZN7KScript4InitEv	KScript::Init(void)
082204e0	5	_ZN7KScript4ExitEv	KScript::Exit(void)
082204f0	10	_ZN7KScript4LoadEPKc	KScript::Load(char const*)
08220500	10	_ZN7KScript7CompileEPKc	KScript::Compile(char const*)
08220510	10	_ZN7KScript7ExecuteEv	KScript::Execute(void)
08220520	10	_ZN7KScript12CallFunctionEPKciS1_z	KScript::CallFunction(char const*,int,char const*,...)
08220530	10	_ZN7KScript16RegisterFunctionEPKcPv	KScript::RegisterFunction(char const*,void *)
08220540	18	_ZN7KScriptD0Ev	KScript::~KScript()
08220560	14	_ZN7KScriptD1Ev	KScript::~KScript()
08220570	14	_ZN7KScriptD2Ev	KScript::~KScript()
08220580	89	_Z20KSG_StringSkipSymbolPPKci	KSG_StringSkipSymbol(char const**,int)
082205e0	227	_Z16KSG_StringGetIntPPKci	KSG_StringGetInt(char const**,int)
082206d0	41	_Z10g_StrUpperPc	g_StrUpper(char *)
08220700	41	_Z10g_StrLowerPc	g_StrLower(char *)
08220730	26	_Z8g_StrEndPKc	g_StrEnd(char const*)
08220750	9	_Z8g_StrLenPKc	g_StrLen(char const*)
08220760	91	_Z11g_StrCmpLenPKcS0_i	g_StrCmpLen(char const*,char const*,int)
082207c0	84	_Z8g_StrCmpPKcS0_	g_StrCmp(char const*,char const*)
08220820	9	_Z8g_StrCpyPcPKc	g_StrCpy(char *,char const*)
08220830	26	_Z8g_StrCatPcPKc	g_StrCat(char *,char const*)
08220850	90	_Z11g_StrCpyLenPcPKci	g_StrCpyLen(char *,char const*,int)
082208b0	279	_Z8g_StrRepPcPKcS1_	g_StrRep(char *,char const*,char const*)
082209d0	26	_Z11g_StrCatLenPcPKci	g_StrCatLen(char *,char const*,int)
082209f0	2245	_Z9g_StrWrapPcPKci	g_StrWrap(char *,char const*,int)
082212c0	74	_ZN8KTabFile7Col2StrEiPc	KTabFile::Col2Str(int,char *)
08221310	37	_ZN8KTabFile5ClearEv	KTabFile::Clear(void)
08221340	189	_ZN8KTabFile8GetValueEiiPcm	KTabFile::GetValue(int,int,char *,unsigned long)
08221400	121	_ZN8KTabFile10FindColumnEPKc	KTabFile::FindColumn(char const*)
08221480	135	_ZN8KTabFile7FindRowEPKci	KTabFile::FindRow(char const*,int)
08221510	151	_ZN8KTabFile6SearchEPKcii	KTabFile::Search(char const*,int,int)
082215b0	90	_ZN8KTabFile6SearchEPKcS1_i	KTabFile::Search(char const*,char const*,int)
08221610	118	_ZN8KTabFile8GetFloatEiifPf	KTabFile::GetFloat(int,int,float,float *)
08221690	172	_ZN8KTabFile10GetIntegerEPKcS1_iPi	KTabFile::GetInteger(char const*,char const*,int,int *)
08221740	99	_ZN8KTabFile9GetStringEiiPKcPcm	KTabFile::GetString(int,int,char const*,char *,unsigned long)
082217b0	142	_ZN8KTabFile9GetStringEPKcS1_S1_Pcm	KTabFile::GetString(char const*,char const*,char const*,char *,unsigned long)
08221840	132	_ZN8KTabFile7Str2ColEPKc	KTabFile::Str2Col(char const*)
082218d0	142	_ZN8KTabFile9GetStringEiPKcS1_Pcmi	KTabFile::GetString(int,char const*,char const*,char *,unsigned long,int)
08221960	604	_ZN8KTabFile15CreateTabOffsetEv	KTabFile::CreateTabOffset(void)
08221bc0	180	_ZN8KTabFile4LoadEPKc	KTabFile::Load(char const*)
08221c80	164	_ZN8KTabFile8GetFloatEPKcS1_fPf	KTabFile::GetFloat(char const*,char const*,float,float *)
08221d30	161	_ZN8KTabFile8GetFloatEiPKcfPfi	KTabFile::GetFloat(int,char const*,float,float *,int)
08221de0	169	_ZN8KTabFile10GetIntegerEiPKciPii	KTabFile::GetInteger(int,char const*,int,int *,int)
08221e90	121	_ZN8KTabFile10GetIntegerEiiiPi	KTabFile::GetInteger(int,int,int,int *)
08221f10	113	_ZN8KTabFileD2Ev	KTabFile::~KTabFile()
08221f90	108	_ZN8KTabFileC1Ev	KTabFile::KTabFile(void)
08222000	108	_ZN8KTabFileC2Ev	KTabFile::KTabFile(void)
08222070	120	_ZN8KTabFileD0Ev	KTabFile::~KTabFile()
082220f0	113	_ZN8KTabFileD1Ev	KTabFile::~KTabFile()
08222170	7	_ZN8KTabFile4SaveEPKc	KTabFile::Save(char const*)
08222180	11	_ZN8KTabFile8GetWidthEv	KTabFile::GetWidth(void)
08222190	11	_ZN8KTabFile9GetHeightEv	KTabFile::GetHeight(void)
082221a0	10	_ZN12KTabFileCtrl8LoadPackEPKc	KTabFileCtrl::LoadPack(char const*)
082221b0	26	_ZN12KTabFileCtrl4SaveEv	KTabFileCtrl::Save(void)
082221d0	119	_ZN12KTabFileCtrl8GetValueEiiRPcm	KTabFileCtrl::GetValue(int,int,char *&,unsigned long)
08222250	132	_ZN12KTabFileCtrl7Str2ColEPKc	KTabFileCtrl::Str2Col(char const*)
082222e0	120	_ZN12KTabFileCtrl8GetFloatEiifPf	KTabFileCtrl::GetFloat(int,int,float,float *)
08222360	128	_ZN12KTabFileCtrl10GetIntegerEiiiPi	KTabFileCtrl::GetInteger(int,int,int,int *)
082223e0	127	_ZN12KTabFileCtrl9GetStringEiiPKcPcm	KTabFileCtrl::GetString(int,int,char const*,char *,unsigned long)
08222460	175	_ZN12KTabFileCtrl11InsertAfterEi	KTabFileCtrl::InsertAfter(int)
08222510	89	_ZN12KTabFileCtrl6RemoveEi	KTabFileCtrl::Remove(int)
08222570	107	_ZN12KTabFileCtrl10FindColumnEPKc	KTabFileCtrl::FindColumn(char const*)
082225e0	122	_ZN12KTabFileCtrl7FindRowEPKci	KTabFileCtrl::FindRow(char const*,int)
08222660	66	_ZN12KTabFileCtrl10GetColNameEi	KTabFileCtrl::GetColName(int)
082226b0	64	_ZN12KTabFileCtrl10GetRowNameEi	KTabFileCtrl::GetRowName(int)
082226f0	301	_ZN12KTabFileCtrl4SaveEPKc	KTabFileCtrl::Save(char const*)
08222820	48	_ZN12KTabFileCtrlC2Ev	KTabFileCtrl::KTabFileCtrl(void)
08222850	175	_ZN12KTabFileCtrl12InsertBeforeEi	KTabFileCtrl::InsertBefore(int)
08222900	48	_ZN12KTabFileCtrlC1Ev	KTabFileCtrl::KTabFileCtrl(void)
08222930	112	_ZN12KTabFileCtrl5ClearEv	KTabFileCtrl::Clear(void)
082229a0	57	_ZN12KTabFileCtrlD0Ev	KTabFileCtrl::~KTabFileCtrl()
082229e0	50	_ZN12KTabFileCtrlD1Ev	KTabFileCtrl::~KTabFileCtrl()
08222a20	50	_ZN12KTabFileCtrlD2Ev	KTabFileCtrl::~KTabFileCtrl()
08222a60	704	_ZN12KTabFileCtrl8SetValueEiiPKcmi	KTabFileCtrl::SetValue(int,int,char const*,unsigned long,int)
08222d20	103	_ZN12KTabFileCtrl10WriteFloatEiif	KTabFileCtrl::WriteFloat(int,int,float)
08222d90	103	_ZN12KTabFileCtrl12WriteIntegerEiii	KTabFileCtrl::WriteInteger(int,int,int)
08222e00	78	_ZN12KTabFileCtrl11WriteStringEiiPKcm	KTabFileCtrl::WriteString(int,int,char const*,unsigned long)
08222e50	116	_ZN12KTabFileCtrl12InsertNewColEPKc	KTabFileCtrl::InsertNewCol(char const*)
08222ed0	224	_ZN12KTabFileCtrl4InitEPKcPSsi	KTabFileCtrl::Init(char const*,std::string *,int)
08222fb0	896	_ZN12KTabFileCtrl4LoadEPKc	KTabFileCtrl::Load(char const*)
08223330	126	_ZN12KTabFileCtrl9GetStringEPKcS1_S1_Pcm	KTabFileCtrl::GetString(char const*,char const*,char const*,char *,unsigned long)
082233b0	114	_ZN12KTabFileCtrl10GetIntegerEPKcS1_iPi	KTabFileCtrl::GetInteger(char const*,char const*,int,int *)
08223430	114	_ZN12KTabFileCtrl8GetFloatEPKcS1_fPf	KTabFileCtrl::GetFloat(char const*,char const*,float,float *)
082234b0	46	_ZN11TTabColNodeD0Ev	TTabColNode::~TTabColNode()
082234e0	137	_ZN12KTabFileCtrl8GetFloatEiPKcfPfi	KTabFileCtrl::GetFloat(int,char const*,float,float *,int)
08223570	137	_ZN12KTabFileCtrl10GetIntegerEiPKciPii	KTabFileCtrl::GetInteger(int,char const*,int,int *,int)
08223600	159	_ZN12KTabFileCtrl9GetStringEiPKcS1_Pcmi	KTabFileCtrl::GetString(int,char const*,char const*,char *,unsigned long,int)
082236a0	26	_ZN12KTabFileCtrl8GetWidthEv	KTabFileCtrl::GetWidth(void)
082236c0	14	_ZN12KTabFileCtrl9GetHeightEv	KTabFileCtrl::GetHeight(void)
082236d0	39	_ZN11TTabColNodeD1Ev	TTabColNode::~TTabColNode()
08223700	89	_ZN12TTabLineNodeD1Ev	TTabLineNode::~TTabLineNode()
08223760	96	_ZN12TTabLineNodeD0Ev	TTabLineNode::~TTabLineNode()
082237c0	29	TIsHightChar	TIsHightChar
082237e0	41	TCalcStepByChar	TCalcStepByChar
08223810	49	TIsLocalChar	TIsLocalChar
08223850	64	TIsLocalWord	TIsLocalWord
08223890	66	_Z41__static_initialization_and_destruction_0ii_84	_Z41__static_initialization_and_destruction_0ii_84
082238e0	16	_GLOBAL__I_RegisterInlineCtrl	`global constructor keyed to'RegisterInlineCtrl
082238f0	16	__tcf_0_72	__tcf_0_72
08223900	41	TSplitStringLine	TSplitStringLine
08223930	48	TGetEncodedTextEffectCtrls	TGetEncodedTextEffectCtrls
08223960	56	TGetEncodedTextOutputLenPos	TGetEncodedTextOutputLenPos
082239a0	42	TClearSpecialCtrlInEncodedText	TClearSpecialCtrlInEncodedText
082239d0	49	TFindSpecialCtrlInEncodedText	TFindSpecialCtrlInEncodedText
08223a10	76	TGetEncodedTextLineCount	TGetEncodedTextLineCount
08223a60	34	TRemoveCtrlInEncodedText	TRemoveCtrlInEncodedText
08223a90	34	TFilterEncodedText	TFilterEncodedText
08223ac0	48	TEncodeTextAndPickCtrl	TEncodeTextAndPickCtrl
08223af0	41	TEncodeText	TEncodeText
08223b20	62	TGetEncodeStringLineHeadPos	TGetEncodeStringLineHeadPos
08223b60	48	TSplitEncodedString	TSplitEncodedString
08223b90	41	TSplitString	TSplitString
08223bc0	76	TGetLimitLenEncodedString	TGetLimitLenEncodedString
08223c10	48	TGetLimitLenString	TGetLimitLenString
08223c40	27	TIsCharacterNotAlowAtLineHead	TIsCharacterNotAlowAtLineHead
08223c60	41	TGetSecondVisibleCharacterThisLine	TGetSecondVisibleCharacterThisLine
08223c90	36	InitTextRender	InitTextRender
08223cc0	27	RemoveInlineWndCtrl	RemoveInlineWndCtrl
08223ce0	27	RegisterInlineCtrl	RegisterInlineCtrl
08223d00	34	GetCtrlHandleByStr	GetCtrlHandleByStr
08223d30	27	GetCtrlHandle	GetCtrlHandle
08223d50	205	_ZN8KPolygon16IsPointInPolygonE8tagPOINT	KPolygon::IsPointInPolygon(tagPOINT)
08223e20	205	_ZN8KPolygon16IsPointInPolygonEii	KPolygon::IsPointInPolygon(int,int)
08223ef0	98	_ZN8KPolygon13GetNearVertexE8tagPOINT	KPolygon::GetNearVertex(tagPOINT)
08223f60	40	_ZN8KPolygon14GetIndexVertexEiP8tagPOINT	KPolygon::GetIndexVertex(int,tagPOINT *)
08223f90	65	_ZN8KPolygon17RemoveIndexVertexEi	KPolygon::RemoveIndexVertex(int)
08223fe0	290	_ZN8KPolygon16AddPointToVertexE8tagPOINT	KPolygon::AddPointToVertex(tagPOINT)
08224110	290	_ZN8KPolygon16AddPointToVertexEii	KPolygon::AddPointToVertex(int,int)
08224240	86	_ZN8KPolygon12GetCenterPosEP8tagPOINT	KPolygon::GetCenterPos(tagPOINT *)
082242a0	309	_ZN8KPolygon11ShiftVertexEii	KPolygon::ShiftVertex(int,int)
082243e0	60	_ZN8KPolygon13GetLeftVertexEv	KPolygon::GetLeftVertex(void)
08224420	60	_ZN8KPolygon14GetRightVertexEv	KPolygon::GetRightVertex(void)
08224460	29	_ZN8KPolygon5ClearEv	KPolygon::Clear(void)
08224480	29	_ZN8KPolygonC1Ev	KPolygon::KPolygon(void)
082244a0	29	_ZN8KPolygonC2Ev	KPolygon::KPolygon(void)
082244c0	191	_ZN8KPolygon10LoopVertexEi	KPolygon::LoopVertex(int)
08224580	5	_ZN11KTextRenderD2Ev	KTextRender::~KTextRender()
08224590	5	_ZN11KTextRenderD1Ev	KTextRender::~KTextRender()
082245a0	90	_ZN11KTextRender4InitE19KE_PRODUCT_LANGUAGE	KTextRender::Init(KE_PRODUCT_LANGUAGE)
08224600	7	_ZN11KTextRender28IsCharacterNotAlowAtLineHeadEPKc	KTextRender::IsCharacterNotAlowAtLineHead(char const*)
08224610	209	_ZN11KTextRender11SplitStringEPKcii	KTextRender::SplitString(char const*,int,int)
082246f0	236	_ZN11KTextRender25GetEncodedTextEffectCtrlsEPKciR8KTP_CTRLS3_	KTextRender::GetEncodedTextEffectCtrls(char const*,int,KTP_CTRL &,KTP_CTRL &)
082247e0	345	_ZN11KTextRender18SplitEncodedStringEPKciii	KTextRender::SplitEncodedString(char const*,int,int,int)
08224940	153	_ZN11KTextRender33GetSecondVisibleCharacterThisLineEPKcii	KTextRender::GetSecondVisibleCharacterThisLine(char const*,int,int)
082249e0	1202	_ZN11KTextRender23GetEncodedTextLineCountEPKciiRiiiii	KTextRender::GetEncodedTextLineCount(char const*,int,int,int &,int,int,int,int)
08224ea0	728	_ZN11KTextRender26GetEncodeStringLineHeadPosEPKciiiii	KTextRender::GetEncodeStringLineHeadPos(char const*,int,int,int,int,int)
08225180	440	_ZN11KTextRender17FilterEncodedTextEPci	KTextRender::FilterEncodedText(char *,int)
08225340	567	_ZN11KTextRender24GetLimitLenEncodedStringEPKciiiPcRiii	KTextRender::GetLimitLenEncodedString(char const*,int,int,int,char *,int &,int,int)
08225580	161	_ZN11KTextRender17GetLimitLenStringEPKciPci	KTextRender::GetLimitLenString(char const*,int,char *,int)
08225630	715	_ZN11KTextRender11_EncodeCtrlEiPciS0_RiS1_iP14KInlineControl	KTextRender::_EncodeCtrl(int,char *,int,char *,int &,int &,int,KInlineControl *)
08225900	621	_ZN11KTextRender11_EncodeCtrlEPciRiS1_S1_S1_P14KInlineControl	KTextRender::_EncodeCtrl(char *,int,int &,int &,int &,int &,KInlineControl *)
08225b70	368	_ZN11KTextRender21EncodeTextAndPickCtrlEPciP14KInlineControlRi	KTextRender::EncodeTextAndPickCtrl(char *,int,KInlineControl *,int &)
08225ce0	21	_ZN11KTextRenderC1Ev	KTextRender::KTextRender(void)
08225d00	21	_ZN11KTextRenderC2Ev	KTextRender::KTextRender(void)
08225d20	149	_ZN11KTextRender23RemoveCtrlInEncodedTextEPci	KTextRender::RemoveCtrlInEncodedText(char *,int)
08225dc0	115	_ZN11KTextRender15SplitStringLineEPcii	KTextRender::SplitStringLine(char *,int,int)
08225e40	349	_ZN11KTextRender26GetEncodedTextOutputLenPosEPKciRibi	KTextRender::GetEncodedTextOutputLenPos(char const*,int,int &,bool,int)
08225fa0	331	_ZN11KTextRender29ClearSpecialCtrlInEncodedTextEPcic	KTextRender::ClearSpecialCtrlInEncodedText(char *,int,char)
082260f0	162	_ZN11KTextRender28FindSpecialCtrlInEncodedTextEPKciic	KTextRender::FindSpecialCtrlInEncodedText(char const*,int,int,char)
082261a0	522	_ZN11KTextRender11_EncodeCtrlEiPciS0_	KTextRender::_EncodeCtrl(int,char *,int,char *)
082263b0	491	_ZN11KTextRender11_EncodeCtrlEPciRiS1_	KTextRender::_EncodeCtrl(char *,int,int &,int &)
082265a0	416	_ZN11KTextRender10EncodeTextEPcii	KTextRender::EncodeText(char *,int,int)
08226740	38	_ZN15KInlineCtrlTool18RegisterInlineCtrlEP14IInlineControl	KInlineCtrlTool::RegisterInlineCtrl(IInlineControl *)
08226770	107	_ZN15KInlineCtrlTool19RemoveInlineWndCtrlEP14IInlineControl	KInlineCtrlTool::RemoveInlineWndCtrl(IInlineControl *)
082267e0	5	__tcf_0_73	__tcf_0_73
082267f0	85	_Z41__static_initialization_and_destruction_0ii_85	_Z41__static_initialization_and_destruction_0ii_85
08226850	16	_GLOBAL__I__ZN15KInlineCtrlTool7ms_ToolE	`global constructor keyed to'KInlineCtrlTool::ms_Tool
08226860	157	_ZN15KInlineCtrlTool18GetCtrlHandleByStrEPci	KInlineCtrlTool::GetCtrlHandleByStr(char *,int)
08226900	103	_ZN15KInlineCtrlTool13GetCtrlHandleEi	KInlineCtrlTool::GetCtrlHandle(int)
08226970	28	_ZN8KMemFileC2Ev	KMemFile::KMemFile(void)
08226990	28	_ZN8KMemFileC1Ev	KMemFile::KMemFile(void)
082269b0	35	_ZN8KMemFile5CloseEv	KMemFile::Close(void)
082269e0	9	_ZN8KMemFileD1Ev	KMemFile::~KMemFile()
082269f0	9	_ZN8KMemFileD2Ev	KMemFile::~KMemFile()
08226a00	25	_ZN8KMemFile6IsOpenEv	KMemFile::IsOpen(void)
08226a20	55	_ZN8KMemFile4SeekElm	KMemFile::Seek(long,unsigned long)
08226a60	13	_ZN8KMemFile4TellEv	KMemFile::Tell(void)
08226a70	10	_ZN8KMemFile4SizeEv	KMemFile::Size(void)
08226a80	89	_ZN8KMemFile4ReadEPvm	KMemFile::Read(void *,unsigned long)
08226ae0	84	_ZN8KMemFile4OpenEPKc	KMemFile::Open(char const*)
08226b40	5	_ZN15KMemFileManager10InitializeEv	KMemFileManager::Initialize(void)
08226b50	81	_Z32gOnUpdateFinishForMemFileManagermm	gOnUpdateFinishForMemFileManager(unsigned long,unsigned long)
08226bb0	95	_ZN15KMemFileManagerC1Ev	KMemFileManager::KMemFileManager(void)
08226c10	66	_Z41__static_initialization_and_destruction_0ii_86	_Z41__static_initialization_and_destruction_0ii_86
08226c60	16	_GLOBAL__I_g_MemFileManager	`global constructor keyed to'g_MemFileManager
08226c70	262	_Z22gUnAdviseMemFileNotifyPKc	gUnAdviseMemFileNotify(char const*)
08226d80	194	_ZN15KMemFileManager10GetDataRefEPKcRPhRm	KMemFileManager::GetDataRef(char const*,unsigned char *&,unsigned long &)
08226e50	178	_ZN15KMemFileManager7IsExistEPKc	KMemFileManager::IsExist(char const*)
08226f10	172	_ZN15KMemFileManager9RemoveAllEv	KMemFileManager::RemoveAll(void)
08226fc0	20	_Z20gClearMemFileManagerv	gClearMemFileManager(void)
08226fe0	9	_ZN15KMemFileManager12UnInitializeEv	KMemFileManager::UnInitialize(void)
08226ff0	95	_ZN15KMemFileManagerC2Ev	KMemFileManager::KMemFileManager(void)
08227050	102	_ZN15KMemFileManagerD1Ev	KMemFileManager::~KMemFileManager()
082270c0	16	__tcf_0_74	__tcf_0_74
082270d0	102	_ZN15KMemFileManagerD2Ev	KMemFileManager::~KMemFileManager()
08227140	614	_Z20gAdviseMemFileNotifyPKcP15IKMemFileNotify	gAdviseMemFileNotify(char const*,IKMemFileNotify *)
082273b0	564	_ZN15KMemFileManager10RemoveFileEPKc	KMemFileManager::RemoveFile(char const*)
082275f0	27	_Z25gRemoveFromMemFileManagerPKc	gRemoveFromMemFileManager(char const*)
08227610	853	_ZN15KMemFileManager7AddFileEPKcPhm	KMemFileManager::AddFile(char const*,unsigned char *,unsigned long)
08227970	41	_Z20gAddToMemFileManagerPKcPhm	gAddToMemFileManager(char const*,unsigned char *,unsigned long)
082279a0	291	_ZNSt6vectorIP15IKMemFileNotifySaIS1_EE13_M_insert_auxEN9__gnu_cxx17__normal_iteratorIPS1_S3_EERKS1_	std::vector<IKMemFileNotify *,std::allocator<IKMemFileNotify *>>::_M_insert_aux(__gnu_cxx::__normal_iterator<IKMemFileNotify **,std::vector<IKMemFileNotify *,std::allocator<IKMemFileNotify *>>>,IKMemFileNotify * const&)
08227ad0	273	_ZNSt8_Rb_treeISsSt4pairIKSsP15IKMemFileNotifyESt10_Select1stIS4_ESt4lessISsESaIS4_EE9_M_insertEPSt18_Rb_tree_node_baseSC_RKS4_	std::_Rb_tree<std::string,std::pair<std::string const,IKMemFileNotify *>,std::_Select1st<std::pair<std::string const,IKMemFileNotify *>>,std::less<std::string>,std::allocator<std::pair<std::string const,IKMemFileNotify *>>>::_M_insert(std::_Rb_tree_node_base *,std::_Rb_tree_node_base *,std::pair<std::string const,IKMemFileNotify *> const&)
08227bf0	275	_ZNSt8_Rb_treeISsSt4pairIKSsP15IKMemFileNotifyESt10_Select1stIS4_ESt4lessISsESaIS4_EE4findERS1_	std::_Rb_tree<std::string,std::pair<std::string const,IKMemFileNotify *>,std::_Select1st<std::pair<std::string const,IKMemFileNotify *>>,std::less<std::string>,std::allocator<std::pair<std::string const,IKMemFileNotify *>>>::find(std::string const&)
08227d10	275	_ZNSt8_Rb_treeISsSt4pairIKSsN15KMemFileManager15tagKMemFileDataEESt10_Select1stIS4_ESt4lessISsESaIS4_EE9_M_insertEPSt18_Rb_tree_node_baseSC_RKS4_	std::_Rb_tree<std::string,std::pair<std::string const,KMemFileManager::tagKMemFileData>,std::_Select1st<std::pair<std::string const,KMemFileManager::tagKMemFileData>>,std::less<std::string>,std::allocator<std::pair<std::string const,KMemFileManager::tagKMemFileData>>>::_M_insert(std::_Rb_tree_node_base *,std::_Rb_tree_node_base *,std::pair<std::string const,KMemFileManager::tagKMemFileData> const&)
08227e30	455	_ZNSt8_Rb_treeISsSt4pairIKSsN15KMemFileManager15tagKMemFileDataEESt10_Select1stIS4_ESt4lessISsESaIS4_EE13insert_uniqueERKS4_	std::_Rb_tree<std::string,std::pair<std::string const,KMemFileManager::tagKMemFileData>,std::_Select1st<std::pair<std::string const,KMemFileManager::tagKMemFileData>>,std::less<std::string>,std::allocator<std::pair<std::string const,KMemFileManager::tagKMemFileData>>>::insert_unique(std::pair<std::string const,KMemFileManager::tagKMemFileData> const&)
08228000	435	_ZNSt8_Rb_treeISsSt4pairIKSsP15IKMemFileNotifyESt10_Select1stIS4_ESt4lessISsESaIS4_EE13insert_uniqueERKS4_	std::_Rb_tree<std::string,std::pair<std::string const,IKMemFileNotify *>,std::_Select1st<std::pair<std::string const,IKMemFileNotify *>>,std::less<std::string>,std::allocator<std::pair<std::string const,IKMemFileNotify *>>>::insert_unique(std::pair<std::string const,IKMemFileNotify *> const&)
082281c0	155	_ZNSt8_Rb_treeISsSt4pairIKSsP15IKMemFileNotifyESt10_Select1stIS4_ESt4lessISsESaIS4_EE11lower_boundERS1_	std::_Rb_tree<std::string,std::pair<std::string const,IKMemFileNotify *>,std::_Select1st<std::pair<std::string const,IKMemFileNotify *>>,std::less<std::string>,std::allocator<std::pair<std::string const,IKMemFileNotify *>>>::lower_bound(std::string const&)
08228260	275	_ZNSt8_Rb_treeISsSt4pairIKSsN15KMemFileManager15tagKMemFileDataEESt10_Select1stIS4_ESt4lessISsESaIS4_EE4findERS1_	std::_Rb_tree<std::string,std::pair<std::string const,KMemFileManager::tagKMemFileData>,std::_Select1st<std::pair<std::string const,KMemFileManager::tagKMemFileData>>,std::less<std::string>,std::allocator<std::pair<std::string const,KMemFileManager::tagKMemFileData>>>::find(std::string const&)
08228380	121	_ZNSt8_Rb_treeISsSt4pairIKSsN15KMemFileManager15tagKMemFileDataEESt10_Select1stIS4_ESt4lessISsESaIS4_EE8_M_eraseEPSt13_Rb_tree_nodeIS4_E	std::_Rb_tree<std::string,std::pair<std::string const,KMemFileManager::tagKMemFileData>,std::_Select1st<std::pair<std::string const,KMemFileManager::tagKMemFileData>>,std::less<std::string>,std::allocator<std::pair<std::string const,KMemFileManager::tagKMemFileData>>>::_M_erase(std::_Rb_tree_node<std::pair<std::string const,KMemFileManager::tagKMemFileData>> *)
08228400	121	_ZNSt8_Rb_treeISsSt4pairIKSsP15IKMemFileNotifyESt10_Select1stIS4_ESt4lessISsESaIS4_EE8_M_eraseEPSt13_Rb_tree_nodeIS4_E	std::_Rb_tree<std::string,std::pair<std::string const,IKMemFileNotify *>,std::_Select1st<std::pair<std::string const,IKMemFileNotify *>>,std::less<std::string>,std::allocator<std::pair<std::string const,IKMemFileNotify *>>>::_M_erase(std::_Rb_tree_node<std::pair<std::string const,IKMemFileNotify *>> *)
08228480	1140	_ZNSt8_Rb_treeISsSt4pairIKSsP15IKMemFileNotifyESt10_Select1stIS4_ESt4lessISsESaIS4_EE13insert_uniqueESt17_Rb_tree_iteratorIS4_ERKS4_	std::_Rb_tree<std::string,std::pair<std::string const,IKMemFileNotify *>,std::_Select1st<std::pair<std::string const,IKMemFileNotify *>>,std::less<std::string>,std::allocator<std::pair<std::string const,IKMemFileNotify *>>>::insert_unique(std::_Rb_tree_iterator<std::pair<std::string const,IKMemFileNotify *>>,std::pair<std::string const,IKMemFileNotify *> const&)
08228900	155	_ZNSt8_Rb_treeISsSt4pairIKSsN15KMemFileManager15tagKMemFileDataEESt10_Select1stIS4_ESt4lessISsESaIS4_EE11lower_boundERS1_	std::_Rb_tree<std::string,std::pair<std::string const,KMemFileManager::tagKMemFileData>,std::_Select1st<std::pair<std::string const,KMemFileManager::tagKMemFileData>>,std::less<std::string>,std::allocator<std::pair<std::string const,KMemFileManager::tagKMemFileData>>>::lower_bound(std::string const&)
082289a0	1140	_ZNSt8_Rb_treeISsSt4pairIKSsN15KMemFileManager15tagKMemFileDataEESt10_Select1stIS4_ESt4lessISsESaIS4_EE13insert_uniqueESt17_Rb_tree_iteratorIS4_ERKS4_	std::_Rb_tree<std::string,std::pair<std::string const,KMemFileManager::tagKMemFileData>,std::_Select1st<std::pair<std::string const,KMemFileManager::tagKMemFileData>>,std::less<std::string>,std::allocator<std::pair<std::string const,KMemFileManager::tagKMemFileData>>>::insert_unique(std::_Rb_tree_iterator<std::pair<std::string const,KMemFileManager::tagKMemFileData>>,std::pair<std::string const,KMemFileManager::tagKMemFileData> const&)
08228e20	18	_Z20KGLogSetPriorityMaski	KGLogSetPriorityMask(int)
08228e40	66	_Z41__static_initialization_and_destruction_0ii_87	_Z41__static_initialization_and_destruction_0ii_87
08228e90	16	_GLOBAL__I_gs_nCurrentLine	`global constructor keyed to'gs_nCurrentLine
08228ea0	16	__tcf_0_75	__tcf_0_75
08228eb0	51	_Z11KGLogUnInitPv	KGLogUnInit(void *)
08228ef0	388	_Z9KGLogInitRK12_KGLOG_PARAMPv	KGLogInit(_KGLOG_PARAM const&,void *)
08229080	1351	_Z11KGLogPrintf14KGLOG_PRIORITYPKcz	KGLogPrintf(KGLOG_PRIORITY,char const*,...)
082295d0	9	_ZN6KMutex6UnlockEv	KMutex::Unlock(void)
082295e0	9	_ZN6KMutex4LockEv	KMutex::Lock(void)
082295f0	35	_ZN6KMutexD1Ev	KMutex::~KMutex()
08229620	35	_ZN6KMutexD2Ev	KMutex::~KMutex()
08229650	27	_ZN6KMutexC1Ev	KMutex::KMutex(void)
08229670	27	_ZN6KMutexC2Ev	KMutex::KMutex(void)
08229690	27	_ZN9XPackFile23XElemIsPackedByFragmentEi	XPackFile::XElemIsPackedByFragment(int)
082296b0	82	_ZN9XPackFile12FindElemFileEm	XPackFile::FindElemFile(unsigned long)
08229710	122	_ZN9XPackFile19FindElemFileInCacheEji	XPackFile::FindElemFileInCache(unsigned int,int)
08229790	134	_ZN9XPackFile13FreeElemCacheEi	XPackFile::FreeElemCache(int)
08229820	210	_ZN9XPackFile12FindElemFileEjRNS_16XPackElemFileRefE	XPackFile::FindElemFile(unsigned int,XPackFile::XPackElemFileRef &)
08229900	101	_ZN9XPackFile10DirectReadEPvjj	XPackFile::DirectRead(void *,unsigned int,unsigned int)
08229970	506	_ZN9XPackFile18AddElemFileToCacheEPvi	XPackFile::AddElemFileToCache(void *,int)
08229b70	144	_ZN9XPackFile19ElemGetFragmentSizeEii	XPackFile::ElemGetFragmentSize(int,int)
08229c00	71	_ZN9XPackFile21XElemGetFragmentCountEi	XPackFile::XElemGetFragmentCount(int)
08229c50	212	_ZN9XPackFile11ExtractReadEPvjljj	XPackFile::ExtractRead(void *,unsigned int,long,unsigned int,unsigned int)
08229d30	380	_ZN9XPackFile11GetSprFrameEP7SPRHEADi	XPackFile::GetSprFrame(SPRHEAD *,int)
08229eb0	379	_ZN9XPackFile21EnsureElemFlieContentEiii	XPackFile::EnsureElemFlieContent(int,int,int)
0822a030	186	_ZN9XPackFile12ReadElemFileEi	XPackFile::ReadElemFile(int)
0822a0f0	357	_ZN9XPackFile12GetSprHeaderERNS_16XPackElemFileRefERP7SPROFFS	XPackFile::GetSprHeader(XPackFile::XPackElemFileRef &,SPROFFS *&)
0822a260	477	_ZN9XPackFile17GetElemFileBufferERNS_16XPackElemFileRefE	XPackFile::GetElemFileBuffer(XPackFile::XPackElemFileRef &)
0822a440	392	_ZN9XPackFile12ElemFileReadERNS_16XPackElemFileRefEPvm	XPackFile::ElemFileRead(XPackFile::XPackElemFileRef &,void *,unsigned long)
0822a5d0	306	_ZN9XPackFile5CloseEv	XPackFile::Close(void)
0822a710	314	_ZN9XPackFile4OpenEPKci	XPackFile::Open(char const*,int)
0822a850	58	_ZN9XPackFileD1Ev	XPackFile::~XPackFile()
0822a890	58	_ZN9XPackFileD2Ev	XPackFile::~XPackFile()
0822a8d0	59	_ZN9XPackFileC1Ev	XPackFile::XPackFile(void)
0822a910	59	_ZN9XPackFileC2Ev	XPackFile::XPackFile(void)
0822a950	117	_ZN9XPackFile9TerminateEv	XPackFile::Terminate(void)
0822a9d0	52	_ZN9XPackFile10InitializeEv	XPackFile::Initialize(void)
0822aa10	348	_ZN9XPackFile17XElemReadFragmentEiiRPv	XPackFile::XElemReadFragment(int,int,void *&)
0822ab70	542	ucl_nrv2b_decompress_8	ucl_nrv2b_decompress_8
0822ad90	570	ucl_nrv2b_decompress_le16	ucl_nrv2b_decompress_le16
0822afd0	690	ucl_nrv2b_decompress_le32	ucl_nrv2b_decompress_le32
0822b290	26	_ZN7KEnpack5ResetEv	KEnpack::Reset(void)
0822b2b0	73	_ZN7KEnpack5ClearEv	KEnpack::Clear(void)
0822b300	63	_ZN7KDopackC2EPKvj	KDopack::KDopack(void const*,unsigned int)
0822b340	63	_ZN7KDopackC1EPKvj	KDopack::KDopack(void const*,unsigned int)
0822b380	5	_ZN7KDopackD2Ev	KDopack::~KDopack()
0822b390	5	_ZN7KDopackD1Ev	KDopack::~KDopack()
0822b3a0	45	_ZN7KDepack5ResetEv	KDepack::Reset(void)
0822b3d0	39	_ZN9KSendPack5ClearEv	KSendPack::Clear(void)
0822b400	22	_ZN9KRecvPack5ClearEv	KRecvPack::Clear(void)
0822b420	58	_ZN9KRecvPack7PopPackERj	KRecvPack::PopPack(unsigned int &)
0822b460	75	_ZN9KSendPack12LimitPackLenEj	KSendPack::LimitPackLen(unsigned int)
0822b4b0	173	_ZN9KRecvPack8PushDataEPKvj	KRecvPack::PushData(void const*,unsigned int)
0822b560	216	_ZN9KSendPack7PopPackERj	KSendPack::PopPack(unsigned int &)
0822b640	227	_ZN7KDopack7PopPackERj	KDopack::PopPack(unsigned int &)
0822b730	50	_ZN9KRecvPackD1Ev	KRecvPack::~KRecvPack()
0822b770	50	_ZN9KRecvPackD2Ev	KRecvPack::~KRecvPack()
0822b7b0	95	_ZN9KSendPackD1Ev	KSendPack::~KSendPack()
0822b810	95	_ZN9KSendPackD2Ev	KSendPack::~KSendPack()
0822b870	68	_ZN9KRecvPackC1Ev	KRecvPack::KRecvPack(void)
0822b8c0	68	_ZN9KRecvPackC2Ev	KRecvPack::KRecvPack(void)
0822b910	144	_ZN9KSendPackC1Ev	KSendPack::KSendPack(void)
0822b9a0	144	_ZN9KSendPackC2Ev	KSendPack::KSendPack(void)
0822ba30	133	_ZN7KEnpack4PushEPKvj	KEnpack::Push(void const*,unsigned int)
0822bac0	195	_ZN9KSendPack8PushDataEPKvj	KSendPack::PushData(void const*,unsigned int)
0822bb90	92	_ZN7KEnpackD2Ev	KEnpack::~KEnpack()
0822bbf0	148	_ZN7KEnpackC1Ev	KEnpack::KEnpack(void)
0822bc90	105	_ZN7KDepackD1Ev	KDepack::~KDepack()
0822bd00	105	_ZN7KDepackD2Ev	KDepack::~KDepack()
0822bd70	92	_ZN7KEnpackD1Ev	KEnpack::~KEnpack()
0822bdd0	191	_ZN7KDepack7PopPackERj	KDepack::PopPack(unsigned int &)
0822be90	239	_ZN7KDepack8PushDataEPKvj	KDepack::PushData(void const*,unsigned int)
0822bf80	81	_ZN7KDepack5ClearEv	KDepack::Clear(void)
0822bfe0	114	_ZN7KEnpack7PopPackERj	KEnpack::PopPack(unsigned int &)
0822c060	314	_ZN7KEnpack8PushDataEPKvj	KEnpack::PushData(void const*,unsigned int)
0822c1a0	148	_ZN7KEnpackC2Ev	KEnpack::KEnpack(void)
0822c240	175	_ZN7KDepackC1Ev	KDepack::KDepack(void)
0822c2f0	175	_ZN7KDepackC2Ev	KDepack::KDepack(void)
0822c3a0	42	luaA_index	luaA_index
0822c3d0	41	luaA_indexAcceptable	luaA_indexAcceptable
0822c400	22	lua_stackspace	lua_stackspace
0822c420	22	lua_gettop	lua_gettop
0822c440	27	lua_gettopindex	lua_gettopindex
0822c460	69	lua_remove	lua_remove
0822c4b0	87	lua_insert	lua_insert
0822c510	29	lua_type	lua_type
0822c530	25	lua_typename	lua_typename
0822c550	48	lua_iscfunction	lua_iscfunction
0822c580	38	lua_isstring	lua_isstring
0822c5b0	41	lua_tocfunction	lua_tocfunction
0822c5e0	36	lua_touserdata	lua_touserdata
0822c610	39	lua_topointer	lua_topointer
0822c640	32	lua_setglobals	lua_setglobals
0822c660	14	lua_getgcthreshold	lua_getgcthreshold
0822c670	14	lua_getgccount	lua_getgccount
0822c680	52	lua_unref	lua_unref
0822c6c0	11	lua_curpack	lua_curpack
0822c6d0	53	lua_usepack	lua_usepack
0822c710	11	lua_packcount	lua_packcount
0822c720	312	lua_joinpack	lua_joinpack
0822c860	112	lua_clearpack	lua_clearpack
0822c8d0	320	lua_newpack	lua_newpack
0822ca10	90	lua_newuserdata	lua_newuserdata
0822ca70	82	lua_newtable	lua_newtable
0822cad0	124	lua_getref	lua_getref
0822cb50	73	lua_getglobals	lua_getglobals
0822cba0	63	lua_pushnumber	lua_pushnumber
0822cbe0	57	lua_pushnil	lua_pushnil
0822cc20	84	lua_pushvalue	lua_pushvalue
0822cc80	73	luaA_pushobject	luaA_pushobject
0822ccd0	72	lua_concat	lua_concat
0822cd20	47	lua_setgcthreshold	lua_setgcthreshold
0822cd50	169	lua_getn	lua_getn
0822ce00	157	lua_next	lua_next
0822cea0	114	lua_settag	lua_settag
0822cf20	31	lua_rawcall	lua_rawcall
0822cf40	175	lua_ref	lua_ref
0822cff0	94	lua_rawseti	lua_rawseti
0822d050	97	lua_rawset	lua_rawset
0822d0c0	77	lua_settable	lua_settable
0822d110	59	lua_setglobal	lua_setglobal
0822d150	122	lua_rawgeti	lua_rawgeti
0822d1d0	90	lua_rawget	lua_rawget
0822d230	90	lua_gettable	lua_gettable
0822d290	106	lua_getglobal	lua_getglobal
0822d300	136	lua_pushusertag	lua_pushusertag
0822d390	9	lua_pushcclosure	lua_pushcclosure
0822d3a0	86	lua_pushlstring	lua_pushlstring
0822d400	70	lua_pushstring	lua_pushstring
0822d450	80	lua_strlen	lua_strlen
0822d4a0	80	lua_tostring	lua_tostring
0822d4f0	58	lua_tonumber	lua_tonumber
0822d530	49	lua_isnumber	lua_isnumber
0822d570	92	lua_lessthan	lua_lessthan
0822d5d0	95	lua_equal	lua_equal
0822d630	39	lua_tag	lua_tag
0822d660	52	lua_settop	lua_settop
0822d6a0	456	lua_delbreakpoint	lua_delbreakpoint
0822d870	456	lua_addbreakpoint	lua_addbreakpoint
0822da40	48	setnormalized	setnormalized
0822da70	34	isLmark	isLmark
0822daa0	17	lua_setcallhook	lua_setcallhook
0822dac0	17	lua_setlinehook	lua_setlinehook
0822dae0	17	lua_settraphook	lua_settraphook
0822db00	73	aux_stackedfunction	aux_stackedfunction
0822db50	37	lua_getstack	lua_getstack
0822db80	58	lua_getstack_index	lua_getstack_index
0822dbc0	183	luaG_getline	luaG_getline
0822dc80	37	currentpc	currentpc
0822dcb0	29	getluaproto	getluaproto
0822dcd0	43	pushpc	pushpc
0822dd00	94	find_line	find_line
0822dd60	152	del_trap	del_trap
0822de00	349	del_tabletrap	del_tabletrap
0822df60	269	del_linetrap	del_linetrap
0822e070	129	add_trap	add_trap
0822e100	349	add_tabletrap	add_tabletrap
0822e260	298	add_functiontrap	add_functiontrap
0822e390	109	add_linetrap	add_linetrap
0822e400	98	luaG_ordererror	luaG_ordererror
0822e470	707	getobjname	getobjname
0822e740	125	luaG_typeerror	luaG_typeerror
0822e7c0	39	luaG_binerror	luaG_binerror
0822e7f0	140	lua_setlocal	lua_setlocal
0822e880	102	travglobals_inpack	travglobals_inpack
0822e8f0	950	lua_getinfo	lua_getinfo
0822ecb0	109	lua_getlocal	lua_getlocal
0822ed20	266	luaD_runprotected	luaD_runprotected
0822ee30	79	lua_call	lua_call
0822ee80	35	lua_execute	lua_execute
0822eeb0	98	protectedparser	protectedparser
0822ef20	362	parse_file	parse_file
0822f090	15	lua_compilefile	lua_compilefile
0822f0a0	54	lua_dofile	lua_dofile
0822f0e0	80	f_parser	f_parser
0822f130	92	parse_buffer	parse_buffer
0822f190	23	lua_compilebuffer	lua_compilebuffer
0822f1b0	66	lua_dobuffer	lua_dobuffer
0822f200	47	lua_dostring	lua_dostring
0822f230	551	luaD_call	luaD_call
0822f460	142	message	message
0822f4f0	250	luaD_breakrun	luaD_breakrun
0822f5f0	44	lua_error	lua_error
0822f620	99	luaD_checkstack	luaD_checkstack
0822f690	94	dohook	dohook
0822f6f0	51	luaD_callHook	luaD_callHook
0822f730	55	luaD_lineHook	luaD_lineHook
0822f770	106	luaD_openstack	luaD_openstack
0822f7e0	87	luaD_adjusttop	luaD_adjusttop
0822f840	35	f_call	f_call
0822f870	87	luaD_callTM	luaD_callTM
0822f8d0	90	luaD_init	luaD_init
0822f930	38	protosize	protosize
0822f960	27	luaF_protook	luaF_protook
0822f980	101	luaF_getlocalname	luaF_getlocalname
0822f9f0	57	luaF_freeclosure	luaF_freeclosure
0822fa30	229	luaF_freeproto	luaF_freeproto
0822fb20	177	luaF_newproto	luaF_newproto
0822fbe0	83	luaF_newclosure	luaF_newclosure
0822fc40	155	protomark	protomark
0822fce0	69	markclosure	markclosure
0822fd30	76	markobject	markobject
0822fd80	148	callgcTM	callgcTM
0822fe20	64	checktab	checktab
0822fe60	556	luaC_collect	luaC_collect
08230090	628	luaC_checkGC	luaC_checkGC
08230310	120	luaM_realloc	luaM_realloc
08230390	145	luaM_growaux	luaM_growaux
08230430	24	luaO_power2	luaO_power2
08230450	88	luaO_equalObj	luaO_equalObj
082304b0	572	luaO_chunkid	luaO_chunkid
082306f0	65	luaO_verror	luaO_verror
08230740	103	luaO_str2d	luaO_str2d
082307b0	72	luaO_openspace	luaO_openspace
08230800	77	adjustlocalvars	adjustlocalvars
08230850	94	removelocalvars	removelocalvars
082308b0	135	search_local	search_local
08230940	27	enterbreak	enterbreak
08230960	43	block_follow	block_follow
08230990	134	open_func	open_func
08230a20	79	next	next
08230a70	31	optional	optional
08230a90	30	check_condition	check_condition
08230ab0	60	str_checkname	str_checkname
08230af0	58	leavebreak	leavebreak
08230b30	126	string_constant	string_constant
08230bb0	29	checkname	checkname
08230bd0	35	code_string	code_string
08230c00	179	new_localvar	new_localvar
08230cc0	51	new_localvarstr	new_localvarstr
08230d00	86	singlevar	singlevar
08230d60	77	error_expected	error_expected
08230db0	153	check_match	check_match
08230e50	31	check	check
08230e70	98	adjust_mult_assign	adjust_mult_assign
08230ee0	281	close_func	close_func
08231000	642	body	body
08231290	895	subexpr	subexpr
08231610	14	expr	expr
08231620	54	cond	cond
08231660	54	exp1	exp1
082316a0	117	recfield	recfield
08231720	556	constructor_part	constructor_part
08231950	206	constructor	constructor
08231a20	107	explist1	explist1
08231a90	201	funcargs	funcargs
08231b60	657	var_or_func	var_or_func
08231e00	232	assignment	assignment
08231ef0	1786	chunk	chunk
082325f0	72	block	block
08232640	60	test_then_block	test_then_block
08232680	179	forbody	forbody
08232740	129	luaY_parser	luaY_parser
082327d0	288	lua_close	lua_close
082328f0	287	lua_open	lua_open
08232a10	255	f_luaopen	f_luaopen
08232b10	71	errormessage	errormessage
08232b60	252	luaS_resize	luaS_resize
08232c60	91	newentry	newentry
08232cc0	149	luaS_newudata	luaS_newudata
08232d60	112	luaS_createudata	luaS_createudata
08232dd0	74	luaS_freeall	luaS_freeall
08232e20	117	luaS_init	luaS_init
08232ea0	291	luaS_newlstr	luaS_newlstr
08232fd0	43	luaS_new	luaS_new
08233000	40	luaS_newfixed	luaS_newfixed
08233030	94	luaH_mainposition	luaH_mainposition
08233090	92	luaH_getnum	luaH_getnum
082330f0	56	luaH_getstr	luaH_getstr
08233130	146	luaH_remove	luaH_remove
082331d0	50	luaH_numuse	luaH_numuse
08233210	51	luaH_getglobal	luaH_getglobal
08233250	176	luaH_get	luaH_get
08233300	149	luaH_next	luaH_next
082333a0	85	luaH_free	luaH_free
08233400	145	setnodevector	setnodevector
082334a0	529	luaH_set	luaH_set
082336c0	64	luaH_setstrnum	luaH_setstrnum
08233700	46	luaH_setstr	luaH_setstr
08233730	46	luaH_setint	luaH_setint
08233760	104	luaH_new	luaH_new
082337d0	36	luaT_validevent	luaT_validevent
08233800	41	init_entry	init_entry
08233830	40	luaT_tag	luaT_tag
08233860	44	luaT_realtag	luaT_realtag
08233890	37	checktag	checktag
082338c0	106	lua_copytagmethods	lua_copytagmethods
08233930	170	luaI_checkevent	luaI_checkevent
082339e0	228	lua_settagmethod	lua_settagmethod
08233ad0	141	lua_gettagmethod	lua_gettagmethod
08233b60	96	lua_newtag	lua_newtag
08233bc0	109	luaT_init	luaT_init
08233c30	29	lua_outerrmsg	lua_outerrmsg
08233c50	29	lua_outoutmsg	lua_outoutmsg
08233c70	92	lua_setoutput_function	lua_setoutput_function
08233cd0	231	fputs_w_f	fputs_w_f
08233dc0	143	fprintf_w_f	fprintf_w_f
08233e50	86	printf_w_f	printf_w_f
08233eb0	110	lua_setdebugout	lua_setdebugout
08233f20	28	lreset	lreset
08233f40	160	ldo	ldo
08233fe0	78	laction	laction
08234030	75	lstop	lstop
08234080	18	ZNAME	ZNAME
082340a0	19	luaU_endianess	luaU_endianess
082340c0	42	unexpectedEOZ	unexpectedEOZ
082340f0	90	ezgetc	ezgetc
08234150	97	TestSize	TestSize
082341c0	67	ezread	ezread
08234210	141	LoadVector	LoadVector
082342a0	91	LoadBlock	LoadBlock
08234300	38	LoadInt	LoadInt
08234330	125	LoadString	LoadString
082343b0	801	LoadFunction	LoadFunction
082346e0	702	luaU_undump	luaU_undump
082349a0	113	help_packinclude	help_packinclude
08234a20	167	traceexec	traceexec
08234ad0	172	call_binTM	call_binTM
08234b80	66	call_arith	call_arith
08234bd0	298	luaV_lessthan	luaV_lessthan
08234d00	231	help_findpackobj	help_findpackobj
08234df0	147	help_findobj	help_findobj
08234e90	290	luaV_setglobal	luaV_setglobal
08234fc0	241	luaV_getglobal	luaV_getglobal
082350c0	302	luaV_settable	luaV_settable
082351f0	280	luaV_gettable	luaV_gettable
08235310	156	luaV_closure	luaV_closure
082353b0	30	luaV_Lclosure	luaV_Lclosure
082353d0	30	luaV_Cclosure	luaV_Cclosure
082353f0	97	luaV_tostring	luaV_tostring
08235460	526	luaV_strconc	luaV_strconc
08235670	66	luaV_tonumber	luaV_tonumber
082356c0	3432	luaV_execute	luaV_execute
08236430	10	zmfilbuf	zmfilbuf
08236440	54	luaZ_mopen	luaZ_mopen
08236480	54	luaZ_Fopen	luaZ_Fopen
082364c0	99	luaZ_read	luaZ_read
08236530	93	zffilbuf	zffilbuf
08236590	56	luaZ_sopen	luaZ_sopen
082365d0	31	luaB_curpack	luaB_curpack
082365f0	126	luaB_usepack	luaB_usepack
08236670	80	luaB_getn	luaB_getn
082366c0	66	set2	set2
08236710	312	luaB_tremove	luaB_tremove
08236850	302	luaB_tinsert	luaB_tinsert
08236980	242	luaB_foreachi	luaB_foreachi
08236a80	188	sort_comp	sort_comp
08236b40	772	auxsort	auxsort
08236e50	137	luaB_sort	luaB_sort
08236ee0	93	luaB_rawset	luaB_rawset
08236f40	62	luaB_error	luaB_error
08236f80	115	luaB_assert	luaB_assert
08237000	77	luaB_type	luaB_type
08237050	54	deprecated_func	deprecated_func
08237090	72	luaB_tag	luaB_tag
082370e0	331	luaB_tostring	luaB_tostring
08237230	70	luaB_setglobal	luaB_setglobal
08237280	72	luaB__ALERT	luaB__ALERT
082372d0	337	luaB_tonumber	luaB_tonumber
08237430	160	luaB_gettagmethod	luaB_gettagmethod
082374d0	259	luaB_settagmethod	luaB_settagmethod
082375e0	108	luaB_settag	luaB_settag
08237650	77	luaB_rawget	luaB_rawget
082376a0	57	luaB_getglobal	luaB_getglobal
082376e0	249	luaB_print	luaB_print
082377e0	220	luaB_foreach	luaB_foreach
082378c0	96	luaB_next	luaB_next
08237920	48	luaB_newtag	luaB_newtag
08237950	98	luaB_globals	luaB_globals
082379c0	75	luaB_gcinfo	luaB_gcinfo
08237a10	115	passresults	passresults
08237a90	151	luaB_dostring	luaB_dostring
08237b30	89	luaB_dofile	luaB_dofile
08237b90	119	luaB_copytagmethods	luaB_copytagmethods
08237c10	81	luaB_collectgarbage	luaB_collectgarbage
08237c70	450	luaB_call	luaB_call
08237e40	314	luaB__ERRORMESSAGE	luaB__ERRORMESSAGE
08237f80	141	lua_baselibopen	lua_baselibopen
08238010	35	lua_dblibopen	lua_dblibopen
08238040	184	setlocal	setlocal
08238100	263	sethook	sethook
08238210	38	settraphook	settraphook
08238240	38	setlinehook	setlinehook
08238270	38	setcallhook	setcallhook
082382a0	66	settabss	settabss
082382f0	73	settabsi	settabsi
08238340	170	hookf	hookf
082383f0	45	trapf	trapf
08238420	45	linef	linef
08238450	44	callf	callf
08238480	622	getinfo	getinfo
082386f0	205	getlocal	getlocal
082387c0	39	buffer_push	buffer_push
082387f0	42	buffer_pop	buffer_pop
08238820	26	buffer_init	buffer_init
08238840	40	io_tmpname	io_tmpname
08238870	159	setloc	setloc
08238910	108	pushresult	pushresult
08238980	93	io_rename	io_rename
082389e0	61	io_remove	io_remove
08238a20	65	io_getenv	io_getenv
08238a70	46	io_exit	io_exit
08238aa0	72	io_execute	io_execute
08238af0	150	io_debug	io_debug
08238b90	46	io_clock	io_clock
08238bc0	957	errorfb	errorfb
08238f80	49	setfilebyname	setfilebyname
08238fc0	103	setreturn	setreturn
08239030	384	lua_iolibopen	lua_iolibopen
082391b0	109	gethandle	gethandle
08239220	70	getnonullfile	getnonullfile
08239270	109	io_appendto	io_appendto
082392e0	179	io_open	io_open
082393a0	125	getfilebyref	getfilebyref
08239420	80	file_collect	file_collect
08239470	119	closefile	closefile
082394f0	238	io_fromto	io_fromto
082395e0	22	io_writeto	io_writeto
08239600	19	io_readfrom	io_readfrom
08239620	85	io_close	io_close
08239680	299	io_write	io_write
082397b0	293	io_seek	io_seek
082398e0	250	translate_fmt	translate_fmt
082399e0	194	io_date	io_date
08239ab0	1480	io_read	io_read
0823a080	143	io_flush	io_flush
0823a110	128	lua_mathlibopen	lua_mathlibopen
0823a190	55	math_rad	math_rad
0823a1d0	55	math_deg	math_deg
0823a210	78	math_floor	math_floor
0823a260	78	math_ceil	math_ceil
0823a2b0	51	math_abs	math_abs
0823a2f0	56	math_randomseed	math_randomseed
0823a330	119	math_max	math_max
0823a3b0	125	math_min	math_min
0823a430	448	math_random	math_random
0823a5f0	57	math_exp	math_exp
0823a630	57	math_log10	math_log10
0823a670	57	math_log	math_log
0823a6b0	76	math_sqrt	math_sqrt
0823a700	102	math_ldexp	math_ldexp
0823a770	79	math_frexp	math_frexp
0823a7c0	83	math_mod	math_mod
0823a820	89	math_atan2	math_atan2
0823a880	63	math_atan	math_atan
0823a8c0	63	math_acos	math_acos
0823a900	63	math_asin	math_asin
0823a940	63	math_tan	math_tan
0823a980	63	math_cos	math_cos
0823a9c0	63	math_sin	math_sin
0823aa00	83	math_pow	math_pow
0823aa60	22	posrelat	posrelat
0823aa80	35	lua_strlibopen	lua_strlibopen
0823aab0	188	str_byte	str_byte
0823ab70	69	str_len	str_len
0823abc0	164	luaI_classend	luaI_classend
0823ac70	63	check_capture	check_capture
0823acb0	128	push_captures	push_captures
0823ad30	241	str_char	str_char
0823ae30	186	str_rep	str_rep
0823aef0	176	str_upper	str_upper
0823afa0	176	str_lower	str_lower
0823b050	266	str_sub	str_sub
0823b160	284	match_class	match_class
0823b280	249	luaI_singlematch	luaI_singlematch
0823b380	130	max_expand	max_expand
0823b410	918	match	match
0823b7b0	1284	str_format	str_format
0823bcc0	1107	str_gsub	str_gsub
0823c120	1064	str_find	str_find
0823c550	26	previous_instruction	previous_instruction
0823c570	39	luaK_getjump	luaK_getjump
0823c5a0	47	luaK_lastisopen	luaK_lastisopen
0823c5d0	89	invertjump	invertjump
0823c630	73	need_value	need_value
0823c680	33	luaK_error	luaK_error
0823c6b0	72	luaK_deltastack	luaK_deltastack
0823c700	1125	luaK_code2	luaK_code2
0823cb70	41	luaK_code1	luaK_code1
0823cba0	62	luaK_adjuststack	luaK_adjuststack
0823cbe0	278	luaK_number	luaK_number
0823cd00	37	luaK_kstr	luaK_kstr
0823cd30	42	luaK_code0	luaK_code0
0823cd60	146	discharge	discharge
0823ce00	113	luaK_storevar	luaK_storevar
0823ce80	84	luaK_setcallreturns	luaK_setcallreturns
0823cee0	69	discharge1	discharge1
0823cf30	126	luaK_fixjump	luaK_fixjump
0823cfb0	76	luaK_concat	luaK_concat
0823d000	89	luaK_jump	luaK_jump
0823d060	156	luaK_patchlistaux	luaK_patchlistaux
0823d100	64	luaK_patchlist	luaK_patchlist
0823d140	58	luaK_getlabel	luaK_getlabel
0823d180	58	code_label	code_label
0823d1c0	370	luaK_tostack	luaK_tostack
0823d340	199	luaK_posfix	luaK_posfix
0823d410	178	luaK_prefix	luaK_prefix
0823d4d0	226	luaK_testgo	luaK_testgo
0823d5c0	35	luaK_goiftrue	luaK_goiftrue
0823d5f0	86	luaK_infix	luaK_infix
0823d650	170	luaX_setinput	luaX_setinput
0823d700	53	luaX_init	luaX_init
0823d740	43	luaX_token2str	luaX_token2str
0823d770	98	luaX_syntaxerror	luaX_syntaxerror
0823d7e0	98	luaX_error	luaX_error
0823d850	791	read_number	read_number
0823db70	85	luaX_checklimit	luaX_checklimit
0823dbd0	91	inclinenumber	inclinenumber
0823dc30	3349	luaX_lex	luaX_lex
0823e950	26	luaL_buffinit	luaL_buffinit
0823e970	67	emptybuffer	emptybuffer
0823e9c0	104	luaL_pushresult	luaL_pushresult
0823ea30	139	adjuststack	adjuststack
0823eac0	180	luaL_addvalue	luaL_addvalue
0823eb80	37	luaL_prepbuffer	luaL_prepbuffer
0823ebb0	88	luaL_addlstring	luaL_addlstring
0823ec10	43	luaL_addstring	luaL_addstring
0823ec40	65	luaL_verror	luaL_verror
0823ec90	79	luaL_openlib	luaL_openlib
0823ece0	79	luaL_checkstack	luaL_checkstack
0823ed30	121	luaL_argerror	luaL_argerror
0823edb0	78	luaL_checkany	luaL_checkany
0823ee00	119	type_error	type_error
0823ee80	98	luaL_check_number	luaL_check_number
0823eef0	77	luaL_opt_number	luaL_opt_number
0823ef40	94	luaL_check_lstr	luaL_check_lstr
0823efa0	115	luaL_opt_lstr	luaL_opt_lstr
0823f020	77	luaL_checktype	luaL_checktype
0823f070	83	luaL_findstring	luaL_findstring
0823f0d0	53	_ZN11CTextFilter20_ValidRoleChar_ASCIIEh	CTextFilter::_ValidRoleChar_ASCII(unsigned char)
0823f110	50	_ZN11CTextFilter16_ValidSecondCharEh	CTextFilter::_ValidSecondChar(unsigned char)
0823f150	123	_ZN11CTextFilter17_ValidRoleChar_GBEPhRii	CTextFilter::_ValidRoleChar_GB(unsigned char *,int &,int)
0823f1d0	123	_ZN11CTextFilter19_ValidRoleChar_Big5EPhRii	CTextFilter::_ValidRoleChar_Big5(unsigned char *,int &,int)
0823f250	62	_ZN11CTextFilter17_ValidRoleChar_VNEPhRii	CTextFilter::_ValidRoleChar_VN(unsigned char *,int &,int)
0823f290	115	CreateTextFilter	CreateTextFilter
0823f310	129	_ZN11CTextFilter16IsValidRoleCharsEPKci	CTextFilter::IsValidRoleChars(char const*,int)
0823f3a0	167	_ZN11CTextFilter7ClearupEv	CTextFilter::Clearup(void)
0823f450	512	_ZN11CTextFilter10IsTextPassEPKc	CTextFilter::IsTextPass(char const*)
0823f650	498	_ZN11CTextFilter13AddExpressionEPKc	CTextFilter::AddExpression(char const*)
0823f850	96	_Z21CreateFilterInterfacev	CreateFilterInterface(void)
0823f8b0	714	_ZNSt6vectorI6RegexpSaIS0_EE13_M_insert_auxEN9__gnu_cxx17__normal_iteratorIPS0_S2_EERKS0_	std::vector<Regexp,std::allocator<Regexp>>::_M_insert_aux(__gnu_cxx::__normal_iterator<Regexp*,std::vector<Regexp,std::allocator<Regexp>>>,Regexp const&)
0823fb80	290	_ZN11CTextFilter7ReleaseEv	CTextFilter::Release(void)
0823fcb0	8	_ZNK16CRegErrorHandler14GetErrorStringEv	CRegErrorHandler::GetErrorString(void)const
0823fcc0	54	_ZN16CRegErrorHandler7FindErrEi	CRegErrorHandler::FindErr(int)
0823fd00	30	_ZN12CRegCompiler7regnodeEi	CRegCompiler::regnode(int)
0823fd20	103	_ZN12CRegCompiler7regtailEPcS0_	CRegCompiler::regtail(char *,char *)
0823fd90	34	_ZN16CRegCompilerBaseC2EPKc	CRegCompilerBase::CRegCompilerBase(char const*)
0823fdc0	34	_ZN16CRegCompilerBaseC1EPKc	CRegCompilerBase::CRegCompilerBase(char const*)
0823fdf0	56	_ZN13CRegValidatorC1EPKc	CRegValidator::CRegValidator(char const*)
0823fe30	58	_ZN12CRegCompilerC1EPKcPc	CRegCompiler::CRegCompiler(char const*,char *)
0823fe70	38	_ZN12CRegExecutorC1EP6regexpPc	CRegExecutor::CRegExecutor(regexp *,char *)
0823fea0	21	_ZNK6Regexp10CompiledOKEv	Regexp::CompiledOK(void)const
0823fec0	18	_ZNK6Regexp9safeIndexEj	Regexp::safeIndex(unsigned int)const
0823fee0	28	_ZN6RegexpC2Ev	Regexp::Regexp(void)
0823ff00	55	_ZNK6Regexp14GetErrorStringEv	Regexp::GetErrorString(void)const
0823ff40	64	_ZN6RegexpC1ERKS_	Regexp::Regexp(Regexp const&)
0823ff80	64	_ZN6RegexpC2ERKS_	Regexp::Regexp(Regexp const&)
0823ffc0	178	_ZN6regexp10ignoreCaseEPKcPc	regexp::ignoreCase(char const*,char *)
08240080	77	_ZN12CRegCompiler9reginsertEcPc	CRegCompiler::reginsert(char,char *)
082400d0	38	_ZN12CRegExecutorC2EP6regexpPc	CRegExecutor::CRegExecutor(regexp *,char *)
08240100	28	_ZN6RegexpC1Ev	Regexp::Regexp(void)
08240120	33	_ZN12CRegCompiler9regoptailEPcS0_	CRegCompiler::regoptail(char *,char *)
08240150	56	_ZN13CRegValidatorC2EPKc	CRegValidator::CRegValidator(char const*)
08240190	58	_ZN12CRegCompilerC2EPKcPc	CRegCompiler::CRegCompiler(char const*,char *)
082401d0	35	_ZNK16CRegErrorHandler16ClearErrorStringEv	CRegErrorHandler::ClearErrorString(void)const
08240200	58	_ZNK6Regexp16ClearErrorStringEv	Regexp::ClearErrorString(void)const
08240240	43	_ZNK16CRegErrorHandler8regerrorEPKc	CRegErrorHandler::regerror(char const*)const
08240270	37	_ZNK16CRegErrorHandler8regerrorEi	CRegErrorHandler::regerror(int)const
082402a0	160	_ZN12CRegExecutor9regrepeatEPc	CRegExecutor::regrepeat(char *)
08240340	62	_ZN12CRegExecutor8regmatchEPc	CRegExecutor::regmatch(char *)
08240670	106	_ZN12CRegExecutor6regtryEPc	CRegExecutor::regtry(char *)
082406e0	436	_ZN16CRegCompilerBase3regEiPi	CRegCompilerBase::reg(int,int *)
082408a0	329	_ZN16CRegCompilerBase7regatomEPi	CRegCompilerBase::regatom(int *)
08240cf0	677	_ZN16CRegCompilerBase8regpieceEPi	CRegCompilerBase::regpiece(int *)
08240fa0	188	_ZN16CRegCompilerBase9regbranchEPi	CRegCompilerBase::regbranch(int *)
08241060	113	_ZNK6Regexp9SubLengthEj	Regexp::SubLength(unsigned int)const
082410e0	109	_ZNK6Regexp8SubStartEj	Regexp::SubStart(unsigned int)const
08241150	91	_ZNK6Regexp10SubStringsEv	Regexp::SubStrings(void)const
082411b0	965	_ZNK6regexp16GetReplaceStringEPKc	regexp::GetReplaceString(char const*)const
08241580	154	_ZNK6Regexp16GetReplaceStringEPKc	Regexp::GetReplaceString(char const*)const
08241620	358	_ZNK6RegexpixEj	Regexp::operator[](unsigned int)const
08241790	408	_ZN6regexp7regexecEPKc	regexp::regexec(char const*)
08241930	231	_ZN6regexpC1ERKS_	regexp::regexp(regexp const&)
08241a20	71	_ZN6regexp7getCopyEv	regexp::getCopy(void)
08241a70	179	_ZN6Regexp5MatchEPKc	Regexp::Match(char const*)
08241b30	92	_ZN6regexpD1Ev	regexp::~regexp()
08241b90	192	_ZN6RegexpD1Ev	Regexp::~Regexp()
08241c50	192	_ZN6RegexpD2Ev	Regexp::~Regexp()
08241d10	115	_ZN6RegexpaSERKS_	Regexp::operator=(Regexp const&)
08241d90	92	_ZN6regexpD2Ev	regexp::~regexp()
08241df0	231	_ZN6regexpC2ERKS_	regexp::regexp(regexp const&)
08241ee0	722	_ZN6regexp7regcompEPKc	regexp::regcomp(char const*)
082421c0	254	_ZN6regexpC1EPKci	regexp::regexp(char const*,int)
082422c0	170	_ZN6RegexpC1EPKci	Regexp::Regexp(char const*,int)
08242370	170	_ZN6RegexpC2EPKci	Regexp::Regexp(char const*,int)
08242420	254	_ZN6regexpC2EPKci	regexp::regexp(char const*,int)
08242520	15	_ZN13CRegValidator7regnodeEi	CRegValidator::regnode(int)
08242530	12	_ZN13CRegValidator4regcEi	CRegValidator::regc(int)
08242540	12	_ZN13CRegValidator9reginsertEcPc	CRegValidator::reginsert(char,char *)
08242550	5	_ZN13CRegValidator7regtailEPcS0_	CRegValidator::regtail(char *,char *)
08242560	5	_ZN13CRegValidator9regoptailEPcS0_	CRegValidator::regoptail(char *,char *)
08242570	22	_ZN12CRegCompiler4regcEi	CRegCompiler::regc(int)
08242590	9	_ZN11CompressLib16DeCompressBufferEPcPjS0_j	CompressLib::DeCompressBuffer(char *,unsigned int *,char *,unsigned int)
082425a0	9	_ZN11CompressLib14CompressBufferEPcPjS0_j	CompressLib::CompressBuffer(char *,unsigned int *,char *,unsigned int)
082425b0	178	compress2	compress2
08242670	48	compress	compress
082426a0	51	putShortMSB	putShortMSB
082426e0	191	deflateEnd	deflateEnd
082427a0	515	longest_match	longest_match
082429b0	556	deflateCopy	deflateCopy
08242be0	111	flush_pending	flush_pending
08242c50	734	deflate	deflate
08242f30	221	deflateParams	deflateParams
08243010	473	fill_window	fill_window
082431f0	1036	deflate_slow	deflate_slow
08243600	827	deflate_fast	deflate_fast
08243940	364	deflate_stored	deflate_stored
08243ab0	301	deflateSetDictionary	deflateSetDictionary
08243be0	319	deflateReset	deflateReset
08243d20	675	deflateInit2_	deflateInit2_
08243fd0	72	deflateInit_	deflateInit_
08244020	121	init_block	init_block
082440a0	107	_tr_init	_tr_init
08244110	243	pqdownheap	pqdownheap
08244210	301	scan_tree	scan_tree
08244340	1576	send_tree	send_tree
08244970	176	_tr_tally	_tr_tally
08244a20	1186	compress_block	compress_block
08244ed0	1220	build_tree	build_tree
082453a0	123	bi_flush	bi_flush
08245420	619	_tr_align	_tr_align
08245690	108	bi_windup	bi_windup
08245700	253	_tr_stored_block	_tr_stored_block
08245800	1329	_tr_flush_block	_tr_flush_block
08245d40	162	uncompress	uncompress
08245df0	10	zlibVersion	zlibVersion
08245e00	20	zError	zError
08245e20	15	zcfree	zcfree
08245e30	21	zcalloc	zcalloc
08245e50	420	adler32	adler32
08246000	40	inflateSyncPoint	inflateSyncPoint
08246030	161	inflateSetDictionary	inflateSetDictionary
082460e0	976	inflate	inflate
082464b0	91	inflateReset	inflateReset
08246510	219	inflateSync	inflateSync
082465f0	92	inflateEnd	inflateEnd
08246650	302	inflateInit2_	inflateInit2_
08246780	41	inflateInit_	inflateInit_
082467b0	17	inflate_blocks_sync_point	inflate_blocks_sync_point
082467d0	59	inflate_set_dictionary	inflate_set_dictionary
08246810	3227	inflate_blocks	inflate_blocks
082474b0	150	inflate_blocks_reset	inflate_blocks_reset
08247550	88	inflate_blocks_free	inflate_blocks_free
082475b0	199	inflate_blocks_new	inflate_blocks_new
08247680	74	inflate_codes_new	inflate_codes_new
082476d0	24	inflate_codes_free	inflate_codes_free
082476f0	2122	inflate_codes	inflate_codes
08247f40	1025	inflate_fast	inflate_fast
08248350	1914	huft_build	huft_build
08248ad0	230	inflate_trees_bits	inflate_trees_bits
08248bc0	355	inflate_trees_dynamic	inflate_trees_dynamic
08248d30	43	inflate_trees_fixed	inflate_trees_fixed
08248d60	325	inflate_flush	inflate_flush
08248eb0	5	__libc_csu_fini	__libc_csu_fini
08248ec0	105	__libc_csu_init	__libc_csu_init
08248f29	4	__i686.get_pc_thunk.bx	__i686.get_pc_thunk.bx
08248f30	40	__do_global_ctors_aux	__do_global_ctors_aux
08248f58	28	.term_proc	.term_proc
0949edf8	4	open	open
0949edfc	4	pthread_mutex_destroy	pthread_mutex_destroy
0949ee00	4	_Znwj	operator new(unsigned int)
0949ee04	4	strcat	strcat
0949ee08	4	fread	fread
0949ee0c	4	fmod	fmod
0949ee10	4	__ctype_toupper_loc	__ctype_toupper_loc
0949ee14	4	_ZNSs6resizeEjc	std::string::resize(unsigned int,char)
0949ee18	4	ungetc	ungetc
0949ee1c	4	_ZSt29_Rb_tree_insert_and_rebalancebPSt18_Rb_tree_node_baseS0_RS_	std::_Rb_tree_insert_and_rebalance(bool,std::_Rb_tree_node_base *,std::_Rb_tree_node_base *,std::_Rb_tree_node_base&)
0949ee20	4	__ctype_tolower_loc	__ctype_tolower_loc
0949ee24	4	socket	socket
0949ee28	4	sscanf	sscanf
0949ee2c	4	__strtoul_internal	__strtoul_internal
0949ee30	4	dlopen	dlopen
0949ee34	4	access	access
0949ee38	4	_ZNSs12_M_leak_hardEv	std::string::_M_leak_hard(void)
0949ee3c	4	_ZNKSs7compareEPKc	std::string::compare(char const*)const
0949ee40	4	_ZN9__gnu_cxx18__exchange_and_addEPVii	__gnu_cxx::__exchange_and_add(int volatile*,int)
0949ee44	4	mkdir	mkdir
0949ee48	4	atan2	atan2
0949ee4c	4	strstr	strstr
0949ee50	4	__strtod_internal	__strtod_internal
0949ee54	4	_ZNSt15_List_node_base6unhookEv	std::_List_node_base::unhook(void)
0949ee58	4	gethostname	gethostname
0949ee5c	4	_ZSt17__throw_bad_allocv	std::__throw_bad_alloc(void)
0949ee60	4	_ZNSs6assignEPKcj	std::string::assign(char const*,unsigned int)
0949ee64	4	__cxa_begin_catch	__cxa_begin_catch
0949ee68	4	calloc	calloc
0949ee6c	4	__divdi3	__divdi3
0949ee70	4	setlocale	setlocale
0949ee74	4	_ZSt4endlIcSt11char_traitsIcEERSt13basic_ostreamIT_T0_ES6_	std::basic_ostream<char,std::char_traits<char>> & std::endl<char,std::char_traits<char>>(std::basic_ostream<char,std::char_traits<char>> &)
0949ee78	4	__strtol_internal	__strtol_internal
0949ee7c	4	isspace	isspace
0949ee80	4	fputc	fputc
0949ee84	4	fgets	fgets
0949ee88	4	longjmp	longjmp
0949ee8c	4	fwrite	fwrite
0949ee90	4	memcpy	memcpy
0949ee94	4	_ZSt20__throw_length_errorPKc	std::__throw_length_error(char const*)
0949ee98	4	tan	tan
0949ee9c	4	write	write
0949eea0	4	malloc	malloc
0949eea4	4	frexp	frexp
0949eea8	4	strlen	strlen
0949eeac	4	_ZNSsC1ERKSs	std::string::string(std::string const&)
0949eeb0	4	strcoll	strcoll
0949eeb4	4	__moddi3	__moddi3
0949eeb8	4	usleep	usleep
0949eebc	4	getcwd	getcwd
0949eec0	4	_ZSt28_Rb_tree_rebalance_for_erasePSt18_Rb_tree_node_baseRS_	std::_Rb_tree_rebalance_for_erase(std::_Rb_tree_node_base *,std::_Rb_tree_node_base&)
0949eec4	4	_ZSt18_Rb_tree_decrementPKSt18_Rb_tree_node_base	std::_Rb_tree_decrement(std::_Rb_tree_node_base const*)
0949eec8	4	readdir	readdir
0949eecc	4	__cxa_guard_abort	__cxa_guard_abort
0949eed0	4	sprintf	sprintf
0949eed4	4	__cxa_guard_release	__cxa_guard_release
0949eed8	4	__xstat	__xstat
0949eedc	4	__cxa_atexit	__cxa_atexit
0949eee0	4	dlsym	dlsym
0949eee4	4	settimeofday	settimeofday
0949eee8	4	_ZSt18_Rb_tree_incrementPSt18_Rb_tree_node_base	std::_Rb_tree_increment(std::_Rb_tree_node_base *)
0949eeec	4	_ZSt19__throw_logic_errorPKc	std::__throw_logic_error(char const*)
0949eef0	4	strcmp	strcmp
0949eef4	4	toupper	toupper
0949eef8	4	time	time
0949eefc	4	memchr	memchr
0949ef00	4	setrlimit	setrlimit
0949ef04	4	tolower	tolower
0949ef08	4	_Znaj	operator new[](unsigned int)
0949ef0c	4	__errno_location	__errno_location
0949ef10	4	strncpy	strncpy
0949ef14	4	fflush	fflush
0949ef18	4	_ZNSs4_Rep10_M_destroyERKSaIcE	std::string::_Rep::_M_destroy(std::allocator<char> const&)
0949ef1c	4	_setjmp	_setjmp
0949ef20	4	strrchr	strrchr
0949ef24	4	fseek	fseek
0949ef28	4	getenv	getenv
0949ef2c	4	vsprintf	vsprintf
0949ef30	4	acos	acos
0949ef34	4	sin	sin
0949ef38	4	srand	srand
0949ef3c	4	isalnum	isalnum
0949ef40	4	strchr	strchr
0949ef44	4	_ZNSsC1ERKSsjj	std::string::string(std::string const&,unsigned int,unsigned int)
0949ef48	4	_ZdlPv	operator delete(void *)
0949ef4c	4	rename	rename
0949ef50	4	__libc_start_main	__libc_start_main
0949ef54	4	mktime	mktime
0949ef58	4	chdir	chdir
0949ef5c	4	pthread_mutex_unlock	pthread_mutex_unlock
0949ef60	4	_ZStlsISt11char_traitsIcEERSt13basic_ostreamIcT_ES5_PKc	std::basic_ostream<char,std::char_traits<char>> & std::operator<<<std::char_traits<char>>(std::basic_ostream<char,std::char_traits<char>> &,char const*)
0949ef64	4	_ZNKSs4findEPKcjj	std::string::find(char const*,unsigned int,unsigned int)const
0949ef68	4	vsnprintf	vsnprintf
0949ef6c	4	atan	atan
0949ef70	4	fscanf	fscanf
0949ef74	4	signal	signal
0949ef78	4	_ZSt18_Rb_tree_decrementPSt18_Rb_tree_node_base	std::_Rb_tree_decrement(std::_Rb_tree_node_base *)
0949ef7c	4	_ZNSt15_List_node_base4hookEPS_	std::_List_node_base::hook(std::_List_node_base*)
0949ef80	4	gettimeofday	gettimeofday
0949ef84	4	localtime_r	localtime_r
0949ef88	4	pthread_mutex_init	pthread_mutex_init
0949ef8c	4	__ctype_b_loc	__ctype_b_loc
0949ef90	4	rand	rand
0949ef94	4	_ZNSs6appendEPKcj	std::string::append(char const*,unsigned int)
0949ef98	4	sqrt	sqrt
0949ef9c	4	isalpha	isalpha
0949efa0	4	log	log
0949efa4	4	_ZNSsC1EPKcRKSaIcE	std::string::string(char const*,std::allocator<char> const&)
0949efa8	4	pthread_mutex_lock	pthread_mutex_lock
0949efac	4	_ZSt18_Rb_tree_incrementPKSt18_Rb_tree_node_base	std::_Rb_tree_increment(std::_Rb_tree_node_base const*)
0949efb0	4	inet_addr	inet_addr
0949efb4	4	free	free
0949efb8	4	_ZdaPv	operator delete[](void *)
0949efbc	4	_ZNSs6assignERKSs	std::string::assign(std::string const&)
0949efc0	4	clock	clock
0949efc4	4	strncmp	strncmp
0949efc8	4	strcasecmp	strcasecmp
0949efcc	4	fgetc	fgetc
0949efd0	4	strcspn	strcspn
0949efd4	4	opendir	opendir
0949efd8	4	closedir	closedir
0949efdc	4	exit	exit
0949efe0	4	_ZSt20__throw_out_of_rangePKc	std::__throw_out_of_range(char const*)
0949efe4	4	__cxa_rethrow	__cxa_rethrow
0949efe8	4	strerror	strerror
0949efec	4	dlclose	dlclose
0949eff0	4	asin	asin
0949eff4	4	feof	feof
0949eff8	4	puts	puts
0949effc	4	_ZNSt8ios_base4InitC1Ev	std::ios_base::Init::Init(void)
0949f000	4	_ZNSsD1Ev	std::string::~string()
0949f004	4	_ZNSs4_Rep9_S_createEjjRKSaIcE	std::string::_Rep::_S_create(unsigned int,unsigned int,std::allocator<char> const&)
0949f008	4	uuid_generate	uuid_generate
0949f00c	4	cos	cos
0949f010	4	difftime	difftime
0949f014	4	__cxa_end_catch	__cxa_end_catch
0949f018	4	exp	exp
0949f01c	4	memset	memset
0949f020	4	putchar	putchar
0949f024	4	strspn	strspn
0949f028	4	pthread_self	pthread_self
0949f02c	4	strftime	strftime
0949f030	4	remove	remove
0949f034	4	tmpnam	tmpnam
0949f038	4	gmtime	gmtime
0949f03c	4	snprintf	snprintf
0949f040	4	ldexp	ldexp
0949f044	4	close	close
0949f048	4	strpbrk	strpbrk
0949f04c	4	_Unwind_Resume	_Unwind_Resume
0949f050	4	vfprintf	vfprintf
0949f054	4	pow	pow
0949f058	4	fclose	fclose
0949f05c	4	__cxa_guard_acquire	__cxa_guard_acquire
0949f060	4	memmove	memmove
0949f064	4	times	times
0949f068	4	freopen	freopen
0949f06c	4	log10	log10
0949f070	4	_ZNSsC1EPKcjRKSaIcE	std::string::string(char const*,unsigned int,std::allocator<char> const&)
0949f074	4	ctime	ctime
0949f078	4	ioctl	ioctl
0949f07c	4	_ZNSs9_M_mutateEjjj	std::string::_M_mutate(unsigned int,unsigned int,unsigned int)
0949f080	4	system	system
0949f084	4	strcpy	strcpy
0949f088	4	localtime	localtime
0949f08c	4	__assert_fail	__assert_fail
0949f090	4	realloc	realloc
0949f094	4	fopen	fopen
0949f098	4	_ZNSt8ios_base4InitD1Ev	std::ios_base::Init::~Init()
0949f09c	4	ftell	ftell
0949f0a0	4	__cxa_pure_virtual	__cxa_pure_virtual
0949f0a4	4	fprintf	fprintf
0949f0a8	4	__gxx_personality_v0	__gxx_personality_v0
0949f0ac	4	fputs	fputs
0949f0b0	4	printf	printf
0949f0b8	4	__gmon_start__	__gmon_start__
