struct	alias	base	kind	size	offset	field	type	fieldsize
AUCTION_RELAYHEADER_G2R		EXTEND_HEADER	struct	38	0	(base)	EXTEND_HEADER	2
AUCTION_RELAYHEADER_G2R		EXTEND_HEADER	struct	38	2	szRoleName	char[32]	32
AUCTION_RELAYHEADER_G2R		EXTEND_HEADER	struct	38	34	dwSubWorldID	DWORD	4
AUCTION_RELAYHEADER_R2G		EXTEND_HEADER	struct	6	0	(base)	EXTEND_HEADER	2
AUCTION_RELAYHEADER_R2G		EXTEND_HEADER	struct	6	2	dwNameID	DWORD	4
BATTLE_RELAYHEADER_G2R		EXTEND_HEADER	struct	2	0	(base)	EXTEND_HEADER	2
BATTLE_RELAYHEADER_R2G		EXTEND_HEADER	struct	2	0	(base)	EXTEND_HEADER	2
C2S_ADD_TAG		tagProtocolHeader	struct	65	0	(base)	tagProtocolHeader	1
C2S_ADD_TAG		tagProtocolHeader	struct	65	1	szTargetPlayer	char[32]	32
C2S_ADD_TAG		tagProtocolHeader	struct	65	33	szTagTxt	char[32]	32
C2S_DEL_TAG		tagProtocolHeader	struct	5	0	(base)	tagProtocolHeader	1
C2S_DEL_TAG		tagProtocolHeader	struct	5	1	nTagTime	time_t	4
C2S_GET_TAGS_REQUEST		tagProtocolHeader	struct	33	0	(base)	tagProtocolHeader	1
C2S_GET_TAGS_REQUEST		tagProtocolHeader	struct	33	1	szTargetPlayer	char[32]	32
C2S_SET_FRIEND_PUBLISH_FLAG		tagProtocolHeader	struct	2	0	(base)	tagProtocolHeader	1
C2S_SET_FRIEND_PUBLISH_FLAG		tagProtocolHeader	struct	2	1	byCanPublishFlag	BYTE	1
C2S_SYNCEND		tagProtocolHeader	struct	9	0	(base)	tagProtocolHeader	1
C2S_SYNCEND		tagProtocolHeader	struct	9	1	dwInitKey	DWORD	4
C2S_SYNCEND		tagProtocolHeader	struct	9	5	dwProcessId	DWORD	4
C2S_TONG_CHECK_APPLYER_STATE_RESPOND		EXTEND_HEADER	struct	83	0	(base)	EXTEND_HEADER	2
C2S_TONG_CHECK_APPLYER_STATE_RESPOND		EXTEND_HEADER	struct	83	2	dwTongID	DWORD	4
C2S_TONG_CHECK_APPLYER_STATE_RESPOND		EXTEND_HEADER	struct	83	6	byCurPageIndex	BYTE	1
C2S_TONG_CHECK_APPLYER_STATE_RESPOND		EXTEND_HEADER	struct	83	7	nOperatorIndex	int	4
C2S_TONG_CHECK_APPLYER_STATE_RESPOND		EXTEND_HEADER	struct	83	11	szOperatorName	char[32]	32
C2S_TONG_CHECK_APPLYER_STATE_RESPOND		EXTEND_HEADER	struct	83	43	szApplyerName	char[32]	32
C2S_TONG_CHECK_APPLYER_STATE_RESPOND		EXTEND_HEADER	struct	83	75	bResult	BOOL	4
C2S_TONG_CHECK_APPLYER_STATE_RESPOND		EXTEND_HEADER	struct	83	79	dwGSID	DWORD	4
CHATROOM_C2S_HEAD		tagProtocolHeader	struct	4	0	(base)	tagProtocolHeader	1
CHATROOM_C2S_HEAD		tagProtocolHeader	struct	4	1	nMsgLen	WORD	2
CHATROOM_C2S_HEAD		tagProtocolHeader	struct	4	3	nCmd	BYTE	1
CHATROOM_HEAD		tagProtocolHeader	struct	2	0	(base)	tagProtocolHeader	1
CHATROOM_HEAD		tagProtocolHeader	struct	2	1	nCmd	BYTE	1
CHATROOM_S2C_HEAD		tagProtocolHeader	struct	4	0	(base)	tagProtocolHeader	1
CHATROOM_S2C_HEAD		tagProtocolHeader	struct	4	1	nMsgLen	WORD	2
CHATROOM_S2C_HEAD		tagProtocolHeader	struct	4	3	nCmd	BYTE	1
CHAT_MSG_EX		EXTEND_HEADER	struct	68	0	(base)	EXTEND_HEADER	2
CHAT_MSG_EX		EXTEND_HEADER	struct	68	2	m_szSourceName	char[32]	32
CHAT_MSG_EX		EXTEND_HEADER	struct	68	34	m_szAccountName	char[32]	32
CHAT_MSG_EX		EXTEND_HEADER	struct	68	66	SentenceLength	WORD	2
CHAT_NPCCHAT		tagProtocolHeader	struct	7	0	(base)	tagProtocolHeader	1
CHAT_NPCCHAT		tagProtocolHeader	struct	7	1	dwNpcId	DWORD	4
CHAT_NPCCHAT		tagProtocolHeader	struct	7	5	wMsgLen	WORD	2
CITYWAR_RELAYHEADER_G2R		EXTEND_HEADER	struct	2	0	(base)	EXTEND_HEADER	2
CITYWAR_RELAYHEADER_R2G		EXTEND_HEADER	struct	2	0	(base)	EXTEND_HEADER	2
DISMISS_RELATION		EXTEND_HEADER	struct	98	0	(base)	EXTEND_HEADER	2
DISMISS_RELATION		EXTEND_HEADER	struct	98	2	RoleA	char[32]	32
DISMISS_RELATION		EXTEND_HEADER	struct	98	34	RoleB	char[32]	32
DISMISS_RELATION		EXTEND_HEADER	struct	98	66	Relation	char[32]	32
EXTEND_PASSTOBEVY		EXTEND_HEADER	struct	6	0	(base)	EXTEND_HEADER	2
EXTEND_PASSTOBEVY		EXTEND_HEADER	struct	6	2	datasize	WORD	2
EXTEND_PASSTOBEVY		EXTEND_HEADER	struct	6	4	playercount	WORD	2
EXTEND_PASSTOSOMEONE		EXTEND_HEADER	struct	12	0	(base)	EXTEND_HEADER	2
EXTEND_PASSTOSOMEONE		EXTEND_HEADER	struct	12	2	nameid	DWORD	4
EXTEND_PASSTOSOMEONE		EXTEND_HEADER	struct	12	6	lnID	long unsigned int	4
EXTEND_PASSTOSOMEONE		EXTEND_HEADER	struct	12	10	datasize	WORD	2
FRIEND_ASSOCIATE		EXTEND_HEADER	struct	3	0	(base)	EXTEND_HEADER	2
FRIEND_ASSOCIATE		EXTEND_HEADER	struct	3	2	bidir	BYTE	1
FRIEND_ASSOCIATEBEVY		EXTEND_HEADER	struct	2	0	(base)	EXTEND_HEADER	2
FRIEND_STATE		EXTEND_HEADER	struct	3	0	(base)	EXTEND_HEADER	2
FRIEND_STATE		EXTEND_HEADER	struct	3	2	state	BYTE	1
ITEM_BIND_SYNC		tagProtocolHeader	struct	9	0	(base)	tagProtocolHeader	1
ITEM_BIND_SYNC		tagProtocolHeader	struct	9	1	m_dwID	DWORD	4
ITEM_BIND_SYNC		tagProtocolHeader	struct	9	5	m_nBindState	int	4
KC2S_TONG_ACCEPT_OR_REFUSE		EXTEND_HEADER	struct	76	0	(base)	EXTEND_HEADER	2
KC2S_TONG_ACCEPT_OR_REFUSE		EXTEND_HEADER	struct	76	2	dwTongID	DWORD	4
KC2S_TONG_ACCEPT_OR_REFUSE		EXTEND_HEADER	struct	76	6	byAccept	BYTE	1
KC2S_TONG_ACCEPT_OR_REFUSE		EXTEND_HEADER	struct	76	7	byCurPageIndex	BYTE	1
KC2S_TONG_ACCEPT_OR_REFUSE		EXTEND_HEADER	struct	76	8	nOperatorIndex	int	4
KC2S_TONG_ACCEPT_OR_REFUSE		EXTEND_HEADER	struct	76	12	szOperatorName	char[32]	32
KC2S_TONG_ACCEPT_OR_REFUSE		EXTEND_HEADER	struct	76	44	szPlayerName	char[32]	32
KC2S_TONG_ADD_TO_APPLY_LIST		EXTEND_HEADER	struct	48	0	(base)	EXTEND_HEADER	2
KC2S_TONG_ADD_TO_APPLY_LIST		EXTEND_HEADER	struct	48	2	dwTongID	DWORD	4
KC2S_TONG_ADD_TO_APPLY_LIST		EXTEND_HEADER	struct	48	6	dwPlayerNameID	DWORD	4
KC2S_TONG_ADD_TO_APPLY_LIST		EXTEND_HEADER	struct	48	10	dwOfferBring	DWORD	4
KC2S_TONG_ADD_TO_APPLY_LIST		EXTEND_HEADER	struct	48	14	btSex	BYTE	1
KC2S_TONG_ADD_TO_APPLY_LIST		EXTEND_HEADER	struct	48	15	btLevel	BYTE	1
KC2S_TONG_ADD_TO_APPLY_LIST		EXTEND_HEADER	struct	48	16	szPlayerName	char[32]	32
KC2S_TONG_GET_APPLY_LIST		EXTEND_HEADER	struct	11	0	(base)	EXTEND_HEADER	2
KC2S_TONG_GET_APPLY_LIST		EXTEND_HEADER	struct	11	2	dwTongID	DWORD	4
KC2S_TONG_GET_APPLY_LIST		EXTEND_HEADER	struct	11	6	nPlayerIndex	int	4
KC2S_TONG_GET_APPLY_LIST		EXTEND_HEADER	struct	11	10	byPageIndex	BYTE	1
KC2S_TONG_SAVE_ZHAOMU_INFO		EXTEND_HEADER	struct	141	0	(base)	EXTEND_HEADER	2
KC2S_TONG_SAVE_ZHAOMU_INFO		EXTEND_HEADER	struct	141	2	dwTongID	DWORD	4
KC2S_TONG_SAVE_ZHAOMU_INFO		EXTEND_HEADER	struct	141	6	ZhaoMuInfo	KZhaoMuInfo	135
KILLER_CANCELTASK_G2R	KILLER_TAKETASK_G2R	EXTEND_HEADER	struct	38	0	(base)	EXTEND_HEADER	2
KILLER_CANCELTASK_G2R	KILLER_TAKETASK_G2R	EXTEND_HEADER	struct	38	2	m_nTaskID	int	4
KILLER_CANCELTASK_G2R	KILLER_TAKETASK_G2R	EXTEND_HEADER	struct	38	6	szRoleName	char[32]	32
KILLER_CREATETASK		EXTEND_HEADER	struct	74	0	(base)	EXTEND_HEADER	2
KILLER_CREATETASK		EXTEND_HEADER	struct	74	2	m_nRentFee	int	4
KILLER_CREATETASK		EXTEND_HEADER	struct	74	6	m_chCreatorName	char[32]	32
KILLER_CREATETASK		EXTEND_HEADER	struct	74	38	m_chKilleeName	char[32]	32
KILLER_CREATETASK		EXTEND_HEADER	struct	74	70	m_nReward	int	4
KILLER_CREATETASK_FAILED	KILLER_CANCELTASK_R2G	EXTEND_HEADER	struct	10	0	(base)	EXTEND_HEADER	2
KILLER_CREATETASK_FAILED	KILLER_CANCELTASK_R2G	EXTEND_HEADER	struct	10	2	m_nNameID	int	4
KILLER_CREATETASK_FAILED	KILLER_CANCELTASK_R2G	EXTEND_HEADER	struct	10	6	m_nMoneyReturn	int	4
KILLER_GETMONEY		EXTEND_HEADER	struct	6	0	(base)	EXTEND_HEADER	2
KILLER_GETMONEY		EXTEND_HEADER	struct	6	2	m_nTaskID	int	4
KILLER_PK		EXTEND_HEADER	struct	66	0	(base)	EXTEND_HEADER	2
KILLER_PK		EXTEND_HEADER	struct	66	2	m_chKillerName	char[32]	32
KILLER_PK		EXTEND_HEADER	struct	66	34	m_chKilleeName	char[32]	32
KILLER_QUERYTASK_G2R		EXTEND_HEADER	struct	38	0	(base)	EXTEND_HEADER	2
KILLER_QUERYTASK_G2R		EXTEND_HEADER	struct	38	2	m_nQueryType	int	4
KILLER_QUERYTASK_G2R		EXTEND_HEADER	struct	38	6	m_szQueryer	char[32]	32
KILLER_REPLYSCRIPT		EXTEND_HEADER	struct	24	0	(base)	EXTEND_HEADER	2
KILLER_REPLYSCRIPT		EXTEND_HEADER	struct	24	2	m_nNameID	int	4
KILLER_REPLYSCRIPT		EXTEND_HEADER	struct	24	6	m_dwRewardTaskID	DWORD	4
KILLER_REPLYSCRIPT		EXTEND_HEADER	struct	24	10	m_nReward	int	4
KILLER_REPLYSCRIPT		EXTEND_HEADER	struct	24	14	m_dwCancelTaskID	DWORD	4
KILLER_REPLYSCRIPT		EXTEND_HEADER	struct	24	18	m_nCancelMoney	int	4
KILLER_REPLYSCRIPT		EXTEND_HEADER	struct	24	22	m_nOwnTaskCount	char	1
KILLER_REPLYSCRIPT		EXTEND_HEADER	struct	24	23	m_nMyTaskCount	char	1
KILLER_SCRIPTASK		EXTEND_HEADER	struct	34	0	(base)	EXTEND_HEADER	2
KILLER_SCRIPTASK		EXTEND_HEADER	struct	34	2	m_chRoleName	char[32]	32
KPLAYER_LIMITTIME_SYNC		tagProtocolHeader	struct	13	0	(base)	tagProtocolHeader	1
KPLAYER_LIMITTIME_SYNC		tagProtocolHeader	struct	13	1	dwLimitTimeFlag	DWORD	4
KPLAYER_LIMITTIME_SYNC		tagProtocolHeader	struct	13	5	dwLimitTimeOnlineSeconds	DWORD	4
KPLAYER_LIMITTIME_SYNC		tagProtocolHeader	struct	13	9	dwLimitTimeOfflineSeconds	DWORD	4
KPROTOGR_DOSCRIPT		EXTEND_HEADER	struct	17	0	(base)	EXTEND_HEADER	2
KPROTOGR_DOSCRIPT		EXTEND_HEADER	struct	17	2	byPathNameLen	BYTE	1
KPROTOGR_DOSCRIPT		EXTEND_HEADER	struct	17	3	byFuncNameLen	BYTE	1
KPROTOGR_DOSCRIPT		EXTEND_HEADER	struct	17	4	dwParamObjLen	DWORD	4
KPROTOGR_DOSCRIPT		EXTEND_HEADER	struct	17	8	dwCallBackScript	DWORD	4
KPROTOGR_DOSCRIPT		EXTEND_HEADER	struct	17	12	dwCallBackParam	DWORD	4
KPROTOGR_DOSCRIPT		EXTEND_HEADER	struct	17	16	byCallBackFuncLen	BYTE	1
KPROTOGR_NW_ENTHRONE		EXTEND_HEADER	struct	68	0	(base)	EXTEND_HEADER	2
KPROTOGR_NW_ENTHRONE		EXTEND_HEADER	struct	68	2	szName	char[32]	32
KPROTOGR_NW_ENTHRONE		EXTEND_HEADER	struct	68	34	szTong	char[32]	32
KPROTOGR_NW_ENTHRONE		EXTEND_HEADER	struct	68	66	bySide	BYTE	1
KPROTOGR_NW_ENTHRONE		EXTEND_HEADER	struct	68	67	bySex	BYTE	1
KPROTOGR_NW_REMARKEMPEROR		EXTEND_HEADER	struct	6	0	(base)	EXTEND_HEADER	2
KPROTOGR_NW_REMARKEMPEROR		EXTEND_HEADER	struct	6	2	nRemark	int	4
KPROTOGR_NW_SETNATIONTITLE		EXTEND_HEADER	struct	34	0	(base)	EXTEND_HEADER	2
KPROTOGR_NW_SETNATIONTITLE		EXTEND_HEADER	struct	34	2	szTitle	char[32]	32
KPROTOGR_NW_SETTASK		EXTEND_HEADER	struct	10	0	(base)	EXTEND_HEADER	2
KPROTOGR_NW_SETTASK		EXTEND_HEADER	struct	10	2	dwIndex	DWORD	4
KPROTOGR_NW_SETTASK		EXTEND_HEADER	struct	10	6	dwValue	DWORD	4
KPROTORG_NW_AWARDEMPEROR		EXTEND_HEADER	struct	6	0	(base)	EXTEND_HEADER	2
KPROTORG_NW_AWARDEMPEROR		EXTEND_HEADER	struct	6	2	dwExp	DWORD	4
KPROTORG_NW_CONGRATULATION		EXTEND_HEADER	struct	60	0	(base)	EXTEND_HEADER	2
KPROTORG_NW_CONGRATULATION		EXTEND_HEADER	struct	60	2	szWords	char[56]	56
KPROTORG_NW_CONGRATULATION		EXTEND_HEADER	struct	60	58	wTimeout	WORD	2
KPROTORG_NW_FORBIDCHAT		EXTEND_HEADER	struct	38	0	(base)	EXTEND_HEADER	2
KPROTORG_NW_FORBIDCHAT		EXTEND_HEADER	struct	38	2	szName	char[32]	32
KPROTORG_NW_FORBIDCHAT		EXTEND_HEADER	struct	38	34	nTime	int	4
KPROTORG_NW_LEVY		EXTEND_HEADER	struct	10	0	(base)	EXTEND_HEADER	2
KPROTORG_NW_LEVY		EXTEND_HEADER	struct	10	2	nAmount	int	4
KPROTORG_NW_LEVY		EXTEND_HEADER	struct	10	6	nMinLevel	int	4
KPROTORG_NW_LEVYAMOUNT		EXTEND_HEADER	struct	6	0	(base)	EXTEND_HEADER	2
KPROTORG_NW_LEVYAMOUNT		EXTEND_HEADER	struct	6	2	nAmount	int	4
KPROTORG_NW_SYNCEMPEROR		EXTEND_HEADER	struct	132	0	(base)	EXTEND_HEADER	2
KPROTORG_NW_SYNCEMPEROR		EXTEND_HEADER	struct	132	2	sInfo	KEMPIRE_INFO	130
KPROTORG_NW_SYNCHISTORY		EXTEND_HEADER	struct	100	0	(base)	EXTEND_HEADER	2
KPROTORG_NW_SYNCHISTORY		EXTEND_HEADER	struct	100	2	sHistory	KEMPIRE_HISTORY	98
KPROTORG_NW_SYNCNATIONTITLE		EXTEND_HEADER	struct	34	0	(base)	EXTEND_HEADER	2
KPROTORG_NW_SYNCNATIONTITLE		EXTEND_HEADER	struct	34	2	szTitle	char[32]	32
KPROTORG_NW_SYNCREMARK		EXTEND_HEADER	struct	10	0	(base)	EXTEND_HEADER	2
KPROTORG_NW_SYNCREMARK		EXTEND_HEADER	struct	10	2	dwGoodness	DWORD	4
KPROTORG_NW_SYNCREMARK		EXTEND_HEADER	struct	10	6	dwBadness	DWORD	4
KPROTORG_NW_SYNCSEALOWNER		EXTEND_HEADER	struct	34	0	(base)	EXTEND_HEADER	2
KPROTORG_NW_SYNCSEALOWNER		EXTEND_HEADER	struct	34	2	szOwner	char[32]	32
KPROTORG_NW_SYNCTASK		EXTEND_HEADER	struct	4	0	(base)	EXTEND_HEADER	2
KPROTORG_NW_SYNCTASK		EXTEND_HEADER	struct	4	2	wCount	WORD	2
KPROTORG_NW_TITLEUPDATE		EXTEND_HEADER	struct	38	0	(base)	EXTEND_HEADER	2
KPROTORG_NW_TITLEUPDATE		EXTEND_HEADER	struct	38	2	dwTongID	DWORD	4
KPROTORG_NW_TITLEUPDATE		EXTEND_HEADER	struct	38	6	szName	char[32]	32
KPROTORG_SCRIPTRESULT		EXTEND_HEADER	struct	15	0	(base)	EXTEND_HEADER	2
KPROTORG_SCRIPTRESULT		EXTEND_HEADER	struct	15	2	dwCallBackScript	DWORD	4
KPROTORG_SCRIPTRESULT		EXTEND_HEADER	struct	15	6	dwCallBackParam	DWORD	4
KPROTORG_SCRIPTRESULT		EXTEND_HEADER	struct	15	10	byCallBackFuncLen	BYTE	1
KPROTORG_SCRIPTRESULT		EXTEND_HEADER	struct	15	11	dwResultLen	DWORD	4
KPROTO_DUNGEONMAP		EXTEND_HEADER	struct	23	0	(base)	EXTEND_HEADER	2
KPROTO_DUNGEONMAP		EXTEND_HEADER	struct	23	2	dwMapID	DWORD	4
KPROTO_DUNGEONMAP		EXTEND_HEADER	struct	23	6	dwMapTempID	DWORD	4
KPROTO_DUNGEONMAP		EXTEND_HEADER	struct	23	10	bNeedSave	BOOL	4
KPROTO_DUNGEONMAP		EXTEND_HEADER	struct	23	14	bOccupy	BOOL	4
KPROTO_DUNGEONMAP		EXTEND_HEADER	struct	23	18	byOper	BYTE	1
KPROTO_DUNGEONMAP		EXTEND_HEADER	struct	23	19	bResult	BOOL	4
KPROTO_GS2R_SYNCEND		EXTEND_HEADER	struct	34	0	(base)	EXTEND_HEADER	2
KPROTO_GS2R_SYNCEND		EXTEND_HEADER	struct	34	2	szAccount	char[32]	32
KPROTO_S2C_TMPCAMP		tagProtocolHeader	struct	9	0	(base)	tagProtocolHeader	1
KPROTO_S2C_TMPCAMP		tagProtocolHeader	struct	9	1	dwID	DWORD	4
KPROTO_S2C_TMPCAMP		tagProtocolHeader	struct	9	5	dwTmpCamp	DWORD	4
KPROTO_SYNCBALANCE		tagProtocolHeader	struct	6	0	(base)	tagProtocolHeader	1
KPROTO_SYNCBALANCE		tagProtocolHeader	struct	6	1	byType	BYTE	1
KPROTO_SYNCBALANCE		tagProtocolHeader	struct	6	2	dwBalance	DWORD	4
KPROTO_SYNCRESIST		tagProtocolHeader	struct	102	0	(base)	tagProtocolHeader	1
KPROTO_SYNCRESIST		tagProtocolHeader	struct	102	1	(base)	KRESIST_ATTR	100
KPROTO_SYNCRESIST		tagProtocolHeader	struct	102	101	bySkillMaxLevelAddons	BYTE	1
KREFUSE_APPLY_JOIN_TONG		EXTEND_HEADER	struct	66	0	(base)	EXTEND_HEADER	2
KREFUSE_APPLY_JOIN_TONG		EXTEND_HEADER	struct	66	2	szSrcName	char[32]	32
KREFUSE_APPLY_JOIN_TONG		EXTEND_HEADER	struct	66	34	szTargetName	char[32]	32
KREQUEST_TONG_ZHAOMU_APPLY_JOIN		tagProtocolHeader	struct	8	0	(base)	tagProtocolHeader	1
KREQUEST_TONG_ZHAOMU_APPLY_JOIN		tagProtocolHeader	struct	8	1	m_wLength	WORD	2
KREQUEST_TONG_ZHAOMU_APPLY_JOIN		tagProtocolHeader	struct	8	3	m_btMsgId	BYTE	1
KREQUEST_TONG_ZHAOMU_APPLY_JOIN		tagProtocolHeader	struct	8	4	m_dwTongID	DWORD	4
KREQUEST_TONG_ZHAOMU_PAGE_REQUEST		tagProtocolHeader	struct	8	0	(base)	tagProtocolHeader	1
KREQUEST_TONG_ZHAOMU_PAGE_REQUEST		tagProtocolHeader	struct	8	1	m_wLength	WORD	2
KREQUEST_TONG_ZHAOMU_PAGE_REQUEST		tagProtocolHeader	struct	8	3	m_btMsgId	BYTE	1
KREQUEST_TONG_ZHAOMU_PAGE_REQUEST		tagProtocolHeader	struct	8	4	m_nPageIndex	int	4
KREQUEST_TONG_ZHAOMU_REQUEST		tagProtocolHeader	struct	8	0	(base)	tagProtocolHeader	1
KREQUEST_TONG_ZHAOMU_REQUEST		tagProtocolHeader	struct	8	1	m_wLength	WORD	2
KREQUEST_TONG_ZHAOMU_REQUEST		tagProtocolHeader	struct	8	3	m_btMsgId	BYTE	1
KREQUEST_TONG_ZHAOMU_REQUEST		tagProtocolHeader	struct	8	4	dwTongID	DWORD	4
KSAVE_TONG_ZHAOMU_REQUEST		tagProtocolHeader	struct	143	0	(base)	tagProtocolHeader	1
KSAVE_TONG_ZHAOMU_REQUEST		tagProtocolHeader	struct	143	1	m_wLength	WORD	2
KSAVE_TONG_ZHAOMU_REQUEST		tagProtocolHeader	struct	143	3	m_btMsgId	BYTE	1
KSAVE_TONG_ZHAOMU_REQUEST		tagProtocolHeader	struct	143	4	dwTongID	DWORD	4
KSAVE_TONG_ZHAOMU_REQUEST		tagProtocolHeader	struct	143	8	ZhaoMuInfo	KZhaoMuInfo	135
KSYNC_ID_ZHAOMU_APPLY_INFO		tagProtocolHeader	struct	6	0	(base)	tagProtocolHeader	1
KSYNC_ID_ZHAOMU_APPLY_INFO		tagProtocolHeader	struct	6	1	m_wLength	WORD	2
KSYNC_ID_ZHAOMU_APPLY_INFO		tagProtocolHeader	struct	6	3	m_btMsgId	BYTE	1
KSYNC_ID_ZHAOMU_APPLY_INFO		tagProtocolHeader	struct	6	4	byPageIndex	BYTE	1
KSYNC_ID_ZHAOMU_APPLY_INFO		tagProtocolHeader	struct	6	5	byCount	BYTE	1
KSYNC_ID_ZHAOMU_APPLY_INFO		tagProtocolHeader	struct	6	6	ApplyInfo	KRET_APPLYINFO[]	
KSYNC_TONG_APPLY_INFO		EXTEND_HEADER	struct	14	0	(base)	EXTEND_HEADER	2
KSYNC_TONG_APPLY_INFO		EXTEND_HEADER	struct	14	2	wLength	WORD	2
KSYNC_TONG_APPLY_INFO		EXTEND_HEADER	struct	14	4	dwTongID	DWORD	4
KSYNC_TONG_APPLY_INFO		EXTEND_HEADER	struct	14	8	nPlayerIndex	int	4
KSYNC_TONG_APPLY_INFO		EXTEND_HEADER	struct	14	12	byPageIndex	BYTE	1
KSYNC_TONG_APPLY_INFO		EXTEND_HEADER	struct	14	13	byCount	BYTE	1
KSYNC_TONG_APPLY_INFO		EXTEND_HEADER	struct	14	14	ApplyInfo	KRET_APPLYINFO[]	
KSYNC_TONG_ZHAOMU_INFO		EXTEND_HEADER	struct	141	0	(base)	EXTEND_HEADER	2
KSYNC_TONG_ZHAOMU_INFO		EXTEND_HEADER	struct	141	2	dwTongID	DWORD	4
KSYNC_TONG_ZHAOMU_INFO		EXTEND_HEADER	struct	141	6	ZhaoMuInfo	KZhaoMuInfo	135
KSYNC_TONG_ZHAOMU_PAGE_TO_CLIENT		tagProtocolHeader	struct	721	0	(base)	tagProtocolHeader	1
KSYNC_TONG_ZHAOMU_PAGE_TO_CLIENT		tagProtocolHeader	struct	721	1	m_wLength	WORD	2
KSYNC_TONG_ZHAOMU_PAGE_TO_CLIENT		tagProtocolHeader	struct	721	3	m_btMsgId	BYTE	1
KSYNC_TONG_ZHAOMU_PAGE_TO_CLIENT		tagProtocolHeader	struct	721	4	byPageIndex	BYTE	1
KSYNC_TONG_ZHAOMU_PAGE_TO_CLIENT		tagProtocolHeader	struct	721	5	ShowInfo	KTongShowInfo[4]	716
KSYNC_TONG_ZHAOMU_TO_CLIENT		tagProtocolHeader	struct	143	0	(base)	tagProtocolHeader	1
KSYNC_TONG_ZHAOMU_TO_CLIENT		tagProtocolHeader	struct	143	1	m_wLength	WORD	2
KSYNC_TONG_ZHAOMU_TO_CLIENT		tagProtocolHeader	struct	143	3	m_btMsgId	BYTE	1
KSYNC_TONG_ZHAOMU_TO_CLIENT		tagProtocolHeader	struct	143	4	dwTongID	DWORD	4
KSYNC_TONG_ZHAOMU_TO_CLIENT		tagProtocolHeader	struct	143	8	ZhaoMuInfo	KZhaoMuInfo	135
KZHAOMU_ACCEPT_OR_REFUSE		tagProtocolHeader	struct	38	0	(base)	tagProtocolHeader	1
KZHAOMU_ACCEPT_OR_REFUSE		tagProtocolHeader	struct	38	1	m_wLength	WORD	2
KZHAOMU_ACCEPT_OR_REFUSE		tagProtocolHeader	struct	38	3	m_btMsgId	BYTE	1
KZHAOMU_ACCEPT_OR_REFUSE		tagProtocolHeader	struct	38	4	m_byAccept	BYTE	1
KZHAOMU_ACCEPT_OR_REFUSE		tagProtocolHeader	struct	38	5	m_byCurPageIndex	BYTE	1
KZHAOMU_ACCEPT_OR_REFUSE		tagProtocolHeader	struct	38	6	szName	char[32]	32
KZHAOMU_GET_APPLY_INFO		tagProtocolHeader	struct	5	0	(base)	tagProtocolHeader	1
KZHAOMU_GET_APPLY_INFO		tagProtocolHeader	struct	5	1	m_wLength	WORD	2
KZHAOMU_GET_APPLY_INFO		tagProtocolHeader	struct	5	3	m_btMsgId	BYTE	1
KZHAOMU_GET_APPLY_INFO		tagProtocolHeader	struct	5	4	m_byPageIndex	BYTE	1
LADDER_RELAYHEADER_G2R		EXTEND_HEADER	struct	52	0	(base)	EXTEND_HEADER	2
LADDER_RELAYHEADER_G2R		EXTEND_HEADER	struct	52	2	ulLadderID	unsigned int	4
LADDER_RELAYHEADER_G2R		EXTEND_HEADER	struct	52	6	RoleList	TRoleList	46
LEAGUE_RELAYHEADER		EXTEND_HEADER	struct	6	0	(base)	EXTEND_HEADER	2
LEAGUE_RELAYHEADER		EXTEND_HEADER	struct	6	2	dwServiceMatchID	DWORD	4
NPC_FEATURE_SYNC		tagProtocolHeader	struct	22	0	(base)	tagProtocolHeader	1
NPC_FEATURE_SYNC		tagProtocolHeader	struct	22	1	m_dwNpcID	DWORD	4
NPC_FEATURE_SYNC		tagProtocolHeader	struct	22	5	m_btFeaturePriority	BYTE	1
NPC_FEATURE_SYNC		tagProtocolHeader	struct	22	6	m_btFeatureState	BYTE	1
NPC_FEATURE_SYNC		tagProtocolHeader	struct	22	7	m_dwNpcSettingIdx	DWORD	4
NPC_FEATURE_SYNC		tagProtocolHeader	struct	22	11	m_wHelmType	WORD	2
NPC_FEATURE_SYNC		tagProtocolHeader	struct	22	13	m_wArmorType	WORD	2
NPC_FEATURE_SYNC		tagProtocolHeader	struct	22	15	m_wWeaponType	WORD	2
NPC_FEATURE_SYNC		tagProtocolHeader	struct	22	17	m_wHorseType	WORD	2
NPC_FEATURE_SYNC		tagProtocolHeader	struct	22	19	m_wMantleType	WORD	2
NPC_FEATURE_SYNC		tagProtocolHeader	struct	22	21	m_btChangeFeatureCount	BYTE	1
NPC_RUN_COMMAND		tagProtocolHeader	struct	13	0	(base)	tagProtocolHeader	1
NPC_RUN_COMMAND		tagProtocolHeader	struct	13	1	nMpsX	int	4
NPC_RUN_COMMAND		tagProtocolHeader	struct	13	5	nMpsY	int	4
NPC_RUN_COMMAND		tagProtocolHeader	struct	13	9	dwCheckValue	DWORD	4
NPC_SKILL_COMMAND		tagProtocolHeader	struct	17	0	(base)	tagProtocolHeader	1
NPC_SKILL_COMMAND		tagProtocolHeader	struct	17	1	nMpsY	int	4
NPC_SKILL_COMMAND		tagProtocolHeader	struct	17	5	nSkillID	int	4
NPC_SKILL_COMMAND		tagProtocolHeader	struct	17	9	nMpsX	int	4
NPC_SKILL_COMMAND		tagProtocolHeader	struct	17	13	dwCheckValue	DWORD	4
NPC_WALK_COMMAND		tagProtocolHeader	struct	13	0	(base)	tagProtocolHeader	1
NPC_WALK_COMMAND		tagProtocolHeader	struct	13	1	nMpsX	int	4
NPC_WALK_COMMAND		tagProtocolHeader	struct	13	5	nMpsY	int	4
NPC_WALK_COMMAND		tagProtocolHeader	struct	13	9	dwCheckValue	DWORD	4
OFFLINELIVE_CLAIM		EXTEND_HEADER	struct	34	0	(base)	EXTEND_HEADER	2
OFFLINELIVE_CLAIM		EXTEND_HEADER	struct	34	2	szRole	char[32]	32
PLAYERCOMM_NOTIFYCHANNELID		EXTEND_HEADER	struct	40	0	(base)	EXTEND_HEADER	2
PLAYERCOMM_NOTIFYCHANNELID		EXTEND_HEADER	struct	40	2	channel	char[32]	32
PLAYERCOMM_NOTIFYCHANNELID		EXTEND_HEADER	struct	40	34	channelid	DWORD	4
PLAYERCOMM_NOTIFYCHANNELID		EXTEND_HEADER	struct	40	38	cost	BYTE	1
PLAYERCOMM_NOTIFYCHANNELID		EXTEND_HEADER	struct	40	39	channelType	BYTE	1
PLAYER_NORMAL_SYNC		tagProtocolHeader	struct	24	0	(base)	tagProtocolHeader	1
PLAYER_NORMAL_SYNC		tagProtocolHeader	struct	24	1	ID	DWORD	4
PLAYER_NORMAL_SYNC		tagProtocolHeader	struct	24	5	AttackSpeed	BYTE	1
PLAYER_NORMAL_SYNC		tagProtocolHeader	struct	24	6	RunSpeed	BYTE	1
PLAYER_NORMAL_SYNC		tagProtocolHeader	struct	24	7	m_btChangeFeatureCount	BYTE	1
PLAYER_NORMAL_SYNC		tagProtocolHeader	struct	24	8	HelmType	BYTE	1
PLAYER_NORMAL_SYNC		tagProtocolHeader	struct	24	9	HorseType	BYTE	1
PLAYER_NORMAL_SYNC		tagProtocolHeader	struct	24	10	WalkSpeed	BYTE	1
PLAYER_NORMAL_SYNC		tagProtocolHeader	struct	24	11	CastSpeed	BYTE	1
PLAYER_NORMAL_SYNC		tagProtocolHeader	struct	24	12	ArmorType	BYTE	1
PLAYER_NORMAL_SYNC		tagProtocolHeader	struct	24	13	WeaponType	BYTE	1
PLAYER_NORMAL_SYNC		tagProtocolHeader	struct	24	14	byMantleType	BYTE	1
PLAYER_NORMAL_SYNC		tagProtocolHeader	struct	24	15	m_btSomeFlag1	BYTE	1
PLAYER_NORMAL_SYNC		tagProtocolHeader	struct	24	16	m_btSomeFlag	BYTE	1
PLAYER_NORMAL_SYNC		tagProtocolHeader	struct	24	17	m_wTitleID	WORD	2
PLAYER_NORMAL_SYNC		tagProtocolHeader	struct	24	19	m_dwTongNameID	DWORD	4
PLAYER_NORMAL_SYNC		tagProtocolHeader	struct	24	23	nFortuneRank	BYTE	1
PLAYER_SELECTUI_COMMAND	PLAYER_SELECTUI_COMMAND	tagProtocolHeader	struct	17	0	(base)	tagProtocolHeader	1
PLAYER_SELECTUI_COMMAND	PLAYER_SELECTUI_COMMAND	tagProtocolHeader	struct	17	1	nSelectIndex	int	4
PLAYER_SELECTUI_COMMAND	PLAYER_SELECTUI_COMMAND	tagProtocolHeader	struct	17	5	nSelectType	int	4
PLAYER_SELECTUI_COMMAND	PLAYER_SELECTUI_COMMAND	tagProtocolHeader	struct	17	9	nParam1	int	4
PLAYER_SELECTUI_COMMAND	PLAYER_SELECTUI_COMMAND	tagProtocolHeader	struct	17	13	nParam2	int	4
PLAYER_SEND_CHAT_DATA_COMMAND	PLAYER_SEND_CHAT_COMMAND	tagProtocolHeader	struct	288	0	(base)	tagProtocolHeader	1
PLAYER_SEND_CHAT_DATA_COMMAND	PLAYER_SEND_CHAT_COMMAND	tagProtocolHeader	struct	288	1	m_wLength	WORD	2
PLAYER_SEND_CHAT_DATA_COMMAND	PLAYER_SEND_CHAT_COMMAND	tagProtocolHeader	struct	288	3	m_btCurChannel	BYTE	1
PLAYER_SEND_CHAT_DATA_COMMAND	PLAYER_SEND_CHAT_COMMAND	tagProtocolHeader	struct	288	4	m_btType	BYTE	1
PLAYER_SEND_CHAT_DATA_COMMAND	PLAYER_SEND_CHAT_COMMAND	tagProtocolHeader	struct	288	5	m_btChatPrefixLen	BYTE	1
PLAYER_SEND_CHAT_DATA_COMMAND	PLAYER_SEND_CHAT_COMMAND	tagProtocolHeader	struct	288	6	m_wSentenceLen	WORD	2
PLAYER_SEND_CHAT_DATA_COMMAND	PLAYER_SEND_CHAT_COMMAND	tagProtocolHeader	struct	288	8	m_dwTargetID	DWORD	4
PLAYER_SEND_CHAT_DATA_COMMAND	PLAYER_SEND_CHAT_COMMAND	tagProtocolHeader	struct	288	12	m_nTargetIdx	int	4
PLAYER_SEND_CHAT_DATA_COMMAND	PLAYER_SEND_CHAT_COMMAND	tagProtocolHeader	struct	288	16	m_szSentence	char[272]	272
PLAYER_SEND_CHAT_DATA_SYNC	PLAYER_SEND_CHAT_SYNC	tagProtocolHeader	struct	316	0	(base)	tagProtocolHeader	1
PLAYER_SEND_CHAT_DATA_SYNC	PLAYER_SEND_CHAT_SYNC	tagProtocolHeader	struct	316	1	m_wLength	WORD	2
PLAYER_SEND_CHAT_DATA_SYNC	PLAYER_SEND_CHAT_SYNC	tagProtocolHeader	struct	316	3	m_btCurChannel	BYTE	1
PLAYER_SEND_CHAT_DATA_SYNC	PLAYER_SEND_CHAT_SYNC	tagProtocolHeader	struct	316	4	m_btNameLen	BYTE	1
PLAYER_SEND_CHAT_DATA_SYNC	PLAYER_SEND_CHAT_SYNC	tagProtocolHeader	struct	316	5	m_btChatPrefixLen	BYTE	1
PLAYER_SEND_CHAT_DATA_SYNC	PLAYER_SEND_CHAT_SYNC	tagProtocolHeader	struct	316	6	m_wSentenceLen	WORD	2
PLAYER_SEND_CHAT_DATA_SYNC	PLAYER_SEND_CHAT_SYNC	tagProtocolHeader	struct	316	8	m_dwSourceID	DWORD	4
PLAYER_SEND_CHAT_DATA_SYNC	PLAYER_SEND_CHAT_SYNC	tagProtocolHeader	struct	316	12	m_szSentence	char[304]	304
R2S_GET_TAGS_RESPOND		EXTEND_HEADER	struct	68	0	(base)	EXTEND_HEADER	2
R2S_GET_TAGS_RESPOND		EXTEND_HEADER	struct	68	2	szSrcPlayer	char[32]	32
R2S_GET_TAGS_RESPOND		EXTEND_HEADER	struct	68	34	szTargetPlayer	char[32]	32
R2S_GET_TAGS_RESPOND		EXTEND_HEADER	struct	68	66	wDataSize	WORD	2
R2S_GET_TAGS_RESPOND		EXTEND_HEADER	struct	68	68	byData	BYTE[]	
R2S_QUERY_STAT_ID_RESPOND		EXTEND_HEADER	struct	70	0	(base)	EXTEND_HEADER	2
R2S_QUERY_STAT_ID_RESPOND		EXTEND_HEADER	struct	70	2	szName	char[64]	64
R2S_QUERY_STAT_ID_RESPOND		EXTEND_HEADER	struct	70	66	nID	int	4
RELAY_ASKWAY_DATA		EXTEND_HEADER	struct	20	0	(base)	EXTEND_HEADER	2
RELAY_ASKWAY_DATA		EXTEND_HEADER	struct	20	2	nFromIP	DWORD	4
RELAY_ASKWAY_DATA		EXTEND_HEADER	struct	20	6	nFromRelayID	DWORD	4
RELAY_ASKWAY_DATA		EXTEND_HEADER	struct	20	10	seekRelayCount	DWORD	4
RELAY_ASKWAY_DATA		EXTEND_HEADER	struct	20	14	seekMethod	WORD	2
RELAY_ASKWAY_DATA		EXTEND_HEADER	struct	20	16	wMethodDataLength	WORD	2
RELAY_ASKWAY_DATA		EXTEND_HEADER	struct	20	18	routeDateLength	WORD	2
RELAY_CONNECT_READY		EXTEND_HEADER	struct	3	0	(base)	EXTEND_HEADER	2
RELAY_CONNECT_READY		EXTEND_HEADER	struct	3	2	btReady	BYTE	1
RELAY_DATA		EXTEND_HEADER	struct	20	0	(base)	EXTEND_HEADER	2
RELAY_DATA		EXTEND_HEADER	struct	20	2	nToIP	DWORD	4
RELAY_DATA		EXTEND_HEADER	struct	20	6	nToRelayID	DWORD	4
RELAY_DATA		EXTEND_HEADER	struct	20	10	nFromIP	DWORD	4
RELAY_DATA		EXTEND_HEADER	struct	20	14	nFromRelayID	DWORD	4
RELAY_DATA		EXTEND_HEADER	struct	20	18	routeDateLength	WORD	2
RELAY_DYNMAP_CREAT_INFO		EXTEND_HEADER	struct	7	0	(base)	EXTEND_HEADER	2
RELAY_DYNMAP_CREAT_INFO		EXTEND_HEADER	struct	7	2	dwMapID	DWORD	4
RELAY_DYNMAP_CREAT_INFO		EXTEND_HEADER	struct	7	6	btResult	BYTE	1
RELAY_DYNMAP_DELETE_RESULT		EXTEND_HEADER	struct	7	0	(base)	EXTEND_HEADER	2
RELAY_DYNMAP_DELETE_RESULT		EXTEND_HEADER	struct	7	2	dwMapID	DWORD	4
RELAY_DYNMAP_DELETE_RESULT		EXTEND_HEADER	struct	7	6	btResult	BYTE	1
RELAY_LADDERDATA		EXTEND_HEADER	struct	467	0	(base)	EXTEND_HEADER	2
RELAY_LADDERDATA		EXTEND_HEADER	struct	467	2	dwLadderID	DWORD	4
RELAY_LADDERDATA		EXTEND_HEADER	struct	467	6	btRoleCount	BYTE	1
RELAY_LADDERDATA		EXTEND_HEADER	struct	467	7	StatData	TRoleList[10]	460
RELAY_PING		EXTEND_HEADER	struct	10	0	(base)	EXTEND_HEADER	2
RELAY_PING		EXTEND_HEADER	struct	10	2	dwSequence	DWORD	4
RELAY_PING		EXTEND_HEADER	struct	10	6	dwTimestamp	DWORD	4
RELAY_QUERY_MAP		EXTEND_HEADER	struct	6	0	(base)	EXTEND_HEADER	2
RELAY_QUERY_MAP		EXTEND_HEADER	struct	6	2	dwServerID	DWORD	4
ROLENAME_CHANGE		EXTEND_HEADER	struct	98	0	(base)	EXTEND_HEADER	2
ROLENAME_CHANGE		EXTEND_HEADER	struct	98	2	szAccount	char[32]	32
ROLENAME_CHANGE		EXTEND_HEADER	struct	98	34	szRoleName	char[32]	32
ROLENAME_CHANGE		EXTEND_HEADER	struct	98	66	szOperName	char[32]	32
S2C_GET_TAGS_RESPOND		tagProtocolHeader	struct	35	0	(base)	tagProtocolHeader	1
S2C_GET_TAGS_RESPOND		tagProtocolHeader	struct	35	1	szTargetPlayer	char[32]	32
S2C_GET_TAGS_RESPOND		tagProtocolHeader	struct	35	33	wDataLen	WORD	2
S2C_GET_TAGS_RESPOND		tagProtocolHeader	struct	35	35	byData	BYTE[]	
S2C_TONG_CHECK_APPLYER_STATE		EXTEND_HEADER	struct	79	0	(base)	EXTEND_HEADER	2
S2C_TONG_CHECK_APPLYER_STATE		EXTEND_HEADER	struct	79	2	dwTongID	DWORD	4
S2C_TONG_CHECK_APPLYER_STATE		EXTEND_HEADER	struct	79	6	byCurPageIndex	BYTE	1
S2C_TONG_CHECK_APPLYER_STATE		EXTEND_HEADER	struct	79	7	nOperatorIndex	int	4
S2C_TONG_CHECK_APPLYER_STATE		EXTEND_HEADER	struct	79	11	szOperatorName	char[32]	32
S2C_TONG_CHECK_APPLYER_STATE		EXTEND_HEADER	struct	79	43	szApplyerName	char[32]	32
S2C_TONG_CHECK_APPLYER_STATE		EXTEND_HEADER	struct	79	75	dwGSID	DWORD	4
S2R_ADD_TAG_REQUEST		EXTEND_HEADER	struct	98	0	(base)	EXTEND_HEADER	2
S2R_ADD_TAG_REQUEST		EXTEND_HEADER	struct	98	2	szSrcPlayer	char[32]	32
S2R_ADD_TAG_REQUEST		EXTEND_HEADER	struct	98	34	szTargetPlayer	char[32]	32
S2R_ADD_TAG_REQUEST		EXTEND_HEADER	struct	98	66	szTagTxt	char[32]	32
S2R_DEL_TAG_REQUEST		EXTEND_HEADER	struct	38	0	(base)	EXTEND_HEADER	2
S2R_DEL_TAG_REQUEST		EXTEND_HEADER	struct	38	2	szPlayerName	char[32]	32
S2R_DEL_TAG_REQUEST		EXTEND_HEADER	struct	38	34	nTagTime	time_t	4
S2R_GET_TAGS_REQUEST		EXTEND_HEADER	struct	66	0	(base)	EXTEND_HEADER	2
S2R_GET_TAGS_REQUEST		EXTEND_HEADER	struct	66	2	szSrcPlayer	char[32]	32
S2R_GET_TAGS_REQUEST		EXTEND_HEADER	struct	66	34	szTargetPlayer	char[32]	32
S2R_QUERY_STAT_ID_REQUEST		EXTEND_HEADER	struct	66	0	(base)	EXTEND_HEADER	2
S2R_QUERY_STAT_ID_REQUEST		EXTEND_HEADER	struct	66	2	szName	char[64]	64
S2R_SET_FRIEND_PUBLISH_FLAG		EXTEND_HEADER	struct	35	0	(base)	EXTEND_HEADER	2
S2R_SET_FRIEND_PUBLISH_FLAG		EXTEND_HEADER	struct	35	2	szPlayerName	char[32]	32
S2R_SET_FRIEND_PUBLISH_FLAG		EXTEND_HEADER	struct	35	34	byFlag	BYTE	1
S2R_SET_STAT_DATA_REQUEST		EXTEND_HEADER	struct	74	0	(base)	EXTEND_HEADER	2
S2R_SET_STAT_DATA_REQUEST		EXTEND_HEADER	struct	74	2	szName	char[64]	64
S2R_SET_STAT_DATA_REQUEST		EXTEND_HEADER	struct	74	66	nValue	int64_t	8
S2R_UPDATE_STAT_DATA_REQUEST		EXTEND_HEADER	struct	6	0	(base)	EXTEND_HEADER	2
S2R_UPDATE_STAT_DATA_REQUEST		EXTEND_HEADER	struct	6	2	nCount	int	4
S2R_UPDATE_STAT_DATA_REQUEST		EXTEND_HEADER	struct	6	6	Values	KSTAT_DATA_MODIFY[]	
SIMPLE_INFO_8		tagProtocolHeader	struct	9	0	(base)	tagProtocolHeader	1
SIMPLE_INFO_8		tagProtocolHeader	struct	9	1		SIMPLE_INFO_8_u	8
SPECTATOR_MSG		tagProtocolHeader	struct	4	0	(base)	tagProtocolHeader	1
SPECTATOR_MSG		tagProtocolHeader	struct	4	1	wLen	WORD	2
SPECTATOR_MSG		tagProtocolHeader	struct	4	3	nCmd	BYTE	1
STONG_ACCEPT_INSTATE_COMMAND		EXTEND_HEADER	struct	79	0	(base)	EXTEND_HEADER	2
STONG_ACCEPT_INSTATE_COMMAND		EXTEND_HEADER	struct	79	2	m_dwParam	DWORD	4
STONG_ACCEPT_INSTATE_COMMAND		EXTEND_HEADER	struct	79	6	m_dwTongNameID	DWORD	4
STONG_ACCEPT_INSTATE_COMMAND		EXTEND_HEADER	struct	79	10	m_btOldFigure	BYTE	1
STONG_ACCEPT_INSTATE_COMMAND		EXTEND_HEADER	struct	79	11	m_btOldPos	BYTE	1
STONG_ACCEPT_INSTATE_COMMAND		EXTEND_HEADER	struct	79	12	m_btNewFigure	BYTE	1
STONG_ACCEPT_INSTATE_COMMAND		EXTEND_HEADER	struct	79	13	m_btNewPos	BYTE	1
STONG_ACCEPT_INSTATE_COMMAND		EXTEND_HEADER	struct	79	14	m_btAcceptFalg	BYTE	1
STONG_ACCEPT_INSTATE_COMMAND		EXTEND_HEADER	struct	79	15	m_szName	char[32]	32
STONG_ACCEPT_INSTATE_COMMAND		EXTEND_HEADER	struct	79	47	m_szOperater	char[32]	32
STONG_ACCEPT_MASTER_COMMAND		EXTEND_HEADER	struct	45	0	(base)	EXTEND_HEADER	2
STONG_ACCEPT_MASTER_COMMAND		EXTEND_HEADER	struct	45	2	m_dwParam	DWORD	4
STONG_ACCEPT_MASTER_COMMAND		EXTEND_HEADER	struct	45	6	m_dwTongNameID	DWORD	4
STONG_ACCEPT_MASTER_COMMAND		EXTEND_HEADER	struct	45	10	m_btFigure	BYTE	1
STONG_ACCEPT_MASTER_COMMAND		EXTEND_HEADER	struct	45	11	m_btPos	BYTE	1
STONG_ACCEPT_MASTER_COMMAND		EXTEND_HEADER	struct	45	12	m_btAcceptFalg	BYTE	1
STONG_ACCEPT_MASTER_COMMAND		EXTEND_HEADER	struct	45	13	m_szName	char[32]	32
STONG_ADD_MEMBER_COMMAND		EXTEND_HEADER	struct	148	0	(base)	EXTEND_HEADER	2
STONG_ADD_MEMBER_COMMAND		EXTEND_HEADER	struct	148	2	m_wLength	WORD	2
STONG_ADD_MEMBER_COMMAND		EXTEND_HEADER	struct	148	4	m_dwPlayerNameID	DWORD	4
STONG_ADD_MEMBER_COMMAND		EXTEND_HEADER	struct	148	8	m_dwParam	DWORD	4
STONG_ADD_MEMBER_COMMAND		EXTEND_HEADER	struct	148	12	m_dwOfferBring	DWORD	4
STONG_ADD_MEMBER_COMMAND		EXTEND_HEADER	struct	148	16	m_btSex	BYTE	1
STONG_ADD_MEMBER_COMMAND		EXTEND_HEADER	struct	148	17	m_btLevel	BYTE	1
STONG_ADD_MEMBER_COMMAND		EXTEND_HEADER	struct	148	18	m_szOperatorName	char[32]	32
STONG_ADD_MEMBER_COMMAND		EXTEND_HEADER	struct	148	50	m_btTongNameLength	BYTE	1
STONG_ADD_MEMBER_COMMAND		EXTEND_HEADER	struct	148	51	m_btPlayerNameLength	BYTE	1
STONG_ADD_MEMBER_COMMAND		EXTEND_HEADER	struct	148	52	m_szBuffer	char[96]	96
STONG_ADD_TAX_COMMAND		EXTEND_HEADER	struct	38	0	(base)	EXTEND_HEADER	2
STONG_ADD_TAX_COMMAND		EXTEND_HEADER	struct	38	2	m_dwMoney	DWORD	4
STONG_ADD_TAX_COMMAND		EXTEND_HEADER	struct	38	6	m_szTongName	char[32]	32
STONG_APPLY_DISPENSE_COMMAND		EXTEND_HEADER	struct	59	0	(base)	EXTEND_HEADER	2
STONG_APPLY_DISPENSE_COMMAND		EXTEND_HEADER	struct	59	2	m_dwParam	DWORD	4
STONG_APPLY_DISPENSE_COMMAND		EXTEND_HEADER	struct	59	6	m_dwNpcID	DWORD	4
STONG_APPLY_DISPENSE_COMMAND		EXTEND_HEADER	struct	59	10	m_dwTongNameID	DWORD	4
STONG_APPLY_DISPENSE_COMMAND		EXTEND_HEADER	struct	59	14	m_dwDirectorMoney	DWORD	4
STONG_APPLY_DISPENSE_COMMAND		EXTEND_HEADER	struct	59	18	m_dwManagerMoney	DWORD	4
STONG_APPLY_DISPENSE_COMMAND		EXTEND_HEADER	struct	59	22	m_dwMemberMoney	DWORD	4
STONG_APPLY_DISPENSE_COMMAND		EXTEND_HEADER	struct	59	26	m_szTongName	char[32]	32
STONG_APPLY_DISPENSE_COMMAND		EXTEND_HEADER	struct	59	58	m_btIsAll	BYTE	1
STONG_APPLY_LEAVE_UNION_COMMAND		EXTEND_HEADER	struct	111	0	(base)	EXTEND_HEADER	2
STONG_APPLY_LEAVE_UNION_COMMAND		EXTEND_HEADER	struct	111	2	m_dwParam	DWORD	4
STONG_APPLY_LEAVE_UNION_COMMAND		EXTEND_HEADER	struct	111	6	m_dwNpcID	DWORD	4
STONG_APPLY_LEAVE_UNION_COMMAND		EXTEND_HEADER	struct	111	10	m_dwTongNameID	DWORD	4
STONG_APPLY_LEAVE_UNION_COMMAND		EXTEND_HEADER	struct	111	14	m_btOpeID	BYTE	1
STONG_APPLY_LEAVE_UNION_COMMAND		EXTEND_HEADER	struct	111	15	m_szOpeName	char[32]	32
STONG_APPLY_LEAVE_UNION_COMMAND		EXTEND_HEADER	struct	111	47	m_szSelfTongName	char[32]	32
STONG_APPLY_LEAVE_UNION_COMMAND		EXTEND_HEADER	struct	111	79	m_szTarTongName	char[32]	32
STONG_APPLY_UNION_INFO_COMMAND		EXTEND_HEADER	struct	15	0	(base)	EXTEND_HEADER	2
STONG_APPLY_UNION_INFO_COMMAND		EXTEND_HEADER	struct	15	2	m_dwParam	DWORD	4
STONG_APPLY_UNION_INFO_COMMAND		EXTEND_HEADER	struct	15	6	m_dwNpcID	DWORD	4
STONG_APPLY_UNION_INFO_COMMAND		EXTEND_HEADER	struct	15	10	m_dwTongNameID	DWORD	4
STONG_APPLY_UNION_INFO_COMMAND		EXTEND_HEADER	struct	15	14	m_btApplyType	BYTE	1
STONG_BE_KICKED_SYNC		EXTEND_HEADER	struct	40	0	(base)	EXTEND_HEADER	2
STONG_BE_KICKED_SYNC		EXTEND_HEADER	struct	40	2	m_dwParam	DWORD	4
STONG_BE_KICKED_SYNC		EXTEND_HEADER	struct	40	6	m_btFigure	BYTE	1
STONG_BE_KICKED_SYNC		EXTEND_HEADER	struct	40	7	m_btPos	BYTE	1
STONG_BE_KICKED_SYNC		EXTEND_HEADER	struct	40	8	m_szName	char[32]	32
STONG_BILLBOARD_COMMAND		EXTEND_HEADER	struct	6	0	(base)	EXTEND_HEADER	2
STONG_BILLBOARD_COMMAND		EXTEND_HEADER	struct	6	2	m_dwParam	DWORD	4
STONG_BILLBOARD_SYNC		EXTEND_HEADER	struct	389	0	(base)	EXTEND_HEADER	2
STONG_BILLBOARD_SYNC		EXTEND_HEADER	struct	389	2	m_wLength	WORD	2
STONG_BILLBOARD_SYNC		EXTEND_HEADER	struct	389	4	m_dwParam	DWORD	4
STONG_BILLBOARD_SYNC		EXTEND_HEADER	struct	389	8	m_dwMemberNum	DWORD[10]	40
STONG_BILLBOARD_SYNC		EXTEND_HEADER	struct	389	48	m_btDataNum	BYTE	1
STONG_BILLBOARD_SYNC		EXTEND_HEADER	struct	389	49	m_btCamp	BYTE[10]	10
STONG_BILLBOARD_SYNC		EXTEND_HEADER	struct	389	59	m_btNameLen	BYTE[10]	10
STONG_BILLBOARD_SYNC		EXTEND_HEADER	struct	389	69	m_szName	char[320]	320
STONG_CHANGE_AS_SYNC		EXTEND_HEADER	struct	79	0	(base)	EXTEND_HEADER	2
STONG_CHANGE_AS_SYNC		EXTEND_HEADER	struct	79	2	m_dwParam	DWORD	4
STONG_CHANGE_AS_SYNC		EXTEND_HEADER	struct	79	6	m_dwTongNameID	DWORD	4
STONG_CHANGE_AS_SYNC		EXTEND_HEADER	struct	79	10	m_btFigure	BYTE	1
STONG_CHANGE_AS_SYNC		EXTEND_HEADER	struct	79	11	m_dwNameID	DWORD	4
STONG_CHANGE_AS_SYNC		EXTEND_HEADER	struct	79	15	m_szTitle	char[32]	32
STONG_CHANGE_AS_SYNC		EXTEND_HEADER	struct	79	47	m_szName	char[32]	32
STONG_CHANGE_EXP_COMMAND		EXTEND_HEADER	struct	47	0	(base)	EXTEND_HEADER	2
STONG_CHANGE_EXP_COMMAND		EXTEND_HEADER	struct	47	2	m_dwParam	DWORD	4
STONG_CHANGE_EXP_COMMAND		EXTEND_HEADER	struct	47	6	m_dwTongNameID	DWORD	4
STONG_CHANGE_EXP_COMMAND		EXTEND_HEADER	struct	47	10	m_btAddFlag	BYTE	1
STONG_CHANGE_EXP_COMMAND		EXTEND_HEADER	struct	47	11	m_dwExp	DWORD	4
STONG_CHANGE_EXP_COMMAND		EXTEND_HEADER	struct	47	15	m_szName	char[32]	32
STONG_CHANGE_EXP_SYNC		EXTEND_HEADER	struct	56	0	(base)	EXTEND_HEADER	2
STONG_CHANGE_EXP_SYNC		EXTEND_HEADER	struct	56	2	m_dwParam	DWORD	4
STONG_CHANGE_EXP_SYNC		EXTEND_HEADER	struct	56	6	m_btAddFlag	BYTE	1
STONG_CHANGE_EXP_SYNC		EXTEND_HEADER	struct	56	7	m_btSuccessFlag	BYTE	1
STONG_CHANGE_EXP_SYNC		EXTEND_HEADER	struct	56	8	m_dwTongNameID	DWORD	4
STONG_CHANGE_EXP_SYNC		EXTEND_HEADER	struct	56	12	m_dwExp	DWORD	4
STONG_CHANGE_EXP_SYNC		EXTEND_HEADER	struct	56	16	m_dwCurExp	DWORD	4
STONG_CHANGE_EXP_SYNC		EXTEND_HEADER	struct	56	20	m_dwCurLevel	DWORD	4
STONG_CHANGE_EXP_SYNC		EXTEND_HEADER	struct	56	24	m_szName	char[32]	32
STONG_CHANGE_JOB_CALL_COMMAND		EXTEND_HEADER	struct	47	0	(base)	EXTEND_HEADER	2
STONG_CHANGE_JOB_CALL_COMMAND		EXTEND_HEADER	struct	47	2	m_dwParam	DWORD	4
STONG_CHANGE_JOB_CALL_COMMAND		EXTEND_HEADER	struct	47	6	m_dwTongNameID	DWORD	4
STONG_CHANGE_JOB_CALL_COMMAND		EXTEND_HEADER	struct	47	10	m_btFigure	BYTE	1
STONG_CHANGE_JOB_CALL_COMMAND		EXTEND_HEADER	struct	47	11	m_dwMemberID	DWORD	4
STONG_CHANGE_JOB_CALL_COMMAND		EXTEND_HEADER	struct	47	15	m_szCall	char[32]	32
STONG_CHANGE_MASTER_COMMAND		EXTEND_HEADER	struct	44	0	(base)	EXTEND_HEADER	2
STONG_CHANGE_MASTER_COMMAND		EXTEND_HEADER	struct	44	2	m_dwParam	DWORD	4
STONG_CHANGE_MASTER_COMMAND		EXTEND_HEADER	struct	44	6	m_dwTongNameID	DWORD	4
STONG_CHANGE_MASTER_COMMAND		EXTEND_HEADER	struct	44	10	m_btFigure	BYTE	1
STONG_CHANGE_MASTER_COMMAND		EXTEND_HEADER	struct	44	11	m_btPos	BYTE	1
STONG_CHANGE_MASTER_COMMAND		EXTEND_HEADER	struct	44	12	m_szName	char[32]	32
STONG_CHANGE_MASTER_FAIL_SYNC		EXTEND_HEADER	struct	43	0	(base)	EXTEND_HEADER	2
STONG_CHANGE_MASTER_FAIL_SYNC		EXTEND_HEADER	struct	43	2	m_dwParam	DWORD	4
STONG_CHANGE_MASTER_FAIL_SYNC		EXTEND_HEADER	struct	43	6	m_dwTongNameID	DWORD	4
STONG_CHANGE_MASTER_FAIL_SYNC		EXTEND_HEADER	struct	43	10	m_btFailID	BYTE	1
STONG_CHANGE_MASTER_FAIL_SYNC		EXTEND_HEADER	struct	43	11	m_szName	char[32]	32
STONG_CHANGE_MASTER_SYNC		EXTEND_HEADER	struct	38	0	(base)	EXTEND_HEADER	2
STONG_CHANGE_MASTER_SYNC		EXTEND_HEADER	struct	38	2	m_dwTongNameID	DWORD	4
STONG_CHANGE_MASTER_SYNC		EXTEND_HEADER	struct	38	6	m_szName	char[32]	32
STONG_CHANGE_MONEY_SYNC		EXTEND_HEADER	struct	56	0	(base)	EXTEND_HEADER	2
STONG_CHANGE_MONEY_SYNC		EXTEND_HEADER	struct	56	2	m_dwParam	DWORD	4
STONG_CHANGE_MONEY_SYNC		EXTEND_HEADER	struct	56	6	m_btSaveFlag	BYTE	1
STONG_CHANGE_MONEY_SYNC		EXTEND_HEADER	struct	56	7	m_btSuccessFlag	BYTE	1
STONG_CHANGE_MONEY_SYNC		EXTEND_HEADER	struct	56	8	m_dwTongNameID	DWORD	4
STONG_CHANGE_MONEY_SYNC		EXTEND_HEADER	struct	56	12	m_dwMoneyFundChange	DWORD	4
STONG_CHANGE_MONEY_SYNC		EXTEND_HEADER	struct	56	16	m_llMoneyFund	INT64	8
STONG_CHANGE_MONEY_SYNC		EXTEND_HEADER	struct	56	24	m_szName	char[32]	32
STONG_CREATE_COMMAND		EXTEND_HEADER	struct	85	0	(base)	EXTEND_HEADER	2
STONG_CREATE_COMMAND		EXTEND_HEADER	struct	85	2	m_wLength	WORD	2
STONG_CREATE_COMMAND		EXTEND_HEADER	struct	85	4	m_dwPlayerNameID	DWORD	4
STONG_CREATE_COMMAND		EXTEND_HEADER	struct	85	8	m_dwParam	DWORD	4
STONG_CREATE_COMMAND		EXTEND_HEADER	struct	85	12	m_btCamp	BYTE	1
STONG_CREATE_COMMAND		EXTEND_HEADER	struct	85	13	m_btSex	BYTE	1
STONG_CREATE_COMMAND		EXTEND_HEADER	struct	85	14	m_btLevel	BYTE	1
STONG_CREATE_COMMAND		EXTEND_HEADER	struct	85	15	m_btTongNameLength	BYTE	1
STONG_CREATE_COMMAND		EXTEND_HEADER	struct	85	16	m_btPlayerNameLength	BYTE	1
STONG_CREATE_COMMAND		EXTEND_HEADER	struct	85	17	m_dwOffer	DWORD	4
STONG_CREATE_COMMAND		EXTEND_HEADER	struct	85	21	m_szBuffer	char[64]	64
STONG_CREATE_FAIL_SYNC		EXTEND_HEADER	struct	11	0	(base)	EXTEND_HEADER	2
STONG_CREATE_FAIL_SYNC		EXTEND_HEADER	struct	11	2	m_dwPlayerNameID	DWORD	4
STONG_CREATE_FAIL_SYNC		EXTEND_HEADER	struct	11	6	m_dwParam	DWORD	4
STONG_CREATE_FAIL_SYNC		EXTEND_HEADER	struct	11	10	m_btFailID	BYTE	1
STONG_CREATE_UNION_COMMAND		EXTEND_HEADER	struct	46	0	(base)	EXTEND_HEADER	2
STONG_CREATE_UNION_COMMAND		EXTEND_HEADER	struct	46	2	m_dwParam	DWORD	4
STONG_CREATE_UNION_COMMAND		EXTEND_HEADER	struct	46	6	m_dwNpcID	DWORD	4
STONG_CREATE_UNION_COMMAND		EXTEND_HEADER	struct	46	10	m_dwTongNameID	DWORD	4
STONG_CREATE_UNION_COMMAND		EXTEND_HEADER	struct	46	14	m_szUnionName	char[32]	32
STONG_DISPENSE_ERROR_SYNC		EXTEND_HEADER	struct	35	0	(base)	EXTEND_HEADER	2
STONG_DISPENSE_ERROR_SYNC		EXTEND_HEADER	struct	35	2	m_dwParam	DWORD	4
STONG_DISPENSE_ERROR_SYNC		EXTEND_HEADER	struct	35	6	m_dwNpcID	DWORD	4
STONG_DISPENSE_ERROR_SYNC		EXTEND_HEADER	struct	35	10	m_dwTongNameID	DWORD	4
STONG_DISPENSE_ERROR_SYNC		EXTEND_HEADER	struct	35	14	m_dwDirectorMoney	DWORD	4
STONG_DISPENSE_ERROR_SYNC		EXTEND_HEADER	struct	35	18	m_dwManagerMoney	DWORD	4
STONG_DISPENSE_ERROR_SYNC		EXTEND_HEADER	struct	35	22	m_dwMemberMoney	DWORD	4
STONG_DISPENSE_ERROR_SYNC		EXTEND_HEADER	struct	35	26	m_btErrorID	BYTE	1
STONG_DISPENSE_ERROR_SYNC		EXTEND_HEADER	struct	35	27	m_llMoneyFund	INT64	8
STONG_GM_ADD_TIME_COMMAND		EXTEND_HEADER	struct	70	0	(base)	EXTEND_HEADER	2
STONG_GM_ADD_TIME_COMMAND		EXTEND_HEADER	struct	70	2	m_szTongName	char[32]	32
STONG_GM_ADD_TIME_COMMAND		EXTEND_HEADER	struct	70	34	m_szRoleName	char[32]	32
STONG_GM_ADD_TIME_COMMAND		EXTEND_HEADER	struct	70	66	m_wYear	WORD	2
STONG_GM_ADD_TIME_COMMAND		EXTEND_HEADER	struct	70	68	m_btMonth	BYTE	1
STONG_GM_ADD_TIME_COMMAND		EXTEND_HEADER	struct	70	69	m_btDay	BYTE	1
STONG_GM_DISMISS_COMMAND		EXTEND_HEADER	struct	34	0	(base)	EXTEND_HEADER	2
STONG_GM_DISMISS_COMMAND		EXTEND_HEADER	struct	34	2	m_szTongName	char[32]	32
STONG_GM_SET_LEVEL_COMMAND		EXTEND_HEADER	struct	39	0	(base)	EXTEND_HEADER	2
STONG_GM_SET_LEVEL_COMMAND		EXTEND_HEADER	struct	39	2	m_szTongName	char[32]	32
STONG_GM_SET_LEVEL_COMMAND		EXTEND_HEADER	struct	39	34	m_btChangeMode	BYTE	1
STONG_GM_SET_LEVEL_COMMAND		EXTEND_HEADER	struct	39	35	m_dwData	DWORD	4
STONG_GM_SET_MASTER_COMMAND		EXTEND_HEADER	struct	66	0	(base)	EXTEND_HEADER	2
STONG_GM_SET_MASTER_COMMAND		EXTEND_HEADER	struct	66	2	m_szTongName	char[32]	32
STONG_GM_SET_MASTER_COMMAND		EXTEND_HEADER	struct	66	34	m_szMasterName	char[32]	32
STONG_HEADER_WITH_PARAM		EXTEND_HEADER	struct	6	0	(base)	EXTEND_HEADER	2
STONG_HEADER_WITH_PARAM		EXTEND_HEADER	struct	6	2	m_dwParam	DWORD	4
STONG_INSTATE_COMMAND		EXTEND_HEADER	struct	76	0	(base)	EXTEND_HEADER	2
STONG_INSTATE_COMMAND		EXTEND_HEADER	struct	76	2	m_dwParam	DWORD	4
STONG_INSTATE_COMMAND		EXTEND_HEADER	struct	76	6	m_dwTongNameID	DWORD	4
STONG_INSTATE_COMMAND		EXTEND_HEADER	struct	76	10	m_btCurFigure	BYTE	1
STONG_INSTATE_COMMAND		EXTEND_HEADER	struct	76	11	m_btNewFigure	BYTE	1
STONG_INSTATE_COMMAND		EXTEND_HEADER	struct	76	12	m_szName	char[32]	32
STONG_INSTATE_COMMAND		EXTEND_HEADER	struct	76	44	m_szOperater	char[32]	32
STONG_KICK_SYNC		EXTEND_HEADER	struct	45	0	(base)	EXTEND_HEADER	2
STONG_KICK_SYNC		EXTEND_HEADER	struct	45	2	m_dwParam	DWORD	4
STONG_KICK_SYNC		EXTEND_HEADER	struct	45	6	m_dwTongNameID	DWORD	4
STONG_KICK_SYNC		EXTEND_HEADER	struct	45	10	m_btSuccessFlag	BYTE	1
STONG_KICK_SYNC		EXTEND_HEADER	struct	45	11	m_btFigure	BYTE	1
STONG_KICK_SYNC		EXTEND_HEADER	struct	45	12	m_btPos	BYTE	1
STONG_KICK_SYNC		EXTEND_HEADER	struct	45	13	m_szName	char[32]	32
STONG_LEAVE_COMMAND		EXTEND_HEADER	struct	44	0	(base)	EXTEND_HEADER	2
STONG_LEAVE_COMMAND		EXTEND_HEADER	struct	44	2	m_dwParam	DWORD	4
STONG_LEAVE_COMMAND		EXTEND_HEADER	struct	44	6	m_dwTongNameID	DWORD	4
STONG_LEAVE_COMMAND		EXTEND_HEADER	struct	44	10	m_btFigure	BYTE	1
STONG_LEAVE_COMMAND		EXTEND_HEADER	struct	44	11	m_btPos	BYTE	1
STONG_LEAVE_COMMAND		EXTEND_HEADER	struct	44	12	m_szName	char[32]	32
STONG_LEAVE_SYNC		EXTEND_HEADER	struct	39	0	(base)	EXTEND_HEADER	2
STONG_LEAVE_SYNC		EXTEND_HEADER	struct	39	2	m_dwParam	DWORD	4
STONG_LEAVE_SYNC		EXTEND_HEADER	struct	39	6	m_btSuccessFlag	BYTE	1
STONG_LEAVE_SYNC		EXTEND_HEADER	struct	39	7	m_szName	char[32]	32
STONG_LEVEL_BILLBOARD_COMMAND		EXTEND_HEADER	struct	6	0	(base)	EXTEND_HEADER	2
STONG_LEVEL_BILLBOARD_COMMAND		EXTEND_HEADER	struct	6	2	m_dwParam	DWORD	4
STONG_LEVEL_BILLBOARD_SYNC		EXTEND_HEADER	struct	429	0	(base)	EXTEND_HEADER	2
STONG_LEVEL_BILLBOARD_SYNC		EXTEND_HEADER	struct	429	2	m_wLength	WORD	2
STONG_LEVEL_BILLBOARD_SYNC		EXTEND_HEADER	struct	429	4	m_dwParam	DWORD	4
STONG_LEVEL_BILLBOARD_SYNC		EXTEND_HEADER	struct	429	8	m_dwExp	DWORD[10]	40
STONG_LEVEL_BILLBOARD_SYNC		EXTEND_HEADER	struct	429	48	m_nLevel	int[10]	40
STONG_LEVEL_BILLBOARD_SYNC		EXTEND_HEADER	struct	429	88	m_btDataNum	BYTE	1
STONG_LEVEL_BILLBOARD_SYNC		EXTEND_HEADER	struct	429	89	m_btCamp	BYTE[10]	10
STONG_LEVEL_BILLBOARD_SYNC		EXTEND_HEADER	struct	429	99	m_btNameLen	BYTE[10]	10
STONG_LEVEL_BILLBOARD_SYNC		EXTEND_HEADER	struct	429	109	m_szName	char[320]	320
STONG_LOGIN_DATA_SYNC		EXTEND_HEADER	struct	71	0	(base)	EXTEND_HEADER	2
STONG_LOGIN_DATA_SYNC		EXTEND_HEADER	struct	71	2	m_dwParam	DWORD	4
STONG_LOGIN_DATA_SYNC		EXTEND_HEADER	struct	71	6	m_szName	char[32]	32
STONG_LOGIN_DATA_SYNC		EXTEND_HEADER	struct	71	38	m_btFlag	BYTE	1
STONG_LOGIN_DATA_SYNC		EXTEND_HEADER	struct	71	39	m_szMate	char[32]	32
STONG_ROUTE_PACKAGE		EXTEND_HEADER	struct	6	0	(base)	EXTEND_HEADER	2
STONG_ROUTE_PACKAGE		EXTEND_HEADER	struct	6	2	RouteDataSize	WORD	2
STONG_ROUTE_PACKAGE		EXTEND_HEADER	struct	6	4	ClientCount	WORD	2
STONG_SYSTEM_CHANGE_MONEY_COMMAND		EXTEND_HEADER	struct	39	0	(base)	EXTEND_HEADER	2
STONG_SYSTEM_CHANGE_MONEY_COMMAND		EXTEND_HEADER	struct	39	2	m_btSaveFlag	BYTE	1
STONG_SYSTEM_CHANGE_MONEY_COMMAND		EXTEND_HEADER	struct	39	3	m_dwMoney	DWORD	4
STONG_SYSTEM_CHANGE_MONEY_COMMAND		EXTEND_HEADER	struct	39	7	m_szTongName	char[32]	32
STONG_SYSTEM_MOVE_EXP_COMMAND		EXTEND_HEADER	struct	70	0	(base)	EXTEND_HEADER	2
STONG_SYSTEM_MOVE_EXP_COMMAND		EXTEND_HEADER	struct	70	2	m_dwExp	DWORD	4
STONG_SYSTEM_MOVE_EXP_COMMAND		EXTEND_HEADER	struct	70	6	m_szGetExpTongName	char[32]	32
STONG_SYSTEM_MOVE_EXP_COMMAND		EXTEND_HEADER	struct	70	38	m_szSubExpTongName	char[32]	32
STONG_UNION_ADD_MEMBER_COMMAND		EXTEND_HEADER	struct	18	0	(base)	EXTEND_HEADER	2
STONG_UNION_ADD_MEMBER_COMMAND		EXTEND_HEADER	struct	18	2	m_dwAccepterID	DWORD	4
STONG_UNION_ADD_MEMBER_COMMAND		EXTEND_HEADER	struct	18	6	m_dwApplyerID	DWORD	4
STONG_UNION_ADD_MEMBER_COMMAND		EXTEND_HEADER	struct	18	10	m_dwUnionTong	DWORD	4
STONG_UNION_ADD_MEMBER_COMMAND		EXTEND_HEADER	struct	18	14	m_dwMemberTong	DWORD	4
STONG_UNION_INFO_SYNC		EXTEND_HEADER	struct	385	0	(base)	EXTEND_HEADER	2
STONG_UNION_INFO_SYNC		EXTEND_HEADER	struct	385	2	m_wLength	WORD	2
STONG_UNION_INFO_SYNC		EXTEND_HEADER	struct	385	4	m_dwParam	DWORD	4
STONG_UNION_INFO_SYNC		EXTEND_HEADER	struct	385	8	m_dwNpcID	DWORD	4
STONG_UNION_INFO_SYNC		EXTEND_HEADER	struct	385	12	m_btGetType	BYTE	1
STONG_UNION_INFO_SYNC		EXTEND_HEADER	struct	385	13	m_btFlag	BYTE	1
STONG_UNION_INFO_SYNC		EXTEND_HEADER	struct	385	14	m_btUnionFlag	BYTE	1
STONG_UNION_INFO_SYNC		EXTEND_HEADER	struct	385	15	m_btUnionLeader	BYTE	1
STONG_UNION_INFO_SYNC		EXTEND_HEADER	struct	385	16	m_btSelfCamp	BYTE	1
STONG_UNION_INFO_SYNC		EXTEND_HEADER	struct	385	17	m_btUnionCamp	BYTE	1
STONG_UNION_INFO_SYNC		EXTEND_HEADER	struct	385	18	m_btUnionNum	BYTE	1
STONG_UNION_INFO_SYNC		EXTEND_HEADER	struct	385	19	m_dwTongNameID	DWORD	4
STONG_UNION_INFO_SYNC		EXTEND_HEADER	struct	385	23	m_szUnionName	char[32]	32
STONG_UNION_INFO_SYNC		EXTEND_HEADER	struct	385	55	m_btNameLength	BYTE[10]	10
STONG_UNION_INFO_SYNC		EXTEND_HEADER	struct	385	65	m_szUnionTongName	char[320]	320
TDbDataBlock		tagProtocolHeader	struct	808	0	(base)	tagProtocolHeader	1
TDbDataBlock		tagProtocolHeader	struct	808	1	wProtocolSize	WORD	2
TDbDataBlock		tagProtocolHeader	struct	808	3	byStartFlag	BYTE	1
TDbDataBlock		tagProtocolHeader	struct	808	4	dwDataLen	DWORD	4
TDbDataBlock		tagProtocolHeader	struct	808	8	buf	BYTE[800]	800
TGS2B_ReadyState		tagProtocolHeader	struct	2	0	(base)	tagProtocolHeader	1
TGS2B_ReadyState		tagProtocolHeader	struct	2	1	bReady	BYTE	1
THostExchange		tagProtocolHeader	struct	38	0	(base)	tagProtocolHeader	1
THostExchange		tagProtocolHeader	struct	38	1	szAccount	char[32]	32
THostExchange		tagProtocolHeader	struct	38	33	nCommand	BYTE	1
THostExchange		tagProtocolHeader	struct	38	34	dwMapId	DWORD	4
TModuleCfg_SyncToClient		tagProtocolHeader	struct	6	0	(base)	tagProtocolHeader	1
TModuleCfg_SyncToClient		tagProtocolHeader	struct	6	1	wLen	WORD	2
TModuleCfg_SyncToClient		tagProtocolHeader	struct	6	3	wCount	WORD	2
TModuleCfg_SyncToClient		tagProtocolHeader	struct	6	5	pBuffer	BYTE[1]	1
TModuleCfg_SyncToGS		EXTEND_HEADER	struct	7	0	(base)	EXTEND_HEADER	2
TModuleCfg_SyncToGS		EXTEND_HEADER	struct	7	2	wLen	WORD	2
TModuleCfg_SyncToGS		EXTEND_HEADER	struct	7	4	wCount	WORD	2
TModuleCfg_SyncToGS		EXTEND_HEADER	struct	7	6	pBuffer	BYTE[1]	1
TONGNAME_CHANGE		EXTEND_HEADER	struct	102	0	(base)	EXTEND_HEADER	2
TONGNAME_CHANGE		EXTEND_HEADER	struct	102	2	szOldTong	char[32]	32
TONGNAME_CHANGE		EXTEND_HEADER	struct	102	34	szNewTong	char[32]	32
TONGNAME_CHANGE		EXTEND_HEADER	struct	102	66	szOperName	char[32]	32
TONGNAME_CHANGE		EXTEND_HEADER	struct	102	98	nPlayerIndex	int	4
TONGNAME_QUERY		EXTEND_HEADER	struct	70	0	(base)	EXTEND_HEADER	2
TONGNAME_QUERY		EXTEND_HEADER	struct	70	2	szTongName	char[32]	32
TONGNAME_QUERY		EXTEND_HEADER	struct	70	34	szOperName	char[32]	32
TONGNAME_QUERY		EXTEND_HEADER	struct	70	66	nPlayerIndex	int	4
TRADE_APPLY_START_COMMAND		tagProtocolHeader	struct	9	0	(base)	tagProtocolHeader	1
TRADE_APPLY_START_COMMAND		tagProtocolHeader	struct	9	1	m_dwID	DWORD	4
TRADE_APPLY_START_COMMAND		tagProtocolHeader	struct	9	5	dwCheckValue	DWORD	4
TRADE_REPLY_START_COMMAND		tagProtocolHeader	struct	10	0	(base)	tagProtocolHeader	1
TRADE_REPLY_START_COMMAND		tagProtocolHeader	struct	10	1	m_bDecision	BYTE	1
TRADE_REPLY_START_COMMAND		tagProtocolHeader	struct	10	2	m_nDestIdx	int	4
TRADE_REPLY_START_COMMAND		tagProtocolHeader	struct	10	6	dwCheckValue	DWORD	4
TRoleInstance		tagProtocolHeader	struct	41	0	(base)	tagProtocolHeader	1
TRoleInstance		tagProtocolHeader	struct	41	1	szRole	char[32]	32
TRoleInstance		tagProtocolHeader	struct	41	33	nIndex	int	4
TRoleInstance		tagProtocolHeader	struct	41	37	nIdentity	unsigned int	4
TRoleNameChange		tagProtocolHeader	struct	97	0	(base)	tagProtocolHeader	1
TRoleNameChange		tagProtocolHeader	struct	97	1	szAccount	char[32]	32
TRoleNameChange		tagProtocolHeader	struct	97	33	szRoleName	char[32]	32
TRoleNameChange		tagProtocolHeader	struct	97	65	szOperName	char[32]	32
TRoleNameQuery		tagProtocolHeader	struct	101	0	(base)	tagProtocolHeader	1
TRoleNameQuery		tagProtocolHeader	struct	101	1	szAccount	char[32]	32
TRoleNameQuery		tagProtocolHeader	struct	101	33	szRoleName	char[32]	32
TRoleNameQuery		tagProtocolHeader	struct	101	65	szOperName	char[32]	32
TRoleNameQuery		tagProtocolHeader	struct	101	97	nPlayerIndex	int	4
TSaveRoleResult		tagProtocolHeader	struct	41	0	(base)	tagProtocolHeader	1
TSaveRoleResult		tagProtocolHeader	struct	41	1	ulIdentity	long unsigned int	4
TSaveRoleResult		tagProtocolHeader	struct	41	5	szRole	char[32]	32
TSaveRoleResult		tagProtocolHeader	struct	41	37	nResult	int	4
TSelectDiceItem		tagProtocolHeader	struct	13	0	(base)	tagProtocolHeader	1
TSelectDiceItem		tagProtocolHeader	struct	13	1	dwDiceId	DWORD	4
TSelectDiceItem		tagProtocolHeader	struct	13	5	dwItemId	DWORD	4
TSelectDiceItem		tagProtocolHeader	struct	13	9	nSelectType	int	4
TSyncFiles_ClientApplySync		tagProtocolHeader	struct	9	0	(base)	tagProtocolHeader	1
TSyncFiles_ClientApplySync		tagProtocolHeader	struct	9	1	dwFileListID	DWORD	4
TSyncFiles_ClientApplySync		tagProtocolHeader	struct	9	5	dwVerifyCode	DWORD	4
TSyncFiles_SyncToClient		tagProtocolHeader	struct	10	0	(base)	tagProtocolHeader	1
TSyncFiles_SyncToClient		tagProtocolHeader	struct	10	1	dwLen	DWORD	4
TSyncFiles_SyncToClient		tagProtocolHeader	struct	10	5	dwFileListID	DWORD	4
TSyncFiles_SyncToClient		tagProtocolHeader	struct	10	9	pBuffer	BYTE[1]	1
TSyncFiles_ToClient_Header		tagProtocolHeader	struct	7	0	(base)	tagProtocolHeader	1
TSyncFiles_ToClient_Header		tagProtocolHeader	struct	7	1	wLen	WORD	2
TSyncFiles_ToClient_Header		tagProtocolHeader	struct	7	3	dwFileListID	DWORD	4
TSyncFiles_ToGS_Header		EXTEND_HEADER	struct	7	0	(base)	EXTEND_HEADER	2
TSyncFiles_ToGS_Header		EXTEND_HEADER	struct	7	2	dwFileListID	DWORD	4
TSyncFiles_ToGS_Header		EXTEND_HEADER	struct	7	6	btOnlyForGS	BYTE	1
TUnlockAccount		tagProtocolHeader	struct	33	0	(base)	tagProtocolHeader	1
TUnlockAccount		tagProtocolHeader	struct	33	1	szAccount	char[32]	32
TongExProtocolGC		tagProtocolHeader	struct	5	0	(base)	tagProtocolHeader	1
TongExProtocolGC		tagProtocolHeader	struct	5	1	(base)	TongExHeaderBase	4
TongExProtocolRG		EXTEND_HEADER	struct	6	0	(base)	EXTEND_HEADER	2
TongExProtocolRG		EXTEND_HEADER	struct	6	2	(base)	TongExHeaderBase	4
_tagSyncFileHead		EXTEND_HEADER	struct	24	0	(base)	EXTEND_HEADER	2
_tagSyncFileHead		EXTEND_HEADER	struct	24	4	pairFileName	_DataPair	8
_tagSyncFileHead		EXTEND_HEADER	struct	24	12	pairFileData	_DataPair	8
_tagSyncFileHead		EXTEND_HEADER	struct	24	20	dwCheckCode	DWORD	4
tagBOX_INFO_SYNC	BOX_INFO_SYNC	tagProtocolHeader	struct	5	0	(base)	tagProtocolHeader	1
tagBOX_INFO_SYNC	BOX_INFO_SYNC	tagProtocolHeader	struct	5	1	byGainState	BYTE	1
tagBOX_INFO_SYNC	BOX_INFO_SYNC	tagProtocolHeader	struct	5	2	byBoxPasswordParam	BYTE	1
tagBOX_INFO_SYNC	BOX_INFO_SYNC	tagProtocolHeader	struct	5	3	byParam	BYTE	1
tagBOX_INFO_SYNC	BOX_INFO_SYNC	tagProtocolHeader	struct	5	4	byParam1	BYTE	1
tagBOX_OPERATE_COMMAND	BOX_OPERATE_COMMAND	tagProtocolHeader	struct	14	0	(base)	tagProtocolHeader	1
tagBOX_OPERATE_COMMAND	BOX_OPERATE_COMMAND	tagProtocolHeader	struct	14	1	byOperate	BYTE	1
tagBOX_OPERATE_COMMAND	BOX_OPERATE_COMMAND	tagProtocolHeader	struct	14	2	dwParam1	DWORD	4
tagBOX_OPERATE_COMMAND	BOX_OPERATE_COMMAND	tagProtocolHeader	struct	14	6	dwParam2	DWORD	4
tagBOX_OPERATE_COMMAND	BOX_OPERATE_COMMAND	tagProtocolHeader	struct	14	10	Reserved	DWORD	4
tagBULLETIN_CONTENT_DATA	BULLETIN_CONTENT_DATA	tagProtocolHeader	struct	807	0	(base)	tagProtocolHeader	1
tagBULLETIN_CONTENT_DATA	BULLETIN_CONTENT_DATA	tagProtocolHeader	struct	807	1	wSize	WORD	2
tagBULLETIN_CONTENT_DATA	BULLETIN_CONTENT_DATA	tagProtocolHeader	struct	807	3	ContentData	tagBULLETIN_CONTENT_DATA_ContentData_t	804
tagBULLETIN_CONTENT_QUERY	BULLETIN_CONTENT_QUERY	tagProtocolHeader	struct	17	0	(base)	tagProtocolHeader	1
tagBULLETIN_CONTENT_QUERY	BULLETIN_CONTENT_QUERY	tagProtocolHeader	struct	17	1	strDate	CHAR[16]	16
tagBULLETIN_SUMMARY_DATA	BULLETIN_SUMMARY_DATA	tagProtocolHeader	struct	965	0	(base)	tagProtocolHeader	1
tagBULLETIN_SUMMARY_DATA	BULLETIN_SUMMARY_DATA	tagProtocolHeader	struct	965	1	Count	INT	4
tagBULLETIN_SUMMARY_DATA	BULLETIN_SUMMARY_DATA	tagProtocolHeader	struct	965	5	SummaryData	tagBULLETIN_SUMMARY_DATA_SummaryData_t[12]	960
tagBotClientCheck		tagProtocolHeader	struct	13	0	(base)	tagProtocolHeader	1
tagBotClientCheck		tagProtocolHeader	struct	13	1	wVersion	WORD	2
tagBotClientCheck		tagProtocolHeader	struct	13	3	wReserved	WORD	2
tagBotClientCheck		tagProtocolHeader	struct	13	5	uOffset	unsigned int	4
tagBotClientCheck		tagProtocolHeader	struct	13	9	uLength	unsigned int	4
tagBotClientCheckResult		tagProtocolHeader	struct	9	0	(base)	tagProtocolHeader	1
tagBotClientCheckResult		tagProtocolHeader	struct	9	1	wVersion	WORD	2
tagBotClientCheckResult		tagProtocolHeader	struct	9	3	wReserved	WORD	2
tagBotClientCheckResult		tagProtocolHeader	struct	9	5	nKey	int	4
tagCHAT_ADD_FRIEND_COMMAND	CHAT_ADD_FRIEND_COMMAND	tagProtocolHeader	struct	5	0	(base)	tagProtocolHeader	1
tagCHAT_ADD_FRIEND_COMMAND	CHAT_ADD_FRIEND_COMMAND	tagProtocolHeader	struct	5	1	m_nTargetPlayerIdx	int	4
tagCHAT_ADD_FRIEND_FAIL_SYNC	CHAT_ADD_FRIEND_FAIL_SYNC	tagProtocolHeader	struct	5	0	(base)	tagProtocolHeader	1
tagCHAT_ADD_FRIEND_FAIL_SYNC	CHAT_ADD_FRIEND_FAIL_SYNC	tagProtocolHeader	struct	5	1	m_nTargetPlayerIdx	int	4
tagCHAT_ADD_FRIEND_SYNC	CHAT_ADD_FRIEND_SYNC	tagProtocolHeader	struct	41	0	(base)	tagProtocolHeader	1
tagCHAT_ADD_FRIEND_SYNC	CHAT_ADD_FRIEND_SYNC	tagProtocolHeader	struct	41	1	m_dwID	DWORD	4
tagCHAT_ADD_FRIEND_SYNC	CHAT_ADD_FRIEND_SYNC	tagProtocolHeader	struct	41	5	m_nIdx	int	4
tagCHAT_ADD_FRIEND_SYNC	CHAT_ADD_FRIEND_SYNC	tagProtocolHeader	struct	41	9	m_szName	char[32]	32
tagCHAT_APPLY_ADD_FRIEND_COMMAND	CHAT_APPLY_ADD_FRIEND_COMMAND	tagProtocolHeader	struct	263	0	(base)	tagProtocolHeader	1
tagCHAT_APPLY_ADD_FRIEND_COMMAND	CHAT_APPLY_ADD_FRIEND_COMMAND	tagProtocolHeader	struct	263	1	m_wLength	WORD	2
tagCHAT_APPLY_ADD_FRIEND_COMMAND	CHAT_APPLY_ADD_FRIEND_COMMAND	tagProtocolHeader	struct	263	3	m_dwTargetNpcID	DWORD	4
tagCHAT_APPLY_ADD_FRIEND_COMMAND	CHAT_APPLY_ADD_FRIEND_COMMAND	tagProtocolHeader	struct	263	7	m_szInfo	char[256]	256
tagCHAT_APPLY_ADD_FRIEND_SYNC	CHAT_APPLY_ADD_FRIEND_SYNC	tagProtocolHeader	struct	293	0	(base)	tagProtocolHeader	1
tagCHAT_APPLY_ADD_FRIEND_SYNC	CHAT_APPLY_ADD_FRIEND_SYNC	tagProtocolHeader	struct	293	1	m_nSrcPlayerIdx	int	4
tagCHAT_APPLY_ADD_FRIEND_SYNC	CHAT_APPLY_ADD_FRIEND_SYNC	tagProtocolHeader	struct	293	5	m_szSourceName	char[32]	32
tagCHAT_APPLY_ADD_FRIEND_SYNC	CHAT_APPLY_ADD_FRIEND_SYNC	tagProtocolHeader	struct	293	37	m_szInfo	char[256]	256
tagCHAT_APPLY_SEND_ONE_FRIEND_NAME_COMMAND	CHAT_APPLY_SEND_ONE_FRIEND_NAME_COMMAND	tagProtocolHeader	struct	5	0	(base)	tagProtocolHeader	1
tagCHAT_APPLY_SEND_ONE_FRIEND_NAME_COMMAND	CHAT_APPLY_SEND_ONE_FRIEND_NAME_COMMAND	tagProtocolHeader	struct	5	1	m_dwID	DWORD	4
tagCHAT_CHANNELCHAT_HEAD		tagProtocolHeader	struct	1	0	(base)	tagProtocolHeader	1
tagCHAT_CHANNELCHAT_SYNC	CHAT_CHANNELCHAT_SYNC	tagProtocolHeader	struct	44	0	(base)	tagProtocolHeader	1
tagCHAT_CHANNELCHAT_SYNC	CHAT_CHANNELCHAT_SYNC	tagProtocolHeader	struct	44	1	wSize	WORD	2
tagCHAT_CHANNELCHAT_SYNC	CHAT_CHANNELCHAT_SYNC	tagProtocolHeader	struct	44	3	packageID	DWORD	4
tagCHAT_CHANNELCHAT_SYNC	CHAT_CHANNELCHAT_SYNC	tagProtocolHeader	struct	44	7	someone	char[32]	32
tagCHAT_CHANNELCHAT_SYNC	CHAT_CHANNELCHAT_SYNC	tagProtocolHeader	struct	44	39	channelid	DWORD	4
tagCHAT_CHANNELCHAT_SYNC	CHAT_CHANNELCHAT_SYNC	tagProtocolHeader	struct	44	43	sentlen	BYTE	1
tagCHAT_DELETE_FRIEND_COMMAND	CHAT_DELETE_FRIEND_COMMAND	tagProtocolHeader	struct	5	0	(base)	tagProtocolHeader	1
tagCHAT_DELETE_FRIEND_COMMAND	CHAT_DELETE_FRIEND_COMMAND	tagProtocolHeader	struct	5	1	m_dwID	DWORD	4
tagCHAT_DELETE_FRIEND_SYNC	CHAT_DELETE_FRIEND_SYNC	tagProtocolHeader	struct	5	0	(base)	tagProtocolHeader	1
tagCHAT_DELETE_FRIEND_SYNC	CHAT_DELETE_FRIEND_SYNC	tagProtocolHeader	struct	5	1	m_dwID	DWORD	4
tagCHAT_EVERYONE	CHAT_EVERYONE	tagProtocolHeader	struct	5	0	(base)	tagProtocolHeader	1
tagCHAT_EVERYONE	CHAT_EVERYONE	tagProtocolHeader	struct	5	1	wSize	WORD	2
tagCHAT_EVERYONE	CHAT_EVERYONE	tagProtocolHeader	struct	5	3	wChatLength	WORD	2
tagCHAT_FRIEND_OFFLINE_SYNC	CHAT_FRIEND_OFFLINE_SYNC	tagProtocolHeader	struct	5	0	(base)	tagProtocolHeader	1
tagCHAT_FRIEND_OFFLINE_SYNC	CHAT_FRIEND_OFFLINE_SYNC	tagProtocolHeader	struct	5	1	m_dwID	DWORD	4
tagCHAT_FRIEND_ONLINE_SYNC	CHAT_FRIEND_ONLINE_SYNC	tagProtocolHeader	struct	9	0	(base)	tagProtocolHeader	1
tagCHAT_FRIEND_ONLINE_SYNC	CHAT_FRIEND_ONLINE_SYNC	tagProtocolHeader	struct	9	1	m_dwID	DWORD	4
tagCHAT_FRIEND_ONLINE_SYNC	CHAT_FRIEND_ONLINE_SYNC	tagProtocolHeader	struct	9	5	m_nPlayerIdx	int	4
tagCHAT_GROUPMAN	CHAT_GROUPMAN	tagProtocolHeader	struct	9	0	(base)	tagProtocolHeader	1
tagCHAT_GROUPMAN	CHAT_GROUPMAN	tagProtocolHeader	struct	9	1	wSize	WORD	2
tagCHAT_GROUPMAN	CHAT_GROUPMAN	tagProtocolHeader	struct	9	3	wChatLength	WORD	2
tagCHAT_GROUPMAN	CHAT_GROUPMAN	tagProtocolHeader	struct	9	5	byHasIdentify	BYTE	1
tagCHAT_GROUPMAN	CHAT_GROUPMAN	tagProtocolHeader	struct	9	6	wPlayerCount	WORD	2
tagCHAT_GROUPMAN	CHAT_GROUPMAN	tagProtocolHeader	struct	9	8	channelType	BYTE	1
tagCHAT_LOCAL_CHANNEL	CHAT_LOCAL_CHANNEL	tagProtocolHeader	struct	13	0	(base)	tagProtocolHeader	1
tagCHAT_LOCAL_CHANNEL	CHAT_LOCAL_CHANNEL	tagProtocolHeader	struct	13	1	ChannelCount	WORD	2
tagCHAT_LOCAL_CHANNEL	CHAT_LOCAL_CHANNEL	tagProtocolHeader	struct	13	3	ChannelInfo	LocalDispatchMsgChannel[1]	10
tagCHAT_LOGIN_FRIEND_NAME_SYNC	CHAT_LOGIN_FRIEND_NAME_SYNC	tagProtocolHeader	struct	43	0	(base)	tagProtocolHeader	1
tagCHAT_LOGIN_FRIEND_NAME_SYNC	CHAT_LOGIN_FRIEND_NAME_SYNC	tagProtocolHeader	struct	43	1	m_wLength	WORD	2
tagCHAT_LOGIN_FRIEND_NAME_SYNC	CHAT_LOGIN_FRIEND_NAME_SYNC	tagProtocolHeader	struct	43	3	m_dwID	DWORD	4
tagCHAT_LOGIN_FRIEND_NAME_SYNC	CHAT_LOGIN_FRIEND_NAME_SYNC	tagProtocolHeader	struct	43	7	m_nPlayerIdx	int	4
tagCHAT_LOGIN_FRIEND_NAME_SYNC	CHAT_LOGIN_FRIEND_NAME_SYNC	tagProtocolHeader	struct	43	11	m_szName	char[32]	32
tagCHAT_LOGIN_FRIEND_NONAME_SYNC	CHAT_LOGIN_FRIEND_NONAME_SYNC	tagProtocolHeader	struct	9	0	(base)	tagProtocolHeader	1
tagCHAT_LOGIN_FRIEND_NONAME_SYNC	CHAT_LOGIN_FRIEND_NONAME_SYNC	tagProtocolHeader	struct	9	1	m_dwID	DWORD	4
tagCHAT_LOGIN_FRIEND_NONAME_SYNC	CHAT_LOGIN_FRIEND_NONAME_SYNC	tagProtocolHeader	struct	9	5	m_nPlayerIdx	int	4
tagCHAT_ONE_FRIEND_DATA_SYNC	CHAT_ONE_FRIEND_DATA_SYNC	tagProtocolHeader	struct	41	0	(base)	tagProtocolHeader	1
tagCHAT_ONE_FRIEND_DATA_SYNC	CHAT_ONE_FRIEND_DATA_SYNC	tagProtocolHeader	struct	41	1	m_dwID	DWORD	4
tagCHAT_ONE_FRIEND_DATA_SYNC	CHAT_ONE_FRIEND_DATA_SYNC	tagProtocolHeader	struct	41	5	m_nPlayerIdx	int	4
tagCHAT_ONE_FRIEND_DATA_SYNC	CHAT_ONE_FRIEND_DATA_SYNC	tagProtocolHeader	struct	41	9	m_szName	char[32]	32
tagCHAT_REDELETE_FRIEND_COMMAND	CHAT_REDELETE_FRIEND_COMMAND	tagProtocolHeader	struct	5	0	(base)	tagProtocolHeader	1
tagCHAT_REDELETE_FRIEND_COMMAND	CHAT_REDELETE_FRIEND_COMMAND	tagProtocolHeader	struct	5	1	m_dwID	DWORD	4
tagCHAT_REFUSE_FRIEND_COMMAND	CHAT_REFUSE_FRIEND_COMMAND	tagProtocolHeader	struct	5	0	(base)	tagProtocolHeader	1
tagCHAT_REFUSE_FRIEND_COMMAND	CHAT_REFUSE_FRIEND_COMMAND	tagProtocolHeader	struct	5	1	m_nTargetPlayerIdx	int	4
tagCHAT_REFUSE_FRIEND_SYNC	CHAT_REFUSE_FRIEND_SYNC	tagProtocolHeader	struct	35	0	(base)	tagProtocolHeader	1
tagCHAT_REFUSE_FRIEND_SYNC	CHAT_REFUSE_FRIEND_SYNC	tagProtocolHeader	struct	35	1	m_wLength	WORD	2
tagCHAT_REFUSE_FRIEND_SYNC	CHAT_REFUSE_FRIEND_SYNC	tagProtocolHeader	struct	35	3	m_szName	char[32]	32
tagCHAT_RELEGATE	CHAT_RELEGATE	tagProtocolHeader	struct	22	0	(base)	tagProtocolHeader	1
tagCHAT_RELEGATE	CHAT_RELEGATE	tagProtocolHeader	struct	22	1	wSize	WORD	2
tagCHAT_RELEGATE	CHAT_RELEGATE	tagProtocolHeader	struct	22	3	nFromIP	DWORD	4
tagCHAT_RELEGATE	CHAT_RELEGATE	tagProtocolHeader	struct	22	7	nFromRelayID	DWORD	4
tagCHAT_RELEGATE	CHAT_RELEGATE	tagProtocolHeader	struct	22	11	channelid	DWORD	4
tagCHAT_RELEGATE	CHAT_RELEGATE	tagProtocolHeader	struct	22	15	TargetCls	BYTE	1
tagCHAT_RELEGATE	CHAT_RELEGATE	tagProtocolHeader	struct	22	16	TargetID	DWORD	4
tagCHAT_RELEGATE	CHAT_RELEGATE	tagProtocolHeader	struct	22	20	routeDateLength	WORD	2
tagCHAT_SCREENSINGLE_ERROR_SYNC	CHAT_SCREENSINGLE_ERROR_SYNC	tagProtocolHeader	struct	36	0	(base)	tagProtocolHeader	1
tagCHAT_SCREENSINGLE_ERROR_SYNC	CHAT_SCREENSINGLE_ERROR_SYNC	tagProtocolHeader	struct	36	1	m_wLength	WORD	2
tagCHAT_SCREENSINGLE_ERROR_SYNC	CHAT_SCREENSINGLE_ERROR_SYNC	tagProtocolHeader	struct	36	3	m_btError	BYTE	1
tagCHAT_SCREENSINGLE_ERROR_SYNC	CHAT_SCREENSINGLE_ERROR_SYNC	tagProtocolHeader	struct	36	4	m_szName	char[32]	32
tagCHAT_SET_CHANNEL_COMMAND	CHAT_SET_CHANNEL_COMMAND	tagProtocolHeader	struct	5	0	(base)	tagProtocolHeader	1
tagCHAT_SET_CHANNEL_COMMAND	CHAT_SET_CHANNEL_COMMAND	tagProtocolHeader	struct	5	1	m_dwTakeChannel	DWORD	4
tagCHAT_SOMEONECHAT_CMD	CHAT_SOMEONECHAT_CMD	tagProtocolHeader	struct	40	0	(base)	tagProtocolHeader	1
tagCHAT_SOMEONECHAT_CMD	CHAT_SOMEONECHAT_CMD	tagProtocolHeader	struct	40	1	wSize	WORD	2
tagCHAT_SOMEONECHAT_CMD	CHAT_SOMEONECHAT_CMD	tagProtocolHeader	struct	40	3	packageID	DWORD	4
tagCHAT_SOMEONECHAT_CMD	CHAT_SOMEONECHAT_CMD	tagProtocolHeader	struct	40	7	someone	char[32]	32
tagCHAT_SOMEONECHAT_CMD	CHAT_SOMEONECHAT_CMD	tagProtocolHeader	struct	40	39	sentlen	BYTE	1
tagCHAT_SPECMAN	CHAT_SPECMAN	tagProtocolHeader	struct	13	0	(base)	tagProtocolHeader	1
tagCHAT_SPECMAN	CHAT_SPECMAN	tagProtocolHeader	struct	13	1	wSize	WORD	2
tagCHAT_SPECMAN	CHAT_SPECMAN	tagProtocolHeader	struct	13	3	nameid	DWORD	4
tagCHAT_SPECMAN	CHAT_SPECMAN	tagProtocolHeader	struct	13	7	lnID	long unsigned int	4
tagCHAT_SPECMAN	CHAT_SPECMAN	tagProtocolHeader	struct	13	11	wChatLength	WORD	2
tagCHAT_TEST_MSG	CHAT_TEST_MSG	tagProtocolHeader	struct	11	0	(base)	tagProtocolHeader	1
tagCHAT_TEST_MSG	CHAT_TEST_MSG	tagProtocolHeader	struct	11	1	bMsgLen	BYTE	1
tagCHAT_TEST_MSG	CHAT_TEST_MSG	tagProtocolHeader	struct	11	2	Reserved	DWORD[2]	8
tagCHAT_TEST_MSG	CHAT_TEST_MSG	tagProtocolHeader	struct	11	10	sMsg	char[1]	1
tagCLEAR_TONG_CLAIMWAR_SYNC	CLEAR_TONG_CLAIMWAR_SYNC	tagProtocolHeader	struct	4	0	(base)	tagProtocolHeader	1
tagCLEAR_TONG_CLAIMWAR_SYNC	CLEAR_TONG_CLAIMWAR_SYNC	tagProtocolHeader	struct	4	1	m_wLength	WORD	2
tagCLEAR_TONG_CLAIMWAR_SYNC	CLEAR_TONG_CLAIMWAR_SYNC	tagProtocolHeader	struct	4	3	m_btMsgId	BYTE	1
tagCURPLAYER_NORMAL_SYNC	CURPLAYER_NORMAL_SYNC	tagProtocolHeader	struct	14	0	(base)	tagProtocolHeader	1
tagCURPLAYER_NORMAL_SYNC	CURPLAYER_NORMAL_SYNC	tagProtocolHeader	struct	14	1	m_shStamina	short int	2
tagCURPLAYER_NORMAL_SYNC	CURPLAYER_NORMAL_SYNC	tagProtocolHeader	struct	14	3	m_nMana	int	4
tagCURPLAYER_NORMAL_SYNC	CURPLAYER_NORMAL_SYNC	tagProtocolHeader	struct	14	7	m_nLife	int	4
tagCURPLAYER_NORMAL_SYNC	CURPLAYER_NORMAL_SYNC	tagProtocolHeader	struct	14	11	m_shAngry	short int	2
tagCURPLAYER_NORMAL_SYNC	CURPLAYER_NORMAL_SYNC	tagProtocolHeader	struct	14	13	m_btTeamData	BYTE	1
tagCURPLAYER_SYNC	CURPLAYER_SYNC	tagProtocolHeader	struct	68	0	(base)	tagProtocolHeader	1
tagCURPLAYER_SYNC	CURPLAYER_SYNC	tagProtocolHeader	struct	68	1	m_dwID	DWORD	4
tagCURPLAYER_SYNC	CURPLAYER_SYNC	tagProtocolHeader	struct	68	5	m_btLevel	BYTE	1
tagCURPLAYER_SYNC	CURPLAYER_SYNC	tagProtocolHeader	struct	68	6	m_wLifeMax	WORD	2
tagCURPLAYER_SYNC	CURPLAYER_SYNC	tagProtocolHeader	struct	68	8	m_wStaminaMax	WORD	2
tagCURPLAYER_SYNC	CURPLAYER_SYNC	tagProtocolHeader	struct	68	10	m_btSex	BYTE	1
tagCURPLAYER_SYNC	CURPLAYER_SYNC	tagProtocolHeader	struct	68	11	m_btKind	BYTE	1
tagCURPLAYER_SYNC	CURPLAYER_SYNC	tagProtocolHeader	struct	68	12	m_btSeries	BYTE	1
tagCURPLAYER_SYNC	CURPLAYER_SYNC	tagProtocolHeader	struct	68	13	m_wManaMax	WORD	2
tagCURPLAYER_SYNC	CURPLAYER_SYNC	tagProtocolHeader	struct	68	15	m_HeadImage	int	4
tagCURPLAYER_SYNC	CURPLAYER_SYNC	tagProtocolHeader	struct	68	19	m_wAttributePoint	WORD	2
tagCURPLAYER_SYNC	CURPLAYER_SYNC	tagProtocolHeader	struct	68	21	m_wEngergy	WORD	2
tagCURPLAYER_SYNC	CURPLAYER_SYNC	tagProtocolHeader	struct	68	23	m_wLucky	WORD	2
tagCURPLAYER_SYNC	CURPLAYER_SYNC	tagProtocolHeader	struct	68	25	m_wSkillPoint	WORD	2
tagCURPLAYER_SYNC	CURPLAYER_SYNC	tagProtocolHeader	struct	68	27	m_wStrength	WORD	2
tagCURPLAYER_SYNC	CURPLAYER_SYNC	tagProtocolHeader	struct	68	29	m_wDexterity	WORD	2
tagCURPLAYER_SYNC	CURPLAYER_SYNC	tagProtocolHeader	struct	68	31	m_wVitality	WORD	2
tagCURPLAYER_SYNC	CURPLAYER_SYNC	tagProtocolHeader	struct	68	33	m_nExp	INT64	8
tagCURPLAYER_SYNC	CURPLAYER_SYNC	tagProtocolHeader	struct	68	41	m_dwLeadExp	DWORD	4
tagCURPLAYER_SYNC	CURPLAYER_SYNC	tagProtocolHeader	struct	68	45	m_byBoxParam	BYTE	1
tagCURPLAYER_SYNC	CURPLAYER_SYNC	tagProtocolHeader	struct	68	46	m_btCurFaction	BYTE	1
tagCURPLAYER_SYNC	CURPLAYER_SYNC	tagProtocolHeader	struct	68	47	m_nFactionAddTimes	WORD	2
tagCURPLAYER_SYNC	CURPLAYER_SYNC	tagProtocolHeader	struct	68	49	m_nExpEx	short int	2
tagCURPLAYER_SYNC	CURPLAYER_SYNC	tagProtocolHeader	struct	68	51	m_btLastFaction	BYTE	1
tagCURPLAYER_SYNC	CURPLAYER_SYNC	tagProtocolHeader	struct	68	52	m_wSectStat	WORD	2
tagCURPLAYER_SYNC	CURPLAYER_SYNC	tagProtocolHeader	struct	68	54	m_wWorldStat	WORD	2
tagCURPLAYER_SYNC	CURPLAYER_SYNC	tagProtocolHeader	struct	68	56	m_nMoney2	int	4
tagCURPLAYER_SYNC	CURPLAYER_SYNC	tagProtocolHeader	struct	68	60	m_nMoney1	int	4
tagCURPLAYER_SYNC	CURPLAYER_SYNC	tagProtocolHeader	struct	68	64	m_nRenascenceCount	int	4
tagChangeExtPoint		tagProtocolHeader	struct	49	0	(base)	tagProtocolHeader	1
tagChangeExtPoint		tagProtocolHeader	struct	49	1	szAccountName	BYTE[32]	32
tagChangeExtPoint		tagProtocolHeader	struct	49	33		tagChangeExtPoint_u	4
tagChangeExtPoint		tagProtocolHeader	struct	49	37	nChangeValue	int	4
tagChangeExtPoint		tagProtocolHeader	struct	49	41	uFlag	unsigned int	4
tagChangeExtPoint		tagProtocolHeader	struct	49	45	nPlayerDataIndex	int	4
tagDayTime		tagProtocolHeader	struct	25	0	(base)	tagProtocolHeader	1
tagDayTime		tagProtocolHeader	struct	25	1	tm_year	int	4
tagDayTime		tagProtocolHeader	struct	25	5	tm_month	int	4
tagDayTime		tagProtocolHeader	struct	25	9	tm_mday	int	4
tagDayTime		tagProtocolHeader	struct	25	13	tm_hour	int	4
tagDayTime		tagProtocolHeader	struct	25	17	tm_min	int	4
tagDayTime		tagProtocolHeader	struct	25	21	tm_sec	int	4
tagDynamicUpdateMapID		tagProtocolHeader	struct	9	0	(base)	tagProtocolHeader	1
tagDynamicUpdateMapID		tagProtocolHeader	struct	9	1	nMapId	int	4
tagDynamicUpdateMapID		tagProtocolHeader	struct	9	5	nAction	int	4
tagEnterGame		tagProtocolHeader	struct	33	0	(base)	tagProtocolHeader	1
tagEnterGame		tagProtocolHeader	struct	33	1	szAccountName	BYTE[32]	32
tagEnterGame2		EXTEND_HEADER	struct	79	0	(base)	EXTEND_HEADER	2
tagEnterGame2		EXTEND_HEADER	struct	79	2	szAccount	char[32]	32
tagEnterGame2		EXTEND_HEADER	struct	79	34	szRole	char[32]	32
tagEnterGame2		EXTEND_HEADER	struct	79	66	dwNameID	DWORD	4
tagEnterGame2		EXTEND_HEADER	struct	79	70	dwParam	DWORD	4
tagEnterGame2		EXTEND_HEADER	struct	79	74	lnID	long unsigned int	4
tagEnterGame2		EXTEND_HEADER	struct	79	78	byLevel	BYTE	1
tagFOUNDRY_CLIENTSEND	FOUNDRY_CLIENTSEND	tagProtocolHeader	struct	204	0	(base)	tagProtocolHeader	1
tagFOUNDRY_CLIENTSEND	FOUNDRY_CLIENTSEND	tagProtocolHeader	struct	204	1	eFoundryType	BYTE	1
tagFOUNDRY_CLIENTSEND	FOUNDRY_CLIENTSEND	tagProtocolHeader	struct	204	2	nNecItemNum	int	4
tagFOUNDRY_CLIENTSEND	FOUNDRY_CLIENTSEND	tagProtocolHeader	struct	204	6	NecItemPos	tagFOUNDRY_CLIENTSEND_NecItemPos_t[8]	96
tagFOUNDRY_CLIENTSEND	FOUNDRY_CLIENTSEND	tagProtocolHeader	struct	204	102	nSelItemNum	BYTE	1
tagFOUNDRY_CLIENTSEND	FOUNDRY_CLIENTSEND	tagProtocolHeader	struct	204	103	SelItemPos	tagFOUNDRY_CLIENTSEND_NecItemPos_t[8]	96
tagFOUNDRY_CLIENTSEND	FOUNDRY_CLIENTSEND	tagProtocolHeader	struct	204	199	nExParam	int	4
tagFOUNDRY_CLIENTSEND	FOUNDRY_CLIENTSEND	tagProtocolHeader	struct	204	203	byResScheme	BYTE	1
tagFOUNDRY_RESULT	FOUNDRY_RESULT	tagProtocolHeader	struct	7	0	(base)	tagProtocolHeader	1
tagFOUNDRY_RESULT	FOUNDRY_RESULT	tagProtocolHeader	struct	7	1	eFoundryType	BYTE	1
tagFOUNDRY_RESULT	FOUNDRY_RESULT	tagProtocolHeader	struct	7	2	nNewItemID	int	4
tagFOUNDRY_RESULT	FOUNDRY_RESULT	tagProtocolHeader	struct	7	6	nResult	BYTE	1
tagGIVE_SOMETHING	GIVE_SOMETHING	tagProtocolHeader	struct	30	0	(base)	tagProtocolHeader	1
tagGIVE_SOMETHING	GIVE_SOMETHING	tagProtocolHeader	struct	30	1	byGiveType	BYTE	1
tagGIVE_SOMETHING	GIVE_SOMETHING	tagProtocolHeader	struct	30	2	dwTarID	DWORD	4
tagGIVE_SOMETHING	GIVE_SOMETHING	tagProtocolHeader	struct	30	6	dwItemID	DWORD[6]	24
tagGPI_VIEW_ROLLING_ITEM	GPI_VIEW_ROLLING_ITEM	tagProtocolHeader	struct	71	0	(base)	tagProtocolHeader	1
tagGPI_VIEW_ROLLING_ITEM	GPI_VIEW_ROLLING_ITEM	tagProtocolHeader	struct	71	1	item	SViewItemInfo	64
tagGPI_VIEW_ROLLING_ITEM	GPI_VIEW_ROLLING_ITEM	tagProtocolHeader	struct	71	65	wLifeTime	WORD	2
tagGPI_VIEW_ROLLING_ITEM	GPI_VIEW_ROLLING_ITEM	tagProtocolHeader	struct	71	67	dwDiceID	DWORD	4
tagGameSvrInfo		tagProtocolHeader	struct	13	0	(base)	tagProtocolHeader	1
tagGameSvrInfo		tagProtocolHeader	struct	13	1	nIPAddr_Intraner	UINT	4
tagGameSvrInfo		tagProtocolHeader	struct	13	5	nIPAddr_Internet	UINT	4
tagGameSvrInfo		tagProtocolHeader	struct	13	9	nPort	short unsigned int	2
tagGameSvrInfo		tagProtocolHeader	struct	13	11	wCapability	WORD	2
tagGateWayKickOut		tagProtocolHeader	struct	37	0	(base)	tagProtocolHeader	1
tagGateWayKickOut		tagProtocolHeader	struct	37	1	nKickOutFlag	int	4
tagGateWayKickOut		tagProtocolHeader	struct	37	5	szAccountName	BYTE[32]	32
tagGatewayBroadCast		tagProtocolHeader2	struct	269	0	(base)	tagProtocolHeader2	5
tagGatewayBroadCast		tagProtocolHeader2	struct	269	5	uCmdType	UINT	4
tagGatewayBroadCast		tagProtocolHeader2	struct	269	9	szData	char[260]	260
tagGuidableInfo		tagProtocolHeader2	struct	109	0	(base)	tagProtocolHeader2	5
tagGuidableInfo		tagProtocolHeader2	struct	109	5	guid	GUID	16
tagGuidableInfo		tagProtocolHeader2	struct	109	21	sAccountInfo	KACCOUNT_INFO2	84
tagGuidableInfo		tagProtocolHeader2	struct	109	105	datalength	size_t	4
tagGuidableInfo		tagProtocolHeader2	struct	109	109	szData	char[]	
tagITEM_AUTO_MOVE_SYNC	ITEM_AUTO_MOVE_SYNC	tagProtocolHeader	struct	7	0	(base)	tagProtocolHeader	1
tagITEM_AUTO_MOVE_SYNC	ITEM_AUTO_MOVE_SYNC	tagProtocolHeader	struct	7	1	m_btSrcY	BYTE	1
tagITEM_AUTO_MOVE_SYNC	ITEM_AUTO_MOVE_SYNC	tagProtocolHeader	struct	7	2	m_btDestY	BYTE	1
tagITEM_AUTO_MOVE_SYNC	ITEM_AUTO_MOVE_SYNC	tagProtocolHeader	struct	7	3	m_btSrcPos	BYTE	1
tagITEM_AUTO_MOVE_SYNC	ITEM_AUTO_MOVE_SYNC	tagProtocolHeader	struct	7	4	m_btSrcX	BYTE	1
tagITEM_AUTO_MOVE_SYNC	ITEM_AUTO_MOVE_SYNC	tagProtocolHeader	struct	7	5	m_btDestX	BYTE	1
tagITEM_AUTO_MOVE_SYNC	ITEM_AUTO_MOVE_SYNC	tagProtocolHeader	struct	7	6	m_btDestPos	BYTE	1
tagITEM_COUNT_SYNC	ITEM_COUNT_SYNC	tagProtocolHeader	struct	9	0	(base)	tagProtocolHeader	1
tagITEM_COUNT_SYNC	ITEM_COUNT_SYNC	tagProtocolHeader	struct	9	1	m_nID	DWORD	4
tagITEM_COUNT_SYNC	ITEM_COUNT_SYNC	tagProtocolHeader	struct	9	5	m_nCurCount	int	4
tagITEM_DURABILITY_CHANGE	ITEM_DURABILITY_CHANGE	tagProtocolHeader	struct	13	0	(base)	tagProtocolHeader	1
tagITEM_DURABILITY_CHANGE	ITEM_DURABILITY_CHANGE	tagProtocolHeader	struct	13	1	dwItemID	DWORD	4
tagITEM_DURABILITY_CHANGE	ITEM_DURABILITY_CHANGE	tagProtocolHeader	struct	13	5	nCurMaxDur	int	4
tagITEM_DURABILITY_CHANGE	ITEM_DURABILITY_CHANGE	tagProtocolHeader	struct	13	9	nCurDur	int	4
tagITEM_MASK	ITEM_MASK	tagProtocolHeader	struct	16	0	(base)	tagProtocolHeader	1
tagITEM_MASK	ITEM_MASK	tagProtocolHeader	struct	16	1	cEquip	char[15]	15
tagITEM_REMOVE_SYNC	ITEM_REMOVE_SYNC	tagProtocolHeader	struct	5	0	(base)	tagProtocolHeader	1
tagITEM_REMOVE_SYNC	ITEM_REMOVE_SYNC	tagProtocolHeader	struct	5	1	m_ID	int	4
tagITEM_REPAIR	ITEM_REPAIR	tagProtocolHeader	struct	9	0	(base)	tagProtocolHeader	1
tagITEM_REPAIR	ITEM_REPAIR	tagProtocolHeader	struct	9	1	dwItemID	DWORD	4
tagITEM_REPAIR	ITEM_REPAIR	tagProtocolHeader	struct	9	5	Param	DWORD	4
tagItemSync	ITEM_SYNC	tagProtocolHeader	struct	80	0	(base)	tagProtocolHeader	1
tagItemSync	ITEM_SYNC	tagProtocolHeader	struct	80	1	(base)	SViewItemInfo	64
tagItemSync	ITEM_SYNC	tagProtocolHeader	struct	80	65	m_MaxDurability	WORD	2
tagItemSync	ITEM_SYNC	tagProtocolHeader	struct	80	67	m_Durability	WORD	2
tagItemSync	ITEM_SYNC	tagProtocolHeader	struct	80	69	m_btPlace	BYTE	1
tagItemSync	ITEM_SYNC	tagProtocolHeader	struct	80	70	m_btY	BYTE	1
tagItemSync	ITEM_SYNC	tagProtocolHeader	struct	80	71	m_btX	BYTE	1
tagItemSync	ITEM_SYNC	tagProtocolHeader	struct	80	72	m_nWidth	DWORD	4
tagItemSync	ITEM_SYNC	tagProtocolHeader	struct	80	76	m_nHeight	DWORD	4
tagLADDER_DATA	LADDER_DATA	tagProtocolHeader	struct	466	0	(base)	tagProtocolHeader	1
tagLADDER_DATA	LADDER_DATA	tagProtocolHeader	struct	466	1	dwLadderID	DWORD	4
tagLADDER_DATA	LADDER_DATA	tagProtocolHeader	struct	466	5	btRoleCount	BYTE	1
tagLADDER_DATA	LADDER_DATA	tagProtocolHeader	struct	466	6	StatData	TRoleList[10]	460
tagLADDER_LIST	LADDER_LIST	tagProtocolHeader	struct	7	0	(base)	tagProtocolHeader	1
tagLADDER_LIST	LADDER_LIST	tagProtocolHeader	struct	7	1	wSize	WORD	2
tagLADDER_LIST	LADDER_LIST	tagProtocolHeader	struct	7	3	nCount	int	4
tagLADDER_LIST	LADDER_LIST	tagProtocolHeader	struct	7	7	dwLadderID	DWORD[]	
tagLADDER_QUERY	LADDER_QUERY	tagProtocolHeader	struct	4	0	(base)	tagProtocolHeader	1
tagLADDER_QUERY	LADDER_QUERY	tagProtocolHeader	struct	4	1	wSize	WORD	2
tagLADDER_QUERY	LADDER_QUERY	tagProtocolHeader	struct	4	3	btIDCount	BYTE	1
tagLADDER_QUERY	LADDER_QUERY	tagProtocolHeader	struct	4	4	dwLadderID	DWORD[]	
tagLeaveGame		tagProtocolHeader	struct	38	0	(base)	tagProtocolHeader	1
tagLeaveGame		tagProtocolHeader	struct	38	1	cCmdType	BYTE	1
tagLeaveGame		tagProtocolHeader	struct	38	2	nExtPoint	int	4
tagLeaveGame		tagProtocolHeader	struct	38	6	szAccountName	char[32]	32
tagLeaveGame2		EXTEND_HEADER	struct	67	0	(base)	EXTEND_HEADER	2
tagLeaveGame2		EXTEND_HEADER	struct	67	2	cCmdType	BYTE	1
tagLeaveGame2		EXTEND_HEADER	struct	67	3	szAccount	char[32]	32
tagLeaveGame2		EXTEND_HEADER	struct	67	35	szRole	char[32]	32
tagLogicLogin		tagProtocolHeader	struct	17	0	(base)	tagProtocolHeader	1
tagLogicLogin		tagProtocolHeader	struct	17	1	guid	GUID	16
tagMINIMAP_OBJ_SYNC		tagProtocolHeader	struct	15	0	(base)	tagProtocolHeader	1
tagMINIMAP_OBJ_SYNC		tagProtocolHeader	struct	15	1	wSize	WORD	2
tagMINIMAP_OBJ_SYNC		tagProtocolHeader	struct	15	3	eType	MiniMapObjType	4
tagMINIMAP_OBJ_SYNC		tagProtocolHeader	struct	15	7	dwMpsX	DWORD	4
tagMINIMAP_OBJ_SYNC		tagProtocolHeader	struct	15	11	dwMpsY	DWORD	4
tagMapArrangeNotify		EXTEND_HEADER	struct	12	0	(base)	EXTEND_HEADER	2
tagMapArrangeNotify		EXTEND_HEADER	struct	12	2	nMapCount	int	4
tagMapArrangeNotify		EXTEND_HEADER	struct	12	6	MapIdIndexList	MapIdIndexPair[1]	6
tagMapIDAssign		EXTEND_HEADER	struct	14	0	(base)	EXTEND_HEADER	2
tagMapIDAssign		EXTEND_HEADER	struct	14	2	nMapCount	int	4
tagMapIDAssign		EXTEND_HEADER	struct	14	6	nDynMapCount	int	4
tagMapIDAssign		EXTEND_HEADER	struct	14	10	aMapID	DWORD[1]	4
tagNOTIFY_CLIENT	NOTIFY_CLIENT	tagProtocolHeader	struct	9	0	(base)	tagProtocolHeader	1
tagNOTIFY_CLIENT	NOTIFY_CLIENT	tagProtocolHeader	struct	9	1	nNotifyType	INT	4
tagNOTIFY_CLIENT	NOTIFY_CLIENT	tagProtocolHeader	struct	9	5		tagNOTIFY_CLIENT_u	4
tagNPC_CHGCAMP_SYNC	NPC_CHGCAMP_SYNC	tagProtocolHeader	struct	6	0	(base)	tagProtocolHeader	1
tagNPC_CHGCAMP_SYNC	NPC_CHGCAMP_SYNC	tagProtocolHeader	struct	6	1	ID	DWORD	4
tagNPC_CHGCAMP_SYNC	NPC_CHGCAMP_SYNC	tagProtocolHeader	struct	6	5	Camp	BYTE	1
tagNPC_CHGCURCAMP_SYNC	NPC_CHGCURCAMP_SYNC	tagProtocolHeader	struct	6	0	(base)	tagProtocolHeader	1
tagNPC_CHGCURCAMP_SYNC	NPC_CHGCURCAMP_SYNC	tagProtocolHeader	struct	6	1	ID	DWORD	4
tagNPC_CHGCURCAMP_SYNC	NPC_CHGCURCAMP_SYNC	tagProtocolHeader	struct	6	5	Camp	BYTE	1
tagNPC_DEATH_SYNC	NPC_DEATH_SYNC	tagProtocolHeader	struct	5	0	(base)	tagProtocolHeader	1
tagNPC_DEATH_SYNC	NPC_DEATH_SYNC	tagProtocolHeader	struct	5	1	m_dwID	DWORD	4
tagNPC_GOLD_CHANGE_SYNC	NPC_GOLD_CHANGE_SYNC	tagProtocolHeader	struct	7	0	(base)	tagProtocolHeader	1
tagNPC_GOLD_CHANGE_SYNC	NPC_GOLD_CHANGE_SYNC	tagProtocolHeader	struct	7	1	m_dwNpcID	DWORD	4
tagNPC_GOLD_CHANGE_SYNC	NPC_GOLD_CHANGE_SYNC	tagProtocolHeader	struct	7	5	m_wGoldFlag	WORD	2
tagNPC_JUMP_COMMAND	NPC_JUMP_COMMAND	tagProtocolHeader	struct	13	0	(base)	tagProtocolHeader	1
tagNPC_JUMP_COMMAND	NPC_JUMP_COMMAND	tagProtocolHeader	struct	13	1	nMpsX	int	4
tagNPC_JUMP_COMMAND	NPC_JUMP_COMMAND	tagProtocolHeader	struct	13	5	nMpsY	int	4
tagNPC_JUMP_COMMAND	NPC_JUMP_COMMAND	tagProtocolHeader	struct	13	9	Reserved	DWORD	4
tagNPC_JUMP_SYNC	NPC_JUMP_SYNC	tagProtocolHeader	struct	13	0	(base)	tagProtocolHeader	1
tagNPC_JUMP_SYNC	NPC_JUMP_SYNC	tagProtocolHeader	struct	13	1	nMpsY	int	4
tagNPC_JUMP_SYNC	NPC_JUMP_SYNC	tagProtocolHeader	struct	13	5	nMpsX	int	4
tagNPC_JUMP_SYNC	NPC_JUMP_SYNC	tagProtocolHeader	struct	13	9	ID	DWORD	4
tagNPC_NET_COMMAND	NPC_NET_COMMAND	tagProtocolHeader	struct	22	0	(base)	tagProtocolHeader	1
tagNPC_NET_COMMAND	NPC_NET_COMMAND	tagProtocolHeader	struct	22	1	dwNpcID	DWORD	4
tagNPC_NET_COMMAND	NPC_NET_COMMAND	tagProtocolHeader	struct	22	5	btCmd	BYTE	1
tagNPC_NET_COMMAND	NPC_NET_COMMAND	tagProtocolHeader	struct	22	6	nX	int	4
tagNPC_NET_COMMAND	NPC_NET_COMMAND	tagProtocolHeader	struct	22	10	nY	int	4
tagNPC_NET_COMMAND	NPC_NET_COMMAND	tagProtocolHeader	struct	22	14	nParam1	int	4
tagNPC_NET_COMMAND	NPC_NET_COMMAND	tagProtocolHeader	struct	22	18	nParam2	int	4
tagNPC_NORMAL_SYNC	NPC_NORMAL_SYNC	tagProtocolHeader	struct	18	0	(base)	tagProtocolHeader	1
tagNPC_NORMAL_SYNC	NPC_NORMAL_SYNC	tagProtocolHeader	struct	18	1	ID	DWORD	4
tagNPC_NORMAL_SYNC	NPC_NORMAL_SYNC	tagProtocolHeader	struct	18	5	MapX	DWORD	4
tagNPC_NORMAL_SYNC	NPC_NORMAL_SYNC	tagProtocolHeader	struct	18	9	Camp	BYTE	1
tagNPC_NORMAL_SYNC	NPC_NORMAL_SYNC	tagProtocolHeader	struct	18	10	State	BYTE	1
tagNPC_NORMAL_SYNC	NPC_NORMAL_SYNC	tagProtocolHeader	struct	18	11	MapY	DWORD	4
tagNPC_NORMAL_SYNC	NPC_NORMAL_SYNC	tagProtocolHeader	struct	18	15	LifePerCent	BYTE	1
tagNPC_NORMAL_SYNC	NPC_NORMAL_SYNC	tagProtocolHeader	struct	18	16	Doing	BYTE	1
tagNPC_NORMAL_SYNC	NPC_NORMAL_SYNC	tagProtocolHeader	struct	18	17	bIsSyncName	BYTE	1
tagNPC_PET_SYNC	NPC_PET_SYNC	tagProtocolHeader	struct	261	0	(base)	tagProtocolHeader	1
tagNPC_PET_SYNC	NPC_PET_SYNC	tagProtocolHeader	struct	261	1	ID	DWORD	4
tagNPC_PET_SYNC	NPC_PET_SYNC	tagProtocolHeader	struct	261	5	szName	char[256]	256
tagNPC_PLAYER_TYPE_NORMAL_SYNC	NPC_PLAYER_TYPE_NORMAL_SYNC	tagProtocolHeader	struct	13	0	(base)	tagProtocolHeader	1
tagNPC_PLAYER_TYPE_NORMAL_SYNC	NPC_PLAYER_TYPE_NORMAL_SYNC	tagProtocolHeader	struct	13	1	m_wOffY	WORD	2
tagNPC_PLAYER_TYPE_NORMAL_SYNC	NPC_PLAYER_TYPE_NORMAL_SYNC	tagProtocolHeader	struct	13	3	m_wOffX	WORD	2
tagNPC_PLAYER_TYPE_NORMAL_SYNC	NPC_PLAYER_TYPE_NORMAL_SYNC	tagProtocolHeader	struct	13	5	m_dwMapY	DWORD	4
tagNPC_PLAYER_TYPE_NORMAL_SYNC	NPC_PLAYER_TYPE_NORMAL_SYNC	tagProtocolHeader	struct	13	9	m_dwMapX	DWORD	4
tagNPC_POS_SYNC	NPC_POS_SYNC	tagProtocolHeader	struct	17	0	(base)	tagProtocolHeader	1
tagNPC_POS_SYNC	NPC_POS_SYNC	tagProtocolHeader	struct	17	1	ID	DWORD	4
tagNPC_POS_SYNC	NPC_POS_SYNC	tagProtocolHeader	struct	17	5	m_dwMapY	DWORD	4
tagNPC_POS_SYNC	NPC_POS_SYNC	tagProtocolHeader	struct	17	9	m_dwMapX	DWORD	4
tagNPC_POS_SYNC	NPC_POS_SYNC	tagProtocolHeader	struct	17	13	m_dwExParam	DWORD	4
tagNPC_RANKID_SYNC	NPC_RANKID_SYNC	tagProtocolHeader	struct	6	0	(base)	tagProtocolHeader	1
tagNPC_RANKID_SYNC	NPC_RANKID_SYNC	tagProtocolHeader	struct	6	1	m_btRankId	BYTE	1
tagNPC_RANKID_SYNC	NPC_RANKID_SYNC	tagProtocolHeader	struct	6	2	m_dwNpcID	DWORD	4
tagNPC_REMOVE_SYNC	NPC_REMOVE_SYNC	tagProtocolHeader	struct	5	0	(base)	tagProtocolHeader	1
tagNPC_REMOVE_SYNC	NPC_REMOVE_SYNC	tagProtocolHeader	struct	5	1	ID	DWORD	4
tagNPC_REQUEST_COMMAND	NPC_REQUEST_COMMAND	tagProtocolHeader	struct	5	0	(base)	tagProtocolHeader	1
tagNPC_REQUEST_COMMAND	NPC_REQUEST_COMMAND	tagProtocolHeader	struct	5	1	ID	DWORD	4
tagNPC_REVIVE_SYNC	NPC_REVIVE_SYNC	tagProtocolHeader	struct	6	0	(base)	tagProtocolHeader	1
tagNPC_REVIVE_SYNC	NPC_REVIVE_SYNC	tagProtocolHeader	struct	6	1	ID	DWORD	4
tagNPC_REVIVE_SYNC	NPC_REVIVE_SYNC	tagProtocolHeader	struct	6	5	Type	BYTE	1
tagNPC_RUN_SYNC	NPC_RUN_SYNC	tagProtocolHeader	struct	13	0	(base)	tagProtocolHeader	1
tagNPC_RUN_SYNC	NPC_RUN_SYNC	tagProtocolHeader	struct	13	1	nMpsY	int	4
tagNPC_RUN_SYNC	NPC_RUN_SYNC	tagProtocolHeader	struct	13	5	ID	DWORD	4
tagNPC_RUN_SYNC	NPC_RUN_SYNC	tagProtocolHeader	struct	13	9	nMpsX	int	4
tagNPC_SET_MENU_STATE_SYNC	NPC_SET_MENU_STATE_SYNC	tagProtocolHeader	struct	264	0	(base)	tagProtocolHeader	1
tagNPC_SET_MENU_STATE_SYNC	NPC_SET_MENU_STATE_SYNC	tagProtocolHeader	struct	264	1	m_wLength	WORD	2
tagNPC_SET_MENU_STATE_SYNC	NPC_SET_MENU_STATE_SYNC	tagProtocolHeader	struct	264	3	m_dwID	DWORD	4
tagNPC_SET_MENU_STATE_SYNC	NPC_SET_MENU_STATE_SYNC	tagProtocolHeader	struct	264	7	m_btState	BYTE	1
tagNPC_SET_MENU_STATE_SYNC	NPC_SET_MENU_STATE_SYNC	tagProtocolHeader	struct	264	8	m_szSentence	char[256]	256
tagNPC_SIT_COMMAND	NPC_SIT_COMMAND	tagProtocolHeader	struct	2	0	(base)	tagProtocolHeader	1
tagNPC_SIT_COMMAND	NPC_SIT_COMMAND	tagProtocolHeader	struct	2	1	m_btSitFlag	BYTE	1
tagNPC_SKILL_SYNC	NPC_SKILL_SYNC	tagProtocolHeader	struct	25	0	(base)	tagProtocolHeader	1
tagNPC_SKILL_SYNC	NPC_SKILL_SYNC	tagProtocolHeader	struct	25	1	nMpsX	int	4
tagNPC_SKILL_SYNC	NPC_SKILL_SYNC	tagProtocolHeader	struct	25	5	nSkillID	int	4
tagNPC_SKILL_SYNC	NPC_SKILL_SYNC	tagProtocolHeader	struct	25	9	nMpsY	int	4
tagNPC_SKILL_SYNC	NPC_SKILL_SYNC	tagProtocolHeader	struct	25	13	ID	DWORD	4
tagNPC_SKILL_SYNC	NPC_SKILL_SYNC	tagProtocolHeader	struct	25	17	nSkillLevel	int	4
tagNPC_SKILL_SYNC	NPC_SKILL_SYNC	tagProtocolHeader	struct	25	21	nSyncCD	int	4
tagNPC_SLEEP_SYNC	NPC_SLEEP_SYNC	tagProtocolHeader	struct	6	0	(base)	tagProtocolHeader	1
tagNPC_SLEEP_SYNC	NPC_SLEEP_SYNC	tagProtocolHeader	struct	6	1	bSleep	BYTE	1
tagNPC_SLEEP_SYNC	NPC_SLEEP_SYNC	tagProtocolHeader	struct	6	2	NpcID	DWORD	4
tagNPC_SYNC	NPC_SYNC	tagProtocolHeader	struct	97	0	(base)	tagProtocolHeader	1
tagNPC_SYNC	NPC_SYNC	tagProtocolHeader	struct	97	1	m_wLength	WORD	2
tagNPC_SYNC	NPC_SYNC	tagProtocolHeader	struct	97	3	CurrentCamp	BYTE	1
tagNPC_SYNC	NPC_SYNC	tagProtocolHeader	struct	97	4	m_bySeries	BYTE	1
tagNPC_SYNC	NPC_SYNC	tagProtocolHeader	struct	97	5	LifePerCent	BYTE	1
tagNPC_SYNC	NPC_SYNC	tagProtocolHeader	struct	97	6	MpsY	DWORD	4
tagNPC_SYNC	NPC_SYNC	tagProtocolHeader	struct	97	10	m_Doing	BYTE	1
tagNPC_SYNC	NPC_SYNC	tagProtocolHeader	struct	97	11	Camp	BYTE	1
tagNPC_SYNC	NPC_SYNC	tagProtocolHeader	struct	97	12	MpsX	DWORD	4
tagNPC_SYNC	NPC_SYNC	tagProtocolHeader	struct	97	16	m_btMenuState	BYTE	1
tagNPC_SYNC	NPC_SYNC	tagProtocolHeader	struct	97	17	NpcEnchant	WORD	2
tagNPC_SYNC	NPC_SYNC	tagProtocolHeader	struct	97	19	m_btKind	BYTE	1
tagNPC_SYNC	NPC_SYNC	tagProtocolHeader	struct	97	20	ID	DWORD	4
tagNPC_SYNC	NPC_SYNC	tagProtocolHeader	struct	97	24	dwOwnerID	DWORD	4
tagNPC_SYNC	NPC_SYNC	tagProtocolHeader	struct	97	28	NpcSettingIdx	int	4
tagNPC_SYNC	NPC_SYNC	tagProtocolHeader	struct	97	32	byRenascenceCount	BYTE	1
tagNPC_SYNC	NPC_SYNC	tagProtocolHeader	struct	97	33	m_szName	char[64]	64
tagNPC_SYNC_STATEINFO	NPC_SYNC_STATEINFO	tagProtocolHeader	struct	11	0	(base)	tagProtocolHeader	1
tagNPC_SYNC_STATEINFO	NPC_SYNC_STATEINFO	tagProtocolHeader	struct	11	1	m_btStateInfo	BYTE[6]	6
tagNPC_SYNC_STATEINFO	NPC_SYNC_STATEINFO	tagProtocolHeader	struct	11	7	m_ID	DWORD	4
tagNPC_WALK_SYNC	NPC_WALK_SYNC	tagProtocolHeader	struct	13	0	(base)	tagProtocolHeader	1
tagNPC_WALK_SYNC	NPC_WALK_SYNC	tagProtocolHeader	struct	13	1	ID	DWORD	4
tagNPC_WALK_SYNC	NPC_WALK_SYNC	tagProtocolHeader	struct	13	5	nMpsY	int	4
tagNPC_WALK_SYNC	NPC_WALK_SYNC	tagProtocolHeader	struct	13	9	nMpsX	int	4
tagNotifyPlayerExchange		tagProtocolHeader	struct	25	0	(base)	tagProtocolHeader	1
tagNotifyPlayerExchange		tagProtocolHeader	struct	25	1	byBusinessVersion	BYTE	1
tagNotifyPlayerExchange		tagProtocolHeader	struct	25	2	byProtocolVersion	BYTE	1
tagNotifyPlayerExchange		tagProtocolHeader	struct	25	3	sGuid	GUID	16
tagNotifyPlayerExchange		tagProtocolHeader	struct	25	19	nIPAddr	UINT	4
tagNotifyPlayerExchange		tagProtocolHeader	struct	25	23	nPort	short unsigned int	2
tagOBJ_ADD_SYNC	OBJ_ADD_SYNC	tagProtocolHeader	struct	67	0	(base)	tagProtocolHeader	1
tagOBJ_ADD_SYNC	OBJ_ADD_SYNC	tagProtocolHeader	struct	67	1	m_wLength	WORD	2
tagOBJ_ADD_SYNC	OBJ_ADD_SYNC	tagProtocolHeader	struct	67	3	m_btState	BYTE	1
tagOBJ_ADD_SYNC	OBJ_ADD_SYNC	tagProtocolHeader	struct	67	4	m_nID	int	4
tagOBJ_ADD_SYNC	OBJ_ADD_SYNC	tagProtocolHeader	struct	67	8	m_nDataID	int	4
tagOBJ_ADD_SYNC	OBJ_ADD_SYNC	tagProtocolHeader	struct	67	12	m_nXpos	int	4
tagOBJ_ADD_SYNC	OBJ_ADD_SYNC	tagProtocolHeader	struct	67	16	m_nYpos	int	4
tagOBJ_ADD_SYNC	OBJ_ADD_SYNC	tagProtocolHeader	struct	67	20	m_nItemCount	int	4
tagOBJ_ADD_SYNC	OBJ_ADD_SYNC	tagProtocolHeader	struct	67	24	m_nItemID	int	4
tagOBJ_ADD_SYNC	OBJ_ADD_SYNC	tagProtocolHeader	struct	67	28	m_btDir	BYTE	1
tagOBJ_ADD_SYNC	OBJ_ADD_SYNC	tagProtocolHeader	struct	67	29	m_btItemWidth	BYTE	1
tagOBJ_ADD_SYNC	OBJ_ADD_SYNC	tagProtocolHeader	struct	67	30	m_wCurFrame	WORD	2
tagOBJ_ADD_SYNC	OBJ_ADD_SYNC	tagProtocolHeader	struct	67	32	m_btItemHeight	BYTE	1
tagOBJ_ADD_SYNC	OBJ_ADD_SYNC	tagProtocolHeader	struct	67	33	m_btColorID	BYTE	1
tagOBJ_ADD_SYNC	OBJ_ADD_SYNC	tagProtocolHeader	struct	67	34	m_btFlag	BYTE	1
tagOBJ_ADD_SYNC	OBJ_ADD_SYNC	tagProtocolHeader	struct	67	35	m_szName	char[32]	32
tagOBJ_MOUSE_CLICK_SYNC	OBJ_MOUSE_CLICK_SYNC	tagProtocolHeader	struct	9	0	(base)	tagProtocolHeader	1
tagOBJ_MOUSE_CLICK_SYNC	OBJ_MOUSE_CLICK_SYNC	tagProtocolHeader	struct	9	1	m_dwRegionID	int	4
tagOBJ_MOUSE_CLICK_SYNC	OBJ_MOUSE_CLICK_SYNC	tagProtocolHeader	struct	9	5	m_nObjID	int	4
tagOBJ_SYNC_DIR	OBJ_SYNC_DIR	tagProtocolHeader	struct	6	0	(base)	tagProtocolHeader	1
tagOBJ_SYNC_DIR	OBJ_SYNC_DIR	tagProtocolHeader	struct	6	1	m_btDir	BYTE	1
tagOBJ_SYNC_DIR	OBJ_SYNC_DIR	tagProtocolHeader	struct	6	2	m_nID	int	4
tagOBJ_SYNC_REMOVE	OBJ_SYNC_REMOVE	tagProtocolHeader	struct	6	0	(base)	tagProtocolHeader	1
tagOBJ_SYNC_REMOVE	OBJ_SYNC_REMOVE	tagProtocolHeader	struct	6	1	m_nID	int	4
tagOBJ_SYNC_REMOVE	OBJ_SYNC_REMOVE	tagProtocolHeader	struct	6	5	m_btSoundFlag	BYTE	1
tagOBJ_SYNC_STATE	OBJ_SYNC_STATE	tagProtocolHeader	struct	6	0	(base)	tagProtocolHeader	1
tagOBJ_SYNC_STATE	OBJ_SYNC_STATE	tagProtocolHeader	struct	6	1	m_btState	BYTE	1
tagOBJ_SYNC_STATE	OBJ_SYNC_STATE	tagProtocolHeader	struct	6	2	m_nID	int	4
tagOBJ_SYNC_TRAP_ACT	OBJ_SYNC_TRAP_ACT	tagProtocolHeader	struct	13	0	(base)	tagProtocolHeader	1
tagOBJ_SYNC_TRAP_ACT	OBJ_SYNC_TRAP_ACT	tagProtocolHeader	struct	13	1	m_nID	int	4
tagOBJ_SYNC_TRAP_ACT	OBJ_SYNC_TRAP_ACT	tagProtocolHeader	struct	13	5	m_nTarX	int	4
tagOBJ_SYNC_TRAP_ACT	OBJ_SYNC_TRAP_ACT	tagProtocolHeader	struct	13	9	m_nTarY	int	4
tagONE_ATTR_SYNC	ONE_ATTR_SYNC	tagProtocolHeader	struct	9	0	(base)	tagProtocolHeader	1
tagONE_ATTR_SYNC	ONE_ATTR_SYNC	tagProtocolHeader	struct	9	1	nAttrType	int	4
tagONE_ATTR_SYNC	ONE_ATTR_SYNC	tagProtocolHeader	struct	9	5	nAttrValue	int	4
tagOPEN_STORE_BOX_SYNC	OPEN_STORE_BOX_SYNC	tagProtocolHeader	struct	3	0	(base)	tagProtocolHeader	1
tagOPEN_STORE_BOX_SYNC	OPEN_STORE_BOX_SYNC	tagProtocolHeader	struct	3	1	byGainState	BYTE	1
tagOPEN_STORE_BOX_SYNC	OPEN_STORE_BOX_SYNC	tagProtocolHeader	struct	3	2	byBoxPasswordParam	BYTE	1
tagOfflineKickoutAsk		tagProtocolHeader2	struct	41	0	(base)	tagProtocolHeader2	5
tagOfflineKickoutAsk		tagProtocolHeader2	struct	41	5	szAccount	char[32]	32
tagOfflineKickoutAsk		tagProtocolHeader2	struct	41	37	nIndex	int	4
tagOfflineKickoutRes		tagProtocolHeader2	struct	42	0	(base)	tagProtocolHeader2	5
tagOfflineKickoutRes		tagProtocolHeader2	struct	42	5	szAccount	char[32]	32
tagOfflineKickoutRes		tagProtocolHeader2	struct	42	37	nResult	BYTE	1
tagOfflineKickoutRes		tagProtocolHeader2	struct	42	38	nExtPoint	int	4
tagOfflineRequestReq		tagProtocolHeader	struct	65	0	(base)	tagProtocolHeader	1
tagOfflineRequestReq		tagProtocolHeader	struct	65	1	szAccount	char[32]	32
tagOfflineRequestReq		tagProtocolHeader	struct	65	33	szRole	char[32]	32
tagPING_CLIENTREPLY_COMMAND	PING_CLIENTREPLY_COMMAND	tagProtocolHeader	struct	9	0	(base)	tagProtocolHeader	1
tagPING_CLIENTREPLY_COMMAND	PING_CLIENTREPLY_COMMAND	tagProtocolHeader	struct	9	1	m_dwReplyServerTime	DWORD	4
tagPING_CLIENTREPLY_COMMAND	PING_CLIENTREPLY_COMMAND	tagProtocolHeader	struct	9	5	m_dwClientTime	DWORD	4
tagPING_COMMAND	PING_COMMAND	tagProtocolHeader	struct	5	0	(base)	tagProtocolHeader	1
tagPING_COMMAND	PING_COMMAND	tagProtocolHeader	struct	5	1	m_dwTime	DWORD	4
tagPK_APPLY_ENMITY_COMMAND	PK_APPLY_ENMITY_COMMAND	tagProtocolHeader	struct	5	0	(base)	tagProtocolHeader	1
tagPK_APPLY_ENMITY_COMMAND	PK_APPLY_ENMITY_COMMAND	tagProtocolHeader	struct	5	1	m_dwNpcID	DWORD	4
tagPK_APPLY_NORMAL_FLAG_COMMAND	PK_APPLY_NORMAL_FLAG_COMMAND	tagProtocolHeader	struct	2	0	(base)	tagProtocolHeader	1
tagPK_APPLY_NORMAL_FLAG_COMMAND	PK_APPLY_NORMAL_FLAG_COMMAND	tagProtocolHeader	struct	2	1	m_btState	BYTE	1
tagPK_ENMITY_STATE_SYNC	PK_ENMITY_STATE_SYNC	tagProtocolHeader	struct	40	0	(base)	tagProtocolHeader	1
tagPK_ENMITY_STATE_SYNC	PK_ENMITY_STATE_SYNC	tagProtocolHeader	struct	40	1	m_wLength	WORD	2
tagPK_ENMITY_STATE_SYNC	PK_ENMITY_STATE_SYNC	tagProtocolHeader	struct	40	3	m_btState	BYTE	1
tagPK_ENMITY_STATE_SYNC	PK_ENMITY_STATE_SYNC	tagProtocolHeader	struct	40	4	m_dwNpcID	DWORD	4
tagPK_ENMITY_STATE_SYNC	PK_ENMITY_STATE_SYNC	tagProtocolHeader	struct	40	8	m_szName	char[32]	32
tagPK_EXERCISE_STATE_SYNC	PK_EXERCISE_STATE_SYNC	tagProtocolHeader	struct	40	0	(base)	tagProtocolHeader	1
tagPK_EXERCISE_STATE_SYNC	PK_EXERCISE_STATE_SYNC	tagProtocolHeader	struct	40	1	m_wLength	WORD	2
tagPK_EXERCISE_STATE_SYNC	PK_EXERCISE_STATE_SYNC	tagProtocolHeader	struct	40	3	m_btState	BYTE	1
tagPK_EXERCISE_STATE_SYNC	PK_EXERCISE_STATE_SYNC	tagProtocolHeader	struct	40	4	m_dwNpcID	DWORD	4
tagPK_EXERCISE_STATE_SYNC	PK_EXERCISE_STATE_SYNC	tagProtocolHeader	struct	40	8	m_szName	char[32]	32
tagPK_NORMAL_FLAG_SYNC	PK_NORMAL_FLAG_SYNC	tagProtocolHeader	struct	2	0	(base)	tagProtocolHeader	1
tagPK_NORMAL_FLAG_SYNC	PK_NORMAL_FLAG_SYNC	tagProtocolHeader	struct	2	1	m_btFlag	BYTE	1
tagPK_VALUE_SYNC	PK_VALUE_SYNC	tagProtocolHeader	struct	5	0	(base)	tagProtocolHeader	1
tagPK_VALUE_SYNC	PK_VALUE_SYNC	tagProtocolHeader	struct	5	1	m_nPKValue	int	4
tagPLAYER_ADD_BASE_ATTRIBUTE_COMMAND	PLAYER_ADD_BASE_ATTRIBUTE_COMMAND	tagProtocolHeader	struct	14	0	(base)	tagProtocolHeader	1
tagPLAYER_ADD_BASE_ATTRIBUTE_COMMAND	PLAYER_ADD_BASE_ATTRIBUTE_COMMAND	tagProtocolHeader	struct	14	1	m_btAttribute	BYTE	1
tagPLAYER_ADD_BASE_ATTRIBUTE_COMMAND	PLAYER_ADD_BASE_ATTRIBUTE_COMMAND	tagProtocolHeader	struct	14	2	m_nAddNo	int	4
tagPLAYER_ADD_BASE_ATTRIBUTE_COMMAND	PLAYER_ADD_BASE_ATTRIBUTE_COMMAND	tagProtocolHeader	struct	14	6	Reserved	DWORD[2]	8
tagPLAYER_ADD_SKILL_POINT_COMMAND	PLAYER_ADD_SKILL_POINT_COMMAND	tagProtocolHeader	struct	17	0	(base)	tagProtocolHeader	1
tagPLAYER_ADD_SKILL_POINT_COMMAND	PLAYER_ADD_SKILL_POINT_COMMAND	tagProtocolHeader	struct	17	1	m_nSkillID	int	4
tagPLAYER_ADD_SKILL_POINT_COMMAND	PLAYER_ADD_SKILL_POINT_COMMAND	tagProtocolHeader	struct	17	5	m_nAddPoint	int	4
tagPLAYER_ADD_SKILL_POINT_COMMAND	PLAYER_ADD_SKILL_POINT_COMMAND	tagProtocolHeader	struct	17	9	Reserved	DWORD[2]	8
tagPLAYER_ALL_TASKVALUE_SYNC	PLAYER_ALL_TASKVALUE_SYNC	tagProtocolHeader	struct	641	0	(base)	tagProtocolHeader	1
tagPLAYER_ALL_TASKVALUE_SYNC	PLAYER_ALL_TASKVALUE_SYNC	tagProtocolHeader	struct	641	1	TaskArray	tagPLAYER_ALL_TASKVALUE_SYNC_TaskArray_t[80]	640
tagPLAYER_ATTRIBUTE_SYNC	PLAYER_ATTRIBUTE_SYNC	tagProtocolHeader	struct	14	0	(base)	tagProtocolHeader	1
tagPLAYER_ATTRIBUTE_SYNC	PLAYER_ATTRIBUTE_SYNC	tagProtocolHeader	struct	14	1	m_btAttribute	BYTE	1
tagPLAYER_ATTRIBUTE_SYNC	PLAYER_ATTRIBUTE_SYNC	tagProtocolHeader	struct	14	2	m_nBasePoint	int	4
tagPLAYER_ATTRIBUTE_SYNC	PLAYER_ATTRIBUTE_SYNC	tagProtocolHeader	struct	14	6	m_nCurPoint	int	4
tagPLAYER_ATTRIBUTE_SYNC	PLAYER_ATTRIBUTE_SYNC	tagProtocolHeader	struct	14	10	m_nLeavePoint	int	4
tagPLAYER_BUY_ITEM_COMMAND	PLAYER_BUY_ITEM_COMMAND	tagProtocolHeader	struct	12	0	(base)	tagProtocolHeader	1
tagPLAYER_BUY_ITEM_COMMAND	PLAYER_BUY_ITEM_COMMAND	tagProtocolHeader	struct	12	1	m_Y	BYTE	1
tagPLAYER_BUY_ITEM_COMMAND	PLAYER_BUY_ITEM_COMMAND	tagProtocolHeader	struct	12	2	m_X	BYTE	1
tagPLAYER_BUY_ITEM_COMMAND	PLAYER_BUY_ITEM_COMMAND	tagProtocolHeader	struct	12	3	m_Place	BYTE	1
tagPLAYER_BUY_ITEM_COMMAND	PLAYER_BUY_ITEM_COMMAND	tagProtocolHeader	struct	12	4	m_BuyIdx	int	4
tagPLAYER_BUY_ITEM_COMMAND	PLAYER_BUY_ITEM_COMMAND	tagProtocolHeader	struct	12	8	Reserved	DWORD	4
tagPLAYER_DIALOG_NPC_COMMAND	PLAYER_DIALOG_NPC_COMMAND	tagProtocolHeader	struct	9	0	(base)	tagProtocolHeader	1
tagPLAYER_DIALOG_NPC_COMMAND	PLAYER_DIALOG_NPC_COMMAND	tagProtocolHeader	struct	9	1	nNpcId	int	4
tagPLAYER_DIALOG_NPC_COMMAND	PLAYER_DIALOG_NPC_COMMAND	tagProtocolHeader	struct	9	5	dwCheckValue	DWORD	4
tagPLAYER_DISABLEDFLAG_SYNC	PLAYER_DISABLEDFLAG_SYNC	tagProtocolHeader	struct	5	0	(base)	tagProtocolHeader	1
tagPLAYER_DISABLEDFLAG_SYNC	PLAYER_DISABLEDFLAG_SYNC	tagProtocolHeader	struct	5	1	m_dwFlags	DWORD	4
tagPLAYER_DIVIDE_ITEM_COMMAND	PLAYER_DIVIDE_ITEM_COMMAND	tagProtocolHeader	struct	10	0	(base)	tagProtocolHeader	1
tagPLAYER_DIVIDE_ITEM_COMMAND	PLAYER_DIVIDE_ITEM_COMMAND	tagProtocolHeader	struct	10	1	m_nID	DWORD	4
tagPLAYER_DIVIDE_ITEM_COMMAND	PLAYER_DIVIDE_ITEM_COMMAND	tagProtocolHeader	struct	10	5	m_nDivideCount	int	4
tagPLAYER_DIVIDE_ITEM_COMMAND	PLAYER_DIVIDE_ITEM_COMMAND	tagProtocolHeader	struct	10	9	m_byContinuouslyDivide	BYTE	1
tagPLAYER_EAT_ITEM_COMMAND	PLAYER_EAT_ITEM_COMMAND	tagProtocolHeader	struct	16	0	(base)	tagProtocolHeader	1
tagPLAYER_EAT_ITEM_COMMAND	PLAYER_EAT_ITEM_COMMAND	tagProtocolHeader	struct	16	1	m_btX	BYTE	1
tagPLAYER_EAT_ITEM_COMMAND	PLAYER_EAT_ITEM_COMMAND	tagProtocolHeader	struct	16	2	m_nItemID	int	4
tagPLAYER_EAT_ITEM_COMMAND	PLAYER_EAT_ITEM_COMMAND	tagProtocolHeader	struct	16	6	m_btY	BYTE	1
tagPLAYER_EAT_ITEM_COMMAND	PLAYER_EAT_ITEM_COMMAND	tagProtocolHeader	struct	16	7	m_btPlace	BYTE	1
tagPLAYER_EAT_ITEM_COMMAND	PLAYER_EAT_ITEM_COMMAND	tagProtocolHeader	struct	16	8	dwAntiBot	DWORD	4
tagPLAYER_EAT_ITEM_COMMAND	PLAYER_EAT_ITEM_COMMAND	tagProtocolHeader	struct	16	12	dwTargetID	DWORD	4
tagPLAYER_EXP_SYNC2	PLAYER_EXP_SYNC2	tagProtocolHeader	struct	9	0	(base)	tagProtocolHeader	1
tagPLAYER_EXP_SYNC2	PLAYER_EXP_SYNC2	tagProtocolHeader	struct	9	1	m_i64Exp	INT64	8
tagPLAYER_FACTION_DATA	PLAYER_FACTION_DATA	tagProtocolHeader	struct	8	0	(base)	tagProtocolHeader	1
tagPLAYER_FACTION_DATA	PLAYER_FACTION_DATA	tagProtocolHeader	struct	8	1	m_btCamp	BYTE	1
tagPLAYER_FACTION_DATA	PLAYER_FACTION_DATA	tagProtocolHeader	struct	8	2	m_btCurFaction	BYTE	1
tagPLAYER_FACTION_DATA	PLAYER_FACTION_DATA	tagProtocolHeader	struct	8	3	m_btLastFaction	BYTE	1
tagPLAYER_FACTION_DATA	PLAYER_FACTION_DATA	tagProtocolHeader	struct	8	4	m_nAddTimes	int	4
tagPLAYER_FACTION_SKILL_LEVEL	PLAYER_FACTION_SKILL_LEVEL	tagProtocolHeader	struct	3	0	(base)	tagProtocolHeader	1
tagPLAYER_FACTION_SKILL_LEVEL	PLAYER_FACTION_SKILL_LEVEL	tagProtocolHeader	struct	3	1	m_btCurFactionID	BYTE	1
tagPLAYER_FACTION_SKILL_LEVEL	PLAYER_FACTION_SKILL_LEVEL	tagProtocolHeader	struct	3	2	m_btLevel	BYTE	1
tagPLAYER_GIVEITEMSEND	PLAYER_GIVEITEMSEND	tagProtocolHeader	struct	11	0	(base)	tagProtocolHeader	1
tagPLAYER_GIVEITEMSEND	PLAYER_GIVEITEMSEND	tagProtocolHeader	struct	11	1	wSize	WORD	2
tagPLAYER_GIVEITEMSEND	PLAYER_GIVEITEMSEND	tagProtocolHeader	struct	11	3	nParam1	int	4
tagPLAYER_GIVEITEMSEND	PLAYER_GIVEITEMSEND	tagProtocolHeader	struct	11	7	nItemCount	int	4
tagPLAYER_GIVEITEMSEND	PLAYER_GIVEITEMSEND	tagProtocolHeader	struct	11	11	Part	GiveItemPos[]	
tagPLAYER_LEAD_EXP_SYNC	PLAYER_LEAD_EXP_SYNC	tagProtocolHeader	struct	5	0	(base)	tagProtocolHeader	1
tagPLAYER_LEAD_EXP_SYNC	PLAYER_LEAD_EXP_SYNC	tagProtocolHeader	struct	5	1	m_dwLeadExp	DWORD	4
tagPLAYER_LEAVE_FACTION	PLAYER_LEAVE_FACTION	tagProtocolHeader	struct	1	0	(base)	tagProtocolHeader	1
tagPLAYER_LEVEL_UP_SYNC	PLAYER_LEVEL_UP_SYNC	tagProtocolHeader	struct	130	0	(base)	tagProtocolHeader	1
tagPLAYER_LEVEL_UP_SYNC	PLAYER_LEVEL_UP_SYNC	tagProtocolHeader	struct	130	1	(base)	KRESIST_ATTR	100
tagPLAYER_LEVEL_UP_SYNC	PLAYER_LEVEL_UP_SYNC	tagProtocolHeader	struct	130	101	m_btLevel	BYTE	1
tagPLAYER_LEVEL_UP_SYNC	PLAYER_LEVEL_UP_SYNC	tagProtocolHeader	struct	130	102	m_nExp	INT64	8
tagPLAYER_LEVEL_UP_SYNC	PLAYER_LEVEL_UP_SYNC	tagProtocolHeader	struct	130	110	m_nAttributePoint	int	4
tagPLAYER_LEVEL_UP_SYNC	PLAYER_LEVEL_UP_SYNC	tagProtocolHeader	struct	130	114	m_nSkillPoint	WORD	2
tagPLAYER_LEVEL_UP_SYNC	PLAYER_LEVEL_UP_SYNC	tagProtocolHeader	struct	130	116	m_nExpEx	short int	2
tagPLAYER_LEVEL_UP_SYNC	PLAYER_LEVEL_UP_SYNC	tagProtocolHeader	struct	130	118	m_nBaseLifeMax	int	4
tagPLAYER_LEVEL_UP_SYNC	PLAYER_LEVEL_UP_SYNC	tagProtocolHeader	struct	130	122	m_nBaseStaminaMax	int	4
tagPLAYER_LEVEL_UP_SYNC	PLAYER_LEVEL_UP_SYNC	tagProtocolHeader	struct	130	126	m_nBaseManaMax	int	4
tagPLAYER_MONEY_SYNC	PLAYER_MONEY_SYNC	tagProtocolHeader	struct	13	0	(base)	tagProtocolHeader	1
tagPLAYER_MONEY_SYNC	PLAYER_MONEY_SYNC	tagProtocolHeader	struct	13	1	m_nMoney1	int	4
tagPLAYER_MONEY_SYNC	PLAYER_MONEY_SYNC	tagProtocolHeader	struct	13	5	m_nMoney2	int	4
tagPLAYER_MONEY_SYNC	PLAYER_MONEY_SYNC	tagProtocolHeader	struct	13	9	m_nMoney3	int	4
tagPLAYER_MOVE_ITEM_COMMAND	PLAYER_MOVE_ITEM_COMMAND	tagProtocolHeader	struct	7	0	(base)	tagProtocolHeader	1
tagPLAYER_MOVE_ITEM_COMMAND	PLAYER_MOVE_ITEM_COMMAND	tagProtocolHeader	struct	7	1	m_btDownY	BYTE	1
tagPLAYER_MOVE_ITEM_COMMAND	PLAYER_MOVE_ITEM_COMMAND	tagProtocolHeader	struct	7	2	m_btUpX	BYTE	1
tagPLAYER_MOVE_ITEM_COMMAND	PLAYER_MOVE_ITEM_COMMAND	tagProtocolHeader	struct	7	3	m_btDownPos	BYTE	1
tagPLAYER_MOVE_ITEM_COMMAND	PLAYER_MOVE_ITEM_COMMAND	tagProtocolHeader	struct	7	4	m_btDownX	BYTE	1
tagPLAYER_MOVE_ITEM_COMMAND	PLAYER_MOVE_ITEM_COMMAND	tagProtocolHeader	struct	7	5	m_btUpY	BYTE	1
tagPLAYER_MOVE_ITEM_COMMAND	PLAYER_MOVE_ITEM_COMMAND	tagProtocolHeader	struct	7	6	m_btUpPos	BYTE	1
tagPLAYER_MOVE_ITEM_SYNC	PLAYER_MOVE_ITEM_SYNC	tagProtocolHeader	struct	7	0	(base)	tagProtocolHeader	1
tagPLAYER_MOVE_ITEM_SYNC	PLAYER_MOVE_ITEM_SYNC	tagProtocolHeader	struct	7	1	m_btDownY	BYTE	1
tagPLAYER_MOVE_ITEM_SYNC	PLAYER_MOVE_ITEM_SYNC	tagProtocolHeader	struct	7	2	m_btDownPos	BYTE	1
tagPLAYER_MOVE_ITEM_SYNC	PLAYER_MOVE_ITEM_SYNC	tagProtocolHeader	struct	7	3	m_btDownX	BYTE	1
tagPLAYER_MOVE_ITEM_SYNC	PLAYER_MOVE_ITEM_SYNC	tagProtocolHeader	struct	7	4	m_btUpY	BYTE	1
tagPLAYER_MOVE_ITEM_SYNC	PLAYER_MOVE_ITEM_SYNC	tagProtocolHeader	struct	7	5	m_btUpX	BYTE	1
tagPLAYER_MOVE_ITEM_SYNC	PLAYER_MOVE_ITEM_SYNC	tagProtocolHeader	struct	7	6	m_btUpPos	BYTE	1
tagPLAYER_PICKUP_ITEM_COMMAND	PLAYER_PICKUP_ITEM_COMMAND	tagProtocolHeader	struct	12	0	(base)	tagProtocolHeader	1
tagPLAYER_PICKUP_ITEM_COMMAND	PLAYER_PICKUP_ITEM_COMMAND	tagProtocolHeader	struct	12	1	m_btPosY	BYTE	1
tagPLAYER_PICKUP_ITEM_COMMAND	PLAYER_PICKUP_ITEM_COMMAND	tagProtocolHeader	struct	12	2	m_btPosX	BYTE	1
tagPLAYER_PICKUP_ITEM_COMMAND	PLAYER_PICKUP_ITEM_COMMAND	tagProtocolHeader	struct	12	3	m_btPosType	BYTE	1
tagPLAYER_PICKUP_ITEM_COMMAND	PLAYER_PICKUP_ITEM_COMMAND	tagProtocolHeader	struct	12	4	m_nObjID	int	4
tagPLAYER_PICKUP_ITEM_COMMAND	PLAYER_PICKUP_ITEM_COMMAND	tagProtocolHeader	struct	12	8	Reserved	DWORD	4
tagPLAYER_SCRIPTACTION_SYNC	PLAYER_SCRIPTACTION_SYNC	tagProtocolHeader	struct	916	0	(base)	tagProtocolHeader	1
tagPLAYER_SCRIPTACTION_SYNC	PLAYER_SCRIPTACTION_SYNC	tagProtocolHeader	struct	916	1	m_wProtocolLong	WORD	2
tagPLAYER_SCRIPTACTION_SYNC	PLAYER_SCRIPTACTION_SYNC	tagProtocolHeader	struct	916	3	m_nOperateType	BYTE	1
tagPLAYER_SCRIPTACTION_SYNC	PLAYER_SCRIPTACTION_SYNC	tagProtocolHeader	struct	916	4	m_bUIId	BYTE	1
tagPLAYER_SCRIPTACTION_SYNC	PLAYER_SCRIPTACTION_SYNC	tagProtocolHeader	struct	916	5	m_bOptionNum	BYTE	1
tagPLAYER_SCRIPTACTION_SYNC	PLAYER_SCRIPTACTION_SYNC	tagProtocolHeader	struct	916	6	m_bParam1	BYTE	1
tagPLAYER_SCRIPTACTION_SYNC	PLAYER_SCRIPTACTION_SYNC	tagProtocolHeader	struct	916	7	m_bParam2	BYTE	1
tagPLAYER_SCRIPTACTION_SYNC	PLAYER_SCRIPTACTION_SYNC	tagProtocolHeader	struct	916	8	m_nParam	int	4
tagPLAYER_SCRIPTACTION_SYNC	PLAYER_SCRIPTACTION_SYNC	tagProtocolHeader	struct	916	12	m_nBufferLen	int	4
tagPLAYER_SCRIPTACTION_SYNC	PLAYER_SCRIPTACTION_SYNC	tagProtocolHeader	struct	916	16	m_pContent	char[900]	900
tagPLAYER_SELL_ITEM_COMMAND	PLAYER_SELL_ITEM_COMMAND	tagProtocolHeader	struct	13	0	(base)	tagProtocolHeader	1
tagPLAYER_SELL_ITEM_COMMAND	PLAYER_SELL_ITEM_COMMAND	tagProtocolHeader	struct	13	1	m_ID	int	4
tagPLAYER_SELL_ITEM_COMMAND	PLAYER_SELL_ITEM_COMMAND	tagProtocolHeader	struct	13	5	Reserved	DWORD[2]	8
tagPLAYER_SET_PK	PLAYER_SET_PK	tagProtocolHeader	struct	2	0	(base)	tagProtocolHeader	1
tagPLAYER_SET_PK	PLAYER_SET_PK	tagProtocolHeader	struct	2	1	m_btPKFlag	BYTE	1
tagPLAYER_SKILL_LEVEL_SYNC	PLAYER_SKILL_LEVEL_SYNC	tagProtocolHeader	struct	15	0	(base)	tagProtocolHeader	1
tagPLAYER_SKILL_LEVEL_SYNC	PLAYER_SKILL_LEVEL_SYNC	tagProtocolHeader	struct	15	1	m_nSkillID	int	4
tagPLAYER_SKILL_LEVEL_SYNC	PLAYER_SKILL_LEVEL_SYNC	tagProtocolHeader	struct	15	5	m_nSkillLevel	int	4
tagPLAYER_SKILL_LEVEL_SYNC	PLAYER_SKILL_LEVEL_SYNC	tagProtocolHeader	struct	15	9	m_nLeavePoint	int	4
tagPLAYER_SKILL_LEVEL_SYNC	PLAYER_SKILL_LEVEL_SYNC	tagProtocolHeader	struct	15	13	m_wSkillExpPercent	short int	2
tagPLAYER_SYNC	PLAYER_SYNC	tagProtocolHeader	struct	88	0	(base)	tagProtocolHeader	1
tagPLAYER_SYNC	PLAYER_SYNC	tagProtocolHeader	struct	88	1	m_wLength	WORD	2
tagPLAYER_SYNC	PLAYER_SYNC	tagProtocolHeader	struct	88	3	WalkSpeed	BYTE	1
tagPLAYER_SYNC	PLAYER_SYNC	tagProtocolHeader	struct	88	4	AttackSpeed	BYTE	1
tagPLAYER_SYNC	PLAYER_SYNC	tagProtocolHeader	struct	88	5	RunSpeed	BYTE	1
tagPLAYER_SYNC	PLAYER_SYNC	tagProtocolHeader	struct	88	6	ArmorType	BYTE	1
tagPLAYER_SYNC	PLAYER_SYNC	tagProtocolHeader	struct	88	7	HelmType	BYTE	1
tagPLAYER_SYNC	PLAYER_SYNC	tagProtocolHeader	struct	88	8	RankID	BYTE	1
tagPLAYER_SYNC	PLAYER_SYNC	tagProtocolHeader	struct	88	9	ID	DWORD	4
tagPLAYER_SYNC	PLAYER_SYNC	tagProtocolHeader	struct	88	13	HorseType	BYTE	1
tagPLAYER_SYNC	PLAYER_SYNC	tagProtocolHeader	struct	88	14	m_btSomeFlag	BYTE	1
tagPLAYER_SYNC	PLAYER_SYNC	tagProtocolHeader	struct	88	15	CastSpeed	BYTE	1
tagPLAYER_SYNC	PLAYER_SYNC	tagProtocolHeader	struct	88	16	WeaponType	BYTE	1
tagPLAYER_SYNC	PLAYER_SYNC	tagProtocolHeader	struct	88	17	m_btSex	BYTE	1
tagPLAYER_SYNC	PLAYER_SYNC	tagProtocolHeader	struct	88	18	m_wTitleID	WORD	2
tagPLAYER_SYNC	PLAYER_SYNC	tagProtocolHeader	struct	88	20	m_dwTongNameID	DWORD	4
tagPLAYER_SYNC	PLAYER_SYNC	tagProtocolHeader	struct	88	24	m_szTongCall	char[64]	64
tagPLAYER_TASKVALUE_SYNC	PLAYER_TASKVALUE_SYNC	tagProtocolHeader	struct	9	0	(base)	tagProtocolHeader	1
tagPLAYER_TASKVALUE_SYNC	PLAYER_TASKVALUE_SYNC	tagProtocolHeader	struct	9	1	nTaskID	int	4
tagPLAYER_TASKVALUE_SYNC	PLAYER_TASKVALUE_SYNC	tagProtocolHeader	struct	9	5	nTaskValue	int	4
tagPLAYER_THROW_AWAY_ITEM_COMMAND	PLAYER_THROW_AWAY_ITEM_COMMAND	tagProtocolHeader	struct	1	0	(base)	tagProtocolHeader	1
tagPermitPlayerExchange		tagProtocolHeader	struct	56	0	(base)	tagProtocolHeader	1
tagPermitPlayerExchange		tagProtocolHeader	struct	56	1	szAccount	char[32]	32
tagPermitPlayerExchange		tagProtocolHeader	struct	56	33	guid	GUID	16
tagPermitPlayerExchange		tagProtocolHeader	struct	56	49	dwIp	DWORD	4
tagPermitPlayerExchange		tagProtocolHeader	struct	56	53	wPort	WORD	2
tagPermitPlayerExchange		tagProtocolHeader	struct	56	55	bPermit	bool	1
tagPermitPlayerLogin		tagProtocolHeader2	struct	54	0	(base)	tagProtocolHeader2	5
tagPermitPlayerLogin		tagProtocolHeader2	struct	54	5	guid	GUID	16
tagPermitPlayerLogin		tagProtocolHeader2	struct	54	21	szRoleName	char[32]	32
tagPermitPlayerLogin		tagProtocolHeader2	struct	54	53	bPermit	bool	1
tagProtoHeader		tagProtocolHeader	struct	1	0	(base)	tagProtocolHeader	1
tagProtocolHeader2		tagProtocolHeader	struct	5	0	(base)	tagProtocolHeader	1
tagProtocolHeader2		tagProtocolHeader	struct	5	1	ulIdentity	long unsigned int	4
tagProtocolLengthHeader		tagProtocolHeader	struct	3	0	(base)	tagProtocolHeader	1
tagProtocolLengthHeader		tagProtocolHeader	struct	3	1	m_wProcotolSize	WORD	2
tagQueryMapInfo		tagProtocolHeader	struct	45	0	(base)	tagProtocolHeader	1
tagQueryMapInfo		tagProtocolHeader	struct	45	1	uTime	unsigned int	4
tagQueryMapInfo		tagProtocolHeader	struct	45	5	nClientID	int	4
tagQueryMapInfo		tagProtocolHeader	struct	45	9	timeTm	TTm	36
tagRegisterAccount		tagProtocolHeader	struct	33	0	(base)	tagProtocolHeader	1
tagRegisterAccount		tagProtocolHeader	struct	33	1	szAccountName	BYTE[32]	32
tagRelaySDBRecord		EXTEND_HEADER	struct	15	0	(base)	EXTEND_HEADER	2
tagRelaySDBRecord		EXTEND_HEADER	struct	15	2	uKeyParam1	unsigned int	4
tagRelaySDBRecord		EXTEND_HEADER	struct	15	6	uKeyParam2	unsigned int	4
tagRelaySDBRecord		EXTEND_HEADER	struct	15	10	byKeyStringLen	unsigned char	1
tagRelaySDBRecord		EXTEND_HEADER	struct	15	11	byFlag	unsigned char	1
tagRelaySDBRecord		EXTEND_HEADER	struct	15	12	uDataBufferLen	short unsigned int	2
tagRelaySDBRecord		EXTEND_HEADER	struct	15	14	byOperParam	unsigned char	1
tagRelayStatAutoHangPlayer		EXTEND_HEADER	struct	14	0	(base)	EXTEND_HEADER	2
tagRelayStatAutoHangPlayer		EXTEND_HEADER	struct	14	2	nSubWorldID	int	4
tagRelayStatAutoHangPlayer		EXTEND_HEADER	struct	14	6	nPlayerCount	int	4
tagRelayStatAutoHangPlayer		EXTEND_HEADER	struct	14	10	nAutoHangPlayerCount	int	4
tagRelayToGameSvrTestMsg		EXTEND_HEADER	struct	12	0	(base)	EXTEND_HEADER	2
tagRelayToGameSvrTestMsg		EXTEND_HEADER	struct	12	2	bMsgLen	BYTE	1
tagRelayToGameSvrTestMsg		EXTEND_HEADER	struct	12	3	nReserved	int[2]	8
tagRelayToGameSvrTestMsg		EXTEND_HEADER	struct	12	11	sMsg	char[1]	1
tagReturnChangeExtPoint		tagProtocolHeader	struct	45	0	(base)	tagProtocolHeader	1
tagReturnChangeExtPoint		tagProtocolHeader	struct	45	1	nResult	int	4
tagReturnChangeExtPoint		tagProtocolHeader	struct	45	5	szAccountName	BYTE[32]	32
tagReturnChangeExtPoint		tagProtocolHeader	struct	45	37	uFlag	unsigned int	4
tagReturnChangeExtPoint		tagProtocolHeader	struct	45	41	nPlayerDataIndex	int	4
tagRoleEnterGame		tagProtocolHeader	struct	34	0	(base)	tagProtocolHeader	1
tagRoleEnterGame		tagProtocolHeader	struct	34	1	bLock	bool	1
tagRoleEnterGame		tagProtocolHeader	struct	34	2	Name	char[32]	32
tagSALE_BOX_SYNC	SALE_BOX_SYNC	tagProtocolHeader	struct	13	0	(base)	tagProtocolHeader	1
tagSALE_BOX_SYNC	SALE_BOX_SYNC	tagProtocolHeader	struct	13	1	nShopIndex	int	4
tagSALE_BOX_SYNC	SALE_BOX_SYNC	tagProtocolHeader	struct	13	5	nScale	int	4
tagSALE_BOX_SYNC	SALE_BOX_SYNC	tagProtocolHeader	struct	13	9	nCurrencyType	int	4
tagSALE_STORES_CHANGE_SHOP	SALE_STORES_CHANGE_SHOP	tagProtocolHeader	struct	5	0	(base)	tagProtocolHeader	1
tagSALE_STORES_CHANGE_SHOP	SALE_STORES_CHANGE_SHOP	tagProtocolHeader	struct	5	1	m_nNewShopIndex	int	4
tagSALE_STORES_SYNC	SALE_STORES_SYNC	tagProtocolHeader	struct	577	0	(base)	tagProtocolHeader	1
tagSALE_STORES_SYNC	SALE_STORES_SYNC	tagProtocolHeader	struct	577	1	sStoresShopInfo	SALE_STORES_SHOP[12]	576
tagSHOW_MSG_SYNC	SHOW_MSG_SYNC	tagProtocolHeader	struct	9	0	(base)	tagProtocolHeader	1
tagSHOW_MSG_SYNC	SHOW_MSG_SYNC	tagProtocolHeader	struct	9	1	m_wLength	WORD	2
tagSHOW_MSG_SYNC	SHOW_MSG_SYNC	tagProtocolHeader	struct	9	3	m_wMsgID	WORD	2
tagSHOW_MSG_SYNC	SHOW_MSG_SYNC	tagProtocolHeader	struct	9	5	m_lpBuf	LPVOID	4
tagSKILL_CHANGEAURASKILL_COMMAND	SKILL_CHANGEAURASKILL_COMMAND	tagProtocolHeader	struct	5	0	(base)	tagProtocolHeader	1
tagSKILL_CHANGEAURASKILL_COMMAND	SKILL_CHANGEAURASKILL_COMMAND	tagProtocolHeader	struct	5	1	m_nAuraSkill	int	4
tagSKILL_SEND_ALL_SYNC	SKILL_SEND_ALL_SYNC	tagProtocolHeader	struct	483	0	(base)	tagProtocolHeader	1
tagSKILL_SEND_ALL_SYNC	SKILL_SEND_ALL_SYNC	tagProtocolHeader	struct	483	1	m_wProtocolLong	WORD	2
tagSKILL_SEND_ALL_SYNC	SKILL_SEND_ALL_SYNC	tagProtocolHeader	struct	483	3	m_sAllSkill	tagSKILL_SEND_ALL_SYNC_m_sAllSkill_t[80]	480
tagSTATE_EFFECT_SYNC	STATE_EFFECT_SYNC	tagProtocolHeader	struct	340	0	(base)	tagProtocolHeader	1
tagSTATE_EFFECT_SYNC	STATE_EFFECT_SYNC	tagProtocolHeader	struct	340	1	m_wLength	WORD	2
tagSTATE_EFFECT_SYNC	STATE_EFFECT_SYNC	tagProtocolHeader	struct	340	3	m_dwNpcID	DWORD	4
tagSTATE_EFFECT_SYNC	STATE_EFFECT_SYNC	tagProtocolHeader	struct	340	7	m_dwSkillID	DWORD	4
tagSTATE_EFFECT_SYNC	STATE_EFFECT_SYNC	tagProtocolHeader	struct	340	11	m_nLevel	int	4
tagSTATE_EFFECT_SYNC	STATE_EFFECT_SYNC	tagProtocolHeader	struct	340	15	m_nTime	int	4
tagSTATE_EFFECT_SYNC	STATE_EFFECT_SYNC	tagProtocolHeader	struct	340	19	m_bNoClearOnDeath	BYTE	1
tagSTATE_EFFECT_SYNC	STATE_EFFECT_SYNC	tagProtocolHeader	struct	340	20	m_MagicAttrib	KMagicAttrib[20]	320
tagSTORE_MONEY_COMMAND	STORE_MONEY_COMMAND	tagProtocolHeader	struct	14	0	(base)	tagProtocolHeader	1
tagSTORE_MONEY_COMMAND	STORE_MONEY_COMMAND	tagProtocolHeader	struct	14	1	m_byDir	BYTE	1
tagSTORE_MONEY_COMMAND	STORE_MONEY_COMMAND	tagProtocolHeader	struct	14	2	m_dwMoney	DWORD	4
tagSTORE_MONEY_COMMAND	STORE_MONEY_COMMAND	tagProtocolHeader	struct	14	6	Reserved	DWORD[2]	8
tagSYNC_WEATHER	SYNC_WEATHER	tagProtocolHeader	struct	2	0	(base)	tagProtocolHeader	1
tagSYNC_WEATHER	SYNC_WEATHER	tagProtocolHeader	struct	2	1	WeatherID	BYTE	1
tagSearchWay		tagProtocolHeader	struct	13	0	(base)	tagProtocolHeader	1
tagSearchWay		tagProtocolHeader	struct	13	1	lnID	int	4
tagSearchWay		tagProtocolHeader	struct	13	5	nIndex	int	4
tagSearchWay		tagProtocolHeader	struct	13	9	dwPlayerID	DWORD	4
tagSyncBotSignCode		tagProtocolHeader	struct	8	0	(base)	tagProtocolHeader	1
tagSyncBotSignCode		tagProtocolHeader	struct	8	1	wLength	WORD	2
tagSyncBotSignCode		tagProtocolHeader	struct	8	3	nCount	int	4
tagSyncBotSignCode		tagProtocolHeader	struct	8	7	pBuffer	BYTE[1]	1
tagTEXTCMD	TEXTCMD	tagProtocolHeader	struct	4	0	(base)	tagProtocolHeader	1
tagTEXTCMD	TEXTCMD	tagProtocolHeader	struct	4	1	m_wLength	WORD	2
tagTEXTCMD	TEXTCMD	tagProtocolHeader	struct	4	3	m_TextCmd	char[1]	1
tagTHROW_AWAY_ALL_MEDICINE_COMMAND	THROW_AWAY_ALL_MEDICINE_COMMAND	tagProtocolHeader	struct	4	0	(base)	tagProtocolHeader	1
tagTHROW_AWAY_ALL_MEDICINE_COMMAND	THROW_AWAY_ALL_MEDICINE_COMMAND	tagProtocolHeader	struct	4	1	byRoom	BYTE	1
tagTHROW_AWAY_ALL_MEDICINE_COMMAND	THROW_AWAY_ALL_MEDICINE_COMMAND	tagProtocolHeader	struct	4	2	byDetailType	BYTE	1
tagTHROW_AWAY_ALL_MEDICINE_COMMAND	THROW_AWAY_ALL_MEDICINE_COMMAND	tagProtocolHeader	struct	4	3	byParam	BYTE	1
tagTONG_ACCEPT_MEMBER_COMMAND	TONG_ACCEPT_MEMBER_COMMAND	tagProtocolHeader	struct	13	0	(base)	tagProtocolHeader	1
tagTONG_ACCEPT_MEMBER_COMMAND	TONG_ACCEPT_MEMBER_COMMAND	tagProtocolHeader	struct	13	1	m_wLength	WORD	2
tagTONG_ACCEPT_MEMBER_COMMAND	TONG_ACCEPT_MEMBER_COMMAND	tagProtocolHeader	struct	13	3	m_btMsgId	BYTE	1
tagTONG_ACCEPT_MEMBER_COMMAND	TONG_ACCEPT_MEMBER_COMMAND	tagProtocolHeader	struct	13	4	m_nPlayerIdx	int	4
tagTONG_ACCEPT_MEMBER_COMMAND	TONG_ACCEPT_MEMBER_COMMAND	tagProtocolHeader	struct	13	8	m_dwNameID	DWORD	4
tagTONG_ACCEPT_MEMBER_COMMAND	TONG_ACCEPT_MEMBER_COMMAND	tagProtocolHeader	struct	13	12	m_btFlag	BYTE	1
tagTONG_APPLY_ADD_COMMAND	TONG_APPLY_ADD_COMMAND	tagProtocolHeader	struct	8	0	(base)	tagProtocolHeader	1
tagTONG_APPLY_ADD_COMMAND	TONG_APPLY_ADD_COMMAND	tagProtocolHeader	struct	8	1	m_wLength	WORD	2
tagTONG_APPLY_ADD_COMMAND	TONG_APPLY_ADD_COMMAND	tagProtocolHeader	struct	8	3	m_btMsgId	BYTE	1
tagTONG_APPLY_ADD_COMMAND	TONG_APPLY_ADD_COMMAND	tagProtocolHeader	struct	8	4	m_dwNpcID	DWORD	4
tagTONG_APPLY_ADD_SYNC	TONG_APPLY_ADD_SYNC	tagProtocolHeader	struct	40	0	(base)	tagProtocolHeader	1
tagTONG_APPLY_ADD_SYNC	TONG_APPLY_ADD_SYNC	tagProtocolHeader	struct	40	1	m_wLength	WORD	2
tagTONG_APPLY_ADD_SYNC	TONG_APPLY_ADD_SYNC	tagProtocolHeader	struct	40	3	m_btMsgId	BYTE	1
tagTONG_APPLY_ADD_SYNC	TONG_APPLY_ADD_SYNC	tagProtocolHeader	struct	40	4	m_nPlayerIdx	int	4
tagTONG_APPLY_ADD_SYNC	TONG_APPLY_ADD_SYNC	tagProtocolHeader	struct	40	8	m_szName	char[32]	32
tagTONG_APPLY_ADD_UNION_COMMAND	TONG_APPLY_ADD_UNION_COMMAND	tagProtocolHeader	struct	8	0	(base)	tagProtocolHeader	1
tagTONG_APPLY_ADD_UNION_COMMAND	TONG_APPLY_ADD_UNION_COMMAND	tagProtocolHeader	struct	8	1	m_wLength	WORD	2
tagTONG_APPLY_ADD_UNION_COMMAND	TONG_APPLY_ADD_UNION_COMMAND	tagProtocolHeader	struct	8	3	m_btMsgId	BYTE	1
tagTONG_APPLY_ADD_UNION_COMMAND	TONG_APPLY_ADD_UNION_COMMAND	tagProtocolHeader	struct	8	4	m_dwNpcID	DWORD	4
tagTONG_APPLY_CHANGE_JOB_CALL_COMMAND	TONG_APPLY_CHANGE_JOB_CALL_COMMAND	tagProtocolHeader	struct	49	0	(base)	tagProtocolHeader	1
tagTONG_APPLY_CHANGE_JOB_CALL_COMMAND	TONG_APPLY_CHANGE_JOB_CALL_COMMAND	tagProtocolHeader	struct	49	1	m_wLength	WORD	2
tagTONG_APPLY_CHANGE_JOB_CALL_COMMAND	TONG_APPLY_CHANGE_JOB_CALL_COMMAND	tagProtocolHeader	struct	49	3	m_btMsgId	BYTE	1
tagTONG_APPLY_CHANGE_JOB_CALL_COMMAND	TONG_APPLY_CHANGE_JOB_CALL_COMMAND	tagProtocolHeader	struct	49	4	m_btFigure	BYTE	1
tagTONG_APPLY_CHANGE_JOB_CALL_COMMAND	TONG_APPLY_CHANGE_JOB_CALL_COMMAND	tagProtocolHeader	struct	49	5	m_dwMemberID	DWORD	4
tagTONG_APPLY_CHANGE_JOB_CALL_COMMAND	TONG_APPLY_CHANGE_JOB_CALL_COMMAND	tagProtocolHeader	struct	49	9	m_dwTongNameID	DWORD	4
tagTONG_APPLY_CHANGE_JOB_CALL_COMMAND	TONG_APPLY_CHANGE_JOB_CALL_COMMAND	tagProtocolHeader	struct	49	13	m_dwExecutorMemberID	DWORD	4
tagTONG_APPLY_CHANGE_JOB_CALL_COMMAND	TONG_APPLY_CHANGE_JOB_CALL_COMMAND	tagProtocolHeader	struct	49	17	m_szCall	char[32]	32
tagTONG_APPLY_CHANGE_MASTER_COMMAND	TONG_APPLY_CHANGE_MASTER_COMMAND	tagProtocolHeader	struct	42	0	(base)	tagProtocolHeader	1
tagTONG_APPLY_CHANGE_MASTER_COMMAND	TONG_APPLY_CHANGE_MASTER_COMMAND	tagProtocolHeader	struct	42	1	m_wLength	WORD	2
tagTONG_APPLY_CHANGE_MASTER_COMMAND	TONG_APPLY_CHANGE_MASTER_COMMAND	tagProtocolHeader	struct	42	3	m_btMsgId	BYTE	1
tagTONG_APPLY_CHANGE_MASTER_COMMAND	TONG_APPLY_CHANGE_MASTER_COMMAND	tagProtocolHeader	struct	42	4	m_dwTongNameID	DWORD	4
tagTONG_APPLY_CHANGE_MASTER_COMMAND	TONG_APPLY_CHANGE_MASTER_COMMAND	tagProtocolHeader	struct	42	8	m_btFigure	BYTE	1
tagTONG_APPLY_CHANGE_MASTER_COMMAND	TONG_APPLY_CHANGE_MASTER_COMMAND	tagProtocolHeader	struct	42	9	m_btPos	BYTE	1
tagTONG_APPLY_CHANGE_MASTER_COMMAND	TONG_APPLY_CHANGE_MASTER_COMMAND	tagProtocolHeader	struct	42	10	m_szName	char[32]	32
tagTONG_APPLY_CREATE_COMMAND	TONG_APPLY_CREATE_COMMAND	tagProtocolHeader	struct	14	0	(base)	tagProtocolHeader	1
tagTONG_APPLY_CREATE_COMMAND	TONG_APPLY_CREATE_COMMAND	tagProtocolHeader	struct	14	1	m_wLength	WORD	2
tagTONG_APPLY_CREATE_COMMAND	TONG_APPLY_CREATE_COMMAND	tagProtocolHeader	struct	14	3	m_btMsgId	BYTE	1
tagTONG_APPLY_CREATE_COMMAND	TONG_APPLY_CREATE_COMMAND	tagProtocolHeader	struct	14	4	m_btCamp	BYTE	1
tagTONG_APPLY_CREATE_COMMAND	TONG_APPLY_CREATE_COMMAND	tagProtocolHeader	struct	14	5	m_szName	char[9]	9
tagTONG_APPLY_INSTATE_COMMAND	TONG_APPLY_INSTATE_COMMAND	tagProtocolHeader	struct	42	0	(base)	tagProtocolHeader	1
tagTONG_APPLY_INSTATE_COMMAND	TONG_APPLY_INSTATE_COMMAND	tagProtocolHeader	struct	42	1	m_wLength	WORD	2
tagTONG_APPLY_INSTATE_COMMAND	TONG_APPLY_INSTATE_COMMAND	tagProtocolHeader	struct	42	3	m_btMsgId	BYTE	1
tagTONG_APPLY_INSTATE_COMMAND	TONG_APPLY_INSTATE_COMMAND	tagProtocolHeader	struct	42	4	m_dwTongNameID	DWORD	4
tagTONG_APPLY_INSTATE_COMMAND	TONG_APPLY_INSTATE_COMMAND	tagProtocolHeader	struct	42	8	m_btCurFigure	BYTE	1
tagTONG_APPLY_INSTATE_COMMAND	TONG_APPLY_INSTATE_COMMAND	tagProtocolHeader	struct	42	9	m_btNewFigure	BYTE	1
tagTONG_APPLY_INSTATE_COMMAND	TONG_APPLY_INSTATE_COMMAND	tagProtocolHeader	struct	42	10	m_szName	char[32]	32
tagTONG_APPLY_LEAVE_COMMAND	TONG_APPLY_LEAVE_COMMAND	tagProtocolHeader	struct	42	0	(base)	tagProtocolHeader	1
tagTONG_APPLY_LEAVE_COMMAND	TONG_APPLY_LEAVE_COMMAND	tagProtocolHeader	struct	42	1	m_wLength	WORD	2
tagTONG_APPLY_LEAVE_COMMAND	TONG_APPLY_LEAVE_COMMAND	tagProtocolHeader	struct	42	3	m_btMsgId	BYTE	1
tagTONG_APPLY_LEAVE_COMMAND	TONG_APPLY_LEAVE_COMMAND	tagProtocolHeader	struct	42	4	m_dwTongNameID	DWORD	4
tagTONG_APPLY_LEAVE_COMMAND	TONG_APPLY_LEAVE_COMMAND	tagProtocolHeader	struct	42	8	m_btFigure	BYTE	1
tagTONG_APPLY_LEAVE_COMMAND	TONG_APPLY_LEAVE_COMMAND	tagProtocolHeader	struct	42	9	m_btPos	BYTE	1
tagTONG_APPLY_LEAVE_COMMAND	TONG_APPLY_LEAVE_COMMAND	tagProtocolHeader	struct	42	10	m_szName	char[32]	32
tagTONG_APPLY_UNION_INFO_COMMAND	TONG_APPLY_UNION_INFO_COMMAND	tagProtocolHeader	struct	12	0	(base)	tagProtocolHeader	1
tagTONG_APPLY_UNION_INFO_COMMAND	TONG_APPLY_UNION_INFO_COMMAND	tagProtocolHeader	struct	12	1	m_wLength	WORD	2
tagTONG_APPLY_UNION_INFO_COMMAND	TONG_APPLY_UNION_INFO_COMMAND	tagProtocolHeader	struct	12	3	m_btMsgId	BYTE	1
tagTONG_APPLY_UNION_INFO_COMMAND	TONG_APPLY_UNION_INFO_COMMAND	tagProtocolHeader	struct	12	4	m_dwNpcID	DWORD	4
tagTONG_APPLY_UNION_INFO_COMMAND	TONG_APPLY_UNION_INFO_COMMAND	tagProtocolHeader	struct	12	8	m_dwTongNameID	DWORD	4
tagTONG_Add_SYNC	TONG_Add_SYNC	tagProtocolHeader	struct	109	0	(base)	tagProtocolHeader	1
tagTONG_Add_SYNC	TONG_Add_SYNC	tagProtocolHeader	struct	109	1	m_wLength	WORD	2
tagTONG_Add_SYNC	TONG_Add_SYNC	tagProtocolHeader	struct	109	3	m_btMsgId	BYTE	1
tagTONG_Add_SYNC	TONG_Add_SYNC	tagProtocolHeader	struct	109	4	m_btCamp	BYTE	1
tagTONG_Add_SYNC	TONG_Add_SYNC	tagProtocolHeader	struct	109	5	m_dwMemberID	DWORD	4
tagTONG_Add_SYNC	TONG_Add_SYNC	tagProtocolHeader	struct	109	9	m_dwJoinTime	DWORD	4
tagTONG_Add_SYNC	TONG_Add_SYNC	tagProtocolHeader	struct	109	13	m_szTongName	char[32]	32
tagTONG_Add_SYNC	TONG_Add_SYNC	tagProtocolHeader	struct	109	45	m_szTitle	char[32]	32
tagTONG_Add_SYNC	TONG_Add_SYNC	tagProtocolHeader	struct	109	77	m_szMaster	char[32]	32
tagTONG_BILLBOARD_COMMAND	TONG_BILLBOARD_COMMAND	tagProtocolHeader	struct	4	0	(base)	tagProtocolHeader	1
tagTONG_BILLBOARD_COMMAND	TONG_BILLBOARD_COMMAND	tagProtocolHeader	struct	4	1	m_wLength	WORD	2
tagTONG_BILLBOARD_COMMAND	TONG_BILLBOARD_COMMAND	tagProtocolHeader	struct	4	3	m_btMsgId	BYTE	1
tagTONG_BILLBOARD_SYNC	TONG_BILLBOARD_SYNC	tagProtocolHeader	struct	385	0	(base)	tagProtocolHeader	1
tagTONG_BILLBOARD_SYNC	TONG_BILLBOARD_SYNC	tagProtocolHeader	struct	385	1	m_wLength	WORD	2
tagTONG_BILLBOARD_SYNC	TONG_BILLBOARD_SYNC	tagProtocolHeader	struct	385	3	m_btMsgId	BYTE	1
tagTONG_BILLBOARD_SYNC	TONG_BILLBOARD_SYNC	tagProtocolHeader	struct	385	4	m_dwMemberNum	DWORD[10]	40
tagTONG_BILLBOARD_SYNC	TONG_BILLBOARD_SYNC	tagProtocolHeader	struct	385	44	m_btDataNum	BYTE	1
tagTONG_BILLBOARD_SYNC	TONG_BILLBOARD_SYNC	tagProtocolHeader	struct	385	45	m_btCamp	BYTE[10]	10
tagTONG_BILLBOARD_SYNC	TONG_BILLBOARD_SYNC	tagProtocolHeader	struct	385	55	m_btNameLen	BYTE[10]	10
tagTONG_BILLBOARD_SYNC	TONG_BILLBOARD_SYNC	tagProtocolHeader	struct	385	65	m_szName	char[320]	320
tagTONG_CHANGE_JOB_CALL_SYNC	TONG_CHANGE_JOB_CALL_SYNC	tagProtocolHeader	struct	45	0	(base)	tagProtocolHeader	1
tagTONG_CHANGE_JOB_CALL_SYNC	TONG_CHANGE_JOB_CALL_SYNC	tagProtocolHeader	struct	45	1	m_wLength	WORD	2
tagTONG_CHANGE_JOB_CALL_SYNC	TONG_CHANGE_JOB_CALL_SYNC	tagProtocolHeader	struct	45	3	m_btMsgId	BYTE	1
tagTONG_CHANGE_JOB_CALL_SYNC	TONG_CHANGE_JOB_CALL_SYNC	tagProtocolHeader	struct	45	4	m_dwTongNameID	DWORD	4
tagTONG_CHANGE_JOB_CALL_SYNC	TONG_CHANGE_JOB_CALL_SYNC	tagProtocolHeader	struct	45	8	m_btFigure	BYTE	1
tagTONG_CHANGE_JOB_CALL_SYNC	TONG_CHANGE_JOB_CALL_SYNC	tagProtocolHeader	struct	45	9	m_dwMemberID	DWORD	4
tagTONG_CHANGE_JOB_CALL_SYNC	TONG_CHANGE_JOB_CALL_SYNC	tagProtocolHeader	struct	45	13	m_szCall	char[32]	32
tagTONG_CHANGE_MASTER_FAIL_SYNC	TONG_CHANGE_MASTER_FAIL_SYNC	tagProtocolHeader	struct	41	0	(base)	tagProtocolHeader	1
tagTONG_CHANGE_MASTER_FAIL_SYNC	TONG_CHANGE_MASTER_FAIL_SYNC	tagProtocolHeader	struct	41	1	m_wLength	WORD	2
tagTONG_CHANGE_MASTER_FAIL_SYNC	TONG_CHANGE_MASTER_FAIL_SYNC	tagProtocolHeader	struct	41	3	m_btMsgId	BYTE	1
tagTONG_CHANGE_MASTER_FAIL_SYNC	TONG_CHANGE_MASTER_FAIL_SYNC	tagProtocolHeader	struct	41	4	m_dwTongNameID	DWORD	4
tagTONG_CHANGE_MASTER_FAIL_SYNC	TONG_CHANGE_MASTER_FAIL_SYNC	tagProtocolHeader	struct	41	8	m_btFailID	BYTE	1
tagTONG_CHANGE_MASTER_FAIL_SYNC	TONG_CHANGE_MASTER_FAIL_SYNC	tagProtocolHeader	struct	41	9	m_szName	char[32]	32
tagTONG_CHANGE_MONEY_COMMAND	TONG_CHANGE_MONEY_COMMAND	tagProtocolHeader	struct	9	0	(base)	tagProtocolHeader	1
tagTONG_CHANGE_MONEY_COMMAND	TONG_CHANGE_MONEY_COMMAND	tagProtocolHeader	struct	9	1	m_wLength	WORD	2
tagTONG_CHANGE_MONEY_COMMAND	TONG_CHANGE_MONEY_COMMAND	tagProtocolHeader	struct	9	3	m_btMsgId	BYTE	1
tagTONG_CHANGE_MONEY_COMMAND	TONG_CHANGE_MONEY_COMMAND	tagProtocolHeader	struct	9	4	m_dwMoneyFundChange	DWORD	4
tagTONG_CHANGE_MONEY_COMMAND	TONG_CHANGE_MONEY_COMMAND	tagProtocolHeader	struct	9	8	m_btSaveFlag	BYTE	1
tagTONG_CHANGE_MONEY_RESULT_SYNC	TONG_CHANGE_MONEY_RESULT_SYNC	tagProtocolHeader	struct	54	0	(base)	tagProtocolHeader	1
tagTONG_CHANGE_MONEY_RESULT_SYNC	TONG_CHANGE_MONEY_RESULT_SYNC	tagProtocolHeader	struct	54	1	m_wLength	WORD	2
tagTONG_CHANGE_MONEY_RESULT_SYNC	TONG_CHANGE_MONEY_RESULT_SYNC	tagProtocolHeader	struct	54	3	m_btMsgId	BYTE	1
tagTONG_CHANGE_MONEY_RESULT_SYNC	TONG_CHANGE_MONEY_RESULT_SYNC	tagProtocolHeader	struct	54	4	m_btSaveFlag	BYTE	1
tagTONG_CHANGE_MONEY_RESULT_SYNC	TONG_CHANGE_MONEY_RESULT_SYNC	tagProtocolHeader	struct	54	5	m_btSuccessFlag	BYTE	1
tagTONG_CHANGE_MONEY_RESULT_SYNC	TONG_CHANGE_MONEY_RESULT_SYNC	tagProtocolHeader	struct	54	6	m_dwTongNameID	DWORD	4
tagTONG_CHANGE_MONEY_RESULT_SYNC	TONG_CHANGE_MONEY_RESULT_SYNC	tagProtocolHeader	struct	54	10	m_dwMoneyFundChange	DWORD	4
tagTONG_CHANGE_MONEY_RESULT_SYNC	TONG_CHANGE_MONEY_RESULT_SYNC	tagProtocolHeader	struct	54	14	m_llMoneyFund	INT64	8
tagTONG_CHANGE_MONEY_RESULT_SYNC	TONG_CHANGE_MONEY_RESULT_SYNC	tagProtocolHeader	struct	54	22	m_szName	char[32]	32
tagTONG_CLAIMWAR_SYNC	TONG_CLAIMWAR_SYNC	tagProtocolHeader	struct	8	0	(base)	tagProtocolHeader	1
tagTONG_CLAIMWAR_SYNC	TONG_CLAIMWAR_SYNC	tagProtocolHeader	struct	8	1	m_wLength	WORD	2
tagTONG_CLAIMWAR_SYNC	TONG_CLAIMWAR_SYNC	tagProtocolHeader	struct	8	3	m_btMsgId	BYTE	1
tagTONG_CLAIMWAR_SYNC	TONG_CLAIMWAR_SYNC	tagProtocolHeader	struct	8	4	m_dwEnemy	DWORD	4
tagTONG_CONVENE_COMMAND	TONG_CONVENE_COMMAND	tagProtocolHeader	struct	16	0	(base)	tagProtocolHeader	1
tagTONG_CONVENE_COMMAND	TONG_CONVENE_COMMAND	tagProtocolHeader	struct	16	1	m_wLength	WORD	2
tagTONG_CONVENE_COMMAND	TONG_CONVENE_COMMAND	tagProtocolHeader	struct	16	3	m_btMsgId	BYTE	1
tagTONG_CONVENE_COMMAND	TONG_CONVENE_COMMAND	tagProtocolHeader	struct	16	4	m_dwDirectorMoney	DWORD	4
tagTONG_CONVENE_COMMAND	TONG_CONVENE_COMMAND	tagProtocolHeader	struct	16	8	m_dwManagerMoney	DWORD	4
tagTONG_CONVENE_COMMAND	TONG_CONVENE_COMMAND	tagProtocolHeader	struct	16	12	m_dwMemberMoney	DWORD	4
tagTONG_CREATE_FAIL_SYNC	TONG_CREATE_FAIL_SYNC	tagProtocolHeader	struct	5	0	(base)	tagProtocolHeader	1
tagTONG_CREATE_FAIL_SYNC	TONG_CREATE_FAIL_SYNC	tagProtocolHeader	struct	5	1	m_wLength	WORD	2
tagTONG_CREATE_FAIL_SYNC	TONG_CREATE_FAIL_SYNC	tagProtocolHeader	struct	5	3	m_btMsgId	BYTE	1
tagTONG_CREATE_FAIL_SYNC	TONG_CREATE_FAIL_SYNC	tagProtocolHeader	struct	5	4	m_btFailId	BYTE	1
tagTONG_CREATE_SYNC	TONG_CREATE_SYNC	tagProtocolHeader	struct	51	0	(base)	tagProtocolHeader	1
tagTONG_CREATE_SYNC	TONG_CREATE_SYNC	tagProtocolHeader	struct	51	1	m_btCamp	BYTE	1
tagTONG_CREATE_SYNC	TONG_CREATE_SYNC	tagProtocolHeader	struct	51	2	m_dwJoinTime	DWORD	4
tagTONG_CREATE_SYNC	TONG_CREATE_SYNC	tagProtocolHeader	struct	51	6	m_dwMemberID	DWORD	4
tagTONG_CREATE_SYNC	TONG_CREATE_SYNC	tagProtocolHeader	struct	51	10	m_szTitle	char[32]	32
tagTONG_CREATE_SYNC	TONG_CREATE_SYNC	tagProtocolHeader	struct	51	42	m_szName	char[9]	9
tagTONG_CREATE_UNION_COMMAND	TONG_CREATE_UNION_COMMAND	tagProtocolHeader	struct	40	0	(base)	tagProtocolHeader	1
tagTONG_CREATE_UNION_COMMAND	TONG_CREATE_UNION_COMMAND	tagProtocolHeader	struct	40	1	m_wLength	WORD	2
tagTONG_CREATE_UNION_COMMAND	TONG_CREATE_UNION_COMMAND	tagProtocolHeader	struct	40	3	m_btMsgId	BYTE	1
tagTONG_CREATE_UNION_COMMAND	TONG_CREATE_UNION_COMMAND	tagProtocolHeader	struct	40	4	m_dwTongNameID	DWORD	4
tagTONG_CREATE_UNION_COMMAND	TONG_CREATE_UNION_COMMAND	tagProtocolHeader	struct	40	8	m_szUnionName	char[32]	32
tagTONG_DISPENSE_COMMAND	TONG_DISPENSE_COMMAND	tagProtocolHeader	struct	17	0	(base)	tagProtocolHeader	1
tagTONG_DISPENSE_COMMAND	TONG_DISPENSE_COMMAND	tagProtocolHeader	struct	17	1	m_wLength	WORD	2
tagTONG_DISPENSE_COMMAND	TONG_DISPENSE_COMMAND	tagProtocolHeader	struct	17	3	m_btMsgId	BYTE	1
tagTONG_DISPENSE_COMMAND	TONG_DISPENSE_COMMAND	tagProtocolHeader	struct	17	4	m_dwDirectorMoney	DWORD	4
tagTONG_DISPENSE_COMMAND	TONG_DISPENSE_COMMAND	tagProtocolHeader	struct	17	8	m_dwManagerMoney	DWORD	4
tagTONG_DISPENSE_COMMAND	TONG_DISPENSE_COMMAND	tagProtocolHeader	struct	17	12	m_dwMemberMoney	DWORD	4
tagTONG_DISPENSE_COMMAND	TONG_DISPENSE_COMMAND	tagProtocolHeader	struct	17	16	m_btIsAll	BYTE	1
tagTONG_DISPENSE_ERROR_SYNC	TONG_DISPENSE_ERROR_SYNC	tagProtocolHeader	struct	29	0	(base)	tagProtocolHeader	1
tagTONG_DISPENSE_ERROR_SYNC	TONG_DISPENSE_ERROR_SYNC	tagProtocolHeader	struct	29	1	m_wLength	WORD	2
tagTONG_DISPENSE_ERROR_SYNC	TONG_DISPENSE_ERROR_SYNC	tagProtocolHeader	struct	29	3	m_btMsgId	BYTE	1
tagTONG_DISPENSE_ERROR_SYNC	TONG_DISPENSE_ERROR_SYNC	tagProtocolHeader	struct	29	4	m_dwTongNameID	DWORD	4
tagTONG_DISPENSE_ERROR_SYNC	TONG_DISPENSE_ERROR_SYNC	tagProtocolHeader	struct	29	8	m_dwDirectorMoney	DWORD	4
tagTONG_DISPENSE_ERROR_SYNC	TONG_DISPENSE_ERROR_SYNC	tagProtocolHeader	struct	29	12	m_dwManagerMoney	DWORD	4
tagTONG_DISPENSE_ERROR_SYNC	TONG_DISPENSE_ERROR_SYNC	tagProtocolHeader	struct	29	16	m_dwMemberMoney	DWORD	4
tagTONG_DISPENSE_ERROR_SYNC	TONG_DISPENSE_ERROR_SYNC	tagProtocolHeader	struct	29	20	m_btErrorID	BYTE	1
tagTONG_DISPENSE_ERROR_SYNC	TONG_DISPENSE_ERROR_SYNC	tagProtocolHeader	struct	29	21	m_llMoneyFund	INT64	8
tagTONG_INSTATE_SYNC	TONG_INSTATE_SYNC	tagProtocolHeader	struct	76	0	(base)	tagProtocolHeader	1
tagTONG_INSTATE_SYNC	TONG_INSTATE_SYNC	tagProtocolHeader	struct	76	1	m_wLength	WORD	2
tagTONG_INSTATE_SYNC	TONG_INSTATE_SYNC	tagProtocolHeader	struct	76	3	m_btMsgId	BYTE	1
tagTONG_INSTATE_SYNC	TONG_INSTATE_SYNC	tagProtocolHeader	struct	76	4	m_dwTongNameID	DWORD	4
tagTONG_INSTATE_SYNC	TONG_INSTATE_SYNC	tagProtocolHeader	struct	76	8	m_btSuccessFlag	BYTE	1
tagTONG_INSTATE_SYNC	TONG_INSTATE_SYNC	tagProtocolHeader	struct	76	9	m_btSomeFlag	BYTE	1
tagTONG_INSTATE_SYNC	TONG_INSTATE_SYNC	tagProtocolHeader	struct	76	10	m_btOldFigure	BYTE	1
tagTONG_INSTATE_SYNC	TONG_INSTATE_SYNC	tagProtocolHeader	struct	76	11	m_btNewFigure	BYTE	1
tagTONG_INSTATE_SYNC	TONG_INSTATE_SYNC	tagProtocolHeader	struct	76	12	m_szTitle	char[32]	32
tagTONG_INSTATE_SYNC	TONG_INSTATE_SYNC	tagProtocolHeader	struct	76	44	m_szName	char[32]	32
tagTONG_KICK_SYNC	TONG_KICK_SYNC	tagProtocolHeader	struct	43	0	(base)	tagProtocolHeader	1
tagTONG_KICK_SYNC	TONG_KICK_SYNC	tagProtocolHeader	struct	43	1	m_wLength	WORD	2
tagTONG_KICK_SYNC	TONG_KICK_SYNC	tagProtocolHeader	struct	43	3	m_btMsgId	BYTE	1
tagTONG_KICK_SYNC	TONG_KICK_SYNC	tagProtocolHeader	struct	43	4	m_dwTongNameID	DWORD	4
tagTONG_KICK_SYNC	TONG_KICK_SYNC	tagProtocolHeader	struct	43	8	m_btSuccessFlag	BYTE	1
tagTONG_KICK_SYNC	TONG_KICK_SYNC	tagProtocolHeader	struct	43	9	m_btFigure	BYTE	1
tagTONG_KICK_SYNC	TONG_KICK_SYNC	tagProtocolHeader	struct	43	10	m_btPos	BYTE	1
tagTONG_KICK_SYNC	TONG_KICK_SYNC	tagProtocolHeader	struct	43	11	m_szName	char[32]	32
tagTONG_LEAVE_UNION_COMMAND	TONG_LEAVE_UNION_COMMAND	tagProtocolHeader	struct	37	0	(base)	tagProtocolHeader	1
tagTONG_LEAVE_UNION_COMMAND	TONG_LEAVE_UNION_COMMAND	tagProtocolHeader	struct	37	1	m_wLength	WORD	2
tagTONG_LEAVE_UNION_COMMAND	TONG_LEAVE_UNION_COMMAND	tagProtocolHeader	struct	37	3	m_btMsgId	BYTE	1
tagTONG_LEAVE_UNION_COMMAND	TONG_LEAVE_UNION_COMMAND	tagProtocolHeader	struct	37	4	m_btOpeID	BYTE	1
tagTONG_LEAVE_UNION_COMMAND	TONG_LEAVE_UNION_COMMAND	tagProtocolHeader	struct	37	5	m_szName	char[32]	32
tagTONG_LEVEL_BILLBOARD_COMMAND	TONG_LEVEL_BILLBOARD_COMMAND	tagProtocolHeader	struct	4	0	(base)	tagProtocolHeader	1
tagTONG_LEVEL_BILLBOARD_COMMAND	TONG_LEVEL_BILLBOARD_COMMAND	tagProtocolHeader	struct	4	1	m_wLength	WORD	2
tagTONG_LEVEL_BILLBOARD_COMMAND	TONG_LEVEL_BILLBOARD_COMMAND	tagProtocolHeader	struct	4	3	m_btMsgId	BYTE	1
tagTONG_LEVEL_BILLBOARD_SYNC	TONG_LEVEL_BILLBOARD_SYNC	tagProtocolHeader	struct	425	0	(base)	tagProtocolHeader	1
tagTONG_LEVEL_BILLBOARD_SYNC	TONG_LEVEL_BILLBOARD_SYNC	tagProtocolHeader	struct	425	1	m_wLength	WORD	2
tagTONG_LEVEL_BILLBOARD_SYNC	TONG_LEVEL_BILLBOARD_SYNC	tagProtocolHeader	struct	425	3	m_btMsgId	BYTE	1
tagTONG_LEVEL_BILLBOARD_SYNC	TONG_LEVEL_BILLBOARD_SYNC	tagProtocolHeader	struct	425	4	m_dwExp	DWORD[10]	40
tagTONG_LEVEL_BILLBOARD_SYNC	TONG_LEVEL_BILLBOARD_SYNC	tagProtocolHeader	struct	425	44	m_nLevel	int[10]	40
tagTONG_LEVEL_BILLBOARD_SYNC	TONG_LEVEL_BILLBOARD_SYNC	tagProtocolHeader	struct	425	84	m_btDataNum	BYTE	1
tagTONG_LEVEL_BILLBOARD_SYNC	TONG_LEVEL_BILLBOARD_SYNC	tagProtocolHeader	struct	425	85	m_btCamp	BYTE[10]	10
tagTONG_LEVEL_BILLBOARD_SYNC	TONG_LEVEL_BILLBOARD_SYNC	tagProtocolHeader	struct	425	95	m_btNameLen	BYTE[10]	10
tagTONG_LEVEL_BILLBOARD_SYNC	TONG_LEVEL_BILLBOARD_SYNC	tagProtocolHeader	struct	425	105	m_szName	char[320]	320
tagTONG_NPC_CALL_SYNC	TONG_NPC_CALL_SYNC	tagProtocolHeader	struct	72	0	(base)	tagProtocolHeader	1
tagTONG_NPC_CALL_SYNC	TONG_NPC_CALL_SYNC	tagProtocolHeader	struct	72	1	m_wLength	WORD	2
tagTONG_NPC_CALL_SYNC	TONG_NPC_CALL_SYNC	tagProtocolHeader	struct	72	3	m_btMsgId	BYTE	1
tagTONG_NPC_CALL_SYNC	TONG_NPC_CALL_SYNC	tagProtocolHeader	struct	72	4	m_dwNpcID	DWORD	4
tagTONG_NPC_CALL_SYNC	TONG_NPC_CALL_SYNC	tagProtocolHeader	struct	72	8	m_szCall	char[64]	64
tagTONG_REFUSE_ADD_UNION_SYNC	TONG_REFUSE_ADD_UNION_SYNC	tagProtocolHeader	struct	36	0	(base)	tagProtocolHeader	1
tagTONG_REFUSE_ADD_UNION_SYNC	TONG_REFUSE_ADD_UNION_SYNC	tagProtocolHeader	struct	36	1	m_wLength	WORD	2
tagTONG_REFUSE_ADD_UNION_SYNC	TONG_REFUSE_ADD_UNION_SYNC	tagProtocolHeader	struct	36	3	m_btMsgId	BYTE	1
tagTONG_REFUSE_ADD_UNION_SYNC	TONG_REFUSE_ADD_UNION_SYNC	tagProtocolHeader	struct	36	4	m_szName	char[32]	32
tagTONG_REPLY_ADD_UNION_COMMAND	TONG_REPLY_ADD_UNION_COMMAND	tagProtocolHeader	struct	13	0	(base)	tagProtocolHeader	1
tagTONG_REPLY_ADD_UNION_COMMAND	TONG_REPLY_ADD_UNION_COMMAND	tagProtocolHeader	struct	13	1	m_wLength	WORD	2
tagTONG_REPLY_ADD_UNION_COMMAND	TONG_REPLY_ADD_UNION_COMMAND	tagProtocolHeader	struct	13	3	m_btMsgId	BYTE	1
tagTONG_REPLY_ADD_UNION_COMMAND	TONG_REPLY_ADD_UNION_COMMAND	tagProtocolHeader	struct	13	4	dwTongID	DWORD	4
tagTONG_REPLY_ADD_UNION_COMMAND	TONG_REPLY_ADD_UNION_COMMAND	tagProtocolHeader	struct	13	8	dwMemberID	DWORD	4
tagTONG_REPLY_ADD_UNION_COMMAND	TONG_REPLY_ADD_UNION_COMMAND	tagProtocolHeader	struct	13	12	m_btDecision	BYTE	1
tagTONG_SELF_INFO_SYNC	TONG_SELF_INFO_SYNC	tagProtocolHeader	struct	115	0	(base)	tagProtocolHeader	1
tagTONG_SELF_INFO_SYNC	TONG_SELF_INFO_SYNC	tagProtocolHeader	struct	115	1	m_wLength	WORD	2
tagTONG_SELF_INFO_SYNC	TONG_SELF_INFO_SYNC	tagProtocolHeader	struct	115	3	m_btMsgId	BYTE	1
tagTONG_SELF_INFO_SYNC	TONG_SELF_INFO_SYNC	tagProtocolHeader	struct	115	4	m_btJoinFlag	BYTE	1
tagTONG_SELF_INFO_SYNC	TONG_SELF_INFO_SYNC	tagProtocolHeader	struct	115	5	m_dwMemberID	DWORD	4
tagTONG_SELF_INFO_SYNC	TONG_SELF_INFO_SYNC	tagProtocolHeader	struct	115	9	m_btFigure	BYTE	1
tagTONG_SELF_INFO_SYNC	TONG_SELF_INFO_SYNC	tagProtocolHeader	struct	115	10	m_btCamp	BYTE	1
tagTONG_SELF_INFO_SYNC	TONG_SELF_INFO_SYNC	tagProtocolHeader	struct	115	11	m_btChangeCurCampFlag	BYTE	1
tagTONG_SELF_INFO_SYNC	TONG_SELF_INFO_SYNC	tagProtocolHeader	struct	115	12	m_btUnionFlag	BYTE	1
tagTONG_SELF_INFO_SYNC	TONG_SELF_INFO_SYNC	tagProtocolHeader	struct	115	13	m_btWarState	BYTE	1
tagTONG_SELF_INFO_SYNC	TONG_SELF_INFO_SYNC	tagProtocolHeader	struct	115	14	byIsNationalTitle	BYTE	1
tagTONG_SELF_INFO_SYNC	TONG_SELF_INFO_SYNC	tagProtocolHeader	struct	115	15	m_dwJoinTime	DWORD	4
tagTONG_SELF_INFO_SYNC	TONG_SELF_INFO_SYNC	tagProtocolHeader	struct	115	19	m_szTongName	char[32]	32
tagTONG_SELF_INFO_SYNC	TONG_SELF_INFO_SYNC	tagProtocolHeader	struct	115	51	m_szTitle	char[32]	32
tagTONG_SELF_INFO_SYNC	TONG_SELF_INFO_SYNC	tagProtocolHeader	struct	115	83	m_szMaster	char[32]	32
tagTONG_TRANSMIT_APPLY_ADD_UNION_SYNC	TONG_TRANSMIT_APPLY_ADD_UNION_SYNC	tagProtocolHeader	struct	76	0	(base)	tagProtocolHeader	1
tagTONG_TRANSMIT_APPLY_ADD_UNION_SYNC	TONG_TRANSMIT_APPLY_ADD_UNION_SYNC	tagProtocolHeader	struct	76	1	m_wLength	WORD	2
tagTONG_TRANSMIT_APPLY_ADD_UNION_SYNC	TONG_TRANSMIT_APPLY_ADD_UNION_SYNC	tagProtocolHeader	struct	76	3	m_btMsgId	BYTE	1
tagTONG_TRANSMIT_APPLY_ADD_UNION_SYNC	TONG_TRANSMIT_APPLY_ADD_UNION_SYNC	tagProtocolHeader	struct	76	4	dwTongID	DWORD	4
tagTONG_TRANSMIT_APPLY_ADD_UNION_SYNC	TONG_TRANSMIT_APPLY_ADD_UNION_SYNC	tagProtocolHeader	struct	76	8	dwMemberID	DWORD	4
tagTONG_TRANSMIT_APPLY_ADD_UNION_SYNC	TONG_TRANSMIT_APPLY_ADD_UNION_SYNC	tagProtocolHeader	struct	76	12	m_szName	char[32]	32
tagTONG_TRANSMIT_APPLY_ADD_UNION_SYNC	TONG_TRANSMIT_APPLY_ADD_UNION_SYNC	tagProtocolHeader	struct	76	44	m_szTongName	char[32]	32
tagTONG_UNION_INFO_SYNC	TONG_UNION_INFO_SYNC	tagProtocolHeader	struct	381	0	(base)	tagProtocolHeader	1
tagTONG_UNION_INFO_SYNC	TONG_UNION_INFO_SYNC	tagProtocolHeader	struct	381	1	m_wLength	WORD	2
tagTONG_UNION_INFO_SYNC	TONG_UNION_INFO_SYNC	tagProtocolHeader	struct	381	3	m_btMsgId	BYTE	1
tagTONG_UNION_INFO_SYNC	TONG_UNION_INFO_SYNC	tagProtocolHeader	struct	381	4	m_dwNpcID	DWORD	4
tagTONG_UNION_INFO_SYNC	TONG_UNION_INFO_SYNC	tagProtocolHeader	struct	381	8	m_btGetType	BYTE	1
tagTONG_UNION_INFO_SYNC	TONG_UNION_INFO_SYNC	tagProtocolHeader	struct	381	9	m_btFlag	BYTE	1
tagTONG_UNION_INFO_SYNC	TONG_UNION_INFO_SYNC	tagProtocolHeader	struct	381	10	m_btUnionFlag	BYTE	1
tagTONG_UNION_INFO_SYNC	TONG_UNION_INFO_SYNC	tagProtocolHeader	struct	381	11	m_btUnionLeader	BYTE	1
tagTONG_UNION_INFO_SYNC	TONG_UNION_INFO_SYNC	tagProtocolHeader	struct	381	12	m_btSelfCamp	BYTE	1
tagTONG_UNION_INFO_SYNC	TONG_UNION_INFO_SYNC	tagProtocolHeader	struct	381	13	m_btUnionCamp	BYTE	1
tagTONG_UNION_INFO_SYNC	TONG_UNION_INFO_SYNC	tagProtocolHeader	struct	381	14	m_btUnionNum	BYTE	1
tagTONG_UNION_INFO_SYNC	TONG_UNION_INFO_SYNC	tagProtocolHeader	struct	381	15	m_dwTongNameID	DWORD	4
tagTONG_UNION_INFO_SYNC	TONG_UNION_INFO_SYNC	tagProtocolHeader	struct	381	19	m_szUnionName	char[32]	32
tagTONG_UNION_INFO_SYNC	TONG_UNION_INFO_SYNC	tagProtocolHeader	struct	381	51	m_btNameLength	BYTE[10]	10
tagTONG_UNION_INFO_SYNC	TONG_UNION_INFO_SYNC	tagProtocolHeader	struct	381	61	m_szUnionTongName	char[320]	320
tagTRADE_APPLY_OPEN_COMMAND	TRADE_APPLY_OPEN_COMMAND	tagProtocolHeader	struct	259	0	(base)	tagProtocolHeader	1
tagTRADE_APPLY_OPEN_COMMAND	TRADE_APPLY_OPEN_COMMAND	tagProtocolHeader	struct	259	1	m_wLength	WORD	2
tagTRADE_APPLY_OPEN_COMMAND	TRADE_APPLY_OPEN_COMMAND	tagProtocolHeader	struct	259	3	m_szSentence	char[256]	256
tagTRADE_APPLY_START_SYNC	TRADE_APPLY_START_SYNC	tagProtocolHeader	struct	9	0	(base)	tagProtocolHeader	1
tagTRADE_APPLY_START_SYNC	TRADE_APPLY_START_SYNC	tagProtocolHeader	struct	9	1	m_nDestIdx	int	4
tagTRADE_APPLY_START_SYNC	TRADE_APPLY_START_SYNC	tagProtocolHeader	struct	9	5	m_dwNpcId	DWORD	4
tagTRADE_CHANGE_STATE_SYNC	TRADE_CHANGE_STATE_SYNC	tagProtocolHeader	struct	6	0	(base)	tagProtocolHeader	1
tagTRADE_CHANGE_STATE_SYNC	TRADE_CHANGE_STATE_SYNC	tagProtocolHeader	struct	6	1	m_btState	BYTE	1
tagTRADE_CHANGE_STATE_SYNC	TRADE_CHANGE_STATE_SYNC	tagProtocolHeader	struct	6	2	m_dwNpcID	DWORD	4
tagTRADE_DECISION_COMMAND	TRADE_DECISION_COMMAND	tagProtocolHeader	struct	2	0	(base)	tagProtocolHeader	1
tagTRADE_DECISION_COMMAND	TRADE_DECISION_COMMAND	tagProtocolHeader	struct	2	1	m_btDecision	BYTE	1
tagTRADE_DECISION_SYNC	TRADE_DECISION_SYNC	tagProtocolHeader	struct	2	0	(base)	tagProtocolHeader	1
tagTRADE_DECISION_SYNC	TRADE_DECISION_SYNC	tagProtocolHeader	struct	2	1	m_btDecision	BYTE	1
tagTRADE_MONEY_SYNC	TRADE_MONEY_SYNC	tagProtocolHeader	struct	5	0	(base)	tagProtocolHeader	1
tagTRADE_MONEY_SYNC	TRADE_MONEY_SYNC	tagProtocolHeader	struct	5	1	m_nMoney	int	4
tagTRADE_MOVE_MONEY_COMMAND	TRADE_MOVE_MONEY_COMMAND	tagProtocolHeader	struct	5	0	(base)	tagProtocolHeader	1
tagTRADE_MOVE_MONEY_COMMAND	TRADE_MOVE_MONEY_COMMAND	tagProtocolHeader	struct	5	1	m_nMoney	int	4
tagTRADE_STATE_SYNC	TRADE_STATE_SYNC	tagProtocolHeader	struct	5	0	(base)	tagProtocolHeader	1
tagTRADE_STATE_SYNC	TRADE_STATE_SYNC	tagProtocolHeader	struct	5	1	m_btSelfLock	BYTE	1
tagTRADE_STATE_SYNC	TRADE_STATE_SYNC	tagProtocolHeader	struct	5	2	m_btDestLock	BYTE	1
tagTRADE_STATE_SYNC	TRADE_STATE_SYNC	tagProtocolHeader	struct	5	3	m_btSelfOk	BYTE	1
tagTRADE_STATE_SYNC	TRADE_STATE_SYNC	tagProtocolHeader	struct	5	4	m_btDestOk	BYTE	1
tagUpdateMapID		tagProtocolHeader	struct	6	0	(base)	tagProtocolHeader	1
tagUpdateMapID		tagProtocolHeader	struct	6	1	bRelay	bool	1
tagUpdateMapID		tagProtocolHeader	struct	6	2	nMapCount	int	4
tagUpdateMapID		tagProtocolHeader	struct	6	6	snMapID	int[]	
tagVIEW_EQUIP_COMMAND	VIEW_EQUIP_COMMAND	tagProtocolHeader	struct	5	0	(base)	tagProtocolHeader	1
tagVIEW_EQUIP_COMMAND	VIEW_EQUIP_COMMAND	tagProtocolHeader	struct	5	1	m_dwNpcID	DWORD	4
tagVIEW_EQUIP_SYNC	VIEW_EQUIP_SYNC	tagProtocolHeader	struct	1146	0	(base)	tagProtocolHeader	1
tagVIEW_EQUIP_SYNC	VIEW_EQUIP_SYNC	tagProtocolHeader	struct	1146	1	m_dwNpcID	DWORD	4
tagVIEW_EQUIP_SYNC	VIEW_EQUIP_SYNC	tagProtocolHeader	struct	1146	5	m_nPKValue	BYTE	1
tagVIEW_EQUIP_SYNC	VIEW_EQUIP_SYNC	tagProtocolHeader	struct	1146	6	m_nPortrait	short int	2
tagVIEW_EQUIP_SYNC	VIEW_EQUIP_SYNC	tagProtocolHeader	struct	1146	8	m_nWorldRank	short int	2
tagVIEW_EQUIP_SYNC	VIEW_EQUIP_SYNC	tagProtocolHeader	struct	1146	10	m_sInfo	SViewItemInfo[15]	960
tagVIEW_EQUIP_SYNC	VIEW_EQUIP_SYNC	tagProtocolHeader	struct	1146	970	m_szMateName	char[32]	32
tagVIEW_EQUIP_SYNC	VIEW_EQUIP_SYNC	tagProtocolHeader	struct	1146	1002	m_byRenascenceCount	int	4
tagVIEW_EQUIP_SYNC	VIEW_EQUIP_SYNC	tagProtocolHeader	struct	1146	1006	sDetail	VIEW_OTHER_DETAIL_INFO	140
tagWORLD_SYNC	WORLD_SYNC	tagProtocolHeader	struct	34	0	(base)	tagProtocolHeader	1
tagWORLD_SYNC	WORLD_SYNC	tagProtocolHeader	struct	34	1	SubWorld	int	4
tagWORLD_SYNC	WORLD_SYNC	tagProtocolHeader	struct	34	5	nMapCopyID	int	4
tagWORLD_SYNC	WORLD_SYNC	tagProtocolHeader	struct	34	9	Region	int	4
tagWORLD_SYNC	WORLD_SYNC	tagProtocolHeader	struct	34	13	Weather	BYTE	1
tagWORLD_SYNC	WORLD_SYNC	tagProtocolHeader	struct	34	14	Frame	DWORD	4
tagWORLD_SYNC	WORLD_SYNC	tagProtocolHeader	struct	34	18	szName	char[16]	16
tag_STEAM_PROTOCOL_HEAD		tagProtocolHeader	struct	4	0	(base)	tagProtocolHeader	1
tag_STEAM_PROTOCOL_HEAD		tagProtocolHeader	struct	4	1	wLength	WORD	2
tag_STEAM_PROTOCOL_HEAD		tagProtocolHeader	struct	4	3	btMsgID	BYTE	1
